countryCode,thematicIdIdentifier,thematicIdIdentifierScheme,monitoringSiteIdentifier,monitoringSiteIdentifierScheme,monitoringSiteName,waterBodyIdentifier,waterBodyIdentifierScheme,waterBodyName,specialisedZoneType,naturalAWBHMWB,reservoir,surfaceWaterBodyTypeCode,subUnitIdentifier,subUnitIdentifierScheme,subUnitName,rbdIdentifier,rbdIdentifierScheme,rbdName,confidentialityStatus,lat,lon
AT,AT10000017,eionetMonitoringSiteCode,AT10000017,eionetMonitoringSiteCode,UNKNOWN,,,,,,,,,,,,,,F,,
AT,AT10000047,eionetMonitoringSiteCode,AT10000047,eionetMonitoringSiteCode,UNKNOWN,,,,,,,,,,,,,,F,,
AT,AT10000057,eionetMonitoringSiteCode,AT10000057,eionetMonitoringSiteCode,UNKNOWN,,,,,,,,,,,,,,F,,
AT,AT10000067,eionetMonitoringSiteCode,AT10000067,eionetMonitoringSiteCode,UNKNOWN,,,,,,,,,,,,,,F,,
AT,AT127,eionetMonitoringSiteCode,AT127,eionetMonitoringSiteCode,LEOPOLDSTEINERSEE,ATOK400920015,euSurfaceWaterBodyCode,NO INTERNATIONAL NAME,riverWaterBody,Natural,Inapplicable,"MZB_5_1,5",AT1001,euSubUnitCode,DANUBE,AT1000,euRBDCode,DANUBE,F,47.57268,14.86238
AT,AT128,eionetMonitoringSiteCode,AT128,eionetMonitoringSiteCode,LANGSEE,ATOK9505400,euSurfaceWaterBodyCode,NO INTERNATIONAL NAME,lakeWaterBody,Natural,Inapplicable,PP_C1b,AT1001,euSubUnitCode,DANUBE,AT1000,euRBDCode,DANUBE,F,46.79079,14.42596
AT,AT129,eionetMonitoringSiteCode,AT129,eionetMonitoringSiteCode,PRESSEGGERSEE,ATOK9505800,euSurfaceWaterBodyCode,NO INTERNATIONAL NAME,lakeWaterBody,Natural,Inapplicable,PP_C1b,AT1001,euSubUnitCode,DANUBE,AT1000,euRBDCode,DANUBE,F,46.6266,13.44192
AT,AT130,eionetMonitoringSiteCode,AT130,eionetMonitoringSiteCode,WALCHSEE,ATOK3501600,euSurfaceWaterBodyCode,NO INTERNATIONAL NAME,lakeWaterBody,Natural,Inapplicable,PP_D2b,AT1001,euSubUnitCode,DANUBE,AT1000,euRBDCode,DANUBE,F,47.64711,12.32586
AT,AT131,eionetMonitoringSiteCode,AT131,eionetMonitoringSiteCode,HALDENSEE,ATOK3502200,euSurfaceWaterBodyCode,NO INTERNATIONAL NAME,lakeWaterBody,Natural,Inapplicable,PP_E1,AT1001,euSubUnitCode,DANUBE,AT1000,euRBDCode,DANUBE,F,47.49253,10.57625
AT,AT132,eionetMonitoringSiteCode,AT132,eionetMonitoringSiteCode,TURNERSEE,,,,,,,,,,,,,,F,46.58503,14.57623
AT,AT133,eionetMonitoringSiteCode,AT133,eionetMonitoringSiteCode,AFRITZER SEE,ATOK901880004,euSurfaceWaterBodyCode,NO INTERNATIONAL NAME,riverWaterBody,Natural,Inapplicable,"MZB_2_1,25",AT1001,euSubUnitCode,DANUBE,AT1000,euRBDCode,DANUBE,F,46.74494,13.76907
AT,AT134,eionetMonitoringSiteCode,AT134,eionetMonitoringSiteCode,FELDSEE,ATOK901230003,euSurfaceWaterBodyCode,NO INTERNATIONAL NAME,riverWaterBody,Natural,Inapplicable,"MZB_2_1,25",AT1001,euSubUnitCode,DANUBE,AT1000,euRBDCode,DANUBE,F,46.77009,13.75305
AT,AT135,eionetMonitoringSiteCode,AT135,eionetMonitoringSiteCode,TURRACHER SEE,,,,,,,,,,,,,,F,46.91905,13.8774
AT,AT21500017,eionetMonitoringSiteCode,AT21500017,eionetMonitoringSiteCode,UNKNOWN,,,,,,,,,,,,,,F,,
AT,AT21500037,eionetMonitoringSiteCode,AT21500037,eionetMonitoringSiteCode,UNKNOWN,,,,,,,,,,,,,,F,,
AT,AT21500047,eionetMonitoringSiteCode,AT21500047,eionetMonitoringSiteCode,UNKNOWN,,,,,,,,,,,,,,F,,
AT,AT21500057,eionetMonitoringSiteCode,AT21500057,eionetMonitoringSiteCode,UNKNOWN,,,,,,,,,,,,,,F,,
AT,AT21500067,eionetMonitoringSiteCode,AT21500067,eionetMonitoringSiteCode,UNKNOWN,,,,,,,,,,,,,,F,,
AT,AT21500077,eionetMonitoringSiteCode,AT21500077,eionetMonitoringSiteCode,UNKNOWN,,,,,,,,,,,,,,F,,
AT,AT21500087,eionetMonitoringSiteCode,AT21500087,eionetMonitoringSiteCode,UNKNOWN,,,,,,,,,,,,,,F,,
AT,AT21510097,eionetMonitoringSiteCode,AT21510097,eionetMonitoringSiteCode,UNKNOWN,,,,,,,,,,,,,,F,,
AT,AT21510107,eionetMonitoringSiteCode,AT21510107,eionetMonitoringSiteCode,UNKNOWN,,,,,,,,,,,,,,F,,
AT,AT21530147,eionetMonitoringSiteCode,AT21530147,eionetMonitoringSiteCode,UNKNOWN,,,,,,,,,,,,,,F,,
AT,AT21540187,eionetMonitoringSiteCode,AT21540187,eionetMonitoringSiteCode,UNKNOWN,,,,,,,,,,,,,,F,,
AT,AT21550197,eionetMonitoringSiteCode,AT21550197,eionetMonitoringSiteCode,UNKNOWN,,,,,,,,,,,,,,F,,
AT,AT21550227,eionetMonitoringSiteCode,AT21550227,eionetMonitoringSiteCode,UNKNOWN,,,,,,,,,,,,,,F,,
AT,AT21550237,eionetMonitoringSiteCode,AT21550237,eionetMonitoringSiteCode,UNKNOWN,,,,,,,,,,,,,,F,,
AT,AT21551247,eionetMonitoringSiteCode,AT21551247,eionetMonitoringSiteCode,UNKNOWN,,,,,,,,,,,,,,F,,
AT,AT21560287,eionetMonitoringSiteCode,AT21560287,eionetMonitoringSiteCode,UNKNOWN,,,,,,,,,,,,,,F,,
AT,AT30800017,eionetMonitoringSiteCode,AT30800017,eionetMonitoringSiteCode,UNKNOWN,,,,,,,,,,,,,,F,,
AT,AT30900017,eionetMonitoringSiteCode,AT30900017,eionetMonitoringSiteCode,UNKNOWN,,,,,,,,,,,,,,F,,
AT,AT30900047,eionetMonitoringSiteCode,AT30900047,eionetMonitoringSiteCode,UNKNOWN,,,,,,,,,,,,,,F,,
AT,AT30900087,eionetMonitoringSiteCode,AT30900087,eionetMonitoringSiteCode,UNKNOWN,,,,,,,,,,,,,,F,,
AT,AT30900117,eionetMonitoringSiteCode,AT30900117,eionetMonitoringSiteCode,UNKNOWN,,,,,,,,,,,,,,F,,
AT,AT30900137,eionetMonitoringSiteCode,AT30900137,eionetMonitoringSiteCode,UNKNOWN,,,,,,,,,,,,,,F,,
AT,AT30900147,eionetMonitoringSiteCode,AT30900147,eionetMonitoringSiteCode,UNKNOWN,,,,,,,,,,,,,,F,,
AT,AT31000027,eionetMonitoringSiteCode,AT31000027,eionetMonitoringSiteCode,UNKNOWN,,,,,,,,,,,,,,F,,
AT,AT31000057,eionetMonitoringSiteCode,AT31000057,eionetMonitoringSiteCode,UNKNOWN,,,,,,,,,,,,,,F,,
AT,AT31000097,eionetMonitoringSiteCode,AT31000097,eionetMonitoringSiteCode,UNKNOWN,,,,,,,,,,,,,,F,,
AT,AT31000107,eionetMonitoringSiteCode,AT31000107,eionetMonitoringSiteCode,UNKNOWN,,,,,,,,,,,,,,F,,
AT,AT31000117,eionetMonitoringSiteCode,AT31000117,eionetMonitoringSiteCode,UNKNOWN,,,,,,,,,,,,,,F,,
AT,AT31000127,eionetMonitoringSiteCode,AT31000127,eionetMonitoringSiteCode,UNKNOWN,,,,,,,,,,,,,,F,,
AT,AT31000157,eionetMonitoringSiteCode,AT31000157,eionetMonitoringSiteCode,UNKNOWN,,,,,,,,,,,,,,F,,
AT,AT31100047,eionetMonitoringSiteCode,AT31100047,eionetMonitoringSiteCode,UNKNOWN,,,,,,,,,,,,,,F,,
AT,AT31200027,eionetMonitoringSiteCode,AT31200027,eionetMonitoringSiteCode,UNKNOWN,,,,,,,,,,,,,,F,,
AT,AT31200047,eionetMonitoringSiteCode,AT31200047,eionetMonitoringSiteCode,UNKNOWN,,,,,,,,,,,,,,F,,
AT,AT31200057,eionetMonitoringSiteCode,AT31200057,eionetMonitoringSiteCode,UNKNOWN,,,,,,,,,,,,,,F,,
AT,AT31200067,eionetMonitoringSiteCode,AT31200067,eionetMonitoringSiteCode,UNKNOWN,,,,,,,,,,,,,,F,,
AT,AT31200077,eionetMonitoringSiteCode,AT31200077,eionetMonitoringSiteCode,UNKNOWN,,,,,,,,,,,,,,F,,
AT,AT40503017,eionetMonitoringSiteCode,AT40503017,eionetMonitoringSiteCode,UNKNOWN,,,,,,,,,,,,,,F,,
AT,AT40503027,eionetMonitoringSiteCode,AT40503027,eionetMonitoringSiteCode,UNKNOWN,,,,,,,,,,,,,,F,,
AT,AT40505017,eionetMonitoringSiteCode,AT40505017,eionetMonitoringSiteCode,UNKNOWN,,,,,,,,,,,,,,F,,
AT,AT40505027,eionetMonitoringSiteCode,AT40505027,eionetMonitoringSiteCode,UNKNOWN,,,,,,,,,,,,,,F,,
AT,AT40506017,eionetMonitoringSiteCode,AT40506017,eionetMonitoringSiteCode,UNKNOWN,,,,,,,,,,,,,,F,,
AT,AT40506027,eionetMonitoringSiteCode,AT40506027,eionetMonitoringSiteCode,UNKNOWN,,,,,,,,,,,,,,F,,
AT,AT40608017,eionetMonitoringSiteCode,AT40608017,eionetMonitoringSiteCode,UNKNOWN,,,,,,,,,,,,,,F,,
AT,AT40608027,eionetMonitoringSiteCode,AT40608027,eionetMonitoringSiteCode,UNKNOWN,,,,,,,,,,,,,,F,,
AT,AT40709017,eionetMonitoringSiteCode,AT40709017,eionetMonitoringSiteCode,UNKNOWN,,,,,,,,,,,,,,F,,
AT,AT40709027,eionetMonitoringSiteCode,AT40709027,eionetMonitoringSiteCode,UNKNOWN,,,,,,,,,,,,,,F,,
AT,AT40709037,eionetMonitoringSiteCode,AT40709037,eionetMonitoringSiteCode,UNKNOWN,,,,,,,,,,,,,,F,,
AT,AT40709057,eionetMonitoringSiteCode,AT40709057,eionetMonitoringSiteCode,UNKNOWN,,,,,,,,,,,,,,F,,
AT,AT40709067,eionetMonitoringSiteCode,AT40709067,eionetMonitoringSiteCode,UNKNOWN,,,,,,,,,,,,,,F,,
AT,AT40709077,eionetMonitoringSiteCode,AT40709077,eionetMonitoringSiteCode,UNKNOWN,,,,,,,,,,,,,,F,,
AT,AT40709087,eionetMonitoringSiteCode,AT40709087,eionetMonitoringSiteCode,UNKNOWN,,,,,,,,,,,,,,F,,
AT,AT40709097,eionetMonitoringSiteCode,AT40709097,eionetMonitoringSiteCode,UNKNOWN,,,,,,,,,,,,,,F,,
AT,AT40709107,eionetMonitoringSiteCode,AT40709107,eionetMonitoringSiteCode,UNKNOWN,,,,,,,,,,,,,,F,,
AT,AT40710017,eionetMonitoringSiteCode,AT40710017,eionetMonitoringSiteCode,UNKNOWN,,,,,,,,,,,,,,F,,
AT,AT40710027,eionetMonitoringSiteCode,AT40710027,eionetMonitoringSiteCode,UNKNOWN,,,,,,,,,,,,,,F,,
AT,AT40710037,eionetMonitoringSiteCode,AT40710037,eionetMonitoringSiteCode,UNKNOWN,,,,,,,,,,,,,,F,,
AT,AT40711017,eionetMonitoringSiteCode,AT40711017,eionetMonitoringSiteCode,UNKNOWN,,,,,,,,,,,,,,F,,
AT,AT40712017,eionetMonitoringSiteCode,AT40712017,eionetMonitoringSiteCode,UNKNOWN,,,,,,,,,,,,,,F,,
AT,AT40713017,eionetMonitoringSiteCode,AT40713017,eionetMonitoringSiteCode,UNKNOWN,,,,,,,,,,,,,,F,,
AT,AT40713027,eionetMonitoringSiteCode,AT40713027,eionetMonitoringSiteCode,UNKNOWN,,,,,,,,,,,,,,F,,
AT,AT40713037,eionetMonitoringSiteCode,AT40713037,eionetMonitoringSiteCode,UNKNOWN,,,,,,,,,,,,,,F,,
AT,AT40815017,eionetMonitoringSiteCode,AT40815017,eionetMonitoringSiteCode,UNKNOWN,,,,,,,,,,,,,,F,,
AT,AT40907037,eionetMonitoringSiteCode,AT40907037,eionetMonitoringSiteCode,UNKNOWN,,,,,,,,,,,,,,F,,
AT,AT40918017,eionetMonitoringSiteCode,AT40918017,eionetMonitoringSiteCode,UNKNOWN,,,,,,,,,,,,,,F,,
AT,AT51110067,eionetMonitoringSiteCode,AT51110067,eionetMonitoringSiteCode,UNKNOWN,,,,,,,,,,,,,,F,,
AT,AT52110077,eionetMonitoringSiteCode,AT52110077,eionetMonitoringSiteCode,UNKNOWN,,,,,,,,,,,,,,F,,
AT,AT52110087,eionetMonitoringSiteCode,AT52110087,eionetMonitoringSiteCode,UNKNOWN,,,,,,,,,,,,,,F,,
AT,AT53110017,eionetMonitoringSiteCode,AT53110017,eionetMonitoringSiteCode,UNKNOWN,,,,,,,,,,,,,,F,,
AT,AT54110127,eionetMonitoringSiteCode,AT54110127,eionetMonitoringSiteCode,UNKNOWN,,,,,,,,,,,,,,F,,
AT,AT60800037,eionetMonitoringSiteCode,AT60800037,eionetMonitoringSiteCode,UNKNOWN,,,,,,,,,,,,,,F,,
AT,AT60800347,eionetMonitoringSiteCode,AT60800347,eionetMonitoringSiteCode,UNKNOWN,,,,,,,,,,,,,,F,,
AT,AT60800357,eionetMonitoringSiteCode,AT60800357,eionetMonitoringSiteCode,UNKNOWN,,,,,,,,,,,,,,F,,
AT,AT61400077,eionetMonitoringSiteCode,AT61400077,eionetMonitoringSiteCode,UNKNOWN,,,,,,,,,,,,,,F,,
AT,AT61400117,eionetMonitoringSiteCode,AT61400117,eionetMonitoringSiteCode,UNKNOWN,,,,,,,,,,,,,,F,,
AT,AT61400177,eionetMonitoringSiteCode,AT61400177,eionetMonitoringSiteCode,UNKNOWN,,,,,,,,,,,,,,F,,
AT,AT61400187,eionetMonitoringSiteCode,AT61400187,eionetMonitoringSiteCode,UNKNOWN,,,,,,,,,,,,,,F,,
AT,AT61400227,eionetMonitoringSiteCode,AT61400227,eionetMonitoringSiteCode,UNKNOWN,,,,,,,,,,,,,,F,,
AT,AT61400237,eionetMonitoringSiteCode,AT61400237,eionetMonitoringSiteCode,UNKNOWN,,,,,,,,,,,,,,F,,
AT,AT61400247,eionetMonitoringSiteCode,AT61400247,eionetMonitoringSiteCode,UNKNOWN,,,,,,,,,,,,,,F,,
AT,AT73161507,eionetMonitoringSiteCode,AT73161507,eionetMonitoringSiteCode,UNKNOWN,,,,,,,,,,,,,,F,,
AT,AT73180107,eionetMonitoringSiteCode,AT73180107,eionetMonitoringSiteCode,UNKNOWN,,,,,,,,,,,,,,F,,
AT,AT73180807,eionetMonitoringSiteCode,AT73180807,eionetMonitoringSiteCode,UNKNOWN,,,,,,,,,,,,,,F,,
AT,AT73190207,eionetMonitoringSiteCode,AT73190207,eionetMonitoringSiteCode,UNKNOWN,,,,,,,,,,,,,,F,,
AT,AT73200117,eionetMonitoringSiteCode,AT73200117,eionetMonitoringSiteCode,UNKNOWN,,,,,,,,,,,,,,F,,
AT,AT73200807,eionetMonitoringSiteCode,AT73200807,eionetMonitoringSiteCode,UNKNOWN,,,,,,,,,,,,,,F,,
AT,AT73200967,eionetMonitoringSiteCode,AT73200967,eionetMonitoringSiteCode,UNKNOWN,,,,,,,,,,,,,,F,,
AT,AT73290507,eionetMonitoringSiteCode,AT73290507,eionetMonitoringSiteCode,UNKNOWN,,,,,,,,,,,,,,F,,
AT,AT73340207,eionetMonitoringSiteCode,AT73340207,eionetMonitoringSiteCode,UNKNOWN,,,,,,,,,,,,,,F,,
AT,AT80125027,eionetMonitoringSiteCode,AT80125027,eionetMonitoringSiteCode,UNKNOWN,,,,,,,,,,,,,,F,,
AT,AT90301867,eionetMonitoringSiteCode,AT90301867,eionetMonitoringSiteCode,UNKNOWN,,,,,,,,,,,,,,F,,
AT,AT91102017,eionetMonitoringSiteCode,AT91102017,eionetMonitoringSiteCode,UNKNOWN,,,,,,,,,,,,,,F,,
AT,ATFW10000037,eionetMonitoringSiteCode,ATFW10000037,eionetMonitoringSiteCode,HAMMER KASTELL,ATOK1001380005,euSurfaceWaterBodyCode,NO INTERNATIONAL NAME,riverWaterBody,Natural,Inapplicable,MZB_13_2,AT1001,euSubUnitCode,DANUBE,AT1000,euRBDCode,DANUBE,F,47.3248,16.0515
AT,ATFW10000097,eionetMonitoringSiteCode,ATFW10000097,eionetMonitoringSiteCode,ELTENDORF,ATOK1001380003,euSurfaceWaterBodyCode,NO INTERNATIONAL NAME,riverWaterBody,Natural,Inapplicable,MZB_13_2,AT1001,euSubUnitCode,DANUBE,AT1000,euRBDCode,DANUBE,F,46.9905,16.2124
AT,ATFW10000116,eionetMonitoringSiteCode,ATFW10000116,eionetMonitoringSiteCode,RIEDLINGSDORF,ATOK1001680028,euSurfaceWaterBodyCode,NO INTERNATIONAL NAME,riverWaterBody,Natural,Inapplicable,MZB_13_2,AT1001,euSubUnitCode,DANUBE,AT1000,euRBDCode,DANUBE,F,47.3219,16.1617
AT,ATFW10000126,eionetMonitoringSiteCode,ATFW10000126,eionetMonitoringSiteCode,SCHWENDGRABEN,ATOK1001790013,euSurfaceWaterBodyCode,NO INTERNATIONAL NAME,riverWaterBody,Natural,Inapplicable,"MZB_13_1,75",AT1001,euSubUnitCode,DANUBE,AT1000,euRBDCode,DANUBE,F,47.4802,16.3545
AT,ATFW10000136,eionetMonitoringSiteCode,ATFW10000136,eionetMonitoringSiteCode,STOOB,ATOK1001790032,euSurfaceWaterBodyCode,NO INTERNATIONAL NAME,riverWaterBody,Natural,Inapplicable,MZB_13_2,AT1001,euSubUnitCode,DANUBE,AT1000,euRBDCode,DANUBE,F,47.5342,16.4662
AT,ATFW10000146,eionetMonitoringSiteCode,ATFW10000146,eionetMonitoringSiteCode,NEUMARKT,ATOK1001680002,euSurfaceWaterBodyCode,NO INTERNATIONAL NAME,riverWaterBody,Natural,Inapplicable,MZB_13_2,AT1001,euSubUnitCode,DANUBE,AT1000,euRBDCode,DANUBE,F,47.2856,16.2995
AT,ATFW10000157,eionetMonitoringSiteCode,ATFW10000157,eionetMonitoringSiteCode,REPCEVIS - LUTZMANNSBURG,ATOK1001790039,euSurfaceWaterBodyCode,NO INTERNATIONAL NAME,riverWaterBody,Natural,Inapplicable,MZB_13_2,AT1001,euSubUnitCode,DANUBE,AT1000,euRBDCode,DANUBE,F,47.4579,16.6618
AT,ATFW21500027,eionetMonitoringSiteCode,ATFW21500027,eionetMonitoringSiteCode,KLEBLACH,ATOK900470021,euSurfaceWaterBodyCode,NO INTERNATIONAL NAME,riverWaterBody,Natural,Inapplicable,"MZB_17_1,75",AT1001,euSubUnitCode,DANUBE,AT1000,euRBDCode,DANUBE,F,46.7741,13.3459
AT,ATFW21500107,eionetMonitoringSiteCode,ATFW21500107,eionetMonitoringSiteCode,UNTERWASSER KW VILLACH,ATOK900470003,euSurfaceWaterBodyCode,NO INTERNATIONAL NAME,riverWaterBody,HMWB,Inapplicable,"MZB_17_1,75",AT1001,euSubUnitCode,DANUBE,AT1000,euRBDCode,DANUBE,F,46.6327,13.8315
AT,ATFW21500116,eionetMonitoringSiteCode,ATFW21500116,eionetMonitoringSiteCode,STAUWURZEL PATERNION,ATOK900470003,euSurfaceWaterBodyCode,NO INTERNATIONAL NAME,riverWaterBody,HMWB,Inapplicable,"MZB_17_1,75",AT1001,euSubUnitCode,DANUBE,AT1000,euRBDCode,DANUBE,F,46.7501,13.5773
AT,ATFW21500317,eionetMonitoringSiteCode,ATFW21500317,eionetMonitoringSiteCode,UNTERWASSER KW ANNABRUCKE,AT90047,eionetSurfaceWaterBodyCode,UNKNOWN,riverWaterBody,,,,AT1001,euSubUnitCode,DANUBE,AT1000,euRBDCode,DANUBE,F,46.5619,14.4825
AT,ATFW21500327,eionetMonitoringSiteCode,ATFW21500327,eionetMonitoringSiteCode,UNTERWASSER KW EDLING,ATOK900470058,euSurfaceWaterBodyCode,NO INTERNATIONAL NAME,riverWaterBody,HMWB,Inapplicable,"MZB_17_1,75",AT1001,euSubUnitCode,DANUBE,AT1000,euRBDCode,DANUBE,F,46.6327,14.7098
AT,ATFW21511416,eionetMonitoringSiteCode,ATFW21511416,eionetMonitoringSiteCode,GRADENBACH,ATOK900580059,euSurfaceWaterBodyCode,NO INTERNATIONAL NAME,riverWaterBody,Natural,Inapplicable,"MZB_2_1,25",AT1001,euSubUnitCode,DANUBE,AT1000,euRBDCode,DANUBE,F,46.9801,12.836
AT,ATFW21520117,eionetMonitoringSiteCode,ATFW21520117,eionetMonitoringSiteCode,GMUND,ATOK901250013,euSurfaceWaterBodyCode,NO INTERNATIONAL NAME,riverWaterBody,Natural,Inapplicable,"MZB_2_1,5",AT1001,euSubUnitCode,DANUBE,AT1000,euRBDCode,DANUBE,F,46.9011,13.5306
AT,ATFW21521406,eionetMonitoringSiteCode,ATFW21521406,eionetMonitoringSiteCode,STAPPITZ,ATOK900790089,euSurfaceWaterBodyCode,NO INTERNATIONAL NAME,riverWaterBody,Natural,Inapplicable,"MZB_2_1,5",AT1001,euSubUnitCode,DANUBE,AT1000,euRBDCode,DANUBE,F,47.022,13.2066
AT,ATFW21530137,eionetMonitoringSiteCode,ATFW21530137,eionetMonitoringSiteCode,EGG HERMAGOR,ATOK901870019,euSurfaceWaterBodyCode,NO INTERNATIONAL NAME,riverWaterBody,Natural,Inapplicable,"MZB_7_1,5",AT1001,euSubUnitCode,DANUBE,AT1000,euRBDCode,DANUBE,F,46.6088,13.3884
AT,ATFW21530336,eionetMonitoringSiteCode,ATFW21530336,eionetMonitoringSiteCode,WODMAIER-BRUCKE,ATOK901870024,euSurfaceWaterBodyCode,NO INTERNATIONAL NAME,riverWaterBody,Natural,Inapplicable,"MZB_7_1,5",AT1001,euSubUnitCode,DANUBE,AT1000,euRBDCode,DANUBE,F,46.6802,12.9058
AT,ATFW21540427,eionetMonitoringSiteCode,ATFW21540427,eionetMonitoringSiteCode,OBERNARRACH,ATOK903300026,euSurfaceWaterBodyCode,NO INTERNATIONAL NAME,riverWaterBody,Natural,Inapplicable,"MZB_7_1,5",AT1001,euSubUnitCode,DANUBE,AT1000,euRBDCode,DANUBE,F,46.5638,14.5356
AT,ATFW21550207,eionetMonitoringSiteCode,ATFW21550207,eionetMonitoringSiteCode,MOLBLING BRUGGA,ATOK903760023,euSurfaceWaterBodyCode,NO INTERNATIONAL NAME,riverWaterBody,Natural,Inapplicable,"MZB_15_1,75",AT1001,euSubUnitCode,DANUBE,AT1000,euRBDCode,DANUBE,F,46.865,14.4379
AT,ATFW21550366,eionetMonitoringSiteCode,ATFW21550366,eionetMonitoringSiteCode,SEVERSCHMIED,ATOK903410026,euSurfaceWaterBodyCode,NO INTERNATIONAL NAME,riverWaterBody,Natural,Inapplicable,"MZB_3_1,5",AT1001,euSubUnitCode,DANUBE,AT1000,euRBDCode,DANUBE,F,46.8032,14.0802
AT,ATFW21550386,eionetMonitoringSiteCode,ATFW21550386,eionetMonitoringSiteCode,STRASSBURG,ATOK902080005,euSurfaceWaterBodyCode,NO INTERNATIONAL NAME,riverWaterBody,Natural,Inapplicable,"MZB_3_1,75",AT1001,euSubUnitCode,DANUBE,AT1000,euRBDCode,DANUBE,F,46.9009,14.4201
AT,ATFW21551257,eionetMonitoringSiteCode,ATFW21551257,eionetMonitoringSiteCode,ZOLLFELD,ATOK903760030,euSurfaceWaterBodyCode,NO INTERNATIONAL NAME,riverWaterBody,Natural,Inapplicable,"MZB_15_1,75",AT1001,euSubUnitCode,DANUBE,AT1000,euRBDCode,DANUBE,F,46.7035,14.3519
AT,ATFW21551346,eionetMonitoringSiteCode,ATFW21551346,eionetMonitoringSiteCode,OBERGLAN,ATOK902140010,euSurfaceWaterBodyCode,NO INTERNATIONAL NAME,riverWaterBody,Natural,Inapplicable,"MZB_15_1,5",AT1001,euSubUnitCode,DANUBE,AT1000,euRBDCode,DANUBE,F,46.7082,14.1184
AT,ATFW21552396,eionetMonitoringSiteCode,ATFW21552396,eionetMonitoringSiteCode,HIRT,AT90352,eionetSurfaceWaterBodyCode,UNKNOWN,riverWaterBody,,,,AT1001,euSubUnitCode,DANUBE,AT1000,euRBDCode,DANUBE,F,46.9,14.4416
AT,ATFW21560277,eionetMonitoringSiteCode,ATFW21560277,eionetMonitoringSiteCode,ST GERTRAUD,ATOK902870052,euSurfaceWaterBodyCode,NO INTERNATIONAL NAME,riverWaterBody,Natural,Inapplicable,"MZB_15_1,75",AT1001,euSubUnitCode,DANUBE,AT1000,euRBDCode,DANUBE,F,46.8856,14.867
AT,ATFW21570456,eionetMonitoringSiteCode,ATFW21570456,eionetMonitoringSiteCode,SCHILTERNDORF,ATOK902840017,euSurfaceWaterBodyCode,NO INTERNATIONAL NAME,riverWaterBody,Natural,Inapplicable,"MZB_15_1,5",AT1001,euSubUnitCode,DANUBE,AT1000,euRBDCode,DANUBE,F,46.6104,14.8029
AT,ATFW30900027,eionetMonitoringSiteCode,ATFW30900027,eionetMonitoringSiteCode,ULMERFELD,ATOK408810029,euSurfaceWaterBodyCode,NO INTERNATIONAL NAME,riverWaterBody,Natural,Inapplicable,"MZB_11_1,75",AT1001,euSubUnitCode,DANUBE,AT1000,euRBDCode,DANUBE,F,48.088,14.8254
AT,ATFW30900067,eionetMonitoringSiteCode,ATFW30900067,eionetMonitoringSiteCode,SCHEIBBS,ATOK409470002,euSurfaceWaterBodyCode,NO INTERNATIONAL NAME,riverWaterBody,Natural,Inapplicable,"MZB_5_1,75",AT1001,euSubUnitCode,DANUBE,AT1000,euRBDCode,DANUBE,F,48.0081,15.1649
AT,ATFW30900077,eionetMonitoringSiteCode,ATFW30900077,eionetMonitoringSiteCode,PETZENKIRCHEN,ATOK408820011,euSurfaceWaterBodyCode,NO INTERNATIONAL NAME,riverWaterBody,HMWB,Inapplicable,"MZB_11_1,75",AT1001,euSubUnitCode,DANUBE,AT1000,euRBDCode,DANUBE,F,48.1498,15.1701
AT,ATFW30900097,eionetMonitoringSiteCode,ATFW30900097,eionetMonitoringSiteCode,HOFSTETTEN,ATOK410510003N,euSurfaceWaterBodyCode,NO INTERNATIONAL NAME,riverWaterBody,Natural,Inapplicable,"MZB_11_1,75",AT1001,euSubUnitCode,DANUBE,AT1000,euRBDCode,DANUBE,F,48.0965,15.5138
AT,ATFW30900177,eionetMonitoringSiteCode,ATFW30900177,eionetMonitoringSiteCode,UH KLEINZELL,ATOK406290002,euSurfaceWaterBodyCode,NO INTERNATIONAL NAME,riverWaterBody,Natural,Inapplicable,"MZB_5_1,5",AT1001,euSubUnitCode,DANUBE,AT1000,euRBDCode,DANUBE,F,47.9487,15.7156
AT,ATFW30900187,eionetMonitoringSiteCode,ATFW30900187,eionetMonitoringSiteCode,OH TURNITZ,AT40668,eionetSurfaceWaterBodyCode,UNKNOWN,riverWaterBody,,,,AT1001,euSubUnitCode,DANUBE,AT1000,euRBDCode,DANUBE,F,47.9254,15.4828
AT,ATFW30900207,eionetMonitoringSiteCode,ATFW30900207,eionetMonitoringSiteCode,OH KLEINE YBBSMUNDUNG,ATOK409570003,euSurfaceWaterBodyCode,NO INTERNATIONAL NAME,riverWaterBody,HMWB,Inapplicable,"MZB_5_1,75",AT1001,euSubUnitCode,DANUBE,AT1000,euRBDCode,DANUBE,F,47.903,14.8374
AT,ATFW31000047,eionetMonitoringSiteCode,ATFW31000047,eionetMonitoringSiteCode,ROSENBURG UH TAFFAMUNDUNG,ATOK408310003,euSurfaceWaterBodyCode,KAMP 03 EP MITTEL 1,riverWaterBody,Natural,Inapplicable,"MZB_13_1,75",AT1001,euSubUnitCode,DANUBE,AT1000,euRBDCode,DANUBE,F,48.6266,15.6439
AT,ATFW31000077,eionetMonitoringSiteCode,ATFW31000077,eionetMonitoringSiteCode,PERNITZ,ATOK410030007,euSurfaceWaterBodyCode,NO INTERNATIONAL NAME,riverWaterBody,Natural,Inapplicable,"MZB_5_1,75",AT1001,euSubUnitCode,DANUBE,AT1000,euRBDCode,DANUBE,F,47.8861,15.9883
AT,ATFW31000087,eionetMonitoringSiteCode,ATFW31000087,eionetMonitoringSiteCode,WOLLERSDORF,ATOK405880071,euSurfaceWaterBodyCode,NO INTERNATIONAL NAME,riverWaterBody,Natural,Inapplicable,MZB_13_2,AT1001,euSubUnitCode,DANUBE,AT1000,euRBDCode,DANUBE,F,47.8648,16.1808
AT,ATFW31000147,eionetMonitoringSiteCode,ATFW31000147,eionetMonitoringSiteCode,FAHRAFELD,ATOK410020000,euSurfaceWaterBodyCode,NO INTERNATIONAL NAME,riverWaterBody,Natural,Inapplicable,"MZB_5_1,75",AT1001,euSubUnitCode,DANUBE,AT1000,euRBDCode,DANUBE,F,47.98,16.0677
AT,ATFW31000167,eionetMonitoringSiteCode,ATFW31000167,eionetMonitoringSiteCode,UH ACHAU OH TRIESTINGMUNDUNG,ATOK405880131N,euSurfaceWaterBodyCode,NO INTERNATIONAL NAME,riverWaterBody,Natural,Inapplicable,"MZB_13_1,75",AT1001,euSubUnitCode,DANUBE,AT1000,euRBDCode,DANUBE,F,48.0587,16.4053
AT,ATFW31000197,eionetMonitoringSiteCode,ATFW31000197,eionetMonitoringSiteCode,OH HASCHENDORF,ATOK405880102,euSurfaceWaterBodyCode,NO INTERNATIONAL NAME,riverWaterBody,Natural,Inapplicable,"MZB_13_1,75",AT1001,euSubUnitCode,DANUBE,AT1000,euRBDCode,DANUBE,F,47.8872,16.3433
AT,ATFW31000207,eionetMonitoringSiteCode,ATFW31000207,eionetMonitoringSiteCode,HASELBACH,ATOK404680000,euSurfaceWaterBodyCode,NO INTERNATIONAL NAME,riverWaterBody,Natural,Inapplicable,"MZB_12_1,5",AT1001,euSubUnitCode,DANUBE,AT1000,euRBDCode,DANUBE,F,48.5056,15.0003
AT,ATFW31000257,eionetMonitoringSiteCode,ATFW31000257,eionetMonitoringSiteCode,OH SATTELBACH,AT41000,eionetSurfaceWaterBodyCode,UNKNOWN,riverWaterBody,,,,AT1001,euSubUnitCode,DANUBE,AT1000,euRBDCode,DANUBE,F,48.0306,16.1412
AT,ATFW31000277,eionetMonitoringSiteCode,ATFW31000277,eionetMonitoringSiteCode,OH MUNDUNG IN DIE DONAU,ATOK408560011,euSurfaceWaterBodyCode,NO INTERNATIONAL NAME,riverWaterBody,Natural,Inapplicable,"MZB_12_1,75",AT1001,euSubUnitCode,DANUBE,AT1000,euRBDCode,DANUBE,F,48.2001,15.0041
AT,ATFW31000287,eionetMonitoringSiteCode,ATFW31000287,eionetMonitoringSiteCode,EHRENDORF,AT20031,eionetSurfaceWaterBodyCode,UNKNOWN,riverWaterBody,,,,AT5100,euSubUnitCode,ELBE,AT5000,euRBDCode,ELBE,F,48.7571,14.9575
AT,ATFW31000357,eionetMonitoringSiteCode,ATFW31000357,eionetMonitoringSiteCode,MANNSWORTH,ATOK409040008,euSurfaceWaterBodyCode,NO INTERNATIONAL NAME,riverWaterBody,Natural,Inapplicable,MZB_16_2,AT1001,euSubUnitCode,DANUBE,AT1000,euRBDCode,DANUBE,F,48.1508,16.5342
AT,ATFW31100087,eionetMonitoringSiteCode,ATFW31100087,eionetMonitoringSiteCode,UH DEINZENDORF,ATOK501330035,euSurfaceWaterBodyCode,NO INTERNATIONAL NAME,riverWaterBody,Natural,Inapplicable,MZB_13_2,AT1001,euSubUnitCode,DANUBE,AT1000,euRBDCode,DANUBE,F,48.6965,15.9335
AT,ATFW31100097,eionetMonitoringSiteCode,ATFW31100097,eionetMonitoringSiteCode,OH JUNGBUNZLAUER,ATOK501330025,euSurfaceWaterBodyCode,NO INTERNATIONAL NAME,riverWaterBody,Natural,Inapplicable,MZB_13_2,AT1001,euSubUnitCode,DANUBE,AT1000,euRBDCode,DANUBE,F,48.7189,16.2725
AT,ATFW31100107,eionetMonitoringSiteCode,ATFW31100107,eionetMonitoringSiteCode,SCHWARZENAU,ATOK500010038,euSurfaceWaterBodyCode,NO INTERNATIONAL NAME,riverWaterBody,Natural,Inapplicable,"MZB_12_1,75",AT1001,euSubUnitCode,DANUBE,AT1000,euRBDCode,DANUBE,F,48.7515,15.2667
AT,ATFW31200087,eionetMonitoringSiteCode,ATFW31200087,eionetMonitoringSiteCode,ERLACH,ATOK1000520030N,euSurfaceWaterBodyCode,NO INTERNATIONAL NAME,riverWaterBody,Natural,Inapplicable,MZB_13_2,AT1001,euSubUnitCode,DANUBE,AT1000,euRBDCode,DANUBE,F,47.7277,16.2152
AT,ATFW31200107,eionetMonitoringSiteCode,ATFW31200107,eionetMonitoringSiteCode,UH NASSBACHMUNDUNG,ATOK1000100016,euSurfaceWaterBodyCode,NO INTERNATIONAL NAME,riverWaterBody,Natural,Inapplicable,"MZB_5_1,75",AT1001,euSubUnitCode,DANUBE,AT1000,euRBDCode,DANUBE,F,47.7736,15.7342
AT,ATFW31200117,eionetMonitoringSiteCode,ATFW31200117,eionetMonitoringSiteCode,UH SIERNINGBACHMUNDUNG,AT100052,eionetSurfaceWaterBodyCode,UNKNOWN,riverWaterBody,,,,AT1001,euSubUnitCode,DANUBE,AT1000,euRBDCode,DANUBE,F,47.7131,16.0416
AT,ATFW40401017,eionetMonitoringSiteCode,ATFW40401017,eionetMonitoringSiteCode,UBERACKERN HOCHBURG-ACH,ATOK307200001,euSurfaceWaterBodyCode,NO INTERNATIONAL NAME,riverWaterBody,HMWB,Inapplicable,"MZB_17_1,75",AT1001,euSubUnitCode,DANUBE,AT1000,euRBDCode,DANUBE,F,48.203,12.8743
AT,ATFW40503037,eionetMonitoringSiteCode,ATFW40503037,eionetMonitoringSiteCode,JAHRSDORF,ATOK305720034,euSurfaceWaterBodyCode,NO INTERNATIONAL NAME,riverWaterBody,HMWB,Inapplicable,"MZB_11_1,75",AT1001,euSubUnitCode,DANUBE,AT1000,euRBDCode,DANUBE,F,48.2493,13.074
AT,ATFW40503046,eionetMonitoringSiteCode,ATFW40503046,eionetMonitoringSiteCode,LAIMHAUSMUHLE PEGEL,ATOK307980006,euSurfaceWaterBodyCode,NO INTERNATIONAL NAME,riverWaterBody,Natural,Inapplicable,MZB_11_2,AT1001,euSubUnitCode,DANUBE,AT1000,euRBDCode,DANUBE,F,48.0018,13.1181
AT,ATFW40504017,eionetMonitoringSiteCode,ATFW40504017,eionetMonitoringSiteCode,ALTHEIM,ATOK305740013,euSurfaceWaterBodyCode,NO INTERNATIONAL NAME,riverWaterBody,Natural,Inapplicable,"MZB_11_1,75",AT1001,euSubUnitCode,DANUBE,AT1000,euRBDCode,DANUBE,F,48.2817,13.202
AT,ATFW40530016,eionetMonitoringSiteCode,ATFW40530016,eionetMonitoringSiteCode,LINDLAU PEGEL,ATOK305740005,euSurfaceWaterBodyCode,NO INTERNATIONAL NAME,riverWaterBody,Natural,Inapplicable,"MZB_11_1,75",AT1001,euSubUnitCode,DANUBE,AT1000,euRBDCode,DANUBE,F,48.1918,13.1666
AT,ATFW40533016,eionetMonitoringSiteCode,ATFW40533016,eionetMonitoringSiteCode,HOCHECK,ATOK305720005,euSurfaceWaterBodyCode,NO INTERNATIONAL NAME,riverWaterBody,Natural,Inapplicable,"MZB_11_1,75",AT1001,euSubUnitCode,DANUBE,AT1000,euRBDCode,DANUBE,F,48.053,13.3538
AT,ATFW40607027,eionetMonitoringSiteCode,ATFW40607027,eionetMonitoringSiteCode,LINZ-ST MARGARETEN,ATOK410360007,euSurfaceWaterBodyCode,NO INTERNATIONAL NAME,riverWaterBody,HMWB,Inapplicable,"MZB_16_1,75",AT1001,euSubUnitCode,DANUBE,AT1000,euRBDCode,DANUBE,F,48.3073,14.2472
AT,ATFW40607047,eionetMonitoringSiteCode,ATFW40607047,eionetMonitoringSiteCode,UNKNOWN,,,,,,,,,,,,,,F,,
AT,ATFW40622016,eionetMonitoringSiteCode,ATFW40622016,eionetMonitoringSiteCode,SCHWARZGRUB,ATOK408460000,euSurfaceWaterBodyCode,NO INTERNATIONAL NAME,riverWaterBody,Natural,Inapplicable,"MZB_11_1,75",AT1001,euSubUnitCode,DANUBE,AT1000,euRBDCode,DANUBE,F,48.3482,14.15
AT,ATFW40627026,eionetMonitoringSiteCode,ATFW40627026,eionetMonitoringSiteCode,UH BACHHAUSL,ATOK403360000,euSurfaceWaterBodyCode,NO INTERNATIONAL NAME,riverWaterBody,Natural,Inapplicable,"MZB_12_1,5",AT1001,euSubUnitCode,DANUBE,AT1000,euRBDCode,DANUBE,F,48.6593,13.8604
AT,ATFW40631016,eionetMonitoringSiteCode,ATFW40631016,eionetMonitoringSiteCode,U H GOLDWORTH,ATOK408450000,euSurfaceWaterBodyCode,NO INTERNATIONAL NAME,riverWaterBody,Natural,Inapplicable,"MZB_11_1,75",AT1001,euSubUnitCode,DANUBE,AT1000,euRBDCode,DANUBE,F,48.3212,14.1026
AT,ATFW40634016,eionetMonitoringSiteCode,ATFW40634016,eionetMonitoringSiteCode,GUGLWALD,AT40347,eionetSurfaceWaterBodyCode,UNKNOWN,riverWaterBody,,,,AT1001,euSubUnitCode,DANUBE,AT1000,euRBDCode,DANUBE,F,48.5894,14.165
AT,ATFW40709047,eionetMonitoringSiteCode,ATFW40709047,eionetMonitoringSiteCode,GMUNDEN,ATOK412100001,euSurfaceWaterBodyCode,NO INTERNATIONAL NAME,riverWaterBody,Natural,Inapplicable,MZB_11_2,AT1001,euSubUnitCode,DANUBE,AT1000,euRBDCode,DANUBE,F,47.937,13.8023
AT,ATFW40709126,eionetMonitoringSiteCode,ATFW40709126,eionetMonitoringSiteCode,OBERTRAUN PEGEL,AT40122,eionetSurfaceWaterBodyCode,UNKNOWN,riverWaterBody,,,,AT1001,euSubUnitCode,DANUBE,AT1000,euRBDCode,DANUBE,F,47.565,13.7216
AT,ATFW40709136,eionetMonitoringSiteCode,ATFW40709136,eionetMonitoringSiteCode,STEEG PEGEL,ATOK401220012,euSurfaceWaterBodyCode,NO INTERNATIONAL NAME,riverWaterBody,Natural,Inapplicable,"MZB_6_1,5",AT1001,euSubUnitCode,DANUBE,AT1000,euRBDCode,DANUBE,F,47.6134,13.6313
AT,ATFW40710056,eionetMonitoringSiteCode,ATFW40710056,eionetMonitoringSiteCode,OBERACHMANN,AT41114,eionetSurfaceWaterBodyCode,UNKNOWN,riverWaterBody,,,,AT1001,euSubUnitCode,DANUBE,AT1000,euRBDCode,DANUBE,F,47.9599,13.609
AT,ATFW40711027,eionetMonitoringSiteCode,ATFW40711027,eionetMonitoringSiteCode,AGERSPITZ,ATOK411140004,euSurfaceWaterBodyCode,NO INTERNATIONAL NAME,riverWaterBody,Natural,Inapplicable,"MZB_11_1,75",AT1001,euSubUnitCode,DANUBE,AT1000,euRBDCode,DANUBE,F,48.0055,13.6689
AT,ATFW40711036,eionetMonitoringSiteCode,ATFW40711036,eionetMonitoringSiteCode,OH HARPOINT,ATOK411140106,euSurfaceWaterBodyCode,NO INTERNATIONAL NAME,riverWaterBody,Natural,Inapplicable,"MZB_11_1,75",AT1001,euSubUnitCode,DANUBE,AT1000,euRBDCode,DANUBE,F,47.9058,13.3538
AT,ATFW40711046,eionetMonitoringSiteCode,ATFW40711046,eionetMonitoringSiteCode,JAGDHUB ANGERN,ATOK411140103,euSurfaceWaterBodyCode,NO INTERNATIONAL NAME,riverWaterBody,Natural,Inapplicable,"MZB_11_1,75",AT1001,euSubUnitCode,DANUBE,AT1000,euRBDCode,DANUBE,F,47.9468,13.3631
AT,ATFW40712027,eionetMonitoringSiteCode,ATFW40712027,eionetMonitoringSiteCode,PENNINGERSTEG,ATOK411180018,euSurfaceWaterBodyCode,NO INTERNATIONAL NAME,riverWaterBody,Natural,Inapplicable,"MZB_11_1,75",AT1001,euSubUnitCode,DANUBE,AT1000,euRBDCode,DANUBE,F,48.0533,13.9226
AT,ATFW40712036,eionetMonitoringSiteCode,ATFW40712036,eionetMonitoringSiteCode,UH WIESELMUHLE,ATOK409760000,euSurfaceWaterBodyCode,NO INTERNATIONAL NAME,riverWaterBody,Natural,Inapplicable,"MZB_5_1,75",AT1001,euSubUnitCode,DANUBE,AT1000,euRBDCode,DANUBE,F,47.8732,13.9442
AT,ATFW40721016,eionetMonitoringSiteCode,ATFW40721016,eionetMonitoringSiteCode,SEPPENROTH,ATOK411140037,euSurfaceWaterBodyCode,NO INTERNATIONAL NAME,riverWaterBody,Natural,Inapplicable,"MZB_11_1,75",AT1001,euSubUnitCode,DANUBE,AT1000,euRBDCode,DANUBE,F,48.0399,13.4078
AT,ATFW40721026,eionetMonitoringSiteCode,ATFW40721026,eionetMonitoringSiteCode,OH BRUCKMUHLBACH,ATOK411140036,euSurfaceWaterBodyCode,NO INTERNATIONAL NAME,riverWaterBody,Natural,Inapplicable,"MZB_11_1,75",AT1001,euSubUnitCode,DANUBE,AT1000,euRBDCode,DANUBE,F,48.0185,13.4245
AT,ATFW40726016,eionetMonitoringSiteCode,ATFW40726016,eionetMonitoringSiteCode,RECHEN,ATOK402740003,euSurfaceWaterBodyCode,NO INTERNATIONAL NAME,riverWaterBody,Natural,Inapplicable,"MZB_4_1,5",AT1001,euSubUnitCode,DANUBE,AT1000,euRBDCode,DANUBE,F,47.9273,13.4637
AT,ATFW40735016,eionetMonitoringSiteCode,ATFW40735016,eionetMonitoringSiteCode,UH LUDELBACH,ATOK409840001,euSurfaceWaterBodyCode,NO INTERNATIONAL NAME,riverWaterBody,Natural,Inapplicable,"MZB_4_1,5",AT1001,euSubUnitCode,DANUBE,AT1000,euRBDCode,DANUBE,F,47.8965,13.622
AT,ATFW40814017,eionetMonitoringSiteCode,ATFW40814017,eionetMonitoringSiteCode,SCHONAU,ATOK411250035,euSurfaceWaterBodyCode,NO INTERNATIONAL NAME,riverWaterBody,HMWB,Inapplicable,"MZB_17_1,75",AT1001,euSubUnitCode,DANUBE,AT1000,euRBDCode,DANUBE,F,47.7544,14.6424
AT,ATFW40814027,eionetMonitoringSiteCode,ATFW40814027,eionetMonitoringSiteCode,STEYR,ATOK411250020,euSurfaceWaterBodyCode,NO INTERNATIONAL NAME,riverWaterBody,HMWB,Inapplicable,"MZB_17_1,75",AT1001,euSubUnitCode,DANUBE,AT1000,euRBDCode,DANUBE,F,48.0387,14.4192
AT,ATFW40814037,eionetMonitoringSiteCode,ATFW40814037,eionetMonitoringSiteCode,KRAFTWERK STANING,,,,,,,,,,,,,,F,48.1317,14.4716
AT,ATFW40814047,eionetMonitoringSiteCode,ATFW40814047,eionetMonitoringSiteCode,ENNS,ATOK411250006,euSurfaceWaterBodyCode,NO INTERNATIONAL NAME,riverWaterBody,HMWB,Inapplicable,"MZB_17_1,75",AT1001,euSubUnitCode,DANUBE,AT1000,euRBDCode,DANUBE,F,48.2281,14.4978
AT,ATFW40815027,eionetMonitoringSiteCode,ATFW40815027,eionetMonitoringSiteCode,PERGERN,ATOK411280007,euSurfaceWaterBodyCode,NO INTERNATIONAL NAME,riverWaterBody,Natural,Inapplicable,"MZB_11_1,75",AT1001,euSubUnitCode,DANUBE,AT1000,euRBDCode,DANUBE,F,48.0512,14.356
AT,ATFW40815036,eionetMonitoringSiteCode,ATFW40815036,eionetMonitoringSiteCode,DIETLGUT PEGEL,ATOK401990013,euSurfaceWaterBodyCode,NO INTERNATIONAL NAME,riverWaterBody,Natural,Inapplicable,"MZB_6_1,5",AT1001,euSubUnitCode,DANUBE,AT1000,euRBDCode,DANUBE,F,47.6693,14.11
AT,ATFW40828016,eionetMonitoringSiteCode,ATFW40828016,eionetMonitoringSiteCode,SEEBACHBRUCKE,ATOK401690002,euSurfaceWaterBodyCode,NO INTERNATIONAL NAME,riverWaterBody,Natural,Inapplicable,"MZB_5_1,5",AT1001,euSubUnitCode,DANUBE,AT1000,euRBDCode,DANUBE,F,47.8434,14.3559
AT,ATFW40829016,eionetMonitoringSiteCode,ATFW40829016,eionetMonitoringSiteCode,TURKENKOPF,ATOK401480011,euSurfaceWaterBodyCode,NO INTERNATIONAL NAME,riverWaterBody,Natural,Inapplicable,"MZB_5_1,5",AT1001,euSubUnitCode,DANUBE,AT1000,euRBDCode,DANUBE,F,47.7084,14.5272
AT,ATFW40918027,eionetMonitoringSiteCode,ATFW40918027,eionetMonitoringSiteCode,PERG,ATOK408510004,euSurfaceWaterBodyCode,NO INTERNATIONAL NAME,riverWaterBody,Natural,Inapplicable,"MZB_11_1,75",AT1001,euSubUnitCode,DANUBE,AT1000,euRBDCode,DANUBE,F,48.2089,14.6838
AT,ATFW40925016,eionetMonitoringSiteCode,ATFW40925016,eionetMonitoringSiteCode,UH DIEFSMUHLE,ATOK403980002,euSurfaceWaterBodyCode,NO INTERNATIONAL NAME,riverWaterBody,Natural,Inapplicable,"MZB_12_1,5",AT1001,euSubUnitCode,DANUBE,AT1000,euRBDCode,DANUBE,F,48.4423,14.8485
AT,ATFW40932016,eionetMonitoringSiteCode,ATFW40932016,eionetMonitoringSiteCode,FRAUNECK,ATOK403880008,euSurfaceWaterBodyCode,NO INTERNATIONAL NAME,riverWaterBody,Natural,Inapplicable,"MZB_12_1,5",AT1001,euSubUnitCode,DANUBE,AT1000,euRBDCode,DANUBE,F,48.5159,14.6967
AT,ATFW51110027,eionetMonitoringSiteCode,ATFW51110027,eionetMonitoringSiteCode,NEUKIRCHEN,ATOK304690004,euSurfaceWaterBodyCode,NO INTERNATIONAL NAME,riverWaterBody,HMWB,Inapplicable,"MZB_2_1,5",AT1001,euSubUnitCode,DANUBE,AT1000,euRBDCode,DANUBE,F,47.2455,12.2753
AT,ATFW51120447,eionetMonitoringSiteCode,ATFW51120447,eionetMonitoringSiteCode,RAURISER ACHE,,,,,,,,,,,,,,F,47.2351,12.9932
AT,ATFW51210037,eionetMonitoringSiteCode,ATFW51210037,eionetMonitoringSiteCode,VIEHHOFEN,ATOK304700002,euSurfaceWaterBodyCode,NO INTERNATIONAL NAME,riverWaterBody,HMWB,Inapplicable,"MZB_2_1,5",AT1001,euSubUnitCode,DANUBE,AT1000,euRBDCode,DANUBE,F,47.3664,12.7365
AT,ATFW51210087,eionetMonitoringSiteCode,ATFW51210087,eionetMonitoringSiteCode,UNKEN,ATOK301330016,euSurfaceWaterBodyCode,NO INTERNATIONAL NAME,riverWaterBody,Natural,Inapplicable,"MZB_5_1,75",AT1001,euSubUnitCode,DANUBE,AT1000,euRBDCode,DANUBE,F,47.6622,12.7537
AT,ATFW51220017,eionetMonitoringSiteCode,ATFW51220017,eionetMonitoringSiteCode,SAALACH-ZWOLFERKOGEL,ATOK304700002,euSurfaceWaterBodyCode,NO INTERNATIONAL NAME,riverWaterBody,HMWB,Inapplicable,"MZB_2_1,5",AT1001,euSubUnitCode,DANUBE,AT1000,euRBDCode,DANUBE,F,47.3759,12.5752
AT,ATFW52120457,eionetMonitoringSiteCode,ATFW52120457,eionetMonitoringSiteCode,BLUHNBACH OBERLAUF,ATOK302190003,euSurfaceWaterBodyCode,NO INTERNATIONAL NAME,riverWaterBody,Natural,Inapplicable,"MZB_6_1,5",AT1001,euSubUnitCode,DANUBE,AT1000,euRBDCode,DANUBE,F,47.4774,13.1247
AT,ATFW53110027,eionetMonitoringSiteCode,ATFW53110027,eionetMonitoringSiteCode,LAMMER-SCHWAIGHOFER BRUCKE,AT30122,eionetSurfaceWaterBodyCode,UNKNOWN,riverWaterBody,,,,AT1001,euSubUnitCode,DANUBE,AT1000,euRBDCode,DANUBE,F,47.5734,13.3873
AT,ATFW53110057,eionetMonitoringSiteCode,ATFW53110057,eionetMonitoringSiteCode,ROMERBRUCKE,AT30123,eionetSurfaceWaterBodyCode,UNKNOWN,riverWaterBody,,,,AT1001,euSubUnitCode,DANUBE,AT1000,euRBDCode,DANUBE,F,47.6637,13.1582
AT,ATFW54110167,eionetMonitoringSiteCode,ATFW54110167,eionetMonitoringSiteCode,SAALACH-MUNDUNG,AT30560,eionetSurfaceWaterBodyCode,UNKNOWN,riverWaterBody,,,,AT1001,euSubUnitCode,DANUBE,AT1000,euRBDCode,DANUBE,F,47.8528,13.0036
AT,ATFW54122127,eionetMonitoringSiteCode,ATFW54122127,eionetMonitoringSiteCode,WALLERBACH,ATOK305590005,euSurfaceWaterBodyCode,NO INTERNATIONAL NAME,riverWaterBody,Natural,Inapplicable,"MZB_11_1,75",AT1001,euSubUnitCode,DANUBE,AT1000,euRBDCode,DANUBE,F,47.9319,13.1852
AT,ATFW55010037,eionetMonitoringSiteCode,ATFW55010037,eionetMonitoringSiteCode,TAMSWEG MORTELSDORF,ATOK801180004,euSurfaceWaterBodyCode,NO INTERNATIONAL NAME,riverWaterBody,Natural,Inapplicable,"MZB_2_1,5",AT1001,euSubUnitCode,DANUBE,AT1000,euRBDCode,DANUBE,F,47.127,13.7871
AT,ATFW55020247,eionetMonitoringSiteCode,ATFW55020247,eionetMonitoringSiteCode,MUR-MAANDER,ATOK801180005,euSurfaceWaterBodyCode,NO INTERNATIONAL NAME,riverWaterBody,Natural,Inapplicable,"MZB_2_1,5",AT1001,euSubUnitCode,DANUBE,AT1000,euRBDCode,DANUBE,F,47.0825,13.595
AT,ATFW55020267,eionetMonitoringSiteCode,ATFW55020267,eionetMonitoringSiteCode,LONKA WEISSPRIACHBACH,ATOK801180061,euSurfaceWaterBodyCode,NO INTERNATIONAL NAME,riverWaterBody,Natural,Inapplicable,"MZB_2_1,5",AT1001,euSubUnitCode,DANUBE,AT1000,euRBDCode,DANUBE,F,47.1664,13.7151
AT,ATFW55020277,eionetMonitoringSiteCode,ATFW55020277,eionetMonitoringSiteCode,TAURACH,ATOK801180087,euSurfaceWaterBodyCode,NO INTERNATIONAL NAME,riverWaterBody,Natural,Inapplicable,"MZB_2_1,5",AT1001,euSubUnitCode,DANUBE,AT1000,euRBDCode,DANUBE,F,47.1459,13.7906
AT,ATFW60700366,eionetMonitoringSiteCode,ATFW60700366,eionetMonitoringSiteCode,ABW ARA BAD AUSSEE,AT40122,eionetSurfaceWaterBodyCode,UNKNOWN,riverWaterBody,,,,AT1001,euSubUnitCode,DANUBE,AT1000,euRBDCode,DANUBE,F,47.6013,13.7542
AT,ATFW60800027,eionetMonitoringSiteCode,ATFW60800027,eionetMonitoringSiteCode,SCHLADMING,ATOK400240090,euSurfaceWaterBodyCode,NO INTERNATIONAL NAME,riverWaterBody,Natural,Inapplicable,"MZB_2_1,5",AT1001,euSubUnitCode,DANUBE,AT1000,euRBDCode,DANUBE,F,47.4053,13.7247
AT,ATFW60800047,eionetMonitoringSiteCode,ATFW60800047,eionetMonitoringSiteCode,BARNDORF,,,,,,,,,,,,,,F,47.5014,14.4675
AT,ATFW60800057,eionetMonitoringSiteCode,ATFW60800057,eionetMonitoringSiteCode,SELZTHAL,,,,,,,,,,,,,,F,47.5515,14.3044
AT,ATFW60800386,eionetMonitoringSiteCode,ATFW60800386,eionetMonitoringSiteCode,AUFW IRDNING,AT40043,eionetSurfaceWaterBodyCode,UNKNOWN,riverWaterBody,,,,AT1001,euSubUnitCode,DANUBE,AT1000,euRBDCode,DANUBE,F,47.5156,14.0886
AT,ATFW60800396,eionetMonitoringSiteCode,ATFW60800396,eionetMonitoringSiteCode,AUFW MUNDUNG,ATOK400470023,euSurfaceWaterBodyCode,NO INTERNATIONAL NAME,riverWaterBody,Natural,Inapplicable,"MZB_2_1,5",AT1001,euSubUnitCode,DANUBE,AT1000,euRBDCode,DANUBE,F,47.51,14.1547
AT,ATFW60800406,eionetMonitoringSiteCode,ATFW60800406,eionetMonitoringSiteCode,MARIAZELL,ATOK400980052,euSurfaceWaterBodyCode,NO INTERNATIONAL NAME,riverWaterBody,Natural,Inapplicable,"MZB_5_1,5",AT1001,euSubUnitCode,DANUBE,AT1000,euRBDCode,DANUBE,F,47.7606,15.3161
AT,ATFW60800416,eionetMonitoringSiteCode,ATFW60800416,eionetMonitoringSiteCode,ABW GRUNAUERBACHMUNDUNG,AT40098,eionetSurfaceWaterBodyCode,UNKNOWN,riverWaterBody,,,,AT1001,euSubUnitCode,DANUBE,AT1000,euRBDCode,DANUBE,F,47.7568,15.3086
AT,ATFW61300297,eionetMonitoringSiteCode,ATFW61300297,eionetMonitoringSiteCode,GLEISDORF,ATOK1001040098,euSurfaceWaterBodyCode,NO INTERNATIONAL NAME,riverWaterBody,HMWB,Inapplicable,MZB_13_2,AT1001,euSubUnitCode,DANUBE,AT1000,euRBDCode,DANUBE,F,47.093,15.7113
AT,ATFW61300317,eionetMonitoringSiteCode,ATFW61300317,eionetMonitoringSiteCode,ANGER,ATOK1001380136N,euSurfaceWaterBodyCode,NO INTERNATIONAL NAME,riverWaterBody,Natural,Inapplicable,MZB_13_2,AT1001,euSubUnitCode,DANUBE,AT1000,euRBDCode,DANUBE,F,47.2869,15.6875
AT,ATFW61300426,eionetMonitoringSiteCode,ATFW61300426,eionetMonitoringSiteCode,GROSSWILFERDORF,AT100138,eionetSurfaceWaterBodyCode,UNKNOWN,riverWaterBody,,,,AT1001,euSubUnitCode,DANUBE,AT1000,euRBDCode,DANUBE,F,47.0649,16.0025
AT,ATFW61300436,eionetMonitoringSiteCode,ATFW61300436,eionetMonitoringSiteCode,AUFW HASELBACHMUNDUNG,ATOK1001280022,euSurfaceWaterBodyCode,NO INTERNATIONAL NAME,riverWaterBody,Natural,Inapplicable,"MZB_3_1,5",AT1001,euSubUnitCode,DANUBE,AT1000,euRBDCode,DANUBE,F,47.4253,15.818
AT,ATFW61300446,eionetMonitoringSiteCode,ATFW61300446,eionetMonitoringSiteCode,EHRENSCHACHEN,ATOK1001380007,euSurfaceWaterBodyCode,NO INTERNATIONAL NAME,riverWaterBody,Natural,Inapplicable,"MZB_13_1,75",AT1001,euSubUnitCode,DANUBE,AT1000,euRBDCode,DANUBE,F,47.3945,16.0518
AT,ATFW61300466,eionetMonitoringSiteCode,ATFW61300466,eionetMonitoringSiteCode,HOHE ABZW RICHTG TANZEGG,ATOK1002290001,euSurfaceWaterBodyCode,NO INTERNATIONAL NAME,riverWaterBody,Natural,Inapplicable,"MZB_3_1,75",AT1001,euSubUnitCode,DANUBE,AT1000,euRBDCode,DANUBE,F,47.4327,16.1058
AT,ATFW61400067,eionetMonitoringSiteCode,ATFW61400067,eionetMonitoringSiteCode,ST GEORGEN OB JUDENBURG,ATOK802720004,euSurfaceWaterBodyCode,NO INTERNATIONAL NAME,riverWaterBody,Natural,Inapplicable,"MZB_2_1,75",AT1001,euSubUnitCode,DANUBE,AT1000,euRBDCode,DANUBE,F,47.2115,14.4984
AT,ATFW61400097,eionetMonitoringSiteCode,ATFW61400097,eionetMonitoringSiteCode,LEOBEN,ATOK802710010,euSurfaceWaterBodyCode,NO INTERNATIONAL NAME,riverWaterBody,Natural,Inapplicable,"MZB_17_1,75",AT1001,euSubUnitCode,DANUBE,AT1000,euRBDCode,DANUBE,F,47.3717,15.0957
AT,ATFW61400107,eionetMonitoringSiteCode,ATFW61400107,eionetMonitoringSiteCode,BRUCK MUR,ATOK802710009,euSurfaceWaterBodyCode,NO INTERNATIONAL NAME,riverWaterBody,HMWB,Inapplicable,"MZB_17_1,75",AT1001,euSubUnitCode,DANUBE,AT1000,euRBDCode,DANUBE,F,47.4104,15.2848
AT,ATFW61400167,eionetMonitoringSiteCode,ATFW61400167,eionetMonitoringSiteCode,ST MICHAEL,ATOK801660040N,euSurfaceWaterBodyCode,NO INTERNATIONAL NAME,riverWaterBody,Natural,Inapplicable,"MZB_2_1,5",AT1001,euSubUnitCode,DANUBE,AT1000,euRBDCode,DANUBE,F,47.3373,15.0207
AT,ATFW61400197,eionetMonitoringSiteCode,ATFW61400197,eionetMonitoringSiteCode,MURZZUSCHLAG,ATOK801930075,euSurfaceWaterBodyCode,NO INTERNATIONAL NAME,riverWaterBody,HMWB,Inapplicable,"MZB_3_1,75",AT1001,euSubUnitCode,DANUBE,AT1000,euRBDCode,DANUBE,F,47.5927,15.6612
AT,ATFW61400207,eionetMonitoringSiteCode,ATFW61400207,eionetMonitoringSiteCode,KINDBERG,ATOK801930074,euSurfaceWaterBodyCode,NO INTERNATIONAL NAME,riverWaterBody,HMWB,Inapplicable,"MZB_3_1,75",AT1001,euSubUnitCode,DANUBE,AT1000,euRBDCode,DANUBE,F,47.519,15.4692
AT,ATFW61400257,eionetMonitoringSiteCode,ATFW61400257,eionetMonitoringSiteCode,LIEBOCH,,,,,,,,,,,,,,F,46.9542,15.342
AT,ATFW61400277,eionetMonitoringSiteCode,ATFW61400277,eionetMonitoringSiteCode,GLEINSTATTEN,ATOK802790107,euSurfaceWaterBodyCode,NO INTERNATIONAL NAME,riverWaterBody,Natural,Inapplicable,"MZB_14_1,75",AT1001,euSubUnitCode,DANUBE,AT1000,euRBDCode,DANUBE,F,46.7442,15.356
AT,ATFW61400476,eionetMonitoringSiteCode,ATFW61400476,eionetMonitoringSiteCode,AUGUSTINERKAPELLE,ATOK801390016,euSurfaceWaterBodyCode,NO INTERNATIONAL NAME,riverWaterBody,Natural,Inapplicable,"MZB_2_1,5",AT1001,euSubUnitCode,DANUBE,AT1000,euRBDCode,DANUBE,F,47.2241,14.0979
AT,ATFW61400486,eionetMonitoringSiteCode,ATFW61400486,eionetMonitoringSiteCode,OBERRAKITSCH,AT80293,eionetSurfaceWaterBodyCode,UNKNOWN,riverWaterBody,,,,AT1001,euSubUnitCode,DANUBE,AT1000,euRBDCode,DANUBE,F,46.7398,15.7668
AT,ATFW61400496,eionetMonitoringSiteCode,ATFW61400496,eionetMonitoringSiteCode,METTERSDORF,ATOK802930011N,euSurfaceWaterBodyCode,NO INTERNATIONAL NAME,riverWaterBody,Natural,Inapplicable,"MZB_14_1,75",AT1001,euSubUnitCode,DANUBE,AT1000,euRBDCode,DANUBE,F,46.8022,15.7193
AT,ATFW61400506,eionetMonitoringSiteCode,ATFW61400506,eionetMonitoringSiteCode,TANZELSDORF,ATOK801360001,euSurfaceWaterBodyCode,NO INTERNATIONAL NAME,riverWaterBody,Natural,Inapplicable,"MZB_14_1,5",AT1001,euSubUnitCode,DANUBE,AT1000,euRBDCode,DANUBE,F,46.8348,15.2937
AT,ATFW61400516,eionetMonitoringSiteCode,ATFW61400516,eionetMonitoringSiteCode,JOHNGRABEN,ATOK801350006,euSurfaceWaterBodyCode,NO INTERNATIONAL NAME,riverWaterBody,Natural,Inapplicable,"MZB_14_1,5",AT1001,euSubUnitCode,DANUBE,AT1000,euRBDCode,DANUBE,F,46.8479,15.2676
AT,ATFW71500507,eionetMonitoringSiteCode,ATFW71500507,eionetMonitoringSiteCode,ASSLING UH ARA UNT PUSTERTAL,ATOK903540002,euSurfaceWaterBodyCode,NO INTERNATIONAL NAME,riverWaterBody,Natural,Inapplicable,"MZB_2_1,5",AT1001,euSubUnitCode,DANUBE,AT1000,euRBDCode,DANUBE,F,46.7855,12.6907
AT,ATFW71500607,eionetMonitoringSiteCode,ATFW71500607,eionetMonitoringSiteCode,LEISACH,ATOK903540001,euSurfaceWaterBodyCode,NO INTERNATIONAL NAME,riverWaterBody,HMWB,Inapplicable,"MZB_2_1,5",AT1001,euSubUnitCode,DANUBE,AT1000,euRBDCode,DANUBE,F,46.8061,12.7524
AT,ATFW71560907,eionetMonitoringSiteCode,ATFW71560907,eionetMonitoringSiteCode,LIENZ,ATOK900540001,euSurfaceWaterBodyCode,NO INTERNATIONAL NAME,riverWaterBody,Natural,Inapplicable,"MZB_2_1,75",AT1001,euSubUnitCode,DANUBE,AT1000,euRBDCode,DANUBE,F,46.8343,12.7512
AT,ATFW71565407,eionetMonitoringSiteCode,ATFW71565407,eionetMonitoringSiteCode,ST JAKOB I D,ATOK900270024,euSurfaceWaterBodyCode,NO INTERNATIONAL NAME,riverWaterBody,Natural,Inapplicable,"MZB_2_1,5",AT1001,euSubUnitCode,DANUBE,AT1000,euRBDCode,DANUBE,F,46.9121,12.306
AT,ATFW71565807,eionetMonitoringSiteCode,ATFW71565807,eionetMonitoringSiteCode,HOPFGARTEN I D,ATOK900270023,euSurfaceWaterBodyCode,NO INTERNATIONAL NAME,riverWaterBody,Natural,Inapplicable,"MZB_2_1,5",AT1001,euSubUnitCode,DANUBE,AT1000,euRBDCode,DANUBE,F,46.9186,12.51
AT,ATFW72100507,eionetMonitoringSiteCode,ATFW72100507,eionetMonitoringSiteCode,STANZACH,ATOK302370011,euSurfaceWaterBodyCode,NO INTERNATIONAL NAME,riverWaterBody,Natural,Inapplicable,"MZB_6_1,5",AT1001,euSubUnitCode,DANUBE,AT1000,euRBDCode,DANUBE,F,47.3852,10.5583
AT,ATFW72190907,eionetMonitoringSiteCode,ATFW72190907,eionetMonitoringSiteCode,VILS,ATOK302370003,euSurfaceWaterBodyCode,NO INTERNATIONAL NAME,riverWaterBody,Natural,Inapplicable,"MZB_6_1,5",AT1001,euSubUnitCode,DANUBE,AT1000,euRBDCode,DANUBE,F,47.5538,10.6529
AT,ATFW72290817,eionetMonitoringSiteCode,ATFW72290817,eionetMonitoringSiteCode,LERMOOS,ATOK302360000,euSurfaceWaterBodyCode,NO INTERNATIONAL NAME,riverWaterBody,Natural,Inapplicable,"MZB_6_1,5",AT1001,euSubUnitCode,DANUBE,AT1000,euRBDCode,DANUBE,F,47.4523,10.923
AT,ATFW73100007,eionetMonitoringSiteCode,ATFW73100007,eionetMonitoringSiteCode,MARTINSBRUCK,ATOK307210002,euSurfaceWaterBodyCode,NO INTERNATIONAL NAME,riverWaterBody,HMWB,Inapplicable,"MZB_17_1,5",AT1001,euSubUnitCode,DANUBE,AT1000,euRBDCode,DANUBE,F,46.8891,10.47
AT,ATFW73161207,eionetMonitoringSiteCode,ATFW73161207,eionetMonitoringSiteCode,ST JAKOB GAND,ATOK304990033,euSurfaceWaterBodyCode,NO INTERNATIONAL NAME,riverWaterBody,Natural,Inapplicable,"MZB_2_1,5",AT1001,euSubUnitCode,DANUBE,AT1000,euRBDCode,DANUBE,F,47.1414,10.3043
AT,ATFW73162207,eionetMonitoringSiteCode,ATFW73162207,eionetMonitoringSiteCode,MATHON,ATOK304990035,euSurfaceWaterBodyCode,NO INTERNATIONAL NAME,riverWaterBody,HMWB,Inapplicable,"MZB_2_1,5",AT1001,euSubUnitCode,DANUBE,AT1000,euRBDCode,DANUBE,F,46.9932,10.2571
AT,ATFW73180407,eionetMonitoringSiteCode,ATFW73180407,eionetMonitoringSiteCode,ST LEONHARD,ATOK300200022,euSurfaceWaterBodyCode,NO INTERNATIONAL NAME,riverWaterBody,HMWB,Inapplicable,"MZB_1_1,25",AT1001,euSubUnitCode,DANUBE,AT1000,euRBDCode,DANUBE,F,47.0995,10.8201
AT,ATFW73191817,eionetMonitoringSiteCode,ATFW73191817,eionetMonitoringSiteCode,SOLDEN,ATOK305070055,euSurfaceWaterBodyCode,NO INTERNATIONAL NAME,riverWaterBody,Natural,Inapplicable,"MZB_1_1,25",AT1001,euSubUnitCode,DANUBE,AT1000,euRBDCode,DANUBE,F,46.9298,11.0012
AT,ATFW73192417,eionetMonitoringSiteCode,ATFW73192417,eionetMonitoringSiteCode,UNKNOWN,,,,,,,,,,,,,,F,,
AT,ATFW73200417,eionetMonitoringSiteCode,ATFW73200417,eionetMonitoringSiteCode,KRANEBITTEN,ATOK304980009,euSurfaceWaterBodyCode,NO INTERNATIONAL NAME,riverWaterBody,HMWB,Inapplicable,"MZB_17_1,75",AT1001,euSubUnitCode,DANUBE,AT1000,euRBDCode,DANUBE,F,47.2617,11.3279
AT,ATFW73210707,eionetMonitoringSiteCode,ATFW73210707,eionetMonitoringSiteCode,SELLRAIN,ATOK307840003,euSurfaceWaterBodyCode,NO INTERNATIONAL NAME,riverWaterBody,Natural,Inapplicable,"MZB_2_1,5",AT1001,euSubUnitCode,DANUBE,AT1000,euRBDCode,DANUBE,F,47.226,11.2331
AT,ATFW73220507,eionetMonitoringSiteCode,ATFW73220507,eionetMonitoringSiteCode,PUIG,ATOK304910054,euSurfaceWaterBodyCode,NO INTERNATIONAL NAME,riverWaterBody,Natural,Inapplicable,"MZB_2_1,5",AT1001,euSubUnitCode,DANUBE,AT1000,euRBDCode,DANUBE,F,47.1113,11.4561
AT,ATFW73220907,eionetMonitoringSiteCode,ATFW73220907,eionetMonitoringSiteCode,INNSBRUCK,ATOK304910048,euSurfaceWaterBodyCode,NO INTERNATIONAL NAME,riverWaterBody,HMWB,Inapplicable,"MZB_2_1,5",AT1001,euSubUnitCode,DANUBE,AT1000,euRBDCode,DANUBE,F,47.2755,11.4144
AT,ATFW73222707,eionetMonitoringSiteCode,ATFW73222707,eionetMonitoringSiteCode,SCHMIRN ROHRACH,ATOK304910070,euSurfaceWaterBodyCode,NO INTERNATIONAL NAME,riverWaterBody,Natural,Inapplicable,"MZB_2_1,5",AT1001,euSubUnitCode,DANUBE,AT1000,euRBDCode,DANUBE,F,47.0714,11.5386
AT,ATFW73224707,eionetMonitoringSiteCode,ATFW73224707,eionetMonitoringSiteCode,TRINS,ATOK304910066,euSurfaceWaterBodyCode,NO INTERNATIONAL NAME,riverWaterBody,Natural,Inapplicable,"MZB_2_1,5",AT1001,euSubUnitCode,DANUBE,AT1000,euRBDCode,DANUBE,F,47.0686,11.3943
AT,ATFW73225917,eionetMonitoringSiteCode,ATFW73225917,eionetMonitoringSiteCode,MUHLEN,ATOK304910025,euSurfaceWaterBodyCode,NO INTERNATIONAL NAME,riverWaterBody,Natural,Inapplicable,"MZB_2_1,5",AT1001,euSubUnitCode,DANUBE,AT1000,euRBDCode,DANUBE,F,47.1161,11.4595
AT,ATFW73229907,eionetMonitoringSiteCode,ATFW73229907,eionetMonitoringSiteCode,FULPMES,,,,,,,,,,,,,,F,47.1566,11.3583
AT,ATFW73290257,eionetMonitoringSiteCode,ATFW73290257,eionetMonitoringSiteCode,SCHWENDAU,ATOK304840033,euSurfaceWaterBodyCode,NO INTERNATIONAL NAME,riverWaterBody,HMWB,Inapplicable,"MZB_2_1,5",AT1001,euSubUnitCode,DANUBE,AT1000,euRBDCode,DANUBE,F,47.1798,11.865
AT,ATFW73300407,eionetMonitoringSiteCode,ATFW73300407,eionetMonitoringSiteCode,KUNDL,ATOK304980005,euSurfaceWaterBodyCode,NO INTERNATIONAL NAME,riverWaterBody,HMWB,Inapplicable,"MZB_17_1,75",AT1001,euSubUnitCode,DANUBE,AT1000,euRBDCode,DANUBE,F,47.4859,12.0309
AT,ATFW73320907,eionetMonitoringSiteCode,ATFW73320907,eionetMonitoringSiteCode,KRAMSACH,ATOK302330009,euSurfaceWaterBodyCode,NO INTERNATIONAL NAME,riverWaterBody,Natural,Inapplicable,"MZB_5_1,75",AT1001,euSubUnitCode,DANUBE,AT1000,euRBDCode,DANUBE,F,47.4551,11.8655
AT,ATFW73340907,eionetMonitoringSiteCode,ATFW73340907,eionetMonitoringSiteCode,ANGATH,ATOK301410002,euSurfaceWaterBodyCode,NO INTERNATIONAL NAME,riverWaterBody,Natural,Inapplicable,"MZB_5_1,75",AT1001,euSubUnitCode,DANUBE,AT1000,euRBDCode,DANUBE,F,47.4973,12.0632
AT,ATFW73360517,eionetMonitoringSiteCode,ATFW73360517,eionetMonitoringSiteCode,SOLL,ATOK304770002,euSurfaceWaterBodyCode,NO INTERNATIONAL NAME,riverWaterBody,Natural,Inapplicable,"MZB_2_1,5",AT1001,euSubUnitCode,DANUBE,AT1000,euRBDCode,DANUBE,F,47.5184,12.2027
AT,ATFW73390307,eionetMonitoringSiteCode,ATFW73390307,eionetMonitoringSiteCode,KITZBUHEL,ATOK304740018,euSurfaceWaterBodyCode,NO INTERNATIONAL NAME,riverWaterBody,Natural,Inapplicable,"MZB_2_1,5",AT1001,euSubUnitCode,DANUBE,AT1000,euRBDCode,DANUBE,F,47.4696,12.3843
AT,ATFW73390507,eionetMonitoringSiteCode,ATFW73390507,eionetMonitoringSiteCode,KIRCHDORF,ATOK300910020,euSurfaceWaterBodyCode,NO INTERNATIONAL NAME,riverWaterBody,Natural,Inapplicable,"MZB_5_1,75",AT1001,euSubUnitCode,DANUBE,AT1000,euRBDCode,DANUBE,F,47.5571,12.4517
AT,ATFW73395907,eionetMonitoringSiteCode,ATFW73395907,eionetMonitoringSiteCode,ST JOHANN I T,ATOK302300001,euSurfaceWaterBodyCode,NO INTERNATIONAL NAME,riverWaterBody,Natural,Inapplicable,"MZB_6_1,5",AT1001,euSubUnitCode,DANUBE,AT1000,euRBDCode,DANUBE,F,47.5203,12.4029
AT,ATFW73396617,eionetMonitoringSiteCode,ATFW73396617,eionetMonitoringSiteCode,ST JOHANN I T,ATOK304740011,euSurfaceWaterBodyCode,NO INTERNATIONAL NAME,riverWaterBody,Natural,Inapplicable,"MZB_2_1,5",AT1001,euSubUnitCode,DANUBE,AT1000,euRBDCode,DANUBE,F,47.5044,12.4811
AT,ATFW80123056,eionetMonitoringSiteCode,ATFW80123056,eionetMonitoringSiteCode,OHB SILBERTAL,ATOK100170031,euSurfaceWaterBodyCode,NO INTERNATIONAL NAME,riverWaterBody,Natural,Inapplicable,"MZB_2_1,5",AT2100,euSubUnitCode,RHINE,AT2000,euRBDCode,RHINE,F,47.0928,9.99076
AT,ATFW80124046,eionetMonitoringSiteCode,ATFW80124046,eionetMonitoringSiteCode,BUCHBODEN,ATOK100260000,euSurfaceWaterBodyCode,NO INTERNATIONAL NAME,riverWaterBody,Natural,Inapplicable,"MZB_6_1,25",AT2100,euSubUnitCode,RHINE,AT2000,euRBDCode,RHINE,F,47.2381,9.91905
AT,ATFW80222076,eionetMonitoringSiteCode,ATFW80222076,eionetMonitoringSiteCode,OBH ROTACH,AT10171,eionetSurfaceWaterBodyCode,UNKNOWN,riverWaterBody,,,,,,,,,,F,47.5296,9.87435
AT,ATFW80228086,eionetMonitoringSiteCode,ATFW80228086,eionetMonitoringSiteCode,RIEZLERN,AT30001,eionetSurfaceWaterBodyCode,UNKNOWN,riverWaterBody,,,,AT1001,euSubUnitCode,DANUBE,AT1000,euRBDCode,DANUBE,F,47.3657,10.191
AT,ATFW80301026,eionetMonitoringSiteCode,ATFW80301026,eionetMonitoringSiteCode,FURT,ATOK101010001,euSurfaceWaterBodyCode,NO INTERNATIONAL NAME,riverWaterBody,HMWB,Inapplicable,"MZB_10_1,75",AT2100,euSubUnitCode,RHINE,AT2000,euRBDCode,RHINE,F,47.4271,9.72254
AT,ATFW80303017,eionetMonitoringSiteCode,ATFW80303017,eionetMonitoringSiteCode,LUSTENAU,ATOK101190001,euSurfaceWaterBodyCode,NO INTERNATIONAL NAME,riverWaterBody,AWB,Inapplicable,MZB_10_2,AT2100,euSubUnitCode,RHINE,AT2000,euRBDCode,RHINE,F,47.4574,9.67285
AT,ATFW80424036,eionetMonitoringSiteCode,ATFW80424036,eionetMonitoringSiteCode,OHB FRODISCH,ATOK101120001,euSurfaceWaterBodyCode,NO INTERNATIONAL NAME,riverWaterBody,HMWB,Inapplicable,"MZB_10_1,75",AT2100,euSubUnitCode,RHINE,AT2000,euRBDCode,RHINE,F,47.2912,9.66853
AT,ATFW91400637,eionetMonitoringSiteCode,ATFW91400637,eionetMonitoringSiteCode,MAUERBACH BAUMSCHULE,AT40910,eionetSurfaceWaterBodyCode,UNKNOWN,riverWaterBody,,,,AT1001,euSubUnitCode,DANUBE,AT1000,euRBDCode,DANUBE,F,48.2188,16.2148
AT,ATFW92201017,eionetMonitoringSiteCode,ATFW92201017,eionetMonitoringSiteCode,DONAUSTADT,AT40904,eionetSurfaceWaterBodyCode,UNKNOWN,riverWaterBody,,,,AT1001,euSubUnitCode,DANUBE,AT1000,euRBDCode,DANUBE,F,48.1592,16.5193
AT,ATKK40712012,eionetMonitoringSiteCode,ATKK40712012,eionetMonitoringSiteCode,KK40712012,ATGK100189,euGroundWaterBodyCode,NO INTERNATIONAL NAME,groundWaterBody,,,,,,,AT1000,euRBDCode,DANUBE,F,47.55692,13.72681
AT,ATPG20803062,eionetMonitoringSiteCode,ATPG20803062,eionetMonitoringSiteCode,PG20803062,ATGK100062,euGroundWaterBodyCode,NO INTERNATIONAL NAME,groundWaterBody,,,,,,,AT1000,euRBDCode,DANUBE,F,46.61916,14.67338
AT,ATPG20812022,eionetMonitoringSiteCode,ATPG20812022,eionetMonitoringSiteCode,PG20812022,ATGK100058,euGroundWaterBodyCode,NO INTERNATIONAL NAME,groundWaterBody,,,,,,,AT1000,euRBDCode,DANUBE,N,,
AT,ATPG20812032,eionetMonitoringSiteCode,ATPG20812032,eionetMonitoringSiteCode,PG20812032,ATGK100058,euGroundWaterBodyCode,NO INTERNATIONAL NAME,groundWaterBody,,,,,,,AT1000,euRBDCode,DANUBE,N,,
AT,ATPG20812112,eionetMonitoringSiteCode,ATPG20812112,eionetMonitoringSiteCode,PG20812112,ATGK100058,euGroundWaterBodyCode,NO INTERNATIONAL NAME,groundWaterBody,,,,,,,AT1000,euRBDCode,DANUBE,F,46.6561,14.74358
AT,ATPG20817082,eionetMonitoringSiteCode,ATPG20817082,eionetMonitoringSiteCode,PG20817082,ATGK100058,euGroundWaterBodyCode,NO INTERNATIONAL NAME,groundWaterBody,,,,,,,AT1000,euRBDCode,DANUBE,F,46.69222,14.65951
AT,ATPG30400012,eionetMonitoringSiteCode,ATPG30400012,eionetMonitoringSiteCode,PG30400012,ATGK100024,euGroundWaterBodyCode,NO INTERNATIONAL NAME,groundWaterBody,,,,,,,AT1000,euRBDCode,DANUBE,F,47.82838,16.25362
AT,ATPG30400032,eionetMonitoringSiteCode,ATPG30400032,eionetMonitoringSiteCode,PG30400032,ATGK100024,euGroundWaterBodyCode,NO INTERNATIONAL NAME,groundWaterBody,,,,,,,AT1000,euRBDCode,DANUBE,F,47.81273,16.23136
AT,ATPG30600082,eionetMonitoringSiteCode,ATPG30600082,eionetMonitoringSiteCode,PG30600082,ATGK100024,euGroundWaterBodyCode,NO INTERNATIONAL NAME,groundWaterBody,,,,,,,AT1000,euRBDCode,DANUBE,F,47.99489,16.36087
AT,ATPG30600132,eionetMonitoringSiteCode,ATPG30600132,eionetMonitoringSiteCode,PG30600132,ATGK100024,euGroundWaterBodyCode,NO INTERNATIONAL NAME,groundWaterBody,,,,,,,AT1000,euRBDCode,DANUBE,N,,
AT,ATPG30600162,eionetMonitoringSiteCode,ATPG30600162,eionetMonitoringSiteCode,PG30600162,ATGK100024,euGroundWaterBodyCode,NO INTERNATIONAL NAME,groundWaterBody,,,,,,,AT1000,euRBDCode,DANUBE,F,47.97652,16.50867
AT,ATPG30600172,eionetMonitoringSiteCode,ATPG30600172,eionetMonitoringSiteCode,PG30600172,ATGK100024,euGroundWaterBodyCode,NO INTERNATIONAL NAME,groundWaterBody,,,,,,,AT1000,euRBDCode,DANUBE,N,,
AT,ATPG30600422,eionetMonitoringSiteCode,ATPG30600422,eionetMonitoringSiteCode,PG30600422,ATGK100024,euGroundWaterBodyCode,NO INTERNATIONAL NAME,groundWaterBody,,,,,,,AT1000,euRBDCode,DANUBE,N,,
AT,ATPG30600432,eionetMonitoringSiteCode,ATPG30600432,eionetMonitoringSiteCode,PG30600432,ATGK100024,euGroundWaterBodyCode,NO INTERNATIONAL NAME,groundWaterBody,,,,,,,AT1000,euRBDCode,DANUBE,F,47.96078,16.49162
AT,ATPG30800082,eionetMonitoringSiteCode,ATPG30800082,eionetMonitoringSiteCode,PG30800082,ATGK100020,euGroundWaterBodyCode,NO INTERNATIONAL NAME,groundWaterBody,,,,,,,AT1000,euRBDCode,DANUBE,N,,
AT,ATPG30800362,eionetMonitoringSiteCode,ATPG30800362,eionetMonitoringSiteCode,PG30800362,ATGK100020,euGroundWaterBodyCode,NO INTERNATIONAL NAME,groundWaterBody,,,,,,,AT1000,euRBDCode,DANUBE,N,,
AT,ATPG30800692,eionetMonitoringSiteCode,ATPG30800692,eionetMonitoringSiteCode,PG30800692,ATGK100020,euGroundWaterBodyCode,NO INTERNATIONAL NAME,groundWaterBody,,,,,,,AT1000,euRBDCode,DANUBE,N,,
AT,ATPG31200032,eionetMonitoringSiteCode,ATPG31200032,eionetMonitoringSiteCode,PG31200032,ATGK100026,euGroundWaterBodyCode,NO INTERNATIONAL NAME,groundWaterBody,,,,,,,AT1000,euRBDCode,DANUBE,F,48.39839,16.0249
AT,ATPG31200092,eionetMonitoringSiteCode,ATPG31200092,eionetMonitoringSiteCode,PG31200092,ATGK100026,euGroundWaterBodyCode,NO INTERNATIONAL NAME,groundWaterBody,,,,,,,AT1000,euRBDCode,DANUBE,F,48.38419,16.09308
AT,ATPG31200172,eionetMonitoringSiteCode,ATPG31200172,eionetMonitoringSiteCode,PG31200172,ATGK100026,euGroundWaterBodyCode,NO INTERNATIONAL NAME,groundWaterBody,,,,,,,AT1000,euRBDCode,DANUBE,F,48.37859,16.21305
AT,ATPG31200412,eionetMonitoringSiteCode,ATPG31200412,eionetMonitoringSiteCode,PG31200412,ATGK100026,euGroundWaterBodyCode,NO INTERNATIONAL NAME,groundWaterBody,,,,,,,AT1000,euRBDCode,DANUBE,F,48.36749,16.15164
AT,ATPG31300092,eionetMonitoringSiteCode,ATPG31300092,eionetMonitoringSiteCode,PG31300092,ATGK100026,euGroundWaterBodyCode,NO INTERNATIONAL NAME,groundWaterBody,,,,,,,AT1000,euRBDCode,DANUBE,N,,
AT,ATPG31300112,eionetMonitoringSiteCode,ATPG31300112,eionetMonitoringSiteCode,PG31300112,ATGK100026,euGroundWaterBodyCode,NO INTERNATIONAL NAME,groundWaterBody,,,,,,,AT1000,euRBDCode,DANUBE,F,48.45912,15.71547
AT,ATPG31300162,eionetMonitoringSiteCode,ATPG31300162,eionetMonitoringSiteCode,PG31300162,ATGK100026,euGroundWaterBodyCode,NO INTERNATIONAL NAME,groundWaterBody,,,,,,,AT1000,euRBDCode,DANUBE,F,48.43153,15.74395
AT,ATPG31800042,eionetMonitoringSiteCode,ATPG31800042,eionetMonitoringSiteCode,PG31800042,ATGK100024,euGroundWaterBodyCode,NO INTERNATIONAL NAME,groundWaterBody,,,,,,,AT1000,euRBDCode,DANUBE,F,47.72347,16.05162
AT,ATPG31800052,eionetMonitoringSiteCode,ATPG31800052,eionetMonitoringSiteCode,PG31800052,ATGK100024,euGroundWaterBodyCode,NO INTERNATIONAL NAME,groundWaterBody,,,,,,,AT1000,euRBDCode,DANUBE,F,47.71643,16.04458
AT,ATPG31800062,eionetMonitoringSiteCode,ATPG31800062,eionetMonitoringSiteCode,PG31800062,ATGK100024,euGroundWaterBodyCode,NO INTERNATIONAL NAME,groundWaterBody,,,,,,,AT1000,euRBDCode,DANUBE,F,47.71284,16.0444
AT,ATPG31800072,eionetMonitoringSiteCode,ATPG31800072,eionetMonitoringSiteCode,PG31800072,ATGK100024,euGroundWaterBodyCode,NO INTERNATIONAL NAME,groundWaterBody,,,,,,,AT1000,euRBDCode,DANUBE,N,,
AT,ATPG31800102,eionetMonitoringSiteCode,ATPG31800102,eionetMonitoringSiteCode,PG31800102,ATGK100024,euGroundWaterBodyCode,NO INTERNATIONAL NAME,groundWaterBody,,,,,,,AT1000,euRBDCode,DANUBE,N,,
AT,ATPG31800112,eionetMonitoringSiteCode,ATPG31800112,eionetMonitoringSiteCode,PG31800112,ATGK100024,euGroundWaterBodyCode,NO INTERNATIONAL NAME,groundWaterBody,,,,,,,AT1000,euRBDCode,DANUBE,N,,
AT,ATPG31800122,eionetMonitoringSiteCode,ATPG31800122,eionetMonitoringSiteCode,PG31800122,ATGK100024,euGroundWaterBodyCode,NO INTERNATIONAL NAME,groundWaterBody,,,,,,,AT1000,euRBDCode,DANUBE,F,47.75862,16.08816
AT,ATPG31900412,eionetMonitoringSiteCode,ATPG31900412,eionetMonitoringSiteCode,PG31900412,ATGK100026,euGroundWaterBodyCode,NO INTERNATIONAL NAME,groundWaterBody,,,,,,,AT1000,euRBDCode,DANUBE,N,,
AT,ATPG31900542,eionetMonitoringSiteCode,ATPG31900542,eionetMonitoringSiteCode,PG31900542,ATGK100189,euGroundWaterBodyCode,NO INTERNATIONAL NAME,groundWaterBody,,,,,,,AT1000,euRBDCode,DANUBE,N,,
AT,ATPG32100082,eionetMonitoringSiteCode,ATPG32100082,eionetMonitoringSiteCode,PG32100082,ATGK100026,euGroundWaterBodyCode,NO INTERNATIONAL NAME,groundWaterBody,,,,,,,AT1000,euRBDCode,DANUBE,N,,
AT,ATPG32100092,eionetMonitoringSiteCode,ATPG32100092,eionetMonitoringSiteCode,PG32100092,ATGK100026,euGroundWaterBodyCode,NO INTERNATIONAL NAME,groundWaterBody,,,,,,,AT1000,euRBDCode,DANUBE,F,48.39583,15.81527
AT,ATPG32100182,eionetMonitoringSiteCode,ATPG32100182,eionetMonitoringSiteCode,PG32100182,ATGK100026,euGroundWaterBodyCode,NO INTERNATIONAL NAME,groundWaterBody,,,,,,,AT1000,euRBDCode,DANUBE,N,,
AT,ATPG32100272,eionetMonitoringSiteCode,ATPG32100272,eionetMonitoringSiteCode,PG32100272,ATGK100026,euGroundWaterBodyCode,NO INTERNATIONAL NAME,groundWaterBody,,,,,,,AT1000,euRBDCode,DANUBE,N,,
AT,ATPG32100512,eionetMonitoringSiteCode,ATPG32100512,eionetMonitoringSiteCode,PG32100512,ATGK100026,euGroundWaterBodyCode,NO INTERNATIONAL NAME,groundWaterBody,,,,,,,AT1000,euRBDCode,DANUBE,N,,
AT,ATPG32100652,eionetMonitoringSiteCode,ATPG32100652,eionetMonitoringSiteCode,PG32100652,ATGK100026,euGroundWaterBodyCode,NO INTERNATIONAL NAME,groundWaterBody,,,,,,,AT1000,euRBDCode,DANUBE,F,48.28949,15.94506
AT,ATPG32100732,eionetMonitoringSiteCode,ATPG32100732,eionetMonitoringSiteCode,PG32100732,ATGK100026,euGroundWaterBodyCode,NO INTERNATIONAL NAME,groundWaterBody,,,,,,,AT1000,euRBDCode,DANUBE,F,48.29493,15.98311
AT,ATPG32100912,eionetMonitoringSiteCode,ATPG32100912,eionetMonitoringSiteCode,PG32100912,ATGK100026,euGroundWaterBodyCode,NO INTERNATIONAL NAME,groundWaterBody,,,,,,,AT1000,euRBDCode,DANUBE,F,48.32058,16.08025
AT,ATPG32101072,eionetMonitoringSiteCode,ATPG32101072,eionetMonitoringSiteCode,PG32101072,ATGK100026,euGroundWaterBodyCode,NO INTERNATIONAL NAME,groundWaterBody,,,,,,,AT1000,euRBDCode,DANUBE,F,48.3381,16.21215
AT,ATPG32101122,eionetMonitoringSiteCode,ATPG32101122,eionetMonitoringSiteCode,PG32101122,ATGK100026,euGroundWaterBodyCode,NO INTERNATIONAL NAME,groundWaterBody,,,,,,,AT1000,euRBDCode,DANUBE,F,48.32172,15.99257
AT,ATPG32101132,eionetMonitoringSiteCode,ATPG32101132,eionetMonitoringSiteCode,PG32101132,ATGK100026,euGroundWaterBodyCode,NO INTERNATIONAL NAME,groundWaterBody,,,,,,,AT1000,euRBDCode,DANUBE,F,48.29399,16.06265
AT,ATPG32101142,eionetMonitoringSiteCode,ATPG32101142,eionetMonitoringSiteCode,PG32101142,ATGK100026,euGroundWaterBodyCode,NO INTERNATIONAL NAME,groundWaterBody,,,,,,,AT1000,euRBDCode,DANUBE,F,48.33047,16.08077
AT,ATPG32300022,eionetMonitoringSiteCode,ATPG32300022,eionetMonitoringSiteCode,PG32300022,ATGK100024,euGroundWaterBodyCode,NO INTERNATIONAL NAME,groundWaterBody,,,,,,,AT1000,euRBDCode,DANUBE,F,47.85706,16.32881
AT,ATPG32300072,eionetMonitoringSiteCode,ATPG32300072,eionetMonitoringSiteCode,PG32300072,ATGK100024,euGroundWaterBodyCode,NO INTERNATIONAL NAME,groundWaterBody,,,,,,,AT1000,euRBDCode,DANUBE,F,47.8721,16.30424
AT,ATPG32300102,eionetMonitoringSiteCode,ATPG32300102,eionetMonitoringSiteCode,PG32300102,ATGK100024,euGroundWaterBodyCode,NO INTERNATIONAL NAME,groundWaterBody,,,,,,,AT1000,euRBDCode,DANUBE,F,47.8332,16.34616
AT,ATPG32300172,eionetMonitoringSiteCode,ATPG32300172,eionetMonitoringSiteCode,PG32300172,ATGK100024,euGroundWaterBodyCode,NO INTERNATIONAL NAME,groundWaterBody,,,,,,,AT1000,euRBDCode,DANUBE,N,,
AT,ATPG32300412,eionetMonitoringSiteCode,ATPG32300412,eionetMonitoringSiteCode,PG32300412,ATGK100024,euGroundWaterBodyCode,NO INTERNATIONAL NAME,groundWaterBody,,,,,,,AT1000,euRBDCode,DANUBE,F,47.81942,16.17959
AT,ATPG32400052,eionetMonitoringSiteCode,ATPG32400052,eionetMonitoringSiteCode,PG32400052,ATGK100024,euGroundWaterBodyCode,NO INTERNATIONAL NAME,groundWaterBody,,,,,,,AT1000,euRBDCode,DANUBE,N,,
AT,ATPG32400062,eionetMonitoringSiteCode,ATPG32400062,eionetMonitoringSiteCode,PG32400062,ATGK100024,euGroundWaterBodyCode,NO INTERNATIONAL NAME,groundWaterBody,,,,,,,AT1000,euRBDCode,DANUBE,N,,
AT,ATPG32400162,eionetMonitoringSiteCode,ATPG32400162,eionetMonitoringSiteCode,PG32400162,ATGK100024,euGroundWaterBodyCode,NO INTERNATIONAL NAME,groundWaterBody,,,,,,,AT1000,euRBDCode,DANUBE,F,48.15092,16.51932
AT,ATPG32400182,eionetMonitoringSiteCode,ATPG32400182,eionetMonitoringSiteCode,PG32400182,ATGK100024,euGroundWaterBodyCode,NO INTERNATIONAL NAME,groundWaterBody,,,,,,,AT1000,euRBDCode,DANUBE,N,,
AT,ATPG32400212,eionetMonitoringSiteCode,ATPG32400212,eionetMonitoringSiteCode,PG32400212,ATGK100024,euGroundWaterBodyCode,NO INTERNATIONAL NAME,groundWaterBody,,,,,,,AT1000,euRBDCode,DANUBE,F,48.06988,16.58423
AT,ATPG32400222,eionetMonitoringSiteCode,ATPG32400222,eionetMonitoringSiteCode,PG32400222,ATGK100024,euGroundWaterBodyCode,NO INTERNATIONAL NAME,groundWaterBody,,,,,,,AT1000,euRBDCode,DANUBE,N,,
AT,ATPG32400252,eionetMonitoringSiteCode,ATPG32400252,eionetMonitoringSiteCode,PG32400252,ATGK100024,euGroundWaterBodyCode,NO INTERNATIONAL NAME,groundWaterBody,,,,,,,AT1000,euRBDCode,DANUBE,F,48.04008,16.48971
AT,ATPG32400502,eionetMonitoringSiteCode,ATPG32400502,eionetMonitoringSiteCode,PG32400502,ATGK100020,euGroundWaterBodyCode,NO INTERNATIONAL NAME,groundWaterBody,,,,,,,AT1000,euRBDCode,DANUBE,F,48.34393,16.47447
AT,ATPG40301042,eionetMonitoringSiteCode,ATPG40301042,eionetMonitoringSiteCode,PG40301042,ATGK100045,euGroundWaterBodyCode,NO INTERNATIONAL NAME,groundWaterBody,,,,,,,AT1000,euRBDCode,DANUBE,F,48.17887,14.05707
AT,ATPG40301092,eionetMonitoringSiteCode,ATPG40301092,eionetMonitoringSiteCode,PG40301092,ATGK100045,euGroundWaterBodyCode,NO INTERNATIONAL NAME,groundWaterBody,,,,,,,AT1000,euRBDCode,DANUBE,F,48.19137,14.07339
AT,ATPG40301102,eionetMonitoringSiteCode,ATPG40301102,eionetMonitoringSiteCode,PG40301102,ATGK100045,euGroundWaterBodyCode,NO INTERNATIONAL NAME,groundWaterBody,,,,,,,AT1000,euRBDCode,DANUBE,F,48.17813,14.0315
AT,ATPG40405012,eionetMonitoringSiteCode,ATPG40405012,eionetMonitoringSiteCode,PG40405012,ATGK100013,euGroundWaterBodyCode,SALZACH - INN - MATTIG DBJ,groundWaterBody,,,,,,,AT1000,euRBDCode,DANUBE,N,,
AT,ATPG40405032,eionetMonitoringSiteCode,ATPG40405032,eionetMonitoringSiteCode,PG40405032,ATGK100013,euGroundWaterBodyCode,SALZACH - INN - MATTIG DBJ,groundWaterBody,,,,,,,AT1000,euRBDCode,DANUBE,N,,
AT,ATPG40405042,eionetMonitoringSiteCode,ATPG40405042,eionetMonitoringSiteCode,PG40405042,ATGK100013,euGroundWaterBodyCode,SALZACH - INN - MATTIG DBJ,groundWaterBody,,,,,,,AT1000,euRBDCode,DANUBE,F,48.22491,13.06944
AT,ATPG40418012,eionetMonitoringSiteCode,ATPG40418012,eionetMonitoringSiteCode,PG40418012,ATGK100013,euGroundWaterBodyCode,SALZACH - INN - MATTIG DBJ,groundWaterBody,,,,,,,AT1000,euRBDCode,DANUBE,N,,
AT,ATPG40419012,eionetMonitoringSiteCode,ATPG40419012,eionetMonitoringSiteCode,PG40419012,ATGK100013,euGroundWaterBodyCode,SALZACH - INN - MATTIG DBJ,groundWaterBody,,,,,,,AT1000,euRBDCode,DANUBE,N,,
AT,ATPG40422012,eionetMonitoringSiteCode,ATPG40422012,eionetMonitoringSiteCode,PG40422012,ATGK100013,euGroundWaterBodyCode,SALZACH - INN - MATTIG DBJ,groundWaterBody,,,,,,,AT1000,euRBDCode,DANUBE,F,48.18455,13.13287
AT,ATPG40426022,eionetMonitoringSiteCode,ATPG40426022,eionetMonitoringSiteCode,PG40426022,ATGK100013,euGroundWaterBodyCode,SALZACH - INN - MATTIG DBJ,groundWaterBody,,,,,,,AT1000,euRBDCode,DANUBE,N,,
AT,ATPG40426032,eionetMonitoringSiteCode,ATPG40426032,eionetMonitoringSiteCode,PG40426032,ATGK100013,euGroundWaterBodyCode,SALZACH - INN - MATTIG DBJ,groundWaterBody,,,,,,,AT1000,euRBDCode,DANUBE,N,,
AT,ATPG40438012,eionetMonitoringSiteCode,ATPG40438012,eionetMonitoringSiteCode,PG40438012,ATGK100013,euGroundWaterBodyCode,SALZACH - INN - MATTIG DBJ,groundWaterBody,,,,,,,AT1000,euRBDCode,DANUBE,N,,
AT,ATPG40438022,eionetMonitoringSiteCode,ATPG40438022,eionetMonitoringSiteCode,PG40438022,ATGK100013,euGroundWaterBodyCode,SALZACH - INN - MATTIG DBJ,groundWaterBody,,,,,,,AT1000,euRBDCode,DANUBE,F,48.26452,13.08002
AT,ATPG40445012,eionetMonitoringSiteCode,ATPG40445012,eionetMonitoringSiteCode,PG40445012,ATGK100013,euGroundWaterBodyCode,SALZACH - INN - MATTIG DBJ,groundWaterBody,,,,,,,AT1000,euRBDCode,DANUBE,N,,
AT,ATPG40707012,eionetMonitoringSiteCode,ATPG40707012,eionetMonitoringSiteCode,PG40707012,ATGK100189,euGroundWaterBodyCode,NO INTERNATIONAL NAME,groundWaterBody,,,,,,,AT1000,euRBDCode,DANUBE,N,,
AT,ATPG41002012,eionetMonitoringSiteCode,ATPG41002012,eionetMonitoringSiteCode,PG41002012,ATGK100045,euGroundWaterBodyCode,NO INTERNATIONAL NAME,groundWaterBody,,,,,,,AT1000,euRBDCode,DANUBE,N,,
AT,ATPG41002022,eionetMonitoringSiteCode,ATPG41002022,eionetMonitoringSiteCode,PG41002022,ATGK100045,euGroundWaterBodyCode,NO INTERNATIONAL NAME,groundWaterBody,,,,,,,AT1000,euRBDCode,DANUBE,N,,
AT,ATPG41007012,eionetMonitoringSiteCode,ATPG41007012,eionetMonitoringSiteCode,PG41007012,ATGK100045,euGroundWaterBodyCode,NO INTERNATIONAL NAME,groundWaterBody,,,,,,,AT1000,euRBDCode,DANUBE,N,,
AT,ATPG41012032,eionetMonitoringSiteCode,ATPG41012032,eionetMonitoringSiteCode,PG41012032,ATGK100045,euGroundWaterBodyCode,NO INTERNATIONAL NAME,groundWaterBody,,,,,,,AT1000,euRBDCode,DANUBE,N,,
AT,ATPG41012042,eionetMonitoringSiteCode,ATPG41012042,eionetMonitoringSiteCode,PG41012042,ATGK100045,euGroundWaterBodyCode,NO INTERNATIONAL NAME,groundWaterBody,,,,,,,AT1000,euRBDCode,DANUBE,N,,
AT,ATPG41016012,eionetMonitoringSiteCode,ATPG41016012,eionetMonitoringSiteCode,PG41016012,ATGK100045,euGroundWaterBodyCode,NO INTERNATIONAL NAME,groundWaterBody,,,,,,,AT1000,euRBDCode,DANUBE,N,,
AT,ATPG41017012,eionetMonitoringSiteCode,ATPG41017012,eionetMonitoringSiteCode,PG41017012,ATGK100045,euGroundWaterBodyCode,NO INTERNATIONAL NAME,groundWaterBody,,,,,,,AT1000,euRBDCode,DANUBE,N,,
AT,ATPG41021032,eionetMonitoringSiteCode,ATPG41021032,eionetMonitoringSiteCode,PG41021032,ATGK100045,euGroundWaterBodyCode,NO INTERNATIONAL NAME,groundWaterBody,,,,,,,AT1000,euRBDCode,DANUBE,F,48.21983,14.24613
AT,ATPG41021042,eionetMonitoringSiteCode,ATPG41021042,eionetMonitoringSiteCode,PG41021042,ATGK100045,euGroundWaterBodyCode,NO INTERNATIONAL NAME,groundWaterBody,,,,,,,AT1000,euRBDCode,DANUBE,N,,
AT,ATPG41202012,eionetMonitoringSiteCode,ATPG41202012,eionetMonitoringSiteCode,PG41202012,ATGK100013,euGroundWaterBodyCode,SALZACH - INN - MATTIG DBJ,groundWaterBody,,,,,,,AT1000,euRBDCode,DANUBE,N,,
AT,ATPG41210012,eionetMonitoringSiteCode,ATPG41210012,eionetMonitoringSiteCode,PG41210012,ATGK100013,euGroundWaterBodyCode,SALZACH - INN - MATTIG DBJ,groundWaterBody,,,,,,,AT1000,euRBDCode,DANUBE,N,,
AT,ATPG41422022,eionetMonitoringSiteCode,ATPG41422022,eionetMonitoringSiteCode,PG41422022,ATGK100013,euGroundWaterBodyCode,SALZACH - INN - MATTIG DBJ,groundWaterBody,,,,,,,AT1000,euRBDCode,DANUBE,N,,
AT,ATPG41425012,eionetMonitoringSiteCode,ATPG41425012,eionetMonitoringSiteCode,PG41425012,ATGK100013,euGroundWaterBodyCode,SALZACH - INN - MATTIG DBJ,groundWaterBody,,,,,,,AT1000,euRBDCode,DANUBE,N,,
AT,ATPG41519012,eionetMonitoringSiteCode,ATPG41519012,eionetMonitoringSiteCode,PG41519012,ATGK100189,euGroundWaterBodyCode,NO INTERNATIONAL NAME,groundWaterBody,,,,,,,AT1000,euRBDCode,DANUBE,N,,
AT,ATPG41806012,eionetMonitoringSiteCode,ATPG41806012,eionetMonitoringSiteCode,PG41806012,ATGK100045,euGroundWaterBodyCode,NO INTERNATIONAL NAME,groundWaterBody,,,,,,,AT1000,euRBDCode,DANUBE,N,,
AT,ATPG41808022,eionetMonitoringSiteCode,ATPG41808022,eionetMonitoringSiteCode,PG41808022,ATGK100045,euGroundWaterBodyCode,NO INTERNATIONAL NAME,groundWaterBody,,,,,,,AT1000,euRBDCode,DANUBE,F,48.13719,13.95299
AT,ATPG41808042,eionetMonitoringSiteCode,ATPG41808042,eionetMonitoringSiteCode,PG41808042,ATGK100045,euGroundWaterBodyCode,NO INTERNATIONAL NAME,groundWaterBody,,,,,,,AT1000,euRBDCode,DANUBE,N,,
AT,ATPG41812042,eionetMonitoringSiteCode,ATPG41812042,eionetMonitoringSiteCode,PG41812042,ATGK100045,euGroundWaterBodyCode,NO INTERNATIONAL NAME,groundWaterBody,,,,,,,AT1000,euRBDCode,DANUBE,N,,
AT,ATPG41812052,eionetMonitoringSiteCode,ATPG41812052,eionetMonitoringSiteCode,UNKNOWN,ATGK100045,euGroundWaterBodyCode,NO INTERNATIONAL NAME,groundWaterBody,,,,,,,AT1000,euRBDCode,DANUBE,N,,
AT,ATPG41823012,eionetMonitoringSiteCode,ATPG41823012,eionetMonitoringSiteCode,PG41823012,ATGK100045,euGroundWaterBodyCode,NO INTERNATIONAL NAME,groundWaterBody,,,,,,,AT1000,euRBDCode,DANUBE,F,48.15732,14.05139
AT,ATPG60105412,eionetMonitoringSiteCode,ATPG60105412,eionetMonitoringSiteCode,PG60105412,ATGK100097,euGroundWaterBodyCode,NO INTERNATIONAL NAME,groundWaterBody,,,,,,,AT1000,euRBDCode,DANUBE,N,,
AT,ATPG60107262,eionetMonitoringSiteCode,ATPG60107262,eionetMonitoringSiteCode,PG60107262,ATGK100097,euGroundWaterBodyCode,NO INTERNATIONAL NAME,groundWaterBody,,,,,,,AT1000,euRBDCode,DANUBE,F,47.02014,15.46664
AT,ATPG60116022,eionetMonitoringSiteCode,ATPG60116022,eionetMonitoringSiteCode,PG60116022,ATGK100097,euGroundWaterBodyCode,NO INTERNATIONAL NAME,groundWaterBody,,,,,,,AT1000,euRBDCode,DANUBE,N,,
AT,ATPG60609112,eionetMonitoringSiteCode,ATPG60609112,eionetMonitoringSiteCode,PG60609112,ATGK100097,euGroundWaterBodyCode,NO INTERNATIONAL NAME,groundWaterBody,,,,,,,AT1000,euRBDCode,DANUBE,F,46.97911,15.49393
AT,ATPG60624202,eionetMonitoringSiteCode,ATPG60624202,eionetMonitoringSiteCode,PG60624202,ATGK100097,euGroundWaterBodyCode,NO INTERNATIONAL NAME,groundWaterBody,,,,,,,AT1000,euRBDCode,DANUBE,N,,
AT,ATPG60624422,eionetMonitoringSiteCode,ATPG60624422,eionetMonitoringSiteCode,PG60624422,ATGK100097,euGroundWaterBodyCode,NO INTERNATIONAL NAME,groundWaterBody,,,,,,,AT1000,euRBDCode,DANUBE,N,,
AT,ATPG60655382,eionetMonitoringSiteCode,ATPG60655382,eionetMonitoringSiteCode,PG60655382,ATGK100097,euGroundWaterBodyCode,NO INTERNATIONAL NAME,groundWaterBody,,,,,,,AT1000,euRBDCode,DANUBE,F,46.93851,15.49885
AT,ATPG60657102,eionetMonitoringSiteCode,ATPG60657102,eionetMonitoringSiteCode,PG60657102,ATGK100097,euGroundWaterBodyCode,NO INTERNATIONAL NAME,groundWaterBody,,,,,,,AT1000,euRBDCode,DANUBE,N,,
AT,ATPG61021122,eionetMonitoringSiteCode,ATPG61021122,eionetMonitoringSiteCode,PG61021122,ATGK100098,euGroundWaterBodyCode,NO INTERNATIONAL NAME,groundWaterBody,,,,,,,AT1000,euRBDCode,DANUBE,F,46.84477,15.55146
AT,ATPG61036042,eionetMonitoringSiteCode,ATPG61036042,eionetMonitoringSiteCode,PG61036042,ATGK100098,euGroundWaterBodyCode,NO INTERNATIONAL NAME,groundWaterBody,,,,,,,AT1000,euRBDCode,DANUBE,F,46.75529,15.61455
AT,ATPG61040072,eionetMonitoringSiteCode,ATPG61040072,eionetMonitoringSiteCode,PG61040072,ATGK100098,euGroundWaterBodyCode,NO INTERNATIONAL NAME,groundWaterBody,,,,,,,AT1000,euRBDCode,DANUBE,N,,
AT,ATPG70310012,eionetMonitoringSiteCode,ATPG70310012,eionetMonitoringSiteCode,UNKNOWN,ATGK100002,euGroundWaterBodyCode,NO INTERNATIONAL NAME,groundWaterBody,,,,,,,AT1000,euRBDCode,DANUBE,F,,
AT,ATPG70311022,eionetMonitoringSiteCode,ATPG70311022,eionetMonitoringSiteCode,UNKNOWN,ATGK100002,euGroundWaterBodyCode,NO INTERNATIONAL NAME,groundWaterBody,,,,,,,AT1000,euRBDCode,DANUBE,F,,
AT,ATPG70311032,eionetMonitoringSiteCode,ATPG70311032,eionetMonitoringSiteCode,UNKNOWN,ATGK100002,euGroundWaterBodyCode,NO INTERNATIONAL NAME,groundWaterBody,,,,,,,AT1000,euRBDCode,DANUBE,F,,
AT,ATPG70311042,eionetMonitoringSiteCode,ATPG70311042,eionetMonitoringSiteCode,UNKNOWN,ATGK100002,euGroundWaterBodyCode,NO INTERNATIONAL NAME,groundWaterBody,,,,,,,AT1000,euRBDCode,DANUBE,F,,
AT,ATPG70311052,eionetMonitoringSiteCode,ATPG70311052,eionetMonitoringSiteCode,UNKNOWN,ATGK100002,euGroundWaterBodyCode,NO INTERNATIONAL NAME,groundWaterBody,,,,,,,AT1000,euRBDCode,DANUBE,F,,
AT,ATPG70311062,eionetMonitoringSiteCode,ATPG70311062,eionetMonitoringSiteCode,UNKNOWN,ATGK100002,euGroundWaterBodyCode,NO INTERNATIONAL NAME,groundWaterBody,,,,,,,AT1000,euRBDCode,DANUBE,F,,
AT,ATPG70312022,eionetMonitoringSiteCode,ATPG70312022,eionetMonitoringSiteCode,UNKNOWN,ATGK100002,euGroundWaterBodyCode,NO INTERNATIONAL NAME,groundWaterBody,,,,,,,AT1000,euRBDCode,DANUBE,F,,
AT,ATPG70312032,eionetMonitoringSiteCode,ATPG70312032,eionetMonitoringSiteCode,UNKNOWN,ATGK100002,euGroundWaterBodyCode,NO INTERNATIONAL NAME,groundWaterBody,,,,,,,AT1000,euRBDCode,DANUBE,N,,
AT,ATPG70312042,eionetMonitoringSiteCode,ATPG70312042,eionetMonitoringSiteCode,UNKNOWN,ATGK100002,euGroundWaterBodyCode,NO INTERNATIONAL NAME,groundWaterBody,,,,,,,AT1000,euRBDCode,DANUBE,F,,
AT,ATPG70321062,eionetMonitoringSiteCode,ATPG70321062,eionetMonitoringSiteCode,PG70321062,ATGK100002,euGroundWaterBodyCode,NO INTERNATIONAL NAME,groundWaterBody,,,,,,,AT1000,euRBDCode,DANUBE,N,,
AT,ATPG70322012,eionetMonitoringSiteCode,ATPG70322012,eionetMonitoringSiteCode,PG70322012,ATGK100002,euGroundWaterBodyCode,NO INTERNATIONAL NAME,groundWaterBody,,,,,,,AT1000,euRBDCode,DANUBE,F,47.27575,11.45293
AT,ATPG70323042,eionetMonitoringSiteCode,ATPG70323042,eionetMonitoringSiteCode,PG70323042,ATGK100002,euGroundWaterBodyCode,NO INTERNATIONAL NAME,groundWaterBody,,,,,,,AT1000,euRBDCode,DANUBE,F,47.31847,11.6526
AT,ATPG70327042,eionetMonitoringSiteCode,ATPG70327042,eionetMonitoringSiteCode,PG70327042,ATGK100002,euGroundWaterBodyCode,NO INTERNATIONAL NAME,groundWaterBody,,,,,,,AT1000,euRBDCode,DANUBE,F,47.29424,11.1281
AT,ATPG70331062,eionetMonitoringSiteCode,ATPG70331062,eionetMonitoringSiteCode,PG70331062,ATGK100002,euGroundWaterBodyCode,NO INTERNATIONAL NAME,groundWaterBody,,,,,,,AT1000,euRBDCode,DANUBE,F,47.44581,11.88205
AT,ATPG70333052,eionetMonitoringSiteCode,ATPG70333052,eionetMonitoringSiteCode,PG70333052,ATGK100002,euGroundWaterBodyCode,NO INTERNATIONAL NAME,groundWaterBody,,,,,,,AT1000,euRBDCode,DANUBE,F,47.61961,12.21268
AT,ATPG70333102,eionetMonitoringSiteCode,ATPG70333102,eionetMonitoringSiteCode,PG70333102,ATGK100002,euGroundWaterBodyCode,NO INTERNATIONAL NAME,groundWaterBody,,,,,,,AT1000,euRBDCode,DANUBE,F,47.61873,12.21403
AT,ATPG80215252,eionetMonitoringSiteCode,ATPG80215252,eionetMonitoringSiteCode,PG80215252,ATGK100149,euGroundWaterBodyCode,NO INTERNATIONAL NAME,groundWaterBody,,,,,,,AT2000,euRBDCode,RHINE,F,47.48618,9.68928
AT,ATPG80217152,eionetMonitoringSiteCode,ATPG80217152,eionetMonitoringSiteCode,PG80217152,ATGK100149,euGroundWaterBodyCode,NO INTERNATIONAL NAME,groundWaterBody,,,,,,,AT2000,euRBDCode,RHINE,F,47.46253,9.62583
AT,ATPG80301152,eionetMonitoringSiteCode,ATPG80301152,eionetMonitoringSiteCode,PG80301152,ATGK100149,euGroundWaterBodyCode,NO INTERNATIONAL NAME,groundWaterBody,,,,,,,AT2000,euRBDCode,RHINE,F,47.44603,9.70136
AT,ATPG80301452,eionetMonitoringSiteCode,ATPG80301452,eionetMonitoringSiteCode,PG80301452,ATGK100149,euGroundWaterBodyCode,NO INTERNATIONAL NAME,groundWaterBody,,,,,,,AT2000,euRBDCode,RHINE,F,47.4226,9.72952
AT,ATPG80301552,eionetMonitoringSiteCode,ATPG80301552,eionetMonitoringSiteCode,PG80301552,ATGK100149,euGroundWaterBodyCode,NO INTERNATIONAL NAME,groundWaterBody,,,,,,,AT2000,euRBDCode,RHINE,F,47.39885,9.7192
AT,ATPG80302252,eionetMonitoringSiteCode,ATPG80302252,eionetMonitoringSiteCode,PG80302252,ATGK100149,euGroundWaterBodyCode,NO INTERNATIONAL NAME,groundWaterBody,,,,,,,AT2000,euRBDCode,RHINE,F,47.37238,9.67991
AT,ATPG80303252,eionetMonitoringSiteCode,ATPG80303252,eionetMonitoringSiteCode,PG80303252,ATGK100149,euGroundWaterBodyCode,NO INTERNATIONAL NAME,groundWaterBody,,,,,,,AT2000,euRBDCode,RHINE,F,47.44181,9.65384
AT,ATPG80303352,eionetMonitoringSiteCode,ATPG80303352,eionetMonitoringSiteCode,PG80303352,ATGK100149,euGroundWaterBodyCode,NO INTERNATIONAL NAME,groundWaterBody,,,,,,,AT2000,euRBDCode,RHINE,F,47.44288,9.65908
AT,ATPG90200022,eionetMonitoringSiteCode,ATPG90200022,eionetMonitoringSiteCode,PG90200022,ATGK100024,euGroundWaterBodyCode,NO INTERNATIONAL NAME,groundWaterBody,,,,,,,AT1000,euRBDCode,DANUBE,N,,
AT,ATPG91100062,eionetMonitoringSiteCode,ATPG91100062,eionetMonitoringSiteCode,PG91100062,ATGK100024,euGroundWaterBodyCode,NO INTERNATIONAL NAME,groundWaterBody,,,,,,,AT1000,euRBDCode,DANUBE,F,48.17684,16.46033
AT,ATPG92100142,eionetMonitoringSiteCode,ATPG92100142,eionetMonitoringSiteCode,PG92100142,ATGK100020,euGroundWaterBodyCode,NO INTERNATIONAL NAME,groundWaterBody,,,,,,,AT1000,euRBDCode,DANUBE,F,48.27669,16.42993
AT,ATPG92100152,eionetMonitoringSiteCode,ATPG92100152,eionetMonitoringSiteCode,PG92100152,ATGK100020,euGroundWaterBodyCode,NO INTERNATIONAL NAME,groundWaterBody,,,,,,,AT1000,euRBDCode,DANUBE,F,48.2677,16.4294
AT,ATPG92200042,eionetMonitoringSiteCode,ATPG92200042,eionetMonitoringSiteCode,PG92200042,ATGK100020,euGroundWaterBodyCode,NO INTERNATIONAL NAME,groundWaterBody,,,,,,,AT1000,euRBDCode,DANUBE,F,48.25641,16.4476
AT,ATPG92200112,eionetMonitoringSiteCode,ATPG92200112,eionetMonitoringSiteCode,PG92200112,ATGK100020,euGroundWaterBodyCode,NO INTERNATIONAL NAME,groundWaterBody,,,,,,,AT1000,euRBDCode,DANUBE,F,48.22225,16.44555
AT,ATPG92200132,eionetMonitoringSiteCode,ATPG92200132,eionetMonitoringSiteCode,PG92200132,ATGK100020,euGroundWaterBodyCode,NO INTERNATIONAL NAME,groundWaterBody,,,,,,,AT1000,euRBDCode,DANUBE,F,48.2531,16.47032
AT,ATPG92200202,eionetMonitoringSiteCode,ATPG92200202,eionetMonitoringSiteCode,PG92200202,ATGK100020,euGroundWaterBodyCode,NO INTERNATIONAL NAME,groundWaterBody,,,,,,,AT1000,euRBDCode,DANUBE,F,48.25118,16.50795
AT,ATPG92200582,eionetMonitoringSiteCode,ATPG92200582,eionetMonitoringSiteCode,PG92200582,ATGK100020,euGroundWaterBodyCode,NO INTERNATIONAL NAME,groundWaterBody,,,,,,,AT1000,euRBDCode,DANUBE,F,48.25303,16.47301
AT,AT301085,euMonitoringSiteCode,AT301085,euMonitoringSiteCode,NO INTERNATIONAL NAME,ATGK100024,euGroundWaterBodyCode,NO INTERNATIONAL NAME,groundWaterBody,,,,,,,AT1000,euRBDCode,DANUBE,F,47.9628,16.35148
AT,AT301499,euMonitoringSiteCode,AT301499,euMonitoringSiteCode,NO INTERNATIONAL NAME,ATGK100024,euGroundWaterBodyCode,NO INTERNATIONAL NAME,groundWaterBody,,,,,,,AT1000,euRBDCode,DANUBE,F,47.96691,16.53786
AT,AT303735,euMonitoringSiteCode,AT303735,euMonitoringSiteCode,NO INTERNATIONAL NAME,ATGK100026,euGroundWaterBodyCode,NO INTERNATIONAL NAME,groundWaterBody,,,,,,,AT1000,euRBDCode,DANUBE,F,48.32226,16.34185
AT,AT303800,euMonitoringSiteCode,AT303800,euMonitoringSiteCode,NO INTERNATIONAL NAME,ATGK100026,euGroundWaterBodyCode,NO INTERNATIONAL NAME,groundWaterBody,,,,,,,AT1000,euRBDCode,DANUBE,F,48.36142,16.18548
AT,AT304162,euMonitoringSiteCode,AT304162,euMonitoringSiteCode,NO INTERNATIONAL NAME,ATGK100026,euGroundWaterBodyCode,NO INTERNATIONAL NAME,groundWaterBody,,,,,,,AT1000,euRBDCode,DANUBE,F,48.30475,15.89719
AT,AT304212,euMonitoringSiteCode,AT304212,euMonitoringSiteCode,NO INTERNATIONAL NAME,ATGK100026,euGroundWaterBodyCode,NO INTERNATIONAL NAME,groundWaterBody,,,,,,,AT1000,euRBDCode,DANUBE,F,48.34224,15.83441
AT,AT304287,euMonitoringSiteCode,AT304287,euMonitoringSiteCode,NO INTERNATIONAL NAME,ATGK100026,euGroundWaterBodyCode,NO INTERNATIONAL NAME,groundWaterBody,,,,,,,AT1000,euRBDCode,DANUBE,F,48.30308,15.92802
AT,AT304519,euMonitoringSiteCode,AT304519,euMonitoringSiteCode,NO INTERNATIONAL NAME,ATGK100026,euGroundWaterBodyCode,NO INTERNATIONAL NAME,groundWaterBody,,,,,,,AT1000,euRBDCode,DANUBE,F,48.34724,15.90663
AT,AT307728,euMonitoringSiteCode,AT307728,euMonitoringSiteCode,NO INTERNATIONAL NAME,ATGK100045,euGroundWaterBodyCode,NO INTERNATIONAL NAME,groundWaterBody,,,,,,,AT1000,euRBDCode,DANUBE,F,48.16142,13.96603
AT,AT310524,euMonitoringSiteCode,AT310524,euMonitoringSiteCode,NO INTERNATIONAL NAME,ATGK100097,euGroundWaterBodyCode,NO INTERNATIONAL NAME,groundWaterBody,,,,,,,AT1000,euRBDCode,DANUBE,F,46.99639,15.45487
AT,AT312777,euMonitoringSiteCode,AT312777,euMonitoringSiteCode,NO INTERNATIONAL NAME,ATGK100020,euGroundWaterBodyCode,NO INTERNATIONAL NAME,groundWaterBody,,,,,,,AT1000,euRBDCode,DANUBE,F,48.2663,16.38896
AT,AT312876,euMonitoringSiteCode,AT312876,euMonitoringSiteCode,NO INTERNATIONAL NAME,ATGK100020,euGroundWaterBodyCode,NO INTERNATIONAL NAME,groundWaterBody,,,,,,,AT1000,euRBDCode,DANUBE,F,48.26738,16.45189
AT,AT313569,euMonitoringSiteCode,AT313569,euMonitoringSiteCode,NO INTERNATIONAL NAME,ATGK100024,euGroundWaterBodyCode,NO INTERNATIONAL NAME,groundWaterBody,,,,,,,AT1000,euRBDCode,DANUBE,F,48.04891,16.31853
AT,AT316257,euMonitoringSiteCode,AT316257,euMonitoringSiteCode,NO INTERNATIONAL NAME,ATGK100045,euGroundWaterBodyCode,NO INTERNATIONAL NAME,groundWaterBody,,,,,,,AT1000,euRBDCode,DANUBE,F,48.17631,14.13925
AT,AT316299,euMonitoringSiteCode,AT316299,euMonitoringSiteCode,NO INTERNATIONAL NAME,ATGK100045,euGroundWaterBodyCode,NO INTERNATIONAL NAME,groundWaterBody,,,,,,,AT1000,euRBDCode,DANUBE,F,48.19036,14.17939
AT,AT322404,euMonitoringSiteCode,AT322404,euMonitoringSiteCode,NO INTERNATIONAL NAME,ATGK100149,euGroundWaterBodyCode,NO INTERNATIONAL NAME,groundWaterBody,,,,,,,AT2000,euRBDCode,RHINE,F,47.30417,9.6202
AT,AT324319,euMonitoringSiteCode,AT324319,euMonitoringSiteCode,NO INTERNATIONAL NAME,ATGK100200,euGroundWaterBodyCode,NO INTERNATIONAL NAME,groundWaterBody,,,,,,,AT1000,euRBDCode,DANUBE,F,48.13134,13.13897
AT,AT324822,euMonitoringSiteCode,AT324822,euMonitoringSiteCode,NO INTERNATIONAL NAME,ATGK100045,euGroundWaterBodyCode,NO INTERNATIONAL NAME,groundWaterBody,,,,,,,AT1000,euRBDCode,DANUBE,F,48.16239,14.03772
AT,AT328062,euMonitoringSiteCode,AT328062,euMonitoringSiteCode,NO INTERNATIONAL NAME,ATGK100149,euGroundWaterBodyCode,NO INTERNATIONAL NAME,groundWaterBody,,,,,,,AT2000,euRBDCode,RHINE,F,47.36462,9.6702
AT,AT328237,euMonitoringSiteCode,AT328237,euMonitoringSiteCode,NO INTERNATIONAL NAME,ATGK100149,euGroundWaterBodyCode,NO INTERNATIONAL NAME,groundWaterBody,,,,,,,AT2000,euRBDCode,RHINE,F,47.4148,9.70228
AT,AT328260,euMonitoringSiteCode,AT328260,euMonitoringSiteCode,NO INTERNATIONAL NAME,ATGK100149,euGroundWaterBodyCode,NO INTERNATIONAL NAME,groundWaterBody,,,,,,,AT2000,euRBDCode,RHINE,F,47.43517,9.73745
AT,AT328302,euMonitoringSiteCode,AT328302,euMonitoringSiteCode,NO INTERNATIONAL NAME,ATGK100149,euGroundWaterBodyCode,NO INTERNATIONAL NAME,groundWaterBody,,,,,,,AT2000,euRBDCode,RHINE,F,47.44623,9.6718
AT,AT328385,euMonitoringSiteCode,AT328385,euMonitoringSiteCode,NO INTERNATIONAL NAME,ATGK100149,euGroundWaterBodyCode,NO INTERNATIONAL NAME,groundWaterBody,,,,,,,AT2000,euRBDCode,RHINE,F,47.4597,9.72867
AT,AT328401,euMonitoringSiteCode,AT328401,euMonitoringSiteCode,NO INTERNATIONAL NAME,ATGK100149,euGroundWaterBodyCode,NO INTERNATIONAL NAME,groundWaterBody,,,,,,,AT2000,euRBDCode,RHINE,F,47.48599,9.66589
AT,AT331280,euMonitoringSiteCode,AT331280,euMonitoringSiteCode,NO INTERNATIONAL NAME,ATGK100026,euGroundWaterBodyCode,NO INTERNATIONAL NAME,groundWaterBody,,,,,,,AT1000,euRBDCode,DANUBE,F,48.3674,16.35222
AT,AT332825,euMonitoringSiteCode,AT332825,euMonitoringSiteCode,NO INTERNATIONAL NAME,ATGK100097,euGroundWaterBodyCode,NO INTERNATIONAL NAME,groundWaterBody,,,,,,,AT1000,euRBDCode,DANUBE,F,47.07538,15.4144
AT,AT333369,euMonitoringSiteCode,AT333369,euMonitoringSiteCode,NO INTERNATIONAL NAME,ATGK100020,euGroundWaterBodyCode,NO INTERNATIONAL NAME,groundWaterBody,,,,,,,AT1000,euRBDCode,DANUBE,F,48.24378,16.48145
AT,AT333807,euMonitoringSiteCode,AT333807,euMonitoringSiteCode,NO INTERNATIONAL NAME,ATGK100024,euGroundWaterBodyCode,NO INTERNATIONAL NAME,groundWaterBody,,,,,,,AT1000,euRBDCode,DANUBE,F,48.15365,16.44173
AT,AT336354,euMonitoringSiteCode,AT336354,euMonitoringSiteCode,NO INTERNATIONAL NAME,ATGK100098,euGroundWaterBodyCode,NO INTERNATIONAL NAME,groundWaterBody,,,,,,,AT1000,euRBDCode,DANUBE,F,46.78209,15.54876
AT,AT337329,euMonitoringSiteCode,AT337329,euMonitoringSiteCode,NO INTERNATIONAL NAME,ATGK100024,euGroundWaterBodyCode,NO INTERNATIONAL NAME,groundWaterBody,,,,,,,AT1000,euRBDCode,DANUBE,F,48.13273,16.43536
AT,AT337493,euMonitoringSiteCode,AT337493,euMonitoringSiteCode,NO INTERNATIONAL NAME,ATGK100026,euGroundWaterBodyCode,NO INTERNATIONAL NAME,groundWaterBody,,,,,,,AT1000,euRBDCode,DANUBE,F,48.31481,15.87902
AT,AT375725,euMonitoringSiteCode,AT375725,euMonitoringSiteCode,NO INTERNATIONAL NAME,ATGK100045,euGroundWaterBodyCode,NO INTERNATIONAL NAME,groundWaterBody,,,,,,,AT1000,euRBDCode,DANUBE,F,48.18003,14.11569
AT,AT375923,euMonitoringSiteCode,AT375923,euMonitoringSiteCode,NO INTERNATIONAL NAME,ATGK100045,euGroundWaterBodyCode,NO INTERNATIONAL NAME,groundWaterBody,,,,,,,AT1000,euRBDCode,DANUBE,F,48.18519,14.084
AT,AT376095,euMonitoringSiteCode,AT376095,euMonitoringSiteCode,NO INTERNATIONAL NAME,ATGK100045,euGroundWaterBodyCode,NO INTERNATIONAL NAME,groundWaterBody,,,,,,,AT1000,euRBDCode,DANUBE,F,48.165,14.06605
AT,ATFW10000027,euMonitoringSiteCode,ATFW10000027,euMonitoringSiteCode,NO INTERNATIONAL NAME,ATOK1001940001,euSurfaceWaterBodyCode,NO INTERNATIONAL NAME,riverWaterBody,Natural,Inapplicable,MZB_13_2,AT1001,euSubUnitCode,DANUBE,AT1000,euRBDCode,DANUBE,F,47.86354,16.65678
AT,ATFW10000057,euMonitoringSiteCode,ATFW10000057,euMonitoringSiteCode,NO INTERNATIONAL NAME,ATOK1001380003,euSurfaceWaterBodyCode,NO INTERNATIONAL NAME,riverWaterBody,Natural,Inapplicable,MZB_13_2,AT1001,euSubUnitCode,DANUBE,AT1000,euRBDCode,DANUBE,F,47.02192,16.13606
AT,ATFW10000077,euMonitoringSiteCode,ATFW10000077,euMonitoringSiteCode,NO INTERNATIONAL NAME,ATOK1000730027,euSurfaceWaterBodyCode,NO INTERNATIONAL NAME,riverWaterBody,Natural,Inapplicable,MZB_13_2,AT1001,euSubUnitCode,DANUBE,AT1000,euRBDCode,DANUBE,F,47.95455,17.07873
AT,ATFW10000087,euMonitoringSiteCode,ATFW10000087,euMonitoringSiteCode,NO INTERNATIONAL NAME,ATOK1001040041,euSurfaceWaterBodyCode,NO INTERNATIONAL NAME,riverWaterBody,Natural,Inapplicable,MZB_13_2,AT1001,euSubUnitCode,DANUBE,AT1000,euRBDCode,DANUBE,F,46.93263,16.17591
AT,ATFW10000107,euMonitoringSiteCode,ATFW10000107,euMonitoringSiteCode,NO INTERNATIONAL NAME,ATOK1001450001,euSurfaceWaterBodyCode,NO INTERNATIONAL NAME,riverWaterBody,Natural,Inapplicable,MZB_13_2,AT1001,euSubUnitCode,DANUBE,AT1000,euRBDCode,DANUBE,F,47.03295,16.42141
AT,ATFW10000167,euMonitoringSiteCode,ATFW10000167,euMonitoringSiteCode,NO INTERNATIONAL NAME,ATOK1004740000,euSurfaceWaterBodyCode,NO INTERNATIONAL NAME,riverWaterBody,Natural,Inapplicable,MZB_13_2,AT1001,euSubUnitCode,DANUBE,AT1000,euRBDCode,DANUBE,F,47.4102,16.49947
AT,ATFW10000177,euMonitoringSiteCode,ATFW10000177,euMonitoringSiteCode,NO INTERNATIONAL NAME,ATOK1001680030,euSurfaceWaterBodyCode,NO INTERNATIONAL NAME,riverWaterBody,Natural,Inapplicable,MZB_13_2,AT1001,euSubUnitCode,DANUBE,AT1000,euRBDCode,DANUBE,F,47.20361,16.41486
AT,ATFW10000227,euMonitoringSiteCode,ATFW10000227,euMonitoringSiteCode,NO INTERNATIONAL NAME,ATOK1001380003,euSurfaceWaterBodyCode,NO INTERNATIONAL NAME,riverWaterBody,Natural,Inapplicable,MZB_13_2,AT1001,euSubUnitCode,DANUBE,AT1000,euRBDCode,DANUBE,F,46.96132,16.27014
AT,ATFW10000427,euMonitoringSiteCode,ATFW10000427,euMonitoringSiteCode,NO INTERNATIONAL NAME,ATOK1001680018,euSurfaceWaterBodyCode,NO INTERNATIONAL NAME,riverWaterBody,Natural,Inapplicable,MZB_13_2,AT1001,euSubUnitCode,DANUBE,AT1000,euRBDCode,DANUBE,F,47.21061,16.32488
AT,ATFW10000617,euMonitoringSiteCode,ATFW10000617,euMonitoringSiteCode,NO INTERNATIONAL NAME,ATOK1002880000,euSurfaceWaterBodyCode,NO INTERNATIONAL NAME,riverWaterBody,Natural,Inapplicable,"MZB_13_1,75",AT1001,euSubUnitCode,DANUBE,AT1000,euRBDCode,DANUBE,F,47.53616,16.67993
AT,ATFW10000708,euMonitoringSiteCode,ATFW10000708,euMonitoringSiteCode,NO INTERNATIONAL NAME,ATOK1002450000,euSurfaceWaterBodyCode,NO INTERNATIONAL NAME,riverWaterBody,Natural,Inapplicable,MZB_13_2,AT1001,euSubUnitCode,DANUBE,AT1000,euRBDCode,DANUBE,F,46.9989,16.49995
AT,ATFW10001057,euMonitoringSiteCode,ATFW10001057,euMonitoringSiteCode,NO INTERNATIONAL NAME,ATOK1001940022,euSurfaceWaterBodyCode,NO INTERNATIONAL NAME,riverWaterBody,Natural,Inapplicable,"MZB_13_1,75",AT1001,euSubUnitCode,DANUBE,AT1000,euRBDCode,DANUBE,F,47.81117,16.5329
AT,ATFW10001267,euMonitoringSiteCode,ATFW10001267,euMonitoringSiteCode,NO INTERNATIONAL NAME,ATOK1001940005,euSurfaceWaterBodyCode,NO INTERNATIONAL NAME,riverWaterBody,Natural,Inapplicable,"MZB_13_1,75",AT1001,euSubUnitCode,DANUBE,AT1000,euRBDCode,DANUBE,F,47.8433,16.60323
AT,ATFW21500097,euMonitoringSiteCode,ATFW21500097,euMonitoringSiteCode,NO INTERNATIONAL NAME,ATOK900470062,euSurfaceWaterBodyCode,NO INTERNATIONAL NAME,riverWaterBody,HMWB,Inapplicable,"MZB_17_1,75",AT1001,euSubUnitCode,DANUBE,AT1000,euRBDCode,DANUBE,F,46.6404,14.94296
AT,ATFW21500306,euMonitoringSiteCode,ATFW21500306,euMonitoringSiteCode,NO INTERNATIONAL NAME,ATOK900470056,euSurfaceWaterBodyCode,NO INTERNATIONAL NAME,riverWaterBody,Natural,Inapplicable,"MZB_17_1,75",AT1001,euSubUnitCode,DANUBE,AT1000,euRBDCode,DANUBE,F,46.59417,14.03551
AT,ATFW21510446,euMonitoringSiteCode,ATFW21510446,euMonitoringSiteCode,NO INTERNATIONAL NAME,ATOK900790110,euSurfaceWaterBodyCode,NO INTERNATIONAL NAME,riverWaterBody,HMWB,Inapplicable,"MZB_2_1,5",AT1001,euSubUnitCode,DANUBE,AT1000,euRBDCode,DANUBE,F,46.90514,13.24873
AT,ATFW21520107,euMonitoringSiteCode,ATFW21520107,euMonitoringSiteCode,NO INTERNATIONAL NAME,ATOK901250074,euSurfaceWaterBodyCode,NO INTERNATIONAL NAME,riverWaterBody,Natural,Inapplicable,"MZB_2_1,5",AT1001,euSubUnitCode,DANUBE,AT1000,euRBDCode,DANUBE,F,46.78877,13.49993
AT,ATFW21520117,euMonitoringSiteCode,ATFW21520117,euMonitoringSiteCode,NO INTERNATIONAL NAME,ATOK901250013,euSurfaceWaterBodyCode,NO INTERNATIONAL NAME,riverWaterBody,Natural,Inapplicable,"MZB_2_1,5",AT1001,euSubUnitCode,DANUBE,AT1000,euRBDCode,DANUBE,F,46.89983,13.5295
AT,ATFW21530157,euMonitoringSiteCode,ATFW21530157,euMonitoringSiteCode,NO INTERNATIONAL NAME,ATOK901870010,euSurfaceWaterBodyCode,NO INTERNATIONAL NAME,riverWaterBody,Natural,Inapplicable,"MZB_7_1,5",AT1001,euSubUnitCode,DANUBE,AT1000,euRBDCode,DANUBE,F,46.59265,13.85508
AT,ATFW21531167,euMonitoringSiteCode,ATFW21531167,euMonitoringSiteCode,NO INTERNATIONAL NAME,ATOK901850012,euSurfaceWaterBodyCode,NO INTERNATIONAL NAME,riverWaterBody,Natural,Inapplicable,"MZB_7_1,25",AT1001,euSubUnitCode,DANUBE,AT1000,euRBDCode,DANUBE,F,46.53695,13.64813
AT,ATFW21531177,euMonitoringSiteCode,ATFW21531177,euMonitoringSiteCode,NO INTERNATIONAL NAME,ATOK901850005,euSurfaceWaterBodyCode,NO INTERNATIONAL NAME,riverWaterBody,Natural,Inapplicable,"MZB_7_1,25",AT1001,euSubUnitCode,DANUBE,AT1000,euRBDCode,DANUBE,F,46.56553,13.69114
AT,ATFW21550217,euMonitoringSiteCode,ATFW21550217,euMonitoringSiteCode,NO INTERNATIONAL NAME,ATOK903760002,euSurfaceWaterBodyCode,NO INTERNATIONAL NAME,riverWaterBody,Natural,Inapplicable,"MZB_15_1,75",AT1001,euSubUnitCode,DANUBE,AT1000,euRBDCode,DANUBE,F,46.72431,14.52812
AT,ATFW21550366,euMonitoringSiteCode,ATFW21550366,euMonitoringSiteCode,NO INTERNATIONAL NAME,ATOK903410026,euSurfaceWaterBodyCode,NO INTERNATIONAL NAME,riverWaterBody,Natural,Inapplicable,"MZB_3_1,5",AT1001,euSubUnitCode,DANUBE,AT1000,euRBDCode,DANUBE,F,46.80268,14.07934
AT,ATFW21550377,euMonitoringSiteCode,ATFW21550377,euMonitoringSiteCode,NO INTERNATIONAL NAME,ATOK901970000,euSurfaceWaterBodyCode,NO INTERNATIONAL NAME,riverWaterBody,Natural,Inapplicable,"MZB_15_1,75",AT1001,euSubUnitCode,DANUBE,AT1000,euRBDCode,DANUBE,F,46.6052,14.44229
AT,ATFW21551267,euMonitoringSiteCode,ATFW21551267,euMonitoringSiteCode,NO INTERNATIONAL NAME,ATOK903760009,euSurfaceWaterBodyCode,NO INTERNATIONAL NAME,riverWaterBody,Natural,Inapplicable,"MZB_15_1,75",AT1001,euSubUnitCode,DANUBE,AT1000,euRBDCode,DANUBE,F,46.60628,14.40153
AT,ATFW21551356,euMonitoringSiteCode,ATFW21551356,euMonitoringSiteCode,NO INTERNATIONAL NAME,ATOK902140014,euSurfaceWaterBodyCode,NO INTERNATIONAL NAME,riverWaterBody,Natural,Inapplicable,"MZB_15_1,5",AT1001,euSubUnitCode,DANUBE,AT1000,euRBDCode,DANUBE,F,46.72158,14.18981
AT,ATFW21552396,euMonitoringSiteCode,ATFW21552396,euMonitoringSiteCode,NO INTERNATIONAL NAME,ATOK903520100,euSurfaceWaterBodyCode,NO INTERNATIONAL NAME,riverWaterBody,Natural,Inapplicable,"MZB_3_1,5",AT1001,euSubUnitCode,DANUBE,AT1000,euRBDCode,DANUBE,F,46.90005,14.44032
AT,ATFW21553436,euMonitoringSiteCode,ATFW21553436,euMonitoringSiteCode,NO INTERNATIONAL NAME,ATOK902110000,euSurfaceWaterBodyCode,NO INTERNATIONAL NAME,riverWaterBody,Natural,Inapplicable,"MZB_3_1,5",AT1001,euSubUnitCode,DANUBE,AT1000,euRBDCode,DANUBE,F,46.83515,14.30787
AT,ATFW21554066,euMonitoringSiteCode,ATFW21554066,euMonitoringSiteCode,NO INTERNATIONAL NAME,ATOK902020028,euSurfaceWaterBodyCode,NO INTERNATIONAL NAME,riverWaterBody,Natural,Inapplicable,"MZB_3_1,5",AT1001,euSubUnitCode,DANUBE,AT1000,euRBDCode,DANUBE,F,46.9611,14.61546
AT,ATFW21560297,euMonitoringSiteCode,ATFW21560297,euMonitoringSiteCode,NO INTERNATIONAL NAME,ATOK902870022,euSurfaceWaterBodyCode,NO INTERNATIONAL NAME,riverWaterBody,Natural,Inapplicable,"MZB_15_1,75",AT1001,euSubUnitCode,DANUBE,AT1000,euRBDCode,DANUBE,F,46.66331,14.94478
AT,ATFW21593016,euMonitoringSiteCode,ATFW21593016,euMonitoringSiteCode,NO INTERNATIONAL NAME,ATOK902100001,euSurfaceWaterBodyCode,NO INTERNATIONAL NAME,riverWaterBody,Natural,Inapplicable,"MZB_15_1,5",AT1001,euSubUnitCode,DANUBE,AT1000,euRBDCode,DANUBE,F,46.62108,14.40657
AT,ATFW21593066,euMonitoringSiteCode,ATFW21593066,euMonitoringSiteCode,NO INTERNATIONAL NAME,ATOK902230030,euSurfaceWaterBodyCode,NO INTERNATIONAL NAME,riverWaterBody,Natural,Inapplicable,"MZB_15_1,5",AT1001,euSubUnitCode,DANUBE,AT1000,euRBDCode,DANUBE,F,46.66602,14.26823
AT,ATFW30800027,euMonitoringSiteCode,ATFW30800027,euMonitoringSiteCode,NO INTERNATIONAL NAME,ATOK411270002,euSurfaceWaterBodyCode,NO INTERNATIONAL NAME,riverWaterBody,AWB,Inapplicable,"MZB_11_1,5",AT1001,euSubUnitCode,DANUBE,AT1000,euRBDCode,DANUBE,F,48.22718,14.53282
AT,ATFW30900037,euMonitoringSiteCode,ATFW30900037,euMonitoringSiteCode,NO INTERNATIONAL NAME,ATOK408810031,euSurfaceWaterBodyCode,NO INTERNATIONAL NAME,riverWaterBody,Natural,Inapplicable,"MZB_11_1,75",AT1001,euSubUnitCode,DANUBE,AT1000,euRBDCode,DANUBE,F,48.10187,14.94072
AT,ATFW30900057,euMonitoringSiteCode,ATFW30900057,euMonitoringSiteCode,NO INTERNATIONAL NAME,ATOK410360012,euSurfaceWaterBodyCode,NO INTERNATIONAL NAME,riverWaterBody,HMWB,Inapplicable,"MZB_16_1,75",AT1001,euSubUnitCode,DANUBE,AT1000,euRBDCode,DANUBE,F,48.19156,15.06485
AT,ATFW30900107,euMonitoringSiteCode,ATFW30900107,euMonitoringSiteCode,NO INTERNATIONAL NAME,ATOK408840007,euSurfaceWaterBodyCode,NO INTERNATIONAL NAME,riverWaterBody,Natural,Inapplicable,"MZB_11_1,75",AT1001,euSubUnitCode,DANUBE,AT1000,euRBDCode,DANUBE,F,48.21149,15.37915
AT,ATFW30900127,euMonitoringSiteCode,ATFW30900127,euMonitoringSiteCode,NO INTERNATIONAL NAME,ATOK410520010N,euSurfaceWaterBodyCode,NO INTERNATIONAL NAME,riverWaterBody,Natural,Inapplicable,"MZB_11_1,75",AT1001,euSubUnitCode,DANUBE,AT1000,euRBDCode,DANUBE,F,48.14527,15.63999
AT,ATFW30900167,euMonitoringSiteCode,ATFW30900167,euMonitoringSiteCode,NO INTERNATIONAL NAME,ATOK409470001,euSurfaceWaterBodyCode,NO INTERNATIONAL NAME,riverWaterBody,Natural,Inapplicable,"MZB_5_1,75",AT1001,euSubUnitCode,DANUBE,AT1000,euRBDCode,DANUBE,F,47.91275,15.20308
AT,ATFW30900187,euMonitoringSiteCode,ATFW30900187,euMonitoringSiteCode,NO INTERNATIONAL NAME,ATOK406680004,euSurfaceWaterBodyCode,NO INTERNATIONAL NAME,riverWaterBody,Natural,Inapplicable,"MZB_5_1,5",AT1001,euSubUnitCode,DANUBE,AT1000,euRBDCode,DANUBE,F,47.92523,15.48207
AT,ATFW30900197,euMonitoringSiteCode,ATFW30900197,euMonitoringSiteCode,NO INTERNATIONAL NAME,ATOK411080010,euSurfaceWaterBodyCode,NO INTERNATIONAL NAME,riverWaterBody,Natural,Inapplicable,MZB_13_2,AT1001,euSubUnitCode,DANUBE,AT1000,euRBDCode,DANUBE,F,48.36974,15.85505
AT,ATFW30900217,euMonitoringSiteCode,ATFW30900217,euMonitoringSiteCode,NO INTERNATIONAL NAME,ATOK410350000,euSurfaceWaterBodyCode,NO INTERNATIONAL NAME,riverWaterBody,Natural,Inapplicable,"MZB_16_1,75",AT1001,euSubUnitCode,DANUBE,AT1000,euRBDCode,DANUBE,F,48.38892,15.52308
AT,ATFW30900227,euMonitoringSiteCode,ATFW30900227,euMonitoringSiteCode,NO INTERNATIONAL NAME,ATOK411080009,euSurfaceWaterBodyCode,NO INTERNATIONAL NAME,riverWaterBody,Natural,Inapplicable,MZB_13_2,AT1001,euSubUnitCode,DANUBE,AT1000,euRBDCode,DANUBE,F,48.36702,15.77878
AT,ATFW30900267,euMonitoringSiteCode,ATFW30900267,euMonitoringSiteCode,NO INTERNATIONAL NAME,ATOK408810021,euSurfaceWaterBodyCode,NO INTERNATIONAL NAME,riverWaterBody,Natural,Inapplicable,"MZB_11_1,75",AT1001,euSubUnitCode,DANUBE,AT1000,euRBDCode,DANUBE,F,48.11411,14.84529
AT,ATFW30900637,euMonitoringSiteCode,ATFW30900637,euMonitoringSiteCode,NO INTERNATIONAL NAME,ATOK408780011,euSurfaceWaterBodyCode,NO INTERNATIONAL NAME,riverWaterBody,Natural,Inapplicable,"MZB_11_1,75",AT1001,euSubUnitCode,DANUBE,AT1000,euRBDCode,DANUBE,F,48.16434,14.66212
AT,ATFW31000037,euMonitoringSiteCode,ATFW31000037,euMonitoringSiteCode,NO INTERNATIONAL NAME,ATOK410040004,euSurfaceWaterBodyCode,NO INTERNATIONAL NAME,riverWaterBody,Natural,Inapplicable,"MZB_12_1,75",AT1001,euSubUnitCode,DANUBE,AT1000,euRBDCode,DANUBE,F,48.61508,15.1996
AT,ATFW31000067,euMonitoringSiteCode,ATFW31000067,euMonitoringSiteCode,NO INTERNATIONAL NAME,ATOK408650004,euSurfaceWaterBodyCode,NO INTERNATIONAL NAME,riverWaterBody,Natural,Inapplicable,MZB_13_2,AT1001,euSubUnitCode,DANUBE,AT1000,euRBDCode,DANUBE,F,48.41189,15.70696
AT,ATFW31000077,euMonitoringSiteCode,ATFW31000077,euMonitoringSiteCode,NO INTERNATIONAL NAME,ATOK410030007,euSurfaceWaterBodyCode,NO INTERNATIONAL NAME,riverWaterBody,Natural,Inapplicable,"MZB_5_1,75",AT1001,euSubUnitCode,DANUBE,AT1000,euRBDCode,DANUBE,F,47.8856,15.98755
AT,ATFW31000107,euMonitoringSiteCode,ATFW31000107,euMonitoringSiteCode,NO INTERNATIONAL NAME,ATOK405880115,euSurfaceWaterBodyCode,NO INTERNATIONAL NAME,riverWaterBody,Natural,Inapplicable,"MZB_13_1,75",AT1001,euSubUnitCode,DANUBE,AT1000,euRBDCode,DANUBE,F,48.01704,16.45386
AT,ATFW31000137,euMonitoringSiteCode,ATFW31000137,euMonitoringSiteCode,NO INTERNATIONAL NAME,ATOK405880049,euSurfaceWaterBodyCode,NO INTERNATIONAL NAME,riverWaterBody,Natural,Inapplicable,MZB_13_2,AT1001,euSubUnitCode,DANUBE,AT1000,euRBDCode,DANUBE,F,48.1439,16.52945
AT,ATFW31000167,euMonitoringSiteCode,ATFW31000167,euMonitoringSiteCode,NO INTERNATIONAL NAME,ATOK405880131N,euSurfaceWaterBodyCode,NO INTERNATIONAL NAME,riverWaterBody,Natural,Inapplicable,"MZB_13_1,75",AT1001,euSubUnitCode,DANUBE,AT1000,euRBDCode,DANUBE,F,48.0583,16.40492
AT,ATFW31000177,euMonitoringSiteCode,ATFW31000177,euMonitoringSiteCode,NO INTERNATIONAL NAME,ATOK405880027,euSurfaceWaterBodyCode,NO INTERNATIONAL NAME,riverWaterBody,Natural,Inapplicable,MZB_13_2,AT1001,euSubUnitCode,DANUBE,AT1000,euRBDCode,DANUBE,F,48.12035,16.60938
AT,ATFW31000187,euMonitoringSiteCode,ATFW31000187,euMonitoringSiteCode,NO INTERNATIONAL NAME,ATOK409040008,euSurfaceWaterBodyCode,NO INTERNATIONAL NAME,riverWaterBody,Natural,Inapplicable,MZB_16_2,AT1001,euSubUnitCode,DANUBE,AT1000,euRBDCode,DANUBE,F,48.1166,16.80332
AT,ATFW31000217,euMonitoringSiteCode,ATFW31000217,euMonitoringSiteCode,NO INTERNATIONAL NAME,ATOK410120008,euSurfaceWaterBodyCode,NO INTERNATIONAL NAME,riverWaterBody,Natural,Inapplicable,"MZB_12_1,75",AT1001,euSubUnitCode,DANUBE,AT1000,euRBDCode,DANUBE,F,48.44531,15.56676
AT,ATFW31000227,euMonitoringSiteCode,ATFW31000227,euMonitoringSiteCode,NO INTERNATIONAL NAME,ATOK410120009,euSurfaceWaterBodyCode,NO INTERNATIONAL NAME,riverWaterBody,Natural,Inapplicable,"MZB_12_1,75",AT1001,euSubUnitCode,DANUBE,AT1000,euRBDCode,DANUBE,F,48.46716,15.44949
AT,ATFW31000237,euMonitoringSiteCode,ATFW31000237,euMonitoringSiteCode,NO INTERNATIONAL NAME,ATOK408390002,euSurfaceWaterBodyCode,NO INTERNATIONAL NAME,riverWaterBody,Natural,Inapplicable,MZB_13_2,AT1001,euSubUnitCode,DANUBE,AT1000,euRBDCode,DANUBE,F,48.20294,16.80509
AT,ATFW31000247,euMonitoringSiteCode,ATFW31000247,euMonitoringSiteCode,NO INTERNATIONAL NAME,ATOK408330038,euSurfaceWaterBodyCode,NO INTERNATIONAL NAME,riverWaterBody,Natural,Inapplicable,MZB_13_2,AT1001,euSubUnitCode,DANUBE,AT1000,euRBDCode,DANUBE,F,48.40232,15.99301
AT,ATFW31000267,euMonitoringSiteCode,ATFW31000267,euMonitoringSiteCode,NO INTERNATIONAL NAME,ATOK409160003,euSurfaceWaterBodyCode,NO INTERNATIONAL NAME,riverWaterBody,Natural,Inapplicable,"MZB_4_1,5",AT1001,euSubUnitCode,DANUBE,AT1000,euRBDCode,DANUBE,F,48.11673,15.88469
AT,ATFW31000377,euMonitoringSiteCode,ATFW31000377,euMonitoringSiteCode,NO INTERNATIONAL NAME,ATOK411340000,euSurfaceWaterBodyCode,NO INTERNATIONAL NAME,riverWaterBody,Natural,Inapplicable,MZB_16_2,AT1001,euSubUnitCode,DANUBE,AT1000,euRBDCode,DANUBE,F,48.16339,16.99035
AT,ATFW31000397,euMonitoringSiteCode,ATFW31000397,euMonitoringSiteCode,NO INTERNATIONAL NAME,ATOK200510004,euSurfaceWaterBodyCode,NO INTERNATIONAL NAME,riverWaterBody,Natural,Inapplicable,"MZB_12_1,75",AT5100,euSubUnitCode,ELBE,AT5000,euRBDCode,ELBE,F,48.80996,14.93288
AT,ATFW31000687,euMonitoringSiteCode,ATFW31000687,euMonitoringSiteCode,NO INTERNATIONAL NAME,ATOK405880072,euSurfaceWaterBodyCode,NO INTERNATIONAL NAME,riverWaterBody,Natural,Inapplicable,MZB_13_2,AT1001,euSubUnitCode,DANUBE,AT1000,euRBDCode,DANUBE,F,47.87137,16.11422
AT,ATFW31000897,euMonitoringSiteCode,ATFW31000897,euMonitoringSiteCode,NO INTERNATIONAL NAME,ATOK410040021,euSurfaceWaterBodyCode,NO INTERNATIONAL NAME,riverWaterBody,Natural,Inapplicable,"MZB_12_1,75",AT1001,euSubUnitCode,DANUBE,AT1000,euRBDCode,DANUBE,F,48.53116,15.11532
AT,ATFW31001167,euMonitoringSiteCode,ATFW31001167,euMonitoringSiteCode,NO INTERNATIONAL NAME,ATOK405880023,euSurfaceWaterBodyCode,NO INTERNATIONAL NAME,riverWaterBody,Natural,Inapplicable,"MZB_13_1,75",AT1001,euSubUnitCode,DANUBE,AT1000,euRBDCode,DANUBE,F,48.09514,16.42052
AT,ATFW31001277,euMonitoringSiteCode,ATFW31001277,euMonitoringSiteCode,NO INTERNATIONAL NAME,ATOK411750000,euSurfaceWaterBodyCode,NO INTERNATIONAL NAME,riverWaterBody,Natural,Inapplicable,"MZB_13_1,75",AT1001,euSubUnitCode,DANUBE,AT1000,euRBDCode,DANUBE,F,48.3188,16.50841
AT,ATFW31001857,euMonitoringSiteCode,ATFW31001857,euMonitoringSiteCode,NO INTERNATIONAL NAME,ATOK406160007N,euSurfaceWaterBodyCode,NO INTERNATIONAL NAME,riverWaterBody,Natural,Inapplicable,"MZB_5_1,5",AT1001,euSubUnitCode,DANUBE,AT1000,euRBDCode,DANUBE,F,47.85597,15.85256
AT,ATFW31002247,euMonitoringSiteCode,ATFW31002247,euMonitoringSiteCode,NO INTERNATIONAL NAME,ATOK405880149,euSurfaceWaterBodyCode,NO INTERNATIONAL NAME,riverWaterBody,Natural,Inapplicable,"MZB_13_1,75",AT1001,euSubUnitCode,DANUBE,AT1000,euRBDCode,DANUBE,F,47.99514,16.28518
AT,ATFW31002317,euMonitoringSiteCode,ATFW31002317,euMonitoringSiteCode,NO INTERNATIONAL NAME,ATOK405880021,euSurfaceWaterBodyCode,NO INTERNATIONAL NAME,riverWaterBody,Natural,Inapplicable,"MZB_13_1,75",AT1001,euSubUnitCode,DANUBE,AT1000,euRBDCode,DANUBE,F,48.08204,16.38682
AT,ATFW31002327,euMonitoringSiteCode,ATFW31002327,euMonitoringSiteCode,NO INTERNATIONAL NAME,ATOK408330058,euSurfaceWaterBodyCode,NO INTERNATIONAL NAME,riverWaterBody,Natural,Inapplicable,"MZB_13_1,75",AT1001,euSubUnitCode,DANUBE,AT1000,euRBDCode,DANUBE,F,48.65486,15.9064
AT,ATFW31002357,euMonitoringSiteCode,ATFW31002357,euMonitoringSiteCode,NO INTERNATIONAL NAME,ATOK405880132,euSurfaceWaterBodyCode,NO INTERNATIONAL NAME,riverWaterBody,AWB,Inapplicable,"MZB_13_1,75",AT1001,euSubUnitCode,DANUBE,AT1000,euRBDCode,DANUBE,F,48.07059,16.37533
AT,ATFW31002597,euMonitoringSiteCode,ATFW31002597,euMonitoringSiteCode,NO INTERNATIONAL NAME,ATOK410330003N,euSurfaceWaterBodyCode,NO INTERNATIONAL NAME,riverWaterBody,Natural,Inapplicable,MZB_13_2,AT1001,euSubUnitCode,DANUBE,AT1000,euRBDCode,DANUBE,F,48.29848,16.00606
AT,ATFW31002737,euMonitoringSiteCode,ATFW31002737,euMonitoringSiteCode,NO INTERNATIONAL NAME,ATOK405880126N,euSurfaceWaterBodyCode,NO INTERNATIONAL NAME,riverWaterBody,Natural,Inapplicable,MZB_13_2,AT1001,euSubUnitCode,DANUBE,AT1000,euRBDCode,DANUBE,F,48.04965,16.36502
AT,ATFW31100017,euMonitoringSiteCode,ATFW31100017,euMonitoringSiteCode,NO INTERNATIONAL NAME,ATOK501870001,euSurfaceWaterBodyCode,NO INTERNATIONAL NAME,riverWaterBody,HMWB,Inapplicable,"MZB_12_1,75",AT1001,euSubUnitCode,DANUBE,AT1000,euRBDCode,DANUBE,F,48.85276,15.86283
AT,ATFW31100027,euMonitoringSiteCode,ATFW31100027,euMonitoringSiteCode,NO INTERNATIONAL NAME,ATOK501930000,euSurfaceWaterBodyCode,NO INTERNATIONAL NAME,riverWaterBody,Natural,Inapplicable,MZB_18_2,AT1001,euSubUnitCode,DANUBE,AT1000,euRBDCode,DANUBE,F,48.80482,16.46219
AT,ATFW31100037,euMonitoringSiteCode,ATFW31100037,euMonitoringSiteCode,NO INTERNATIONAL NAME,ATOK501940000,euSurfaceWaterBodyCode,NO INTERNATIONAL NAME,riverWaterBody,Natural,Inapplicable,MZB_18_2,AT1001,euSubUnitCode,DANUBE,AT1000,euRBDCode,DANUBE,F,48.71618,16.88904
AT,ATFW31100057,euMonitoringSiteCode,ATFW31100057,euMonitoringSiteCode,NO INTERNATIONAL NAME,ATOK500020001,euSurfaceWaterBodyCode,NO INTERNATIONAL NAME,riverWaterBody,Natural,Inapplicable,MZB_18_2,AT1001,euSubUnitCode,DANUBE,AT1000,euRBDCode,DANUBE,F,48.60163,16.93385
AT,ATFW31100067,euMonitoringSiteCode,ATFW31100067,euMonitoringSiteCode,NO INTERNATIONAL NAME,ATOK500010036,euSurfaceWaterBodyCode,NO INTERNATIONAL NAME,riverWaterBody,HMWB,Inapplicable,"MZB_12_1,75",AT1001,euSubUnitCode,DANUBE,AT1000,euRBDCode,DANUBE,F,48.88106,15.62495
AT,ATFW31100077,euMonitoringSiteCode,ATFW31100077,euMonitoringSiteCode,NO INTERNATIONAL NAME,ATOK500020001,euSurfaceWaterBodyCode,NO INTERNATIONAL NAME,riverWaterBody,Natural,Inapplicable,MZB_18_2,AT1001,euSubUnitCode,DANUBE,AT1000,euRBDCode,DANUBE,F,48.28009,16.91604
AT,ATFW31100117,euMonitoringSiteCode,ATFW31100117,euMonitoringSiteCode,NO INTERNATIONAL NAME,ATOK501440000,euSurfaceWaterBodyCode,NO INTERNATIONAL NAME,riverWaterBody,Natural,Inapplicable,"MZB_13_1,5",AT1001,euSubUnitCode,DANUBE,AT1000,euRBDCode,DANUBE,F,48.53821,16.3632
AT,ATFW31100127,euMonitoringSiteCode,ATFW31100127,euMonitoringSiteCode,NO INTERNATIONAL NAME,ATOK501530017,euSurfaceWaterBodyCode,NO INTERNATIONAL NAME,riverWaterBody,Natural,Inapplicable,MZB_13_2,AT1001,euSubUnitCode,DANUBE,AT1000,euRBDCode,DANUBE,F,48.60394,16.78833
AT,ATFW31100167,euMonitoringSiteCode,ATFW31100167,euMonitoringSiteCode,NO INTERNATIONAL NAME,ATOK501710003,euSurfaceWaterBodyCode,NO INTERNATIONAL NAME,riverWaterBody,Natural,Inapplicable,MZB_18_2,AT1001,euSubUnitCode,DANUBE,AT1000,euRBDCode,DANUBE,F,48.73447,16.34141
AT,ATFW31100187,euMonitoringSiteCode,ATFW31100187,euMonitoringSiteCode,NO INTERNATIONAL NAME,ATOK501330025,euSurfaceWaterBodyCode,NO INTERNATIONAL NAME,riverWaterBody,Natural,Inapplicable,MZB_13_2,AT1001,euSubUnitCode,DANUBE,AT1000,euRBDCode,DANUBE,F,48.71833,16.26887
AT,ATFW31100217,euMonitoringSiteCode,ATFW31100217,euMonitoringSiteCode,NO INTERNATIONAL NAME,ATOK501250008,euSurfaceWaterBodyCode,NO INTERNATIONAL NAME,riverWaterBody,Natural,Inapplicable,MZB_13_2,AT1001,euSubUnitCode,DANUBE,AT1000,euRBDCode,DANUBE,F,48.69354,16.89513
AT,ATFW31100297,euMonitoringSiteCode,ATFW31100297,euMonitoringSiteCode,NO INTERNATIONAL NAME,ATOK500010044,euSurfaceWaterBodyCode,NO INTERNATIONAL NAME,riverWaterBody,Natural,Inapplicable,"MZB_12_1,75",AT1001,euSubUnitCode,DANUBE,AT1000,euRBDCode,DANUBE,F,48.8895,15.27593
AT,ATFW31100597,euMonitoringSiteCode,ATFW31100597,euMonitoringSiteCode,NO INTERNATIONAL NAME,ATOK501330002,euSurfaceWaterBodyCode,NO INTERNATIONAL NAME,riverWaterBody,Natural,Inapplicable,"MZB_13_1,75",AT1001,euSubUnitCode,DANUBE,AT1000,euRBDCode,DANUBE,F,48.69934,15.94405
AT,ATFW31101067,euMonitoringSiteCode,ATFW31101067,euMonitoringSiteCode,NO INTERNATIONAL NAME,ATOK501250009,euSurfaceWaterBodyCode,NO INTERNATIONAL NAME,riverWaterBody,Natural,Inapplicable,"MZB_13_1,75",AT1001,euSubUnitCode,DANUBE,AT1000,euRBDCode,DANUBE,F,48.67699,16.76632
AT,ATFW31101087,euMonitoringSiteCode,ATFW31101087,euMonitoringSiteCode,NO INTERNATIONAL NAME,ATOK501530023,euSurfaceWaterBodyCode,NO INTERNATIONAL NAME,riverWaterBody,Natural,Inapplicable,"MZB_13_1,75",AT1001,euSubUnitCode,DANUBE,AT1000,euRBDCode,DANUBE,F,48.5457,16.79123
AT,ATFW31200037,euMonitoringSiteCode,ATFW31200037,euMonitoringSiteCode,NO INTERNATIONAL NAME,ATOK1000730023,euSurfaceWaterBodyCode,NO INTERNATIONAL NAME,riverWaterBody,Natural,Inapplicable,MZB_13_2,AT1001,euSubUnitCode,DANUBE,AT1000,euRBDCode,DANUBE,F,48.01955,16.9791
AT,ATFW31200067,euMonitoringSiteCode,ATFW31200067,euMonitoringSiteCode,NO INTERNATIONAL NAME,ATOK1000520043N,euSurfaceWaterBodyCode,NO INTERNATIONAL NAME,riverWaterBody,Natural,Inapplicable,MZB_13_2,AT1001,euSubUnitCode,DANUBE,AT1000,euRBDCode,DANUBE,F,47.72241,16.10359
AT,ATFW31200097,euMonitoringSiteCode,ATFW31200097,euMonitoringSiteCode,NO INTERNATIONAL NAME,ATOK1000520040,euSurfaceWaterBodyCode,NO INTERNATIONAL NAME,riverWaterBody,Natural,Inapplicable,MZB_13_2,AT1001,euSubUnitCode,DANUBE,AT1000,euRBDCode,DANUBE,F,47.91991,16.42785
AT,ATFW31200327,euMonitoringSiteCode,ATFW31200327,euMonitoringSiteCode,NO INTERNATIONAL NAME,ATOK1000780003,euSurfaceWaterBodyCode,NO INTERNATIONAL NAME,riverWaterBody,Natural,Inapplicable,"MZB_3_1,75",AT1001,euSubUnitCode,DANUBE,AT1000,euRBDCode,DANUBE,F,47.66283,16.217
AT,ATFW31200407,euMonitoringSiteCode,ATFW31200407,euMonitoringSiteCode,NO INTERNATIONAL NAME,ATOK1000520034,euSurfaceWaterBodyCode,NO INTERNATIONAL NAME,riverWaterBody,AWB,Inapplicable,MZB_13_2,AT1001,euSubUnitCode,DANUBE,AT1000,euRBDCode,DANUBE,F,47.86742,16.33614
AT,ATFW40502017,euMonitoringSiteCode,ATFW40502017,euMonitoringSiteCode,NO INTERNATIONAL NAME,ATOK305340009,euSurfaceWaterBodyCode,NO INTERNATIONAL NAME,riverWaterBody,HMWB,Inapplicable,"MZB_17_1,75",AT1001,euSubUnitCode,DANUBE,AT1000,euRBDCode,DANUBE,F,48.26101,13.03435
AT,ATFW40502037,euMonitoringSiteCode,ATFW40502037,euMonitoringSiteCode,NO INTERNATIONAL NAME,ATOK305340011,euSurfaceWaterBodyCode,NO INTERNATIONAL NAME,riverWaterBody,Natural,Inapplicable,"MZB_17_1,75",AT1001,euSubUnitCode,DANUBE,AT1000,euRBDCode,DANUBE,F,48.55699,13.43858
AT,ATFW40505027,euMonitoringSiteCode,ATFW40505027,euMonitoringSiteCode,NO INTERNATIONAL NAME,ATOK305760083,euSurfaceWaterBodyCode,NO INTERNATIONAL NAME,riverWaterBody,Natural,Inapplicable,"MZB_11_1,75",AT1001,euSubUnitCode,DANUBE,AT1000,euRBDCode,DANUBE,F,48.23707,13.46566
AT,ATFW40505037,euMonitoringSiteCode,ATFW40505037,euMonitoringSiteCode,NO INTERNATIONAL NAME,ATOK305760056,euSurfaceWaterBodyCode,NO INTERNATIONAL NAME,riverWaterBody,Natural,Inapplicable,"MZB_11_1,75",AT1001,euSubUnitCode,DANUBE,AT1000,euRBDCode,DANUBE,F,48.34667,13.40754
AT,ATFW40506036,euMonitoringSiteCode,ATFW40506036,euMonitoringSiteCode,NO INTERNATIONAL NAME,ATOK302950088,euSurfaceWaterBodyCode,NO INTERNATIONAL NAME,riverWaterBody,Natural,Inapplicable,"MZB_11_1,75",AT1001,euSubUnitCode,DANUBE,AT1000,euRBDCode,DANUBE,F,48.43071,13.46265
AT,ATFW40520016,euMonitoringSiteCode,ATFW40520016,euMonitoringSiteCode,NO INTERNATIONAL NAME,ATOK305710000,euSurfaceWaterBodyCode,NO INTERNATIONAL NAME,riverWaterBody,Natural,Inapplicable,"MZB_11_1,75",AT1001,euSubUnitCode,DANUBE,AT1000,euRBDCode,DANUBE,F,48.20599,13.03104
AT,ATFW40607017,euMonitoringSiteCode,ATFW40607017,euMonitoringSiteCode,NO INTERNATIONAL NAME,ATOK303070000,euSurfaceWaterBodyCode,NO INTERNATIONAL NAME,riverWaterBody,HMWB,Inapplicable,"MZB_16_1,75",AT1001,euSubUnitCode,DANUBE,AT1000,euRBDCode,DANUBE,F,48.52066,13.70221
AT,ATFW40608037,euMonitoringSiteCode,ATFW40608037,euMonitoringSiteCode,NO INTERNATIONAL NAME,ATOK410420034,euSurfaceWaterBodyCode,NO INTERNATIONAL NAME,riverWaterBody,HMWB,Inapplicable,"MZB_12_1,75",AT1001,euSubUnitCode,DANUBE,AT1000,euRBDCode,DANUBE,F,48.50235,14.00983
AT,ATFW40619016,euMonitoringSiteCode,ATFW40619016,euMonitoringSiteCode,NO INTERNATIONAL NAME,ATOK408710111,euSurfaceWaterBodyCode,NO INTERNATIONAL NAME,riverWaterBody,Natural,Inapplicable,"MZB_11_1,75",AT1001,euSubUnitCode,DANUBE,AT1000,euRBDCode,DANUBE,F,48.35795,13.99359
AT,ATFW40624016,euMonitoringSiteCode,ATFW40624016,euMonitoringSiteCode,NO INTERNATIONAL NAME,ATOK408710075,euSurfaceWaterBodyCode,NO INTERNATIONAL NAME,riverWaterBody,Natural,Inapplicable,"MZB_11_1,75",AT1001,euSubUnitCode,DANUBE,AT1000,euRBDCode,DANUBE,F,48.28886,14.02788
AT,ATFW40627016,euMonitoringSiteCode,ATFW40627016,euMonitoringSiteCode,NO INTERNATIONAL NAME,ATOK410410036,euSurfaceWaterBodyCode,NO INTERNATIONAL NAME,riverWaterBody,Natural,Inapplicable,"MZB_12_1,75",AT1001,euSubUnitCode,DANUBE,AT1000,euRBDCode,DANUBE,F,48.45762,13.92227
AT,ATFW40634016,euMonitoringSiteCode,ATFW40634016,euMonitoringSiteCode,NO INTERNATIONAL NAME,ATOK403470016,euSurfaceWaterBodyCode,NO INTERNATIONAL NAME,riverWaterBody,Natural,Inapplicable,"MZB_12_1,5",AT1001,euSubUnitCode,DANUBE,AT1000,euRBDCode,DANUBE,F,48.58834,14.16526
AT,ATFW40709117,euMonitoringSiteCode,ATFW40709117,euMonitoringSiteCode,NO INTERNATIONAL NAME,ATOK412090028,euSurfaceWaterBodyCode,NO INTERNATIONAL NAME,riverWaterBody,Natural,Inapplicable,"MZB_17_1,75",AT1001,euSubUnitCode,DANUBE,AT1000,euRBDCode,DANUBE,F,48.24742,14.32475
AT,ATFW40710047,euMonitoringSiteCode,ATFW40710047,euMonitoringSiteCode,NO INTERNATIONAL NAME,ATOK411140142,euSurfaceWaterBodyCode,NO INTERNATIONAL NAME,riverWaterBody,Natural,Inapplicable,"MZB_11_1,75",AT1001,euSubUnitCode,DANUBE,AT1000,euRBDCode,DANUBE,F,48.08596,13.83804
AT,ATFW40713047,euMonitoringSiteCode,ATFW40713047,euMonitoringSiteCode,NO INTERNATIONAL NAME,ATOK411200066,euSurfaceWaterBodyCode,NO INTERNATIONAL NAME,riverWaterBody,Natural,Inapplicable,"MZB_11_1,75",AT1001,euSubUnitCode,DANUBE,AT1000,euRBDCode,DANUBE,F,48.1995,14.26613
AT,ATFW40823016,euMonitoringSiteCode,ATFW40823016,euMonitoringSiteCode,NO INTERNATIONAL NAME,ATOK411310001,euSurfaceWaterBodyCode,NO INTERNATIONAL NAME,riverWaterBody,Natural,Inapplicable,"MZB_5_1,75",AT1001,euSubUnitCode,DANUBE,AT1000,euRBDCode,DANUBE,F,47.84903,14.45561
AT,ATFW40828016,euMonitoringSiteCode,ATFW40828016,euMonitoringSiteCode,NO INTERNATIONAL NAME,ATOK401690002,euSurfaceWaterBodyCode,NO INTERNATIONAL NAME,riverWaterBody,Natural,Inapplicable,"MZB_5_1,5",AT1001,euSubUnitCode,DANUBE,AT1000,euRBDCode,DANUBE,F,47.84259,14.35525
AT,ATFW40903015,euMonitoringSiteCode,ATFW40903015,euMonitoringSiteCode,NO INTERNATIONAL NAME,ATOK408750031,euSurfaceWaterBodyCode,NO INTERNATIONAL NAME,riverWaterBody,Natural,Inapplicable,"MZB_11_1,75",AT1001,euSubUnitCode,DANUBE,AT1000,euRBDCode,DANUBE,F,48.2172,14.40748
AT,ATFW40907057,euMonitoringSiteCode,ATFW40907057,euMonitoringSiteCode,NO INTERNATIONAL NAME,ATOK410360009,euSurfaceWaterBodyCode,NO INTERNATIONAL NAME,riverWaterBody,HMWB,Inapplicable,"MZB_16_1,75",AT1001,euSubUnitCode,DANUBE,AT1000,euRBDCode,DANUBE,F,48.23985,14.51108
AT,ATFW40916017,euMonitoringSiteCode,ATFW40916017,euMonitoringSiteCode,NO INTERNATIONAL NAME,ATOK410210027,euSurfaceWaterBodyCode,NO INTERNATIONAL NAME,riverWaterBody,Natural,Inapplicable,"MZB_12_1,75",AT1001,euSubUnitCode,DANUBE,AT1000,euRBDCode,DANUBE,F,48.26595,14.44966
AT,ATFW40917017,euMonitoringSiteCode,ATFW40917017,euMonitoringSiteCode,NO INTERNATIONAL NAME,ATOK408500001,euSurfaceWaterBodyCode,NO INTERNATIONAL NAME,riverWaterBody,HMWB,Inapplicable,"MZB_11_1,75",AT1001,euSubUnitCode,DANUBE,AT1000,euRBDCode,DANUBE,F,48.25357,14.58627
AT,ATFW40932016,euMonitoringSiteCode,ATFW40932016,euMonitoringSiteCode,NO INTERNATIONAL NAME,ATOK403880008,euSurfaceWaterBodyCode,NO INTERNATIONAL NAME,riverWaterBody,Natural,Inapplicable,"MZB_12_1,5",AT1001,euSubUnitCode,DANUBE,AT1000,euRBDCode,DANUBE,F,48.51482,14.69636
AT,ATFW41000076,euMonitoringSiteCode,ATFW41000076,euMonitoringSiteCode,NO INTERNATIONAL NAME,ATOK302950088,euSurfaceWaterBodyCode,NO INTERNATIONAL NAME,riverWaterBody,Natural,Inapplicable,"MZB_11_1,75",AT1001,euSubUnitCode,DANUBE,AT1000,euRBDCode,DANUBE,F,48.4299,13.46326
AT,ATFW41000248,euMonitoringSiteCode,ATFW41000248,euMonitoringSiteCode,NO INTERNATIONAL NAME,ATOK403290013,euSurfaceWaterBodyCode,NO INTERNATIONAL NAME,riverWaterBody,Natural,Inapplicable,"MZB_12_1,5",AT1001,euSubUnitCode,DANUBE,AT1000,euRBDCode,DANUBE,F,48.45384,13.72208
AT,ATFW41000321,euMonitoringSiteCode,ATFW41000321,euMonitoringSiteCode,NO INTERNATIONAL NAME,ATOK410440004,euSurfaceWaterBodyCode,NO INTERNATIONAL NAME,riverWaterBody,Natural,Inapplicable,"MZB_11_1,75",AT1001,euSubUnitCode,DANUBE,AT1000,euRBDCode,DANUBE,F,48.34484,13.87405
AT,ATFW41000327,euMonitoringSiteCode,ATFW41000327,euMonitoringSiteCode,NO INTERNATIONAL NAME,ATOK411210038,euSurfaceWaterBodyCode,NO INTERNATIONAL NAME,riverWaterBody,Natural,Inapplicable,"MZB_11_1,75",AT1001,euSubUnitCode,DANUBE,AT1000,euRBDCode,DANUBE,F,48.11816,14.1349
AT,ATFW41000341,euMonitoringSiteCode,ATFW41000341,euMonitoringSiteCode,NO INTERNATIONAL NAME,ATOK411250021,euSurfaceWaterBodyCode,NO INTERNATIONAL NAME,riverWaterBody,HMWB,Inapplicable,"MZB_17_1,75",AT1001,euSubUnitCode,DANUBE,AT1000,euRBDCode,DANUBE,F,48.00028,14.40255
AT,ATFW41000356,euMonitoringSiteCode,ATFW41000356,euMonitoringSiteCode,NO INTERNATIONAL NAME,ATOK401620010,euSurfaceWaterBodyCode,NO INTERNATIONAL NAME,riverWaterBody,Natural,Inapplicable,"MZB_5_1,5",AT1001,euSubUnitCode,DANUBE,AT1000,euRBDCode,DANUBE,F,47.78515,14.47631
AT,ATFW51110127,euMonitoringSiteCode,ATFW51110127,euMonitoringSiteCode,NO INTERNATIONAL NAME,ATOK304690262,euSurfaceWaterBodyCode,NO INTERNATIONAL NAME,riverWaterBody,HMWB,Inapplicable,"MZB_2_1,5",AT1001,euSubUnitCode,DANUBE,AT1000,euRBDCode,DANUBE,F,47.28474,12.87639
AT,ATFW51120147,euMonitoringSiteCode,ATFW51120147,euMonitoringSiteCode,NO INTERNATIONAL NAME,ATOK305360001,euSurfaceWaterBodyCode,NO INTERNATIONAL NAME,riverWaterBody,Natural,Inapplicable,"MZB_2_1,75",AT1001,euSubUnitCode,DANUBE,AT1000,euRBDCode,DANUBE,F,47.30076,13.08979
AT,ATFW51121257,euMonitoringSiteCode,ATFW51121257,euMonitoringSiteCode,NO INTERNATIONAL NAME,ATOK300670004N,euSurfaceWaterBodyCode,NO INTERNATIONAL NAME,riverWaterBody,Natural,Inapplicable,"MZB_1_1,25",AT1001,euSubUnitCode,DANUBE,AT1000,euRBDCode,DANUBE,F,47.1395,12.79747
AT,ATFW51121297,euMonitoringSiteCode,ATFW51121297,euMonitoringSiteCode,NO INTERNATIONAL NAME,ATOK304690262,euSurfaceWaterBodyCode,NO INTERNATIONAL NAME,riverWaterBody,HMWB,Inapplicable,"MZB_2_1,5",AT1001,euSubUnitCode,DANUBE,AT1000,euRBDCode,DANUBE,F,47.28731,12.82397
AT,ATFW52110107,euMonitoringSiteCode,ATFW52110107,euMonitoringSiteCode,NO INTERNATIONAL NAME,ATOK304690010,euSurfaceWaterBodyCode,NO INTERNATIONAL NAME,riverWaterBody,HMWB,Inapplicable,"MZB_2_1,5",AT1001,euSubUnitCode,DANUBE,AT1000,euRBDCode,DANUBE,F,47.14326,13.12248
AT,ATFW52120107,euMonitoringSiteCode,ATFW52120107,euMonitoringSiteCode,NO INTERNATIONAL NAME,ATOK304690010,euSurfaceWaterBodyCode,NO INTERNATIONAL NAME,riverWaterBody,HMWB,Inapplicable,"MZB_2_1,5",AT1001,euSubUnitCode,DANUBE,AT1000,euRBDCode,DANUBE,F,47.16323,13.10777
AT,ATFW52120147,euMonitoringSiteCode,ATFW52120147,euMonitoringSiteCode,NO INTERNATIONAL NAME,ATOK304680003,euSurfaceWaterBodyCode,NO INTERNATIONAL NAME,riverWaterBody,Natural,Inapplicable,"MZB_2_1,5",AT1001,euSubUnitCode,DANUBE,AT1000,euRBDCode,DANUBE,F,47.25168,13.19772
AT,ATFW52120427,euMonitoringSiteCode,ATFW52120427,euMonitoringSiteCode,NO INTERNATIONAL NAME,ATOK305360002,euSurfaceWaterBodyCode,NO INTERNATIONAL NAME,riverWaterBody,HMWB,Inapplicable,"MZB_2_1,75",AT1001,euSubUnitCode,DANUBE,AT1000,euRBDCode,DANUBE,F,47.32407,13.18231
AT,ATFW52120437,euMonitoringSiteCode,ATFW52120437,euMonitoringSiteCode,NO INTERNATIONAL NAME,ATOK305350002,euSurfaceWaterBodyCode,NO INTERNATIONAL NAME,riverWaterBody,Natural,Inapplicable,"MZB_17_1,75",AT1001,euSubUnitCode,DANUBE,AT1000,euRBDCode,DANUBE,F,47.53373,13.16632
AT,ATFW52220197,euMonitoringSiteCode,ATFW52220197,euMonitoringSiteCode,NO INTERNATIONAL NAME,ATOK400240027,euSurfaceWaterBodyCode,NO INTERNATIONAL NAME,riverWaterBody,Natural,Inapplicable,"MZB_2_1,5",AT1001,euSubUnitCode,DANUBE,AT1000,euRBDCode,DANUBE,F,47.38528,13.49228
AT,ATFW52220237,euMonitoringSiteCode,ATFW52220237,euMonitoringSiteCode,NO INTERNATIONAL NAME,ATOK400240008,euSurfaceWaterBodyCode,NO INTERNATIONAL NAME,riverWaterBody,Natural,Inapplicable,"MZB_2_1,5",AT1001,euSubUnitCode,DANUBE,AT1000,euRBDCode,DANUBE,F,47.40602,13.57326
AT,ATFW53110027,euMonitoringSiteCode,ATFW53110027,euMonitoringSiteCode,NO INTERNATIONAL NAME,ATOK301220003,euSurfaceWaterBodyCode,NO INTERNATIONAL NAME,riverWaterBody,Natural,Inapplicable,"MZB_5_1,75",AT1001,euSubUnitCode,DANUBE,AT1000,euRBDCode,DANUBE,F,47.57243,13.38642
AT,ATFW53110037,euMonitoringSiteCode,ATFW53110037,euMonitoringSiteCode,NO INTERNATIONAL NAME,ATOK305690000,euSurfaceWaterBodyCode,NO INTERNATIONAL NAME,riverWaterBody,Natural,Inapplicable,"MZB_11_1,75",AT1001,euSubUnitCode,DANUBE,AT1000,euRBDCode,DANUBE,F,47.58507,13.17595
AT,ATFW53110047,euMonitoringSiteCode,ATFW53110047,euMonitoringSiteCode,NO INTERNATIONAL NAME,ATOK305350002,euSurfaceWaterBodyCode,NO INTERNATIONAL NAME,riverWaterBody,Natural,Inapplicable,"MZB_17_1,75",AT1001,euSubUnitCode,DANUBE,AT1000,euRBDCode,DANUBE,F,47.58084,13.17441
AT,ATFW53210017,euMonitoringSiteCode,ATFW53210017,euMonitoringSiteCode,NO INTERNATIONAL NAME,ATOK305350002,euSurfaceWaterBodyCode,NO INTERNATIONAL NAME,riverWaterBody,Natural,Inapplicable,"MZB_17_1,75",AT1001,euSubUnitCode,DANUBE,AT1000,euRBDCode,DANUBE,F,47.64175,13.12958
AT,ATFW54110017,euMonitoringSiteCode,ATFW54110017,euMonitoringSiteCode,NO INTERNATIONAL NAME,ATOK305350004,euSurfaceWaterBodyCode,NO INTERNATIONAL NAME,riverWaterBody,HMWB,Inapplicable,"MZB_17_1,75",AT1001,euSubUnitCode,DANUBE,AT1000,euRBDCode,DANUBE,F,47.75199,13.07933
AT,ATFW54110087,euMonitoringSiteCode,ATFW54110087,euMonitoringSiteCode,NO INTERNATIONAL NAME,ATOK307200003,euSurfaceWaterBodyCode,NO INTERNATIONAL NAME,riverWaterBody,Natural,Inapplicable,"MZB_17_1,75",AT1001,euSubUnitCode,DANUBE,AT1000,euRBDCode,DANUBE,F,47.95816,12.9028
AT,ATFW54110117,euMonitoringSiteCode,ATFW54110117,euMonitoringSiteCode,NO INTERNATIONAL NAME,ATOK305600000,euSurfaceWaterBodyCode,NO INTERNATIONAL NAME,riverWaterBody,HMWB,Inapplicable,"MZB_11_1,75",AT1001,euSubUnitCode,DANUBE,AT1000,euRBDCode,DANUBE,F,47.84241,13.00323
AT,ATFW55010057,euMonitoringSiteCode,ATFW55010057,euMonitoringSiteCode,NO INTERNATIONAL NAME,ATOK801180001,euSurfaceWaterBodyCode,NO INTERNATIONAL NAME,riverWaterBody,Natural,Inapplicable,"MZB_2_1,5",AT1001,euSubUnitCode,DANUBE,AT1000,euRBDCode,DANUBE,F,47.06961,13.88198
AT,ATFW60800376,euMonitoringSiteCode,ATFW60800376,euMonitoringSiteCode,NO INTERNATIONAL NAME,ATOK411250009,euSurfaceWaterBodyCode,NO INTERNATIONAL NAME,riverWaterBody,Natural,Inapplicable,"MZB_17_1,75",AT1001,euSubUnitCode,DANUBE,AT1000,euRBDCode,DANUBE,F,47.58796,14.53681
AT,ATFW60800416,euMonitoringSiteCode,ATFW60800416,euMonitoringSiteCode,NO INTERNATIONAL NAME,ATOK400980052,euSurfaceWaterBodyCode,NO INTERNATIONAL NAME,riverWaterBody,Natural,Inapplicable,"MZB_5_1,5",AT1001,euSubUnitCode,DANUBE,AT1000,euRBDCode,DANUBE,F,47.75626,15.30722
AT,ATFW61300307,euMonitoringSiteCode,ATFW61300307,euMonitoringSiteCode,NO INTERNATIONAL NAME,ATOK1001040105,euSurfaceWaterBodyCode,NO INTERNATIONAL NAME,riverWaterBody,HMWB,Inapplicable,MZB_13_2,AT1001,euSubUnitCode,DANUBE,AT1000,euRBDCode,DANUBE,F,46.94169,16.05572
AT,ATFW61300327,euMonitoringSiteCode,ATFW61300327,euMonitoringSiteCode,NO INTERNATIONAL NAME,ATOK1001380140,euSurfaceWaterBodyCode,NO INTERNATIONAL NAME,riverWaterBody,Natural,Inapplicable,MZB_13_2,AT1001,euSubUnitCode,DANUBE,AT1000,euRBDCode,DANUBE,F,47.04018,16.1084
AT,ATFW61300337,euMonitoringSiteCode,ATFW61300337,euMonitoringSiteCode,NO INTERNATIONAL NAME,ATOK1001380092,euSurfaceWaterBodyCode,NO INTERNATIONAL NAME,riverWaterBody,Natural,Inapplicable,MZB_13_2,AT1001,euSubUnitCode,DANUBE,AT1000,euRBDCode,DANUBE,F,47.07639,16.08784
AT,ATFW61300436,euMonitoringSiteCode,ATFW61300436,euMonitoringSiteCode,NO INTERNATIONAL NAME,ATOK1001280022,euSurfaceWaterBodyCode,NO INTERNATIONAL NAME,riverWaterBody,Natural,Inapplicable,"MZB_3_1,5",AT1001,euSubUnitCode,DANUBE,AT1000,euRBDCode,DANUBE,F,47.42466,15.81729
AT,ATFW61302077,euMonitoringSiteCode,ATFW61302077,euMonitoringSiteCode,NO INTERNATIONAL NAME,ATOK1001510003,euSurfaceWaterBodyCode,NO INTERNATIONAL NAME,riverWaterBody,Natural,Inapplicable,"MZB_3_1,5",AT1001,euSubUnitCode,DANUBE,AT1000,euRBDCode,DANUBE,F,47.47382,16.06276
AT,ATFW61302157,euMonitoringSiteCode,ATFW61302157,euMonitoringSiteCode,NO INTERNATIONAL NAME,ATOK802370004,euSurfaceWaterBodyCode,NO INTERNATIONAL NAME,riverWaterBody,Natural,Inapplicable,"MZB_14_1,5",AT1001,euSubUnitCode,DANUBE,AT1000,euRBDCode,DANUBE,F,46.84967,15.58636
AT,ATFW61302187,euMonitoringSiteCode,ATFW61302187,euMonitoringSiteCode,NO INTERNATIONAL NAME,ATOK1001040056,euSurfaceWaterBodyCode,NO INTERNATIONAL NAME,riverWaterBody,Natural,Inapplicable,"MZB_13_1,75",AT1001,euSubUnitCode,DANUBE,AT1000,euRBDCode,DANUBE,F,46.95299,15.86269
AT,ATFW61302287,euMonitoringSiteCode,ATFW61302287,euMonitoringSiteCode,NO INTERNATIONAL NAME,ATOK1001380117,euSurfaceWaterBodyCode,NO INTERNATIONAL NAME,riverWaterBody,Natural,Inapplicable,MZB_13_2,AT1001,euSubUnitCode,DANUBE,AT1000,euRBDCode,DANUBE,F,47.18603,15.98052
AT,ATFW61302307,euMonitoringSiteCode,ATFW61302307,euMonitoringSiteCode,NO INTERNATIONAL NAME,ATOK1001380111,euSurfaceWaterBodyCode,NO INTERNATIONAL NAME,riverWaterBody,Natural,Inapplicable,"MZB_13_1,75",AT1001,euSubUnitCode,DANUBE,AT1000,euRBDCode,DANUBE,F,47.13962,15.78522
AT,ATFW61400087,euMonitoringSiteCode,ATFW61400087,euMonitoringSiteCode,NO INTERNATIONAL NAME,ATOK802710010,euSurfaceWaterBodyCode,NO INTERNATIONAL NAME,riverWaterBody,Natural,Inapplicable,"MZB_17_1,75",AT1001,euSubUnitCode,DANUBE,AT1000,euRBDCode,DANUBE,F,47.19404,14.80715
AT,ATFW61400127,euMonitoringSiteCode,ATFW61400127,euMonitoringSiteCode,NO INTERNATIONAL NAME,ATOK802710015,euSurfaceWaterBodyCode,NO INTERNATIONAL NAME,riverWaterBody,HMWB,Inapplicable,"MZB_17_1,75",AT1001,euSubUnitCode,DANUBE,AT1000,euRBDCode,DANUBE,F,46.96774,15.48847
AT,ATFW61400137,euMonitoringSiteCode,ATFW61400137,euMonitoringSiteCode,NO INTERNATIONAL NAME,ATOK802710014,euSurfaceWaterBodyCode,NO INTERNATIONAL NAME,riverWaterBody,HMWB,Inapplicable,"MZB_17_1,75",AT1001,euSubUnitCode,DANUBE,AT1000,euRBDCode,DANUBE,F,46.7098,15.63397
AT,ATFW61400147,euMonitoringSiteCode,ATFW61400147,euMonitoringSiteCode,NO INTERNATIONAL NAME,ATOK804000000,euSurfaceWaterBodyCode,NO INTERNATIONAL NAME,riverWaterBody,Natural,Inapplicable,"MZB_17_1,75",AT1001,euSubUnitCode,DANUBE,AT1000,euRBDCode,DANUBE,F,46.68375,15.98715
AT,ATFW61400157,euMonitoringSiteCode,ATFW61400157,euMonitoringSiteCode,NO INTERNATIONAL NAME,ATOK801410002,euSurfaceWaterBodyCode,NO INTERNATIONAL NAME,riverWaterBody,Natural,Inapplicable,"MZB_2_1,5",AT1001,euSubUnitCode,DANUBE,AT1000,euRBDCode,DANUBE,F,47.19146,14.72843
AT,ATFW61400167,euMonitoringSiteCode,ATFW61400167,euMonitoringSiteCode,NO INTERNATIONAL NAME,ATOK801660040N,euSurfaceWaterBodyCode,NO INTERNATIONAL NAME,riverWaterBody,Natural,Inapplicable,"MZB_2_1,5",AT1001,euSubUnitCode,DANUBE,AT1000,euRBDCode,DANUBE,F,47.3368,15.02002
AT,ATFW61400217,euMonitoringSiteCode,ATFW61400217,euMonitoringSiteCode,NO INTERNATIONAL NAME,ATOK801780000,euSurfaceWaterBodyCode,NO INTERNATIONAL NAME,riverWaterBody,HMWB,Inapplicable,"MZB_3_1,75",AT1001,euSubUnitCode,DANUBE,AT1000,euRBDCode,DANUBE,F,47.4122,15.27403
AT,ATFW61400237,euMonitoringSiteCode,ATFW61400237,euMonitoringSiteCode,NO INTERNATIONAL NAME,ATOK803270001,euSurfaceWaterBodyCode,NO INTERNATIONAL NAME,riverWaterBody,Natural,Inapplicable,"MZB_3_1,5",AT1001,euSubUnitCode,DANUBE,AT1000,euRBDCode,DANUBE,F,47.43975,15.28679
AT,ATFW61400267,euMonitoringSiteCode,ATFW61400267,euMonitoringSiteCode,NO INTERNATIONAL NAME,ATOK802780045,euSurfaceWaterBodyCode,NO INTERNATIONAL NAME,riverWaterBody,HMWB,Inapplicable,"MZB_14_1,75",AT1001,euSubUnitCode,DANUBE,AT1000,euRBDCode,DANUBE,F,46.88286,15.49705
AT,ATFW61400287,euMonitoringSiteCode,ATFW61400287,euMonitoringSiteCode,NO INTERNATIONAL NAME,ATOK802790081N,euSurfaceWaterBodyCode,NO INTERNATIONAL NAME,riverWaterBody,HMWB,Inapplicable,"MZB_14_1,75",AT1001,euSubUnitCode,DANUBE,AT1000,euRBDCode,DANUBE,F,46.75497,15.54587
AT,ATFW61400516,euMonitoringSiteCode,ATFW61400516,euMonitoringSiteCode,NO INTERNATIONAL NAME,ATOK801350006,euSurfaceWaterBodyCode,NO INTERNATIONAL NAME,riverWaterBody,Natural,Inapplicable,"MZB_14_1,5",AT1001,euSubUnitCode,DANUBE,AT1000,euRBDCode,DANUBE,F,46.84742,15.26664
AT,ATFW61400567,euMonitoringSiteCode,ATFW61400567,euMonitoringSiteCode,NO INTERNATIONAL NAME,ATOK802890007,euSurfaceWaterBodyCode,NO INTERNATIONAL NAME,riverWaterBody,Natural,Inapplicable,"MZB_14_1,75",AT1001,euSubUnitCode,DANUBE,AT1000,euRBDCode,DANUBE,F,46.71283,15.71892
AT,ATFW61400597,euMonitoringSiteCode,ATFW61400597,euMonitoringSiteCode,NO INTERNATIONAL NAME,ATOK802710002,euSurfaceWaterBodyCode,NO INTERNATIONAL NAME,riverWaterBody,HMWB,Inapplicable,"MZB_17_1,75",AT1001,euSubUnitCode,DANUBE,AT1000,euRBDCode,DANUBE,F,47.40696,15.2614
AT,ATFW61403597,euMonitoringSiteCode,ATFW61403597,euMonitoringSiteCode,NO INTERNATIONAL NAME,ATOK802790073,euSurfaceWaterBodyCode,NO INTERNATIONAL NAME,riverWaterBody,Natural,Inapplicable,"MZB_14_1,75",AT1001,euSubUnitCode,DANUBE,AT1000,euRBDCode,DANUBE,F,46.84418,15.39096
AT,ATFW61403607,euMonitoringSiteCode,ATFW61403607,euMonitoringSiteCode,NO INTERNATIONAL NAME,ATOK802990002,euSurfaceWaterBodyCode,NO INTERNATIONAL NAME,riverWaterBody,Natural,Inapplicable,"MZB_14_1,75",AT1001,euSubUnitCode,DANUBE,AT1000,euRBDCode,DANUBE,F,46.72688,15.9464
AT,ATFW61404547,euMonitoringSiteCode,ATFW61404547,euMonitoringSiteCode,NO INTERNATIONAL NAME,ATOK802710014,euSurfaceWaterBodyCode,NO INTERNATIONAL NAME,riverWaterBody,HMWB,Inapplicable,"MZB_17_1,75",AT1001,euSubUnitCode,DANUBE,AT1000,euRBDCode,DANUBE,F,46.90513,15.49083
AT,ATFW61404627,euMonitoringSiteCode,ATFW61404627,euMonitoringSiteCode,NO INTERNATIONAL NAME,ATOK804050000,euSurfaceWaterBodyCode,NO INTERNATIONAL NAME,riverWaterBody,Natural,Inapplicable,"MZB_14_1,75",AT1001,euSubUnitCode,DANUBE,AT1000,euRBDCode,DANUBE,F,46.85305,15.54184
AT,ATFW71500967,euMonitoringSiteCode,ATFW71500967,euMonitoringSiteCode,NO INTERNATIONAL NAME,ATOK900470001,euSurfaceWaterBodyCode,NO INTERNATIONAL NAME,riverWaterBody,Natural,Inapplicable,"MZB_17_1,75",AT1001,euSubUnitCode,DANUBE,AT1000,euRBDCode,DANUBE,F,46.7795,12.8927
AT,ATFW71510307,euMonitoringSiteCode,ATFW71510307,euMonitoringSiteCode,NO INTERNATIONAL NAME,ATOK903550007,euSurfaceWaterBodyCode,NO INTERNATIONAL NAME,riverWaterBody,Natural,Inapplicable,"MZB_2_1,5",AT1001,euSubUnitCode,DANUBE,AT1000,euRBDCode,DANUBE,F,46.83012,12.3379
AT,ATFW71560407,euMonitoringSiteCode,ATFW71560407,euMonitoringSiteCode,NO INTERNATIONAL NAME,ATOK900270028,euSurfaceWaterBodyCode,NO INTERNATIONAL NAME,riverWaterBody,Natural,Inapplicable,"MZB_2_1,5",AT1001,euSubUnitCode,DANUBE,AT1000,euRBDCode,DANUBE,F,46.97546,12.5498
AT,ATFW72100107,euMonitoringSiteCode,ATFW72100107,euMonitoringSiteCode,NO INTERNATIONAL NAME,ATOK302370013,euSurfaceWaterBodyCode,NO INTERNATIONAL NAME,riverWaterBody,Natural,Inapplicable,"MZB_6_1,5",AT1001,euSubUnitCode,DANUBE,AT1000,euRBDCode,DANUBE,F,47.24839,10.26426
AT,ATFW72100967,euMonitoringSiteCode,ATFW72100967,euMonitoringSiteCode,NO INTERNATIONAL NAME,ATOK307080000,euSurfaceWaterBodyCode,NO INTERNATIONAL NAME,riverWaterBody,Natural,Inapplicable,"MZB_6_1,5",AT1001,euSubUnitCode,DANUBE,AT1000,euRBDCode,DANUBE,F,47.55712,10.6866
AT,ATFW72200807,euMonitoringSiteCode,ATFW72200807,euMonitoringSiteCode,NO INTERNATIONAL NAME,ATOK302340001,euSurfaceWaterBodyCode,NO INTERNATIONAL NAME,riverWaterBody,Natural,Inapplicable,"MZB_6_1,5",AT1001,euSubUnitCode,DANUBE,AT1000,euRBDCode,DANUBE,F,47.38018,11.28593
AT,ATFW72250107,euMonitoringSiteCode,ATFW72250107,euMonitoringSiteCode,NO INTERNATIONAL NAME,ATOK301800003,euSurfaceWaterBodyCode,NO INTERNATIONAL NAME,riverWaterBody,Natural,Inapplicable,"MZB_6_1,25",AT1001,euSubUnitCode,DANUBE,AT1000,euRBDCode,DANUBE,F,47.36398,11.11176
AT,ATFW73100517,euMonitoringSiteCode,ATFW73100517,euMonitoringSiteCode,NO INTERNATIONAL NAME,ATOK304980007,euSurfaceWaterBodyCode,NO INTERNATIONAL NAME,riverWaterBody,HMWB,Inapplicable,"MZB_17_1,75",AT1001,euSubUnitCode,DANUBE,AT1000,euRBDCode,DANUBE,F,47.1846,10.62929
AT,ATFW73160967,euMonitoringSiteCode,ATFW73160967,euMonitoringSiteCode,NO INTERNATIONAL NAME,ATOK304990003,euSurfaceWaterBodyCode,NO INTERNATIONAL NAME,riverWaterBody,Natural,Inapplicable,"MZB_2_1,5",AT1001,euSubUnitCode,DANUBE,AT1000,euRBDCode,DANUBE,F,47.14321,10.56164
AT,ATFW73161807,euMonitoringSiteCode,ATFW73161807,euMonitoringSiteCode,NO INTERNATIONAL NAME,ATOK304990031,euSurfaceWaterBodyCode,NO INTERNATIONAL NAME,riverWaterBody,Natural,Inapplicable,"MZB_2_1,5",AT1001,euSubUnitCode,DANUBE,AT1000,euRBDCode,DANUBE,F,47.11964,10.47667
AT,ATFW73190407,euMonitoringSiteCode,ATFW73190407,euMonitoringSiteCode,NO INTERNATIONAL NAME,ATOK305070081,euSurfaceWaterBodyCode,NO INTERNATIONAL NAME,riverWaterBody,Natural,Inapplicable,"MZB_1_1,25",AT1001,euSubUnitCode,DANUBE,AT1000,euRBDCode,DANUBE,F,47.11374,10.94045
AT,ATFW73190907,euMonitoringSiteCode,ATFW73190907,euMonitoringSiteCode,NO INTERNATIONAL NAME,ATOK305950000,euSurfaceWaterBodyCode,NO INTERNATIONAL NAME,riverWaterBody,Natural,Inapplicable,"MZB_1_1,5",AT1001,euSubUnitCode,DANUBE,AT1000,euRBDCode,DANUBE,F,47.22286,10.86008
AT,ATFW73190967,euMonitoringSiteCode,ATFW73190967,euMonitoringSiteCode,NO INTERNATIONAL NAME,ATOK305950000,euSurfaceWaterBodyCode,NO INTERNATIONAL NAME,riverWaterBody,Natural,Inapplicable,"MZB_1_1,5",AT1001,euSubUnitCode,DANUBE,AT1000,euRBDCode,DANUBE,F,47.23152,10.83995
AT,ATFW73200617,euMonitoringSiteCode,ATFW73200617,euMonitoringSiteCode,NO INTERNATIONAL NAME,ATOK304980006,euSurfaceWaterBodyCode,NO INTERNATIONAL NAME,riverWaterBody,HMWB,Inapplicable,"MZB_17_1,75",AT1001,euSubUnitCode,DANUBE,AT1000,euRBDCode,DANUBE,F,47.2795,11.53382
AT,ATFW73200987,euMonitoringSiteCode,ATFW73200987,euMonitoringSiteCode,NO INTERNATIONAL NAME,ATOK307030000,euSurfaceWaterBodyCode,NO INTERNATIONAL NAME,riverWaterBody,HMWB,Inapplicable,"MZB_17_1,75",AT1001,euSubUnitCode,DANUBE,AT1000,euRBDCode,DANUBE,F,47.70106,12.16327
AT,ATFW73290907,euMonitoringSiteCode,ATFW73290907,euMonitoringSiteCode,NO INTERNATIONAL NAME,ATOK304940001,euSurfaceWaterBodyCode,NO INTERNATIONAL NAME,riverWaterBody,HMWB,Inapplicable,"MZB_2_1,75",AT1001,euSubUnitCode,DANUBE,AT1000,euRBDCode,DANUBE,F,47.4016,11.83785
AT,ATFW73390967,euMonitoringSiteCode,ATFW73390967,euMonitoringSiteCode,NO INTERNATIONAL NAME,ATOK300910019,euSurfaceWaterBodyCode,NO INTERNATIONAL NAME,riverWaterBody,Natural,Inapplicable,"MZB_5_1,75",AT1001,euSubUnitCode,DANUBE,AT1000,euRBDCode,DANUBE,F,47.68845,12.39399
AT,ATFW76155001,euMonitoringSiteCode,ATFW76155001,euMonitoringSiteCode,NO INTERNATIONAL NAME,ATOK300150003,euSurfaceWaterBodyCode,NO INTERNATIONAL NAME,riverWaterBody,Natural,Inapplicable,"MZB_2_1,25",AT1001,euSubUnitCode,DANUBE,AT1000,euRBDCode,DANUBE,F,47.01033,10.60364
AT,ATFW77122002,euMonitoringSiteCode,ATFW77122002,euMonitoringSiteCode,NO INTERNATIONAL NAME,ATOK903540003,euSurfaceWaterBodyCode,NO INTERNATIONAL NAME,riverWaterBody,Natural,Inapplicable,"MZB_2_1,5",AT1001,euSubUnitCode,DANUBE,AT1000,euRBDCode,DANUBE,F,46.74119,12.37283
AT,ATFW77122013,euMonitoringSiteCode,ATFW77122013,euMonitoringSiteCode,NO INTERNATIONAL NAME,ATOK903550007,euSurfaceWaterBodyCode,NO INTERNATIONAL NAME,riverWaterBody,Natural,Inapplicable,"MZB_2_1,5",AT1001,euSubUnitCode,DANUBE,AT1000,euRBDCode,DANUBE,F,46.83013,12.33794
AT,ATFW80112037,euMonitoringSiteCode,ATFW80112037,euMonitoringSiteCode,NO INTERNATIONAL NAME,ATOK100240001N,euSurfaceWaterBodyCode,NO INTERNATIONAL NAME,riverWaterBody,Natural,Inapplicable,"MZB_2_1,5",AT2100,euSubUnitCode,RHINE,AT2000,euRBDCode,RHINE,F,47.13064,10.082
AT,ATFW80114017,euMonitoringSiteCode,ATFW80114017,euMonitoringSiteCode,NO INTERNATIONAL NAME,ATOK101870002,euSurfaceWaterBodyCode,NO INTERNATIONAL NAME,riverWaterBody,HMWB,Inapplicable,"MZB_2_1,5",AT2100,euSubUnitCode,RHINE,AT2000,euRBDCode,RHINE,F,47.1312,9.85359
AT,ATFW80207027,euMonitoringSiteCode,ATFW80207027,euMonitoringSiteCode,NO INTERNATIONAL NAME,ATOK100930000,euSurfaceWaterBodyCode,NO INTERNATIONAL NAME,riverWaterBody,HMWB,Inapplicable,"MZB_9_1,75",AT2100,euSubUnitCode,RHINE,AT2000,euRBDCode,RHINE,F,47.48693,9.72173
AT,ATFW80211037,euMonitoringSiteCode,ATFW80211037,euMonitoringSiteCode,NO INTERNATIONAL NAME,ATOK100840006,euSurfaceWaterBodyCode,NO INTERNATIONAL NAME,riverWaterBody,HMWB,Inapplicable,"MZB_9_1,75",AT2100,euSubUnitCode,RHINE,AT2000,euRBDCode,RHINE,F,47.43656,9.88819
AT,ATFW80213067,euMonitoringSiteCode,ATFW80213067,euMonitoringSiteCode,NO INTERNATIONAL NAME,ATOK101090000,euSurfaceWaterBodyCode,NO INTERNATIONAL NAME,riverWaterBody,HMWB,Inapplicable,"MZB_17_1,75",AT2100,euSubUnitCode,RHINE,AT2000,euRBDCode,RHINE,F,47.47858,9.66988
AT,ATFW80214057,euMonitoringSiteCode,ATFW80214057,euMonitoringSiteCode,NO INTERNATIONAL NAME,ATOK100910000,euSurfaceWaterBodyCode,NO INTERNATIONAL NAME,riverWaterBody,HMWB,Inapplicable,MZB_10_2,AT2100,euSubUnitCode,RHINE,AT2000,euRBDCode,RHINE,F,47.46369,9.59504
AT,ATFW80217097,euMonitoringSiteCode,ATFW80217097,euMonitoringSiteCode,NO INTERNATIONAL NAME,ATOK100910000,euSurfaceWaterBodyCode,NO INTERNATIONAL NAME,riverWaterBody,HMWB,Inapplicable,MZB_10_2,AT2100,euSubUnitCode,RHINE,AT2000,euRBDCode,RHINE,F,47.45515,9.64956
AT,ATFW80218017,euMonitoringSiteCode,ATFW80218017,euMonitoringSiteCode,NO INTERNATIONAL NAME,ATOK100950002,euSurfaceWaterBodyCode,NO INTERNATIONAL NAME,riverWaterBody,HMWB,Inapplicable,"MZB_10_1,75",AT2100,euSubUnitCode,RHINE,AT2000,euRBDCode,RHINE,F,47.53503,9.73675
AT,ATFW80224047,euMonitoringSiteCode,ATFW80224047,euMonitoringSiteCode,NO INTERNATIONAL NAME,ATOK101000000,euSurfaceWaterBodyCode,NO INTERNATIONAL NAME,riverWaterBody,HMWB,Inapplicable,MZB_10_2,AT2100,euSubUnitCode,RHINE,AT2000,euRBDCode,RHINE,F,47.46275,9.68135
AT,ATFW80228287,euMonitoringSiteCode,ATFW80228287,euMonitoringSiteCode,NO INTERNATIONAL NAME,ATOK300020000,euSurfaceWaterBodyCode,NO INTERNATIONAL NAME,riverWaterBody,Natural,Inapplicable,"MZB_8_1,5",AT1001,euSubUnitCode,DANUBE,AT1000,euRBDCode,DANUBE,F,47.37644,10.20709
AT,ATFW80301127,euMonitoringSiteCode,ATFW80301127,euMonitoringSiteCode,NO INTERNATIONAL NAME,ATOK101010007,euSurfaceWaterBodyCode,NO INTERNATIONAL NAME,riverWaterBody,HMWB,Inapplicable,"MZB_10_1,75",AT2100,euSubUnitCode,RHINE,AT2000,euRBDCode,RHINE,F,47.44312,9.7208
AT,ATFW80404017,euMonitoringSiteCode,ATFW80404017,euMonitoringSiteCode,NO INTERNATIONAL NAME,ATOK101210000,euSurfaceWaterBodyCode,NO INTERNATIONAL NAME,riverWaterBody,HMWB,Inapplicable,"MZB_17_1,75",AT2100,euSubUnitCode,RHINE,AT2000,euRBDCode,RHINE,F,47.27404,9.53512
AT,ATFW80404027,euMonitoringSiteCode,ATFW80404027,euMonitoringSiteCode,NO INTERNATIONAL NAME,ATOK100880000,euSurfaceWaterBodyCode,NO INTERNATIONAL NAME,riverWaterBody,HMWB,Inapplicable,"MZB_10_1,75",AT2100,euSubUnitCode,RHINE,AT2000,euRBDCode,RHINE,F,47.26777,9.57458
AT,ATFW80410207,euMonitoringSiteCode,ATFW80410207,euMonitoringSiteCode,NO INTERNATIONAL NAME,ATOK101110001,euSurfaceWaterBodyCode,NO INTERNATIONAL NAME,riverWaterBody,HMWB,Inapplicable,"MZB_10_1,75",AT2100,euSubUnitCode,RHINE,AT2000,euRBDCode,RHINE,F,47.32565,9.59326
AT,ATFW80411046,euMonitoringSiteCode,ATFW80411046,euMonitoringSiteCode,NO INTERNATIONAL NAME,ATOK100350000,euSurfaceWaterBodyCode,NO INTERNATIONAL NAME,riverWaterBody,Natural,Inapplicable,"MZB_4_1,25",AT2100,euSubUnitCode,RHINE,AT2000,euRBDCode,RHINE,F,47.25813,9.78724
AT,ATFW91102017,euMonitoringSiteCode,ATFW91102017,euMonitoringSiteCode,NO INTERNATIONAL NAME,ATOK411330002,euSurfaceWaterBodyCode,NO INTERNATIONAL NAME,riverWaterBody,HMWB,Inapplicable,MZB_13_2,AT1001,euSubUnitCode,DANUBE,AT1000,euRBDCode,DANUBE,F,48.17246,16.47605
AT,ATFW91400637,euMonitoringSiteCode,ATFW91400637,euMonitoringSiteCode,NO INTERNATIONAL NAME,ATOK409100002,euSurfaceWaterBodyCode,NO INTERNATIONAL NAME,riverWaterBody,Natural,Inapplicable,"MZB_4_1,5",AT1001,euSubUnitCode,DANUBE,AT1000,euRBDCode,DANUBE,F,48.21979,16.21263
AT,ATFW91401817,euMonitoringSiteCode,ATFW91401817,euMonitoringSiteCode,NO INTERNATIONAL NAME,ATOK409980005,euSurfaceWaterBodyCode,NO INTERNATIONAL NAME,riverWaterBody,HMWB,Inapplicable,"MZB_4_1,75",AT1001,euSubUnitCode,DANUBE,AT1000,euRBDCode,DANUBE,F,48.20913,16.20892
AT,ATFW92001017,euMonitoringSiteCode,ATFW92001017,euMonitoringSiteCode,NO INTERNATIONAL NAME,ATOK409040013,euSurfaceWaterBodyCode,NO INTERNATIONAL NAME,riverWaterBody,HMWB,Inapplicable,MZB_16_2,AT1001,euSubUnitCode,DANUBE,AT1000,euRBDCode,DANUBE,F,48.2619,16.371
AT,ATKK10003152,euMonitoringSiteCode,ATKK10003152,euMonitoringSiteCode,NO INTERNATIONAL NAME,ATGK100146,euGroundWaterBodyCode,NO INTERNATIONAL NAME,groundWaterBody,,,,,,,AT1000,euRBDCode,DANUBE,F,47.95849,16.74502
AT,ATKK20201032,euMonitoringSiteCode,ATKK20201032,euMonitoringSiteCode,NO INTERNATIONAL NAME,ATGK100077,euGroundWaterBodyCode,NO INTERNATIONAL NAME,groundWaterBody,,,,,,,AT1000,euRBDCode,DANUBE,F,46.63111,13.8094
AT,ATKK20305052,euMonitoringSiteCode,ATKK20305052,euMonitoringSiteCode,NO INTERNATIONAL NAME,ATGK100077,euGroundWaterBodyCode,NO INTERNATIONAL NAME,groundWaterBody,,,,,,,AT1000,euRBDCode,DANUBE,F,46.61766,13.23342
AT,ATKK20305092,euMonitoringSiteCode,ATKK20305092,euMonitoringSiteCode,NO INTERNATIONAL NAME,ATGK100077,euGroundWaterBodyCode,NO INTERNATIONAL NAME,groundWaterBody,,,,,,,AT1000,euRBDCode,DANUBE,F,46.65721,13.47118
AT,ATKK20305102,euMonitoringSiteCode,ATKK20305102,euMonitoringSiteCode,NO INTERNATIONAL NAME,ATGK100077,euGroundWaterBodyCode,NO INTERNATIONAL NAME,groundWaterBody,,,,,,,AT1000,euRBDCode,DANUBE,F,46.65272,13.46986
AT,ATKK20305202,euMonitoringSiteCode,ATKK20305202,euMonitoringSiteCode,NO INTERNATIONAL NAME,ATGK100077,euGroundWaterBodyCode,NO INTERNATIONAL NAME,groundWaterBody,,,,,,,AT1000,euRBDCode,DANUBE,F,46.63653,13.46198
AT,ATKK20307202,euMonitoringSiteCode,ATKK20307202,euMonitoringSiteCode,NO INTERNATIONAL NAME,ATGK100077,euGroundWaterBodyCode,NO INTERNATIONAL NAME,groundWaterBody,,,,,,,AT1000,euRBDCode,DANUBE,F,46.65052,13.00731
AT,ATKK20307212,euMonitoringSiteCode,ATKK20307212,euMonitoringSiteCode,NO INTERNATIONAL NAME,ATGK100077,euGroundWaterBodyCode,NO INTERNATIONAL NAME,groundWaterBody,,,,,,,AT1000,euRBDCode,DANUBE,F,46.63973,13.01129
AT,ATKK20405052,euMonitoringSiteCode,ATKK20405052,euMonitoringSiteCode,NO INTERNATIONAL NAME,ATGK100077,euGroundWaterBodyCode,NO INTERNATIONAL NAME,groundWaterBody,,,,,,,AT1000,euRBDCode,DANUBE,F,46.47209,14.21823
AT,ATKK20405202,euMonitoringSiteCode,ATKK20405202,euMonitoringSiteCode,NO INTERNATIONAL NAME,ATGK100077,euGroundWaterBodyCode,NO INTERNATIONAL NAME,groundWaterBody,,,,,,,AT1000,euRBDCode,DANUBE,F,46.52669,14.25433
AT,ATKK20409062,euMonitoringSiteCode,ATKK20409062,euMonitoringSiteCode,NO INTERNATIONAL NAME,ATGK100075,euGroundWaterBodyCode,NO INTERNATIONAL NAME,groundWaterBody,,,,,,,AT1000,euRBDCode,DANUBE,F,46.60108,14.48277
AT,ATKK20412062,euMonitoringSiteCode,ATKK20412062,euMonitoringSiteCode,NO INTERNATIONAL NAME,ATGK100075,euGroundWaterBodyCode,NO INTERNATIONAL NAME,groundWaterBody,,,,,,,AT1000,euRBDCode,DANUBE,F,46.58647,14.20445
AT,ATKK20414052,euMonitoringSiteCode,ATKK20414052,euMonitoringSiteCode,NO INTERNATIONAL NAME,ATGK100075,euGroundWaterBodyCode,NO INTERNATIONAL NAME,groundWaterBody,,,,,,,AT1000,euRBDCode,DANUBE,F,46.5503,14.22734
AT,ATKK20417072,euMonitoringSiteCode,ATKK20417072,euMonitoringSiteCode,NO INTERNATIONAL NAME,ATGK100075,euGroundWaterBodyCode,NO INTERNATIONAL NAME,groundWaterBody,,,,,,,AT1000,euRBDCode,DANUBE,F,46.55342,14.28609
AT,ATKK20441012,euMonitoringSiteCode,ATKK20441012,euMonitoringSiteCode,NO INTERNATIONAL NAME,ATGK100194,euGroundWaterBodyCode,NO INTERNATIONAL NAME,groundWaterBody,,,,,,,AT1000,euRBDCode,DANUBE,F,46.45129,14.33766
AT,ATKK20506012,euMonitoringSiteCode,ATKK20506012,euMonitoringSiteCode,NO INTERNATIONAL NAME,ATGK100184,euGroundWaterBodyCode,NO INTERNATIONAL NAME,groundWaterBody,,,,,,,AT1000,euRBDCode,DANUBE,F,46.96025,14.0213
AT,ATKK20601022,euMonitoringSiteCode,ATKK20601022,euMonitoringSiteCode,NO INTERNATIONAL NAME,ATGK100186,euGroundWaterBodyCode,NO INTERNATIONAL NAME,groundWaterBody,,,,,,,AT1000,euRBDCode,DANUBE,F,46.83193,13.76792
AT,ATKK20602052,euMonitoringSiteCode,ATKK20602052,euMonitoringSiteCode,NO INTERNATIONAL NAME,ATGK100186,euGroundWaterBodyCode,NO INTERNATIONAL NAME,groundWaterBody,,,,,,,AT1000,euRBDCode,DANUBE,F,46.84892,13.40871
AT,ATKK20607012,euMonitoringSiteCode,ATKK20607012,euMonitoringSiteCode,NO INTERNATIONAL NAME,ATGK100186,euGroundWaterBodyCode,NO INTERNATIONAL NAME,groundWaterBody,,,,,,,AT1000,euRBDCode,DANUBE,F,46.95392,13.07376
AT,ATKK20610022,euMonitoringSiteCode,ATKK20610022,euMonitoringSiteCode,NO INTERNATIONAL NAME,ATGK100186,euGroundWaterBodyCode,NO INTERNATIONAL NAME,groundWaterBody,,,,,,,AT1000,euRBDCode,DANUBE,F,47.03876,12.8746
AT,ATKK20613122,euMonitoringSiteCode,ATKK20613122,euMonitoringSiteCode,NO INTERNATIONAL NAME,ATGK100186,euGroundWaterBodyCode,NO INTERNATIONAL NAME,groundWaterBody,,,,,,,AT1000,euRBDCode,DANUBE,F,46.74367,13.33134
AT,ATKK20625042,euMonitoringSiteCode,ATKK20625042,euMonitoringSiteCode,NO INTERNATIONAL NAME,ATGK100186,euGroundWaterBodyCode,NO INTERNATIONAL NAME,groundWaterBody,,,,,,,AT1000,euRBDCode,DANUBE,F,46.7556,12.94774
AT,ATKK20627042,euMonitoringSiteCode,ATKK20627042,euMonitoringSiteCode,NO INTERNATIONAL NAME,ATGK100186,euGroundWaterBodyCode,NO INTERNATIONAL NAME,groundWaterBody,,,,,,,AT1000,euRBDCode,DANUBE,F,46.93704,13.19996
AT,ATKK20632012,euMonitoringSiteCode,ATKK20632012,euMonitoringSiteCode,NO INTERNATIONAL NAME,ATGK100186,euGroundWaterBodyCode,NO INTERNATIONAL NAME,groundWaterBody,,,,,,,AT1000,euRBDCode,DANUBE,F,47.05554,13.62228
AT,ATKK20702032,euMonitoringSiteCode,ATKK20702032,euMonitoringSiteCode,NO INTERNATIONAL NAME,ATGK100077,euGroundWaterBodyCode,NO INTERNATIONAL NAME,groundWaterBody,,,,,,,AT1000,euRBDCode,DANUBE,F,46.54065,13.69777
AT,ATKK20707102,euMonitoringSiteCode,ATKK20707102,euMonitoringSiteCode,NO INTERNATIONAL NAME,ATGK100194,euGroundWaterBodyCode,NO INTERNATIONAL NAME,groundWaterBody,,,,,,,AT1000,euRBDCode,DANUBE,F,46.53362,14.79167
AT,ATKK20711052,euMonitoringSiteCode,ATKK20711052,euMonitoringSiteCode,NO INTERNATIONAL NAME,ATGK100077,euGroundWaterBodyCode,NO INTERNATIONAL NAME,groundWaterBody,,,,,,,AT1000,euRBDCode,DANUBE,F,46.5403,13.97811
AT,ATKK20722052,euMonitoringSiteCode,ATKK20722052,euMonitoringSiteCode,NO INTERNATIONAL NAME,ATGK100194,euGroundWaterBodyCode,NO INTERNATIONAL NAME,groundWaterBody,,,,,,,AT1000,euRBDCode,DANUBE,F,46.49419,14.01534
AT,ATKK20722062,euMonitoringSiteCode,ATKK20722062,euMonitoringSiteCode,NO INTERNATIONAL NAME,ATGK100077,euGroundWaterBodyCode,NO INTERNATIONAL NAME,groundWaterBody,,,,,,,AT1000,euRBDCode,DANUBE,F,46.55274,14.00435
AT,ATKK20725012,euMonitoringSiteCode,ATKK20725012,euMonitoringSiteCode,NO INTERNATIONAL NAME,ATGK100075,euGroundWaterBodyCode,NO INTERNATIONAL NAME,groundWaterBody,,,,,,,AT1000,euRBDCode,DANUBE,F,46.57563,14.08423
AT,ATKK20725022,euMonitoringSiteCode,ATKK20725022,euMonitoringSiteCode,NO INTERNATIONAL NAME,ATGK100186,euGroundWaterBodyCode,NO INTERNATIONAL NAME,groundWaterBody,,,,,,,AT1000,euRBDCode,DANUBE,F,46.60718,14.07684
AT,ATKK20804032,euMonitoringSiteCode,ATKK20804032,euMonitoringSiteCode,NO INTERNATIONAL NAME,ATGK100077,euGroundWaterBodyCode,NO INTERNATIONAL NAME,groundWaterBody,,,,,,,AT1000,euRBDCode,DANUBE,F,46.52358,14.57758
AT,ATKK20807092,euMonitoringSiteCode,ATKK20807092,euMonitoringSiteCode,NO INTERNATIONAL NAME,ATGK100194,euGroundWaterBodyCode,NO INTERNATIONAL NAME,groundWaterBody,,,,,,,AT1000,euRBDCode,DANUBE,F,46.54186,14.70842
AT,ATKK20914022,euMonitoringSiteCode,ATKK20914022,euMonitoringSiteCode,NO INTERNATIONAL NAME,ATGK100186,euGroundWaterBodyCode,NO INTERNATIONAL NAME,groundWaterBody,,,,,,,AT1000,euRBDCode,DANUBE,F,46.73468,14.96207
AT,ATKK20923012,euMonitoringSiteCode,ATKK20923012,euMonitoringSiteCode,NO INTERNATIONAL NAME,ATGK100186,euGroundWaterBodyCode,NO INTERNATIONAL NAME,groundWaterBody,,,,,,,AT1000,euRBDCode,DANUBE,F,46.80603,14.94458
AT,ATKK20923082,euMonitoringSiteCode,ATKK20923082,euMonitoringSiteCode,NO INTERNATIONAL NAME,ATGK100186,euGroundWaterBodyCode,NO INTERNATIONAL NAME,groundWaterBody,,,,,,,AT1000,euRBDCode,DANUBE,F,46.83882,14.70951
AT,ATKK21001012,euMonitoringSiteCode,ATKK21001012,euMonitoringSiteCode,NO INTERNATIONAL NAME,ATGK100186,euGroundWaterBodyCode,NO INTERNATIONAL NAME,groundWaterBody,,,,,,,AT1000,euRBDCode,DANUBE,F,46.84353,13.97783
AT,ATKK30500752,euMonitoringSiteCode,ATKK30500752,euMonitoringSiteCode,NO INTERNATIONAL NAME,ATGK100189,euGroundWaterBodyCode,NO INTERNATIONAL NAME,groundWaterBody,,,,,,,AT1000,euRBDCode,DANUBE,F,47.92255,14.83305
AT,ATKK30500762,euMonitoringSiteCode,ATKK30500762,euMonitoringSiteCode,NO INTERNATIONAL NAME,ATGK100189,euGroundWaterBodyCode,NO INTERNATIONAL NAME,groundWaterBody,,,,,,,AT1000,euRBDCode,DANUBE,F,47.84187,14.87752
AT,ATKK30500772,euMonitoringSiteCode,ATKK30500772,euMonitoringSiteCode,NO INTERNATIONAL NAME,ATGK100189,euGroundWaterBodyCode,NO INTERNATIONAL NAME,groundWaterBody,,,,,,,AT1000,euRBDCode,DANUBE,F,47.8978,14.93403
AT,ATKK30500882,euMonitoringSiteCode,ATKK30500882,euMonitoringSiteCode,NO INTERNATIONAL NAME,ATGK100189,euGroundWaterBodyCode,NO INTERNATIONAL NAME,groundWaterBody,,,,,,,AT1000,euRBDCode,DANUBE,F,47.81358,14.76848
AT,ATKK30600472,euMonitoringSiteCode,ATKK30600472,euMonitoringSiteCode,NO INTERNATIONAL NAME,ATGK100189,euGroundWaterBodyCode,NO INTERNATIONAL NAME,groundWaterBody,,,,,,,AT1000,euRBDCode,DANUBE,F,47.96716,16.08062
AT,ATKK31400082,euMonitoringSiteCode,ATKK31400082,euMonitoringSiteCode,NO INTERNATIONAL NAME,ATGK100189,euGroundWaterBodyCode,NO INTERNATIONAL NAME,groundWaterBody,,,,,,,AT1000,euRBDCode,DANUBE,F,47.86214,15.37023
AT,ATKK31400092,euMonitoringSiteCode,ATKK31400092,euMonitoringSiteCode,NO INTERNATIONAL NAME,ATGK100189,euGroundWaterBodyCode,NO INTERNATIONAL NAME,groundWaterBody,,,,,,,AT1000,euRBDCode,DANUBE,F,47.91405,15.43651
AT,ATKK31400112,euMonitoringSiteCode,ATKK31400112,euMonitoringSiteCode,NO INTERNATIONAL NAME,ATGK100189,euGroundWaterBodyCode,NO INTERNATIONAL NAME,groundWaterBody,,,,,,,AT1000,euRBDCode,DANUBE,F,47.85214,15.57041
AT,ATKK31400142,euMonitoringSiteCode,ATKK31400142,euMonitoringSiteCode,NO INTERNATIONAL NAME,ATGK100189,euGroundWaterBodyCode,NO INTERNATIONAL NAME,groundWaterBody,,,,,,,AT1000,euRBDCode,DANUBE,F,47.96694,15.85275
AT,ATKK31500872,euMonitoringSiteCode,ATKK31500872,euMonitoringSiteCode,NO INTERNATIONAL NAME,ATGK100032,euGroundWaterBodyCode,NO INTERNATIONAL NAME,groundWaterBody,,,,,,,AT1000,euRBDCode,DANUBE,F,48.19992,15.1331
AT,ATKK31800132,euMonitoringSiteCode,ATKK31800132,euMonitoringSiteCode,NO INTERNATIONAL NAME,ATGK100191,euGroundWaterBodyCode,NO INTERNATIONAL NAME,groundWaterBody,,,,,,,AT1000,euRBDCode,DANUBE,F,47.63359,16.13777
AT,ATKK31800192,euMonitoringSiteCode,ATKK31800192,euMonitoringSiteCode,NO INTERNATIONAL NAME,ATGK100089,euGroundWaterBodyCode,NO INTERNATIONAL NAME,groundWaterBody,,,,,,,AT1000,euRBDCode,DANUBE,F,47.8018,16.03053
AT,ATKK31800202,euMonitoringSiteCode,ATKK31800202,euMonitoringSiteCode,NO INTERNATIONAL NAME,ATGK100093,euGroundWaterBodyCode,NO INTERNATIONAL NAME,groundWaterBody,,,,,,,AT1000,euRBDCode,DANUBE,F,47.63777,15.88092
AT,ATKK31800212,euMonitoringSiteCode,ATKK31800212,euMonitoringSiteCode,NO INTERNATIONAL NAME,ATGK100083,euGroundWaterBodyCode,NO INTERNATIONAL NAME,groundWaterBody,,,,,,,AT1000,euRBDCode,DANUBE,F,47.68397,15.74186
AT,ATKK31800222,euMonitoringSiteCode,ATKK31800222,euMonitoringSiteCode,NO INTERNATIONAL NAME,ATGK100089,euGroundWaterBodyCode,NO INTERNATIONAL NAME,groundWaterBody,,,,,,,AT1000,euRBDCode,DANUBE,F,47.81386,15.89617
AT,ATKK31800232,euMonitoringSiteCode,ATKK31800232,euMonitoringSiteCode,NO INTERNATIONAL NAME,ATGK100191,euGroundWaterBodyCode,NO INTERNATIONAL NAME,groundWaterBody,,,,,,,AT1000,euRBDCode,DANUBE,F,47.62143,15.96668
AT,ATKK31800242,euMonitoringSiteCode,ATKK31800242,euMonitoringSiteCode,NO INTERNATIONAL NAME,ATGK100089,euGroundWaterBodyCode,NO INTERNATIONAL NAME,groundWaterBody,,,,,,,AT1000,euRBDCode,DANUBE,F,47.81519,15.70781
AT,ATKK31900522,euMonitoringSiteCode,ATKK31900522,euMonitoringSiteCode,NO INTERNATIONAL NAME,ATGK100189,euGroundWaterBodyCode,NO INTERNATIONAL NAME,groundWaterBody,,,,,,,AT1000,euRBDCode,DANUBE,F,47.96252,15.28973
AT,ATKK32000032,euMonitoringSiteCode,ATKK32000032,euMonitoringSiteCode,NO INTERNATIONAL NAME,ATGK100189,euGroundWaterBodyCode,NO INTERNATIONAL NAME,groundWaterBody,,,,,,,AT1000,euRBDCode,DANUBE,F,47.94062,15.02373
AT,ATKK32000222,euMonitoringSiteCode,ATKK32000222,euMonitoringSiteCode,NO INTERNATIONAL NAME,ATGK100189,euGroundWaterBodyCode,NO INTERNATIONAL NAME,groundWaterBody,,,,,,,AT1000,euRBDCode,DANUBE,F,47.90908,15.20207
AT,ATKK32000322,euMonitoringSiteCode,ATKK32000322,euMonitoringSiteCode,NO INTERNATIONAL NAME,ATGK100189,euGroundWaterBodyCode,NO INTERNATIONAL NAME,groundWaterBody,,,,,,,AT1000,euRBDCode,DANUBE,F,47.79022,14.96948
AT,ATKK32000352,euMonitoringSiteCode,ATKK32000352,euMonitoringSiteCode,NO INTERNATIONAL NAME,ATGK100189,euGroundWaterBodyCode,NO INTERNATIONAL NAME,groundWaterBody,,,,,,,AT1000,euRBDCode,DANUBE,F,47.85448,15.12658
AT,ATKK32300522,euMonitoringSiteCode,ATKK32300522,euMonitoringSiteCode,NO INTERNATIONAL NAME,ATGK100189,euGroundWaterBodyCode,NO INTERNATIONAL NAME,groundWaterBody,,,,,,,AT1000,euRBDCode,DANUBE,F,47.89539,15.91355
AT,ATKK40608022,euMonitoringSiteCode,ATKK40608022,euMonitoringSiteCode,NO INTERNATIONAL NAME,ATGK100190,euGroundWaterBodyCode,NO INTERNATIONAL NAME,groundWaterBody,,,,,,,AT1000,euRBDCode,DANUBE,F,48.44499,14.85629
AT,ATKK40608032,euMonitoringSiteCode,ATKK40608032,euMonitoringSiteCode,NO INTERNATIONAL NAME,ATGK100190,euGroundWaterBodyCode,NO INTERNATIONAL NAME,groundWaterBody,,,,,,,AT1000,euRBDCode,DANUBE,F,48.35746,14.80647
AT,ATKK40701012,euMonitoringSiteCode,ATKK40701012,euMonitoringSiteCode,NO INTERNATIONAL NAME,ATGK100188,euGroundWaterBodyCode,NO INTERNATIONAL NAME,groundWaterBody,,,,,,,AT1000,euRBDCode,DANUBE,F,47.87147,13.6722
AT,ATKK40702012,euMonitoringSiteCode,ATKK40702012,euMonitoringSiteCode,NO INTERNATIONAL NAME,ATGK100189,euGroundWaterBodyCode,NO INTERNATIONAL NAME,groundWaterBody,,,,,,,AT1000,euRBDCode,DANUBE,F,47.63503,13.60014
AT,ATKK40703012,euMonitoringSiteCode,ATKK40703012,euMonitoringSiteCode,NO INTERNATIONAL NAME,ATGK100189,euGroundWaterBodyCode,NO INTERNATIONAL NAME,groundWaterBody,,,,,,,AT1000,euRBDCode,DANUBE,F,47.78517,13.64762
AT,ATKK40704012,euMonitoringSiteCode,ATKK40704012,euMonitoringSiteCode,NO INTERNATIONAL NAME,ATGK100189,euGroundWaterBodyCode,NO INTERNATIONAL NAME,groundWaterBody,,,,,,,AT1000,euRBDCode,DANUBE,F,47.7876,13.73307
AT,ATKK40706012,euMonitoringSiteCode,ATKK40706012,euMonitoringSiteCode,NO INTERNATIONAL NAME,ATGK100189,euGroundWaterBodyCode,NO INTERNATIONAL NAME,groundWaterBody,,,,,,,AT1000,euRBDCode,DANUBE,F,47.54434,13.50667
AT,ATKK40707022,euMonitoringSiteCode,ATKK40707022,euMonitoringSiteCode,NO INTERNATIONAL NAME,ATGK100189,euGroundWaterBodyCode,NO INTERNATIONAL NAME,groundWaterBody,,,,,,,AT1000,euRBDCode,DANUBE,F,47.74828,14.05161
AT,ATKK40708012,euMonitoringSiteCode,ATKK40708012,euMonitoringSiteCode,NO INTERNATIONAL NAME,ATGK100188,euGroundWaterBodyCode,NO INTERNATIONAL NAME,groundWaterBody,,,,,,,AT1000,euRBDCode,DANUBE,F,47.90948,13.85443
AT,ATKK40709012,euMonitoringSiteCode,ATKK40709012,euMonitoringSiteCode,NO INTERNATIONAL NAME,ATGK100189,euGroundWaterBodyCode,NO INTERNATIONAL NAME,groundWaterBody,,,,,,,AT1000,euRBDCode,DANUBE,F,47.54491,13.65816
AT,ATKK40709022,euMonitoringSiteCode,ATKK40709022,euMonitoringSiteCode,NO INTERNATIONAL NAME,ATGK100189,euGroundWaterBodyCode,NO INTERNATIONAL NAME,groundWaterBody,,,,,,,AT1000,euRBDCode,DANUBE,F,47.54326,13.60234
AT,ATKK40717012,euMonitoringSiteCode,ATKK40717012,euMonitoringSiteCode,NO INTERNATIONAL NAME,ATGK100189,euGroundWaterBodyCode,NO INTERNATIONAL NAME,groundWaterBody,,,,,,,AT1000,euRBDCode,DANUBE,F,47.74046,13.52064
AT,ATKK40719042,euMonitoringSiteCode,ATKK40719042,euMonitoringSiteCode,NO INTERNATIONAL NAME,ATGK100189,euGroundWaterBodyCode,NO INTERNATIONAL NAME,groundWaterBody,,,,,,,AT1000,euRBDCode,DANUBE,F,47.85599,13.93812
AT,ATKK40801012,euMonitoringSiteCode,ATKK40801012,euMonitoringSiteCode,NO INTERNATIONAL NAME,ATGK100056,euGroundWaterBodyCode,NO INTERNATIONAL NAME,groundWaterBody,,,,,,,AT1000,euRBDCode,DANUBE,F,48.1852,13.74687
AT,ATKK40809012,euMonitoringSiteCode,ATKK40809012,euMonitoringSiteCode,NO INTERNATIONAL NAME,ATGK100198,euGroundWaterBodyCode,NO INTERNATIONAL NAME,groundWaterBody,,,,,,,AT1000,euRBDCode,DANUBE,F,48.18108,13.61905
AT,ATKK40811012,euMonitoringSiteCode,ATKK40811012,euMonitoringSiteCode,NO INTERNATIONAL NAME,ATGK100056,euGroundWaterBodyCode,NO INTERNATIONAL NAME,groundWaterBody,,,,,,,AT1000,euRBDCode,DANUBE,F,48.21221,13.74035
AT,ATKK40819012,euMonitoringSiteCode,ATKK40819012,euMonitoringSiteCode,NO INTERNATIONAL NAME,ATGK100056,euGroundWaterBodyCode,NO INTERNATIONAL NAME,groundWaterBody,,,,,,,AT1000,euRBDCode,DANUBE,F,48.34613,13.77108
AT,ATKK40831012,euMonitoringSiteCode,ATKK40831012,euMonitoringSiteCode,NO INTERNATIONAL NAME,ATGK100056,euGroundWaterBodyCode,NO INTERNATIONAL NAME,groundWaterBody,,,,,,,AT1000,euRBDCode,DANUBE,F,48.31439,13.83555
AT,ATKK40903012,euMonitoringSiteCode,ATKK40903012,euMonitoringSiteCode,NO INTERNATIONAL NAME,ATGK100189,euGroundWaterBodyCode,NO INTERNATIONAL NAME,groundWaterBody,,,,,,,AT1000,euRBDCode,DANUBE,F,47.693,14.11216
AT,ATKK40903022,euMonitoringSiteCode,ATKK40903022,euMonitoringSiteCode,NO INTERNATIONAL NAME,ATGK100189,euGroundWaterBodyCode,NO INTERNATIONAL NAME,groundWaterBody,,,,,,,AT1000,euRBDCode,DANUBE,F,47.69181,14.15478
AT,ATKK40903032,euMonitoringSiteCode,ATKK40903032,euMonitoringSiteCode,NO INTERNATIONAL NAME,ATGK100189,euGroundWaterBodyCode,NO INTERNATIONAL NAME,groundWaterBody,,,,,,,AT1000,euRBDCode,DANUBE,F,47.64278,14.08745
AT,ATKK40904012,euMonitoringSiteCode,ATKK40904012,euMonitoringSiteCode,NO INTERNATIONAL NAME,ATGK100188,euGroundWaterBodyCode,NO INTERNATIONAL NAME,groundWaterBody,,,,,,,AT1000,euRBDCode,DANUBE,F,47.90836,14.06183
AT,ATKK40906012,euMonitoringSiteCode,ATKK40906012,euMonitoringSiteCode,NO INTERNATIONAL NAME,ATGK100189,euGroundWaterBodyCode,NO INTERNATIONAL NAME,groundWaterBody,,,,,,,AT1000,euRBDCode,DANUBE,F,47.81796,14.12737
AT,ATKK40909012,euMonitoringSiteCode,ATKK40909012,euMonitoringSiteCode,NO INTERNATIONAL NAME,ATGK100189,euGroundWaterBodyCode,NO INTERNATIONAL NAME,groundWaterBody,,,,,,,AT1000,euRBDCode,DANUBE,F,47.82428,14.35459
AT,ATKK40911012,euMonitoringSiteCode,ATKK40911012,euMonitoringSiteCode,NO INTERNATIONAL NAME,ATGK100188,euGroundWaterBodyCode,NO INTERNATIONAL NAME,groundWaterBody,,,,,,,AT1000,euRBDCode,DANUBE,F,47.93456,14.17867
AT,ATKK40911022,euMonitoringSiteCode,ATKK40911022,euMonitoringSiteCode,NO INTERNATIONAL NAME,ATGK100188,euGroundWaterBodyCode,NO INTERNATIONAL NAME,groundWaterBody,,,,,,,AT1000,euRBDCode,DANUBE,F,47.93808,14.18944
AT,ATKK40915012,euMonitoringSiteCode,ATKK40915012,euMonitoringSiteCode,NO INTERNATIONAL NAME,ATGK100189,euGroundWaterBodyCode,NO INTERNATIONAL NAME,groundWaterBody,,,,,,,AT1000,euRBDCode,DANUBE,F,47.75533,14.31589
AT,ATKK40915022,euMonitoringSiteCode,ATKK40915022,euMonitoringSiteCode,NO INTERNATIONAL NAME,ATGK100189,euGroundWaterBodyCode,NO INTERNATIONAL NAME,groundWaterBody,,,,,,,AT1000,euRBDCode,DANUBE,F,47.69179,14.27472
AT,ATKK40916012,euMonitoringSiteCode,ATKK40916012,euMonitoringSiteCode,NO INTERNATIONAL NAME,ATGK100189,euGroundWaterBodyCode,NO INTERNATIONAL NAME,groundWaterBody,,,,,,,AT1000,euRBDCode,DANUBE,F,47.78682,14.20433
AT,ATKK40918012,euMonitoringSiteCode,ATKK40918012,euMonitoringSiteCode,NO INTERNATIONAL NAME,ATGK100189,euGroundWaterBodyCode,NO INTERNATIONAL NAME,groundWaterBody,,,,,,,AT1000,euRBDCode,DANUBE,F,47.62757,14.31483
AT,ATKK40918022,euMonitoringSiteCode,ATKK40918022,euMonitoringSiteCode,NO INTERNATIONAL NAME,ATGK100189,euGroundWaterBodyCode,NO INTERNATIONAL NAME,groundWaterBody,,,,,,,AT1000,euRBDCode,DANUBE,F,47.62764,14.30685
AT,ATKK40920012,euMonitoringSiteCode,ATKK40920012,euMonitoringSiteCode,NO INTERNATIONAL NAME,ATGK100188,euGroundWaterBodyCode,NO INTERNATIONAL NAME,groundWaterBody,,,,,,,AT1000,euRBDCode,DANUBE,F,47.95911,14.26346
AT,ATKK40920022,euMonitoringSiteCode,ATKK40920022,euMonitoringSiteCode,NO INTERNATIONAL NAME,ATGK100188,euGroundWaterBodyCode,NO INTERNATIONAL NAME,groundWaterBody,,,,,,,AT1000,euRBDCode,DANUBE,F,47.9751,14.28786
AT,ATKK41308022,euMonitoringSiteCode,ATKK41308022,euMonitoringSiteCode,NO INTERNATIONAL NAME,ATGK100190,euGroundWaterBodyCode,NO INTERNATIONAL NAME,groundWaterBody,,,,,,,AT1000,euRBDCode,DANUBE,F,48.58623,13.97917
AT,ATKK41308032,euMonitoringSiteCode,ATKK41308032,euMonitoringSiteCode,NO INTERNATIONAL NAME,ATGK100190,euGroundWaterBodyCode,NO INTERNATIONAL NAME,groundWaterBody,,,,,,,AT1000,euRBDCode,DANUBE,F,48.5833,14.02116
AT,ATKK41409012,euMonitoringSiteCode,ATKK41409012,euMonitoringSiteCode,NO INTERNATIONAL NAME,ATGK100011,euGroundWaterBodyCode,NO INTERNATIONAL NAME,groundWaterBody,,,,,,,AT1000,euRBDCode,DANUBE,F,48.53293,13.55597
AT,ATKK41426022,euMonitoringSiteCode,ATKK41426022,euMonitoringSiteCode,NO INTERNATIONAL NAME,ATGK100015,euGroundWaterBodyCode,NO INTERNATIONAL NAME,groundWaterBody,,,,,,,AT1000,euRBDCode,DANUBE,F,48.41331,13.55006
AT,ATKK41514012,euMonitoringSiteCode,ATKK41514012,euMonitoringSiteCode,NO INTERNATIONAL NAME,ATGK100188,euGroundWaterBodyCode,NO INTERNATIONAL NAME,groundWaterBody,,,,,,,AT1000,euRBDCode,DANUBE,F,47.9769,14.4862
AT,ATKK41609022,euMonitoringSiteCode,ATKK41609022,euMonitoringSiteCode,NO INTERNATIONAL NAME,ATGK100190,euGroundWaterBodyCode,NO INTERNATIONAL NAME,groundWaterBody,,,,,,,AT1000,euRBDCode,DANUBE,F,48.37237,14.22089
AT,ATKK41619012,euMonitoringSiteCode,ATKK41619012,euMonitoringSiteCode,NO INTERNATIONAL NAME,ATGK100190,euGroundWaterBodyCode,NO INTERNATIONAL NAME,groundWaterBody,,,,,,,AT1000,euRBDCode,DANUBE,F,48.45958,14.3387
AT,ATKK41723012,euMonitoringSiteCode,ATKK41723012,euMonitoringSiteCode,NO INTERNATIONAL NAME,ATGK100197,euGroundWaterBodyCode,NO INTERNATIONAL NAME,groundWaterBody,,,,,,,AT1000,euRBDCode,DANUBE,F,48.01581,13.48139
AT,ATKK41724012,euMonitoringSiteCode,ATKK41724012,euMonitoringSiteCode,NO INTERNATIONAL NAME,ATGK100197,euGroundWaterBodyCode,NO INTERNATIONAL NAME,groundWaterBody,,,,,,,AT1000,euRBDCode,DANUBE,F,48.02718,13.64638
AT,ATKK41740012,euMonitoringSiteCode,ATKK41740012,euMonitoringSiteCode,NO INTERNATIONAL NAME,ATGK100189,euGroundWaterBodyCode,NO INTERNATIONAL NAME,groundWaterBody,,,,,,,AT1000,euRBDCode,DANUBE,F,47.79163,13.57823
AT,ATKK41741012,euMonitoringSiteCode,ATKK41741012,euMonitoringSiteCode,NO INTERNATIONAL NAME,ATGK100188,euGroundWaterBodyCode,NO INTERNATIONAL NAME,groundWaterBody,,,,,,,AT1000,euRBDCode,DANUBE,F,47.91062,13.41285
AT,ATKK41745012,euMonitoringSiteCode,ATKK41745012,euMonitoringSiteCode,NO INTERNATIONAL NAME,ATGK100188,euGroundWaterBodyCode,NO INTERNATIONAL NAME,groundWaterBody,,,,,,,AT1000,euRBDCode,DANUBE,F,47.80981,13.45812
AT,ATKK41808062,euMonitoringSiteCode,ATKK41808062,euMonitoringSiteCode,NO INTERNATIONAL NAME,ATGK100056,euGroundWaterBodyCode,NO INTERNATIONAL NAME,groundWaterBody,,,,,,,AT1000,euRBDCode,DANUBE,F,48.16559,13.91615
AT,ATKK51103012,euMonitoringSiteCode,ATKK51103012,euMonitoringSiteCode,NO INTERNATIONAL NAME,ATGK100010,euGroundWaterBodyCode,NO INTERNATIONAL NAME,groundWaterBody,,,,,,,AT1000,euRBDCode,DANUBE,F,47.21805,12.15589
AT,ATKK51103032,euMonitoringSiteCode,ATKK51103032,euMonitoringSiteCode,NO INTERNATIONAL NAME,ATGK100010,euGroundWaterBodyCode,NO INTERNATIONAL NAME,groundWaterBody,,,,,,,AT1000,euRBDCode,DANUBE,F,47.25613,12.27664
AT,ATKK51103092,euMonitoringSiteCode,ATKK51103092,euMonitoringSiteCode,NO INTERNATIONAL NAME,ATGK100010,euGroundWaterBodyCode,NO INTERNATIONAL NAME,groundWaterBody,,,,,,,AT1000,euRBDCode,DANUBE,F,47.21443,12.7278
AT,ATKK51103162,euMonitoringSiteCode,ATKK51103162,euMonitoringSiteCode,NO INTERNATIONAL NAME,ATGK100010,euGroundWaterBodyCode,NO INTERNATIONAL NAME,groundWaterBody,,,,,,,AT1000,euRBDCode,DANUBE,F,47.19784,12.83097
AT,ATKK51200062,euMonitoringSiteCode,ATKK51200062,euMonitoringSiteCode,NO INTERNATIONAL NAME,ATGK100009,euGroundWaterBodyCode,NO INTERNATIONAL NAME,groundWaterBody,,,,,,,AT1000,euRBDCode,DANUBE,F,47.65151,12.68945
AT,ATKK51200082,euMonitoringSiteCode,ATKK51200082,euMonitoringSiteCode,NO INTERNATIONAL NAME,ATGK100009,euGroundWaterBodyCode,NO INTERNATIONAL NAME,groundWaterBody,,,,,,,AT1000,euRBDCode,DANUBE,F,47.61945,12.75106
AT,ATKK51200202,euMonitoringSiteCode,ATKK51200202,euMonitoringSiteCode,NO INTERNATIONAL NAME,ATGK100009,euGroundWaterBodyCode,NO INTERNATIONAL NAME,groundWaterBody,,,,,,,AT1000,euRBDCode,DANUBE,F,47.56163,12.70518
AT,ATKK51200262,euMonitoringSiteCode,ATKK51200262,euMonitoringSiteCode,NO INTERNATIONAL NAME,ATGK100009,euGroundWaterBodyCode,NO INTERNATIONAL NAME,groundWaterBody,,,,,,,AT1000,euRBDCode,DANUBE,F,47.52404,12.74415
AT,ATKK51200482,euMonitoringSiteCode,ATKK51200482,euMonitoringSiteCode,NO INTERNATIONAL NAME,ATGK100009,euGroundWaterBodyCode,NO INTERNATIONAL NAME,groundWaterBody,,,,,,,AT1000,euRBDCode,DANUBE,F,47.47138,12.83232
AT,ATKK51201592,euMonitoringSiteCode,ATKK51201592,euMonitoringSiteCode,NO INTERNATIONAL NAME,ATGK100010,euGroundWaterBodyCode,NO INTERNATIONAL NAME,groundWaterBody,,,,,,,AT1000,euRBDCode,DANUBE,F,47.4268,12.93484
AT,ATKK51202902,euMonitoringSiteCode,ATKK51202902,euMonitoringSiteCode,NO INTERNATIONAL NAME,ATGK100010,euGroundWaterBodyCode,NO INTERNATIONAL NAME,groundWaterBody,,,,,,,AT1000,euRBDCode,DANUBE,F,47.42929,12.69217
AT,ATKK52100462,euMonitoringSiteCode,ATKK52100462,euMonitoringSiteCode,NO INTERNATIONAL NAME,ATGK100009,euGroundWaterBodyCode,NO INTERNATIONAL NAME,groundWaterBody,,,,,,,AT1000,euRBDCode,DANUBE,F,47.48861,13.20649
AT,ATKK52100502,euMonitoringSiteCode,ATKK52100502,euMonitoringSiteCode,NO INTERNATIONAL NAME,ATGK100009,euGroundWaterBodyCode,NO INTERNATIONAL NAME,groundWaterBody,,,,,,,AT1000,euRBDCode,DANUBE,F,47.42374,13.14434
AT,ATKK52103272,euMonitoringSiteCode,ATKK52103272,euMonitoringSiteCode,NO INTERNATIONAL NAME,ATGK100010,euGroundWaterBodyCode,NO INTERNATIONAL NAME,groundWaterBody,,,,,,,AT1000,euRBDCode,DANUBE,F,47.12596,13.17179
AT,ATKK52103302,euMonitoringSiteCode,ATKK52103302,euMonitoringSiteCode,NO INTERNATIONAL NAME,ATGK100010,euGroundWaterBodyCode,NO INTERNATIONAL NAME,groundWaterBody,,,,,,,AT1000,euRBDCode,DANUBE,F,47.23855,13.34054
AT,ATKK52103352,euMonitoringSiteCode,ATKK52103352,euMonitoringSiteCode,NO INTERNATIONAL NAME,ATGK100010,euGroundWaterBodyCode,NO INTERNATIONAL NAME,groundWaterBody,,,,,,,AT1000,euRBDCode,DANUBE,F,47.34202,13.30481
AT,ATKK52111452,euMonitoringSiteCode,ATKK52111452,euMonitoringSiteCode,NO INTERNATIONAL NAME,ATGK100009,euGroundWaterBodyCode,NO INTERNATIONAL NAME,groundWaterBody,,,,,,,AT1000,euRBDCode,DANUBE,F,47.55064,13.16647
AT,ATKK52207012,euMonitoringSiteCode,ATKK52207012,euMonitoringSiteCode,NO INTERNATIONAL NAME,ATGK100055,euGroundWaterBodyCode,NO INTERNATIONAL NAME,groundWaterBody,,,,,,,AT1000,euRBDCode,DANUBE,F,47.46963,13.52899
AT,ATKK52207182,euMonitoringSiteCode,ATKK52207182,euMonitoringSiteCode,NO INTERNATIONAL NAME,ATGK100055,euGroundWaterBodyCode,NO INTERNATIONAL NAME,groundWaterBody,,,,,,,AT1000,euRBDCode,DANUBE,F,47.34731,13.49677
AT,ATKK52207212,euMonitoringSiteCode,ATKK52207212,euMonitoringSiteCode,NO INTERNATIONAL NAME,ATGK100055,euGroundWaterBodyCode,NO INTERNATIONAL NAME,groundWaterBody,,,,,,,AT1000,euRBDCode,DANUBE,F,47.3428,13.50205
AT,ATKK52207272,euMonitoringSiteCode,ATKK52207272,euMonitoringSiteCode,NO INTERNATIONAL NAME,ATGK100055,euGroundWaterBodyCode,NO INTERNATIONAL NAME,groundWaterBody,,,,,,,AT1000,euRBDCode,DANUBE,F,47.2546,13.51895
AT,ATKK52207872,euMonitoringSiteCode,ATKK52207872,euMonitoringSiteCode,NO INTERNATIONAL NAME,ATGK100055,euGroundWaterBodyCode,NO INTERNATIONAL NAME,groundWaterBody,,,,,,,AT1000,euRBDCode,DANUBE,F,47.24752,13.41322
AT,ATKK53100412,euMonitoringSiteCode,ATKK53100412,euMonitoringSiteCode,NO INTERNATIONAL NAME,ATGK100009,euGroundWaterBodyCode,NO INTERNATIONAL NAME,groundWaterBody,,,,,,,AT1000,euRBDCode,DANUBE,F,47.60188,13.13704
AT,ATKK53100422,euMonitoringSiteCode,ATKK53100422,euMonitoringSiteCode,NO INTERNATIONAL NAME,ATGK100009,euGroundWaterBodyCode,NO INTERNATIONAL NAME,groundWaterBody,,,,,,,AT1000,euRBDCode,DANUBE,F,47.56314,13.1106
AT,ATKK53100432,euMonitoringSiteCode,ATKK53100432,euMonitoringSiteCode,NO INTERNATIONAL NAME,ATGK100009,euGroundWaterBodyCode,NO INTERNATIONAL NAME,groundWaterBody,,,,,,,AT1000,euRBDCode,DANUBE,F,47.56424,13.27809
AT,ATKK53100442,euMonitoringSiteCode,ATKK53100442,euMonitoringSiteCode,NO INTERNATIONAL NAME,ATGK100009,euGroundWaterBodyCode,NO INTERNATIONAL NAME,groundWaterBody,,,,,,,AT1000,euRBDCode,DANUBE,F,47.54806,13.32462
AT,ATKK53106912,euMonitoringSiteCode,ATKK53106912,euMonitoringSiteCode,NO INTERNATIONAL NAME,ATGK100009,euGroundWaterBodyCode,NO INTERNATIONAL NAME,groundWaterBody,,,,,,,AT1000,euRBDCode,DANUBE,F,47.6632,13.24868
AT,ATKK54100272,euMonitoringSiteCode,ATKK54100272,euMonitoringSiteCode,NO INTERNATIONAL NAME,ATGK100009,euGroundWaterBodyCode,NO INTERNATIONAL NAME,groundWaterBody,,,,,,,AT1000,euRBDCode,DANUBE,F,47.7365,12.99516
AT,ATKK54101032,euMonitoringSiteCode,ATKK54101032,euMonitoringSiteCode,NO INTERNATIONAL NAME,ATGK100014,euGroundWaterBodyCode,NO INTERNATIONAL NAME,groundWaterBody,,,,,,,AT1000,euRBDCode,DANUBE,F,47.9308,12.98585
AT,ATKK54111582,euMonitoringSiteCode,ATKK54111582,euMonitoringSiteCode,NO INTERNATIONAL NAME,ATGK100009,euGroundWaterBodyCode,NO INTERNATIONAL NAME,groundWaterBody,,,,,,,AT1000,euRBDCode,DANUBE,F,47.8051,13.08285
AT,ATKK54206032,euMonitoringSiteCode,ATKK54206032,euMonitoringSiteCode,NO INTERNATIONAL NAME,ATGK100054,euGroundWaterBodyCode,NO INTERNATIONAL NAME,groundWaterBody,,,,,,,AT1000,euRBDCode,DANUBE,F,47.83141,13.22034
AT,ATKK54206662,euMonitoringSiteCode,ATKK54206662,euMonitoringSiteCode,NO INTERNATIONAL NAME,ATGK100189,euGroundWaterBodyCode,NO INTERNATIONAL NAME,groundWaterBody,,,,,,,AT1000,euRBDCode,DANUBE,F,47.65056,13.46707
AT,ATKK55009052,euMonitoringSiteCode,ATKK55009052,euMonitoringSiteCode,NO INTERNATIONAL NAME,ATGK100185,euGroundWaterBodyCode,NO INTERNATIONAL NAME,groundWaterBody,,,,,,,AT1000,euRBDCode,DANUBE,F,47.19929,13.69698
AT,ATKK55009072,euMonitoringSiteCode,ATKK55009072,euMonitoringSiteCode,NO INTERNATIONAL NAME,ATGK100185,euGroundWaterBodyCode,NO INTERNATIONAL NAME,groundWaterBody,,,,,,,AT1000,euRBDCode,DANUBE,F,47.1725,13.62555
AT,ATKK55009092,euMonitoringSiteCode,ATKK55009092,euMonitoringSiteCode,NO INTERNATIONAL NAME,ATGK100185,euGroundWaterBodyCode,NO INTERNATIONAL NAME,groundWaterBody,,,,,,,AT1000,euRBDCode,DANUBE,F,47.19696,13.8369
AT,ATKK55009112,euMonitoringSiteCode,ATKK55009112,euMonitoringSiteCode,NO INTERNATIONAL NAME,ATGK100185,euGroundWaterBodyCode,NO INTERNATIONAL NAME,groundWaterBody,,,,,,,AT1000,euRBDCode,DANUBE,F,47.05551,13.87638
AT,ATKK55009232,euMonitoringSiteCode,ATKK55009232,euMonitoringSiteCode,NO INTERNATIONAL NAME,ATGK100185,euGroundWaterBodyCode,NO INTERNATIONAL NAME,groundWaterBody,,,,,,,AT1000,euRBDCode,DANUBE,F,47.13279,13.66884
AT,ATKK55009342,euMonitoringSiteCode,ATKK55009342,euMonitoringSiteCode,NO INTERNATIONAL NAME,ATGK100185,euGroundWaterBodyCode,NO INTERNATIONAL NAME,groundWaterBody,,,,,,,AT1000,euRBDCode,DANUBE,F,47.16429,13.66508
AT,ATKK55009392,euMonitoringSiteCode,ATKK55009392,euMonitoringSiteCode,NO INTERNATIONAL NAME,ATGK100185,euGroundWaterBodyCode,NO INTERNATIONAL NAME,groundWaterBody,,,,,,,AT1000,euRBDCode,DANUBE,F,47.09538,13.49337
AT,ATKK55009462,euMonitoringSiteCode,ATKK55009462,euMonitoringSiteCode,NO INTERNATIONAL NAME,ATGK100185,euGroundWaterBodyCode,NO INTERNATIONAL NAME,groundWaterBody,,,,,,,AT1000,euRBDCode,DANUBE,F,47.16018,13.47773
AT,ATKK60201072,euMonitoringSiteCode,ATKK60201072,euMonitoringSiteCode,NO INTERNATIONAL NAME,ATGK100117,euGroundWaterBodyCode,NO INTERNATIONAL NAME,groundWaterBody,,,,,,,AT1000,euRBDCode,DANUBE,F,47.57519,15.20219
AT,ATKK60207012,euMonitoringSiteCode,ATKK60207012,euMonitoringSiteCode,NO INTERNATIONAL NAME,ATGK100189,euGroundWaterBodyCode,NO INTERNATIONAL NAME,groundWaterBody,,,,,,,AT1000,euRBDCode,DANUBE,F,47.68747,15.15953
AT,ATKK60207042,euMonitoringSiteCode,ATKK60207042,euMonitoringSiteCode,NO INTERNATIONAL NAME,ATGK100189,euGroundWaterBodyCode,NO INTERNATIONAL NAME,groundWaterBody,,,,,,,AT1000,euRBDCode,DANUBE,F,47.65902,15.30241
AT,ATKK60214052,euMonitoringSiteCode,ATKK60214052,euMonitoringSiteCode,NO INTERNATIONAL NAME,ATGK100114,euGroundWaterBodyCode,NO INTERNATIONAL NAME,groundWaterBody,,,,,,,AT1000,euRBDCode,DANUBE,F,47.54793,15.16267
AT,ATKK60215052,euMonitoringSiteCode,ATKK60215052,euMonitoringSiteCode,NO INTERNATIONAL NAME,ATGK100114,euGroundWaterBodyCode,NO INTERNATIONAL NAME,groundWaterBody,,,,,,,AT1000,euRBDCode,DANUBE,F,47.48931,15.16993
AT,ATKK60220022,euMonitoringSiteCode,ATKK60220022,euMonitoringSiteCode,NO INTERNATIONAL NAME,ATGK100117,euGroundWaterBodyCode,NO INTERNATIONAL NAME,groundWaterBody,,,,,,,AT1000,euRBDCode,DANUBE,F,47.53506,15.06388
AT,ATKK60221022,euMonitoringSiteCode,ATKK60221022,euMonitoringSiteCode,NO INTERNATIONAL NAME,ATGK100114,euGroundWaterBodyCode,NO INTERNATIONAL NAME,groundWaterBody,,,,,,,AT1000,euRBDCode,DANUBE,F,47.57999,15.39522
AT,ATKK60308012,euMonitoringSiteCode,ATKK60308012,euMonitoringSiteCode,NO INTERNATIONAL NAME,ATGK100113,euGroundWaterBodyCode,NO INTERNATIONAL NAME,groundWaterBody,,,,,,,AT1000,euRBDCode,DANUBE,F,46.82747,15.01734
AT,ATKK60341022,euMonitoringSiteCode,ATKK60341022,euMonitoringSiteCode,NO INTERNATIONAL NAME,ATGK100123,euGroundWaterBodyCode,NO INTERNATIONAL NAME,groundWaterBody,,,,,,,AT1000,euRBDCode,DANUBE,F,46.81929,15.40256
AT,ATKK60414022,euMonitoringSiteCode,ATKK60414022,euMonitoringSiteCode,NO INTERNATIONAL NAME,ATGK100183,euGroundWaterBodyCode,NO INTERNATIONAL NAME,groundWaterBody,,,,,,,AT1000,euRBDCode,DANUBE,F,46.83512,15.94361
AT,ATKK60632072,euMonitoringSiteCode,ATKK60632072,euMonitoringSiteCode,NO INTERNATIONAL NAME,ATGK100109,euGroundWaterBodyCode,NO INTERNATIONAL NAME,groundWaterBody,,,,,,,AT1000,euRBDCode,DANUBE,F,47.21001,15.34781
AT,ATKK60641012,euMonitoringSiteCode,ATKK60641012,euMonitoringSiteCode,NO INTERNATIONAL NAME,ATGK100110,euGroundWaterBodyCode,NO INTERNATIONAL NAME,groundWaterBody,,,,,,,AT1000,euRBDCode,DANUBE,F,47.07636,15.32166
AT,ATKK60646082,euMonitoringSiteCode,ATKK60646082,euMonitoringSiteCode,NO INTERNATIONAL NAME,ATGK100109,euGroundWaterBodyCode,NO INTERNATIONAL NAME,groundWaterBody,,,,,,,AT1000,euRBDCode,DANUBE,F,47.13661,15.42548
AT,ATKK60651012,euMonitoringSiteCode,ATKK60651012,euMonitoringSiteCode,NO INTERNATIONAL NAME,ATGK100110,euGroundWaterBodyCode,NO INTERNATIONAL NAME,groundWaterBody,,,,,,,AT1000,euRBDCode,DANUBE,F,47.21284,15.23564
AT,ATKK60703052,euMonitoringSiteCode,ATKK60703052,euMonitoringSiteCode,NO INTERNATIONAL NAME,ATGK100148,euGroundWaterBodyCode,NO INTERNATIONAL NAME,groundWaterBody,,,,,,,AT1000,euRBDCode,DANUBE,F,47.46076,15.9852
AT,ATKK60723032,euMonitoringSiteCode,ATKK60723032,euMonitoringSiteCode,NO INTERNATIONAL NAME,ATGK100137,euGroundWaterBodyCode,NO INTERNATIONAL NAME,groundWaterBody,,,,,,,AT1000,euRBDCode,DANUBE,F,47.31688,15.85884
AT,ATKK60726062,euMonitoringSiteCode,ATKK60726062,euMonitoringSiteCode,NO INTERNATIONAL NAME,ATGK100137,euGroundWaterBodyCode,NO INTERNATIONAL NAME,groundWaterBody,,,,,,,AT1000,euRBDCode,DANUBE,F,47.4303,15.85896
AT,ATKK60738082,euMonitoringSiteCode,ATKK60738082,euMonitoringSiteCode,NO INTERNATIONAL NAME,ATGK100137,euGroundWaterBodyCode,NO INTERNATIONAL NAME,groundWaterBody,,,,,,,AT1000,euRBDCode,DANUBE,F,47.24583,15.85545
AT,ATKK60741092,euMonitoringSiteCode,ATKK60741092,euMonitoringSiteCode,NO INTERNATIONAL NAME,ATGK100137,euGroundWaterBodyCode,NO INTERNATIONAL NAME,groundWaterBody,,,,,,,AT1000,euRBDCode,DANUBE,F,47.36665,15.80557
AT,ATKK60747042,euMonitoringSiteCode,ATKK60747042,euMonitoringSiteCode,NO INTERNATIONAL NAME,ATGK100148,euGroundWaterBodyCode,NO INTERNATIONAL NAME,groundWaterBody,,,,,,,AT1000,euRBDCode,DANUBE,F,47.47834,15.844
AT,ATKK60803022,euMonitoringSiteCode,ATKK60803022,euMonitoringSiteCode,NO INTERNATIONAL NAME,ATGK100113,euGroundWaterBodyCode,NO INTERNATIONAL NAME,groundWaterBody,,,,,,,AT1000,euRBDCode,DANUBE,F,47.10792,14.70725
AT,ATKK60805012,euMonitoringSiteCode,ATKK60805012,euMonitoringSiteCode,NO INTERNATIONAL NAME,ATGK100052,euGroundWaterBodyCode,NO INTERNATIONAL NAME,groundWaterBody,,,,,,,AT1000,euRBDCode,DANUBE,F,47.43757,14.43067
AT,ATKK60810032,euMonitoringSiteCode,ATKK60810032,euMonitoringSiteCode,NO INTERNATIONAL NAME,ATGK100120,euGroundWaterBodyCode,NO INTERNATIONAL NAME,groundWaterBody,,,,,,,AT1000,euRBDCode,DANUBE,F,47.05388,14.71112
AT,ATKK60904032,euMonitoringSiteCode,ATKK60904032,euMonitoringSiteCode,NO INTERNATIONAL NAME,ATGK100116,euGroundWaterBodyCode,NO INTERNATIONAL NAME,groundWaterBody,,,,,,,AT1000,euRBDCode,DANUBE,F,47.26751,14.75633
AT,ATKK61030032,euMonitoringSiteCode,ATKK61030032,euMonitoringSiteCode,NO INTERNATIONAL NAME,ATGK100123,euGroundWaterBodyCode,NO INTERNATIONAL NAME,groundWaterBody,,,,,,,AT1000,euRBDCode,DANUBE,F,46.79328,15.39762
AT,ATKK61033012,euMonitoringSiteCode,ATKK61033012,euMonitoringSiteCode,NO INTERNATIONAL NAME,ATGK100123,euGroundWaterBodyCode,NO INTERNATIONAL NAME,groundWaterBody,,,,,,,AT1000,euRBDCode,DANUBE,F,46.80425,15.43737
AT,ATKK61036032,euMonitoringSiteCode,ATKK61036032,euMonitoringSiteCode,NO INTERNATIONAL NAME,ATGK100102,euGroundWaterBodyCode,NO INTERNATIONAL NAME,groundWaterBody,,,,,,,AT1000,euRBDCode,DANUBE,F,46.74662,15.62367
AT,ATKK61101012,euMonitoringSiteCode,ATKK61101012,euMonitoringSiteCode,NO INTERNATIONAL NAME,ATGK100189,euGroundWaterBodyCode,NO INTERNATIONAL NAME,groundWaterBody,,,,,,,AT1000,euRBDCode,DANUBE,F,47.57616,14.82851
AT,ATKK61101022,euMonitoringSiteCode,ATKK61101022,euMonitoringSiteCode,NO INTERNATIONAL NAME,ATGK100189,euGroundWaterBodyCode,NO INTERNATIONAL NAME,groundWaterBody,,,,,,,AT1000,euRBDCode,DANUBE,F,47.56932,14.86953
AT,ATKK61101032,euMonitoringSiteCode,ATKK61101032,euMonitoringSiteCode,NO INTERNATIONAL NAME,ATGK100189,euGroundWaterBodyCode,NO INTERNATIONAL NAME,groundWaterBody,,,,,,,AT1000,euRBDCode,DANUBE,F,47.58157,14.82733
AT,ATKK61101042,euMonitoringSiteCode,ATKK61101042,euMonitoringSiteCode,NO INTERNATIONAL NAME,ATGK100047,euGroundWaterBodyCode,NO INTERNATIONAL NAME,groundWaterBody,,,,,,,AT1000,euRBDCode,DANUBE,F,47.54163,14.92056
AT,ATKK61103032,euMonitoringSiteCode,ATKK61103032,euMonitoringSiteCode,NO INTERNATIONAL NAME,ATGK100108,euGroundWaterBodyCode,NO INTERNATIONAL NAME,groundWaterBody,,,,,,,AT1000,euRBDCode,DANUBE,F,47.43239,15.06847
AT,ATKK61103042,euMonitoringSiteCode,ATKK61103042,euMonitoringSiteCode,NO INTERNATIONAL NAME,ATGK100108,euGroundWaterBodyCode,NO INTERNATIONAL NAME,groundWaterBody,,,,,,,AT1000,euRBDCode,DANUBE,F,47.4492,15.0279
AT,ATKK61106012,euMonitoringSiteCode,ATKK61106012,euMonitoringSiteCode,NO INTERNATIONAL NAME,ATGK100108,euGroundWaterBodyCode,NO INTERNATIONAL NAME,groundWaterBody,,,,,,,AT1000,euRBDCode,DANUBE,F,47.43348,14.9319
AT,ATKK61109022,euMonitoringSiteCode,ATKK61109022,euMonitoringSiteCode,NO INTERNATIONAL NAME,ATGK100116,euGroundWaterBodyCode,NO INTERNATIONAL NAME,groundWaterBody,,,,,,,AT1000,euRBDCode,DANUBE,F,47.37521,14.70624
AT,ATKK61116012,euMonitoringSiteCode,ATKK61116012,euMonitoringSiteCode,NO INTERNATIONAL NAME,ATGK100037,euGroundWaterBodyCode,NO INTERNATIONAL NAME,groundWaterBody,,,,,,,AT1000,euRBDCode,DANUBE,F,47.37877,14.98191
AT,ATKK61204012,euMonitoringSiteCode,ATKK61204012,euMonitoringSiteCode,NO INTERNATIONAL NAME,ATGK100189,euGroundWaterBodyCode,NO INTERNATIONAL NAME,groundWaterBody,,,,,,,AT1000,euRBDCode,DANUBE,F,47.65531,13.74273
AT,ATKK61207022,euMonitoringSiteCode,ATKK61207022,euMonitoringSiteCode,NO INTERNATIONAL NAME,ATGK100189,euGroundWaterBodyCode,NO INTERNATIONAL NAME,groundWaterBody,,,,,,,AT1000,euRBDCode,DANUBE,F,47.60727,13.83416
AT,ATKK61208012,euMonitoringSiteCode,ATKK61208012,euMonitoringSiteCode,NO INTERNATIONAL NAME,ATGK100052,euGroundWaterBodyCode,NO INTERNATIONAL NAME,groundWaterBody,,,,,,,AT1000,euRBDCode,DANUBE,F,47.4081,14.19279
AT,ATKK61208022,euMonitoringSiteCode,ATKK61208022,euMonitoringSiteCode,NO INTERNATIONAL NAME,ATGK100052,euGroundWaterBodyCode,NO INTERNATIONAL NAME,groundWaterBody,,,,,,,AT1000,euRBDCode,DANUBE,F,47.45441,14.13385
AT,ATKK61209042,euMonitoringSiteCode,ATKK61209042,euMonitoringSiteCode,NO INTERNATIONAL NAME,ATGK100052,euGroundWaterBodyCode,NO INTERNATIONAL NAME,groundWaterBody,,,,,,,AT1000,euRBDCode,DANUBE,F,47.36991,14.1233
AT,ATKK61215012,euMonitoringSiteCode,ATKK61215012,euMonitoringSiteCode,NO INTERNATIONAL NAME,ATGK100042,euGroundWaterBodyCode,NO INTERNATIONAL NAME,groundWaterBody,,,,,,,AT1000,euRBDCode,DANUBE,F,47.63387,13.91694
AT,ATKK61221012,euMonitoringSiteCode,ATKK61221012,euMonitoringSiteCode,NO INTERNATIONAL NAME,ATGK100189,euGroundWaterBodyCode,NO INTERNATIONAL NAME,groundWaterBody,,,,,,,AT1000,euRBDCode,DANUBE,F,47.6083,14.84805
AT,ATKK61230062,euMonitoringSiteCode,ATKK61230062,euMonitoringSiteCode,NO INTERNATIONAL NAME,ATGK100189,euGroundWaterBodyCode,NO INTERNATIONAL NAME,groundWaterBody,,,,,,,AT1000,euRBDCode,DANUBE,F,47.70813,14.85226
AT,ATKK61232012,euMonitoringSiteCode,ATKK61232012,euMonitoringSiteCode,NO INTERNATIONAL NAME,ATGK100189,euGroundWaterBodyCode,NO INTERNATIONAL NAME,groundWaterBody,,,,,,,AT1000,euRBDCode,DANUBE,F,47.39837,13.61486
AT,ATKK61232022,euMonitoringSiteCode,ATKK61232022,euMonitoringSiteCode,NO INTERNATIONAL NAME,ATGK100052,euGroundWaterBodyCode,NO INTERNATIONAL NAME,groundWaterBody,,,,,,,AT1000,euRBDCode,DANUBE,F,47.29487,13.62489
AT,ATKK61232042,euMonitoringSiteCode,ATKK61232042,euMonitoringSiteCode,NO INTERNATIONAL NAME,ATGK100052,euGroundWaterBodyCode,NO INTERNATIONAL NAME,groundWaterBody,,,,,,,AT1000,euRBDCode,DANUBE,F,47.35246,13.62256
AT,ATKK61233022,euMonitoringSiteCode,ATKK61233022,euMonitoringSiteCode,NO INTERNATIONAL NAME,ATGK100042,euGroundWaterBodyCode,NO INTERNATIONAL NAME,groundWaterBody,,,,,,,AT1000,euRBDCode,DANUBE,F,47.56322,13.82443
AT,ATKK61245032,euMonitoringSiteCode,ATKK61245032,euMonitoringSiteCode,NO INTERNATIONAL NAME,ATGK100189,euGroundWaterBodyCode,NO INTERNATIONAL NAME,groundWaterBody,,,,,,,AT1000,euRBDCode,DANUBE,F,47.58285,14.03074
AT,ATKK61301032,euMonitoringSiteCode,ATKK61301032,euMonitoringSiteCode,NO INTERNATIONAL NAME,ATGK100107,euGroundWaterBodyCode,NO INTERNATIONAL NAME,groundWaterBody,,,,,,,AT1000,euRBDCode,DANUBE,F,47.47805,15.45762
AT,ATKK61304012,euMonitoringSiteCode,ATKK61304012,euMonitoringSiteCode,NO INTERNATIONAL NAME,ATGK100114,euGroundWaterBodyCode,NO INTERNATIONAL NAME,groundWaterBody,,,,,,,AT1000,euRBDCode,DANUBE,F,47.65564,15.67528
AT,ATKK61310012,euMonitoringSiteCode,ATKK61310012,euMonitoringSiteCode,NO INTERNATIONAL NAME,ATGK100117,euGroundWaterBodyCode,NO INTERNATIONAL NAME,groundWaterBody,,,,,,,AT1000,euRBDCode,DANUBE,F,47.67122,15.47609
AT,ATKK61310022,euMonitoringSiteCode,ATKK61310022,euMonitoringSiteCode,NO INTERNATIONAL NAME,ATGK100117,euGroundWaterBodyCode,NO INTERNATIONAL NAME,groundWaterBody,,,,,,,AT1000,euRBDCode,DANUBE,F,47.69825,15.47453
AT,ATKK61312012,euMonitoringSiteCode,ATKK61312012,euMonitoringSiteCode,NO INTERNATIONAL NAME,ATGK100114,euGroundWaterBodyCode,NO INTERNATIONAL NAME,groundWaterBody,,,,,,,AT1000,euRBDCode,DANUBE,F,47.64888,15.60838
AT,ATKK61314042,euMonitoringSiteCode,ATKK61314042,euMonitoringSiteCode,NO INTERNATIONAL NAME,ATGK100107,euGroundWaterBodyCode,NO INTERNATIONAL NAME,groundWaterBody,,,,,,,AT1000,euRBDCode,DANUBE,F,47.47046,15.47855
AT,ATKK61411012,euMonitoringSiteCode,ATKK61411012,euMonitoringSiteCode,NO INTERNATIONAL NAME,ATGK100184,euGroundWaterBodyCode,NO INTERNATIONAL NAME,groundWaterBody,,,,,,,AT1000,euRBDCode,DANUBE,F,47.10504,14.16813
AT,ATKK61424012,euMonitoringSiteCode,ATKK61424012,euMonitoringSiteCode,NO INTERNATIONAL NAME,ATGK100071,euGroundWaterBodyCode,NO INTERNATIONAL NAME,groundWaterBody,,,,,,,AT1000,euRBDCode,DANUBE,F,47.06742,14.36772
AT,ATKK61428032,euMonitoringSiteCode,ATKK61428032,euMonitoringSiteCode,NO INTERNATIONAL NAME,ATGK100116,euGroundWaterBodyCode,NO INTERNATIONAL NAME,groundWaterBody,,,,,,,AT1000,euRBDCode,DANUBE,F,47.1893,14.08498
AT,ATKK61619012,euMonitoringSiteCode,ATKK61619012,euMonitoringSiteCode,NO INTERNATIONAL NAME,ATGK100113,euGroundWaterBodyCode,NO INTERNATIONAL NAME,groundWaterBody,,,,,,,AT1000,euRBDCode,DANUBE,F,47.11106,14.94856
AT,ATKK61703052,euMonitoringSiteCode,ATKK61703052,euMonitoringSiteCode,NO INTERNATIONAL NAME,ATGK100138,euGroundWaterBodyCode,NO INTERNATIONAL NAME,groundWaterBody,,,,,,,AT1000,euRBDCode,DANUBE,F,47.24243,15.54201
AT,ATKK61707012,euMonitoringSiteCode,ATKK61707012,euMonitoringSiteCode,NO INTERNATIONAL NAME,ATGK100138,euGroundWaterBodyCode,NO INTERNATIONAL NAME,groundWaterBody,,,,,,,AT1000,euRBDCode,DANUBE,F,47.26231,15.67375
AT,ATKK61708022,euMonitoringSiteCode,ATKK61708022,euMonitoringSiteCode,NO INTERNATIONAL NAME,ATGK100137,euGroundWaterBodyCode,NO INTERNATIONAL NAME,groundWaterBody,,,,,,,AT1000,euRBDCode,DANUBE,F,47.45289,15.68619
AT,ATKK61709042,euMonitoringSiteCode,ATKK61709042,euMonitoringSiteCode,NO INTERNATIONAL NAME,ATGK100109,euGroundWaterBodyCode,NO INTERNATIONAL NAME,groundWaterBody,,,,,,,AT1000,euRBDCode,DANUBE,F,47.3433,15.49193
AT,ATKK61720032,euMonitoringSiteCode,ATKK61720032,euMonitoringSiteCode,NO INTERNATIONAL NAME,ATGK100138,euGroundWaterBodyCode,NO INTERNATIONAL NAME,groundWaterBody,,,,,,,AT1000,euRBDCode,DANUBE,F,47.31601,15.5067
AT,ATKK61732022,euMonitoringSiteCode,ATKK61732022,euMonitoringSiteCode,NO INTERNATIONAL NAME,ATGK100138,euGroundWaterBodyCode,NO INTERNATIONAL NAME,groundWaterBody,,,,,,,AT1000,euRBDCode,DANUBE,F,47.28822,15.68283
AT,ATKK61740012,euMonitoringSiteCode,ATKK61740012,euMonitoringSiteCode,NO INTERNATIONAL NAME,ATGK100187,euGroundWaterBodyCode,NO INTERNATIONAL NAME,groundWaterBody,,,,,,,AT1000,euRBDCode,DANUBE,F,47.23455,15.75314
AT,ATKK61741012,euMonitoringSiteCode,ATKK61741012,euMonitoringSiteCode,NO INTERNATIONAL NAME,ATGK100137,euGroundWaterBodyCode,NO INTERNATIONAL NAME,groundWaterBody,,,,,,,AT1000,euRBDCode,DANUBE,F,47.53171,15.74819
AT,ATKK61743012,euMonitoringSiteCode,ATKK61743012,euMonitoringSiteCode,NO INTERNATIONAL NAME,ATGK100148,euGroundWaterBodyCode,NO INTERNATIONAL NAME,groundWaterBody,,,,,,,AT1000,euRBDCode,DANUBE,F,47.51962,15.84996
AT,ATKK61750022,euMonitoringSiteCode,ATKK61750022,euMonitoringSiteCode,NO INTERNATIONAL NAME,ATGK100137,euGroundWaterBodyCode,NO INTERNATIONAL NAME,groundWaterBody,,,,,,,AT1000,euRBDCode,DANUBE,F,47.40377,15.71052
AT,ATKK61751062,euMonitoringSiteCode,ATKK61751062,euMonitoringSiteCode,NO INTERNATIONAL NAME,ATGK100138,euGroundWaterBodyCode,NO INTERNATIONAL NAME,groundWaterBody,,,,,,,AT1000,euRBDCode,DANUBE,F,47.23129,15.64991
AT,ATKK71130012,euMonitoringSiteCode,ATKK71130012,euMonitoringSiteCode,NO INTERNATIONAL NAME,ATGK100009,euGroundWaterBodyCode,NO INTERNATIONAL NAME,groundWaterBody,,,,,,,AT1000,euRBDCode,DANUBE,F,47.31571,10.49531
AT,ATKK71130022,euMonitoringSiteCode,ATKK71130022,euMonitoringSiteCode,NO INTERNATIONAL NAME,ATGK100009,euGroundWaterBodyCode,NO INTERNATIONAL NAME,groundWaterBody,,,,,,,AT1000,euRBDCode,DANUBE,F,47.4245,10.56241
AT,ATKK71130032,euMonitoringSiteCode,ATKK71130032,euMonitoringSiteCode,NO INTERNATIONAL NAME,ATGK100009,euGroundWaterBodyCode,NO INTERNATIONAL NAME,groundWaterBody,,,,,,,AT1000,euRBDCode,DANUBE,F,47.26898,10.3576
AT,ATKK71130042,euMonitoringSiteCode,ATKK71130042,euMonitoringSiteCode,NO INTERNATIONAL NAME,ATGK100009,euGroundWaterBodyCode,NO INTERNATIONAL NAME,groundWaterBody,,,,,,,AT1000,euRBDCode,DANUBE,F,47.37886,10.53697
AT,ATKK71140012,euMonitoringSiteCode,ATKK71140012,euMonitoringSiteCode,NO INTERNATIONAL NAME,ATGK100009,euGroundWaterBodyCode,NO INTERNATIONAL NAME,groundWaterBody,,,,,,,AT1000,euRBDCode,DANUBE,F,47.51728,10.56416
AT,ATKK71140022,euMonitoringSiteCode,ATKK71140022,euMonitoringSiteCode,NO INTERNATIONAL NAME,ATGK100009,euGroundWaterBodyCode,NO INTERNATIONAL NAME,groundWaterBody,,,,,,,AT1000,euRBDCode,DANUBE,F,47.53443,10.64169
AT,ATKK71210012,euMonitoringSiteCode,ATKK71210012,euMonitoringSiteCode,NO INTERNATIONAL NAME,ATGK100009,euGroundWaterBodyCode,NO INTERNATIONAL NAME,groundWaterBody,,,,,,,AT1000,euRBDCode,DANUBE,F,47.21627,10.30506
AT,ATKK71210022,euMonitoringSiteCode,ATKK71210022,euMonitoringSiteCode,NO INTERNATIONAL NAME,ATGK100009,euGroundWaterBodyCode,NO INTERNATIONAL NAME,groundWaterBody,,,,,,,AT1000,euRBDCode,DANUBE,F,47.25633,10.42576
AT,ATKK71210032,euMonitoringSiteCode,ATKK71210032,euMonitoringSiteCode,NO INTERNATIONAL NAME,ATGK100009,euGroundWaterBodyCode,NO INTERNATIONAL NAME,groundWaterBody,,,,,,,AT1000,euRBDCode,DANUBE,F,47.37129,10.87266
AT,ATKK71210042,euMonitoringSiteCode,ATKK71210042,euMonitoringSiteCode,NO INTERNATIONAL NAME,ATGK100009,euGroundWaterBodyCode,NO INTERNATIONAL NAME,groundWaterBody,,,,,,,AT1000,euRBDCode,DANUBE,F,47.31879,10.81818
AT,ATKK71210052,euMonitoringSiteCode,ATKK71210052,euMonitoringSiteCode,NO INTERNATIONAL NAME,ATGK100009,euGroundWaterBodyCode,NO INTERNATIONAL NAME,groundWaterBody,,,,,,,AT1000,euRBDCode,DANUBE,F,47.19665,10.59681
AT,ATKK71210062,euMonitoringSiteCode,ATKK71210062,euMonitoringSiteCode,NO INTERNATIONAL NAME,ATGK100009,euGroundWaterBodyCode,NO INTERNATIONAL NAME,groundWaterBody,,,,,,,AT1000,euRBDCode,DANUBE,F,47.38461,10.9065
AT,ATKK71210072,euMonitoringSiteCode,ATKK71210072,euMonitoringSiteCode,NO INTERNATIONAL NAME,ATGK100009,euGroundWaterBodyCode,NO INTERNATIONAL NAME,groundWaterBody,,,,,,,AT1000,euRBDCode,DANUBE,F,47.14857,10.26537
AT,ATKK71210082,euMonitoringSiteCode,ATKK71210082,euMonitoringSiteCode,NO INTERNATIONAL NAME,ATGK100009,euGroundWaterBodyCode,NO INTERNATIONAL NAME,groundWaterBody,,,,,,,AT1000,euRBDCode,DANUBE,F,47.39617,10.58246
AT,ATKK71210092,euMonitoringSiteCode,ATKK71210092,euMonitoringSiteCode,NO INTERNATIONAL NAME,ATGK100009,euGroundWaterBodyCode,NO INTERNATIONAL NAME,groundWaterBody,,,,,,,AT1000,euRBDCode,DANUBE,F,47.35056,10.67095
AT,ATKK71220012,euMonitoringSiteCode,ATKK71220012,euMonitoringSiteCode,NO INTERNATIONAL NAME,ATGK100009,euGroundWaterBodyCode,NO INTERNATIONAL NAME,groundWaterBody,,,,,,,AT1000,euRBDCode,DANUBE,F,47.2409,10.75712
AT,ATKK71230012,euMonitoringSiteCode,ATKK71230012,euMonitoringSiteCode,NO INTERNATIONAL NAME,ATGK100009,euGroundWaterBodyCode,NO INTERNATIONAL NAME,groundWaterBody,,,,,,,AT1000,euRBDCode,DANUBE,F,47.4261,11.22824
AT,ATKK71230022,euMonitoringSiteCode,ATKK71230022,euMonitoringSiteCode,NO INTERNATIONAL NAME,ATGK100009,euGroundWaterBodyCode,NO INTERNATIONAL NAME,groundWaterBody,,,,,,,AT1000,euRBDCode,DANUBE,F,47.37128,11.0012
AT,ATKK71230032,euMonitoringSiteCode,ATKK71230032,euMonitoringSiteCode,NO INTERNATIONAL NAME,ATGK100009,euGroundWaterBodyCode,NO INTERNATIONAL NAME,groundWaterBody,,,,,,,AT1000,euRBDCode,DANUBE,F,47.33372,10.92606
AT,ATKK71230042,euMonitoringSiteCode,ATKK71230042,euMonitoringSiteCode,NO INTERNATIONAL NAME,ATGK100009,euGroundWaterBodyCode,NO INTERNATIONAL NAME,groundWaterBody,,,,,,,AT1000,euRBDCode,DANUBE,F,47.38095,10.94643
AT,ATKK71230052,euMonitoringSiteCode,ATKK71230052,euMonitoringSiteCode,NO INTERNATIONAL NAME,ATGK100009,euGroundWaterBodyCode,NO INTERNATIONAL NAME,groundWaterBody,,,,,,,AT1000,euRBDCode,DANUBE,F,47.31716,10.95196
AT,ATKK71230062,euMonitoringSiteCode,ATKK71230062,euMonitoringSiteCode,NO INTERNATIONAL NAME,ATGK100009,euGroundWaterBodyCode,NO INTERNATIONAL NAME,groundWaterBody,,,,,,,AT1000,euRBDCode,DANUBE,F,47.3304,11.07186
AT,ATKK71230072,euMonitoringSiteCode,ATKK71230072,euMonitoringSiteCode,NO INTERNATIONAL NAME,ATGK100009,euGroundWaterBodyCode,NO INTERNATIONAL NAME,groundWaterBody,,,,,,,AT1000,euRBDCode,DANUBE,F,47.38674,11.24174
AT,ATKK71240012,euMonitoringSiteCode,ATKK71240012,euMonitoringSiteCode,NO INTERNATIONAL NAME,ATGK100009,euGroundWaterBodyCode,NO INTERNATIONAL NAME,groundWaterBody,,,,,,,AT1000,euRBDCode,DANUBE,F,47.48862,10.76357
AT,ATKK71250012,euMonitoringSiteCode,ATKK71250012,euMonitoringSiteCode,NO INTERNATIONAL NAME,ATGK100009,euGroundWaterBodyCode,NO INTERNATIONAL NAME,groundWaterBody,,,,,,,AT1000,euRBDCode,DANUBE,F,47.30148,11.40919
AT,ATKK71250032,euMonitoringSiteCode,ATKK71250032,euMonitoringSiteCode,NO INTERNATIONAL NAME,ATGK100009,euGroundWaterBodyCode,NO INTERNATIONAL NAME,groundWaterBody,,,,,,,AT1000,euRBDCode,DANUBE,F,47.34409,11.59699
AT,ATKK71250042,euMonitoringSiteCode,ATKK71250042,euMonitoringSiteCode,NO INTERNATIONAL NAME,ATGK100009,euGroundWaterBodyCode,NO INTERNATIONAL NAME,groundWaterBody,,,,,,,AT1000,euRBDCode,DANUBE,F,47.34607,11.60884
AT,ATKK71250052,euMonitoringSiteCode,ATKK71250052,euMonitoringSiteCode,NO INTERNATIONAL NAME,ATGK100009,euGroundWaterBodyCode,NO INTERNATIONAL NAME,groundWaterBody,,,,,,,AT1000,euRBDCode,DANUBE,F,47.41739,11.74838
AT,ATKK71250062,euMonitoringSiteCode,ATKK71250062,euMonitoringSiteCode,NO INTERNATIONAL NAME,ATGK100009,euGroundWaterBodyCode,NO INTERNATIONAL NAME,groundWaterBody,,,,,,,AT1000,euRBDCode,DANUBE,F,47.42835,11.35415
AT,ATKK71250072,euMonitoringSiteCode,ATKK71250072,euMonitoringSiteCode,NO INTERNATIONAL NAME,ATGK100009,euGroundWaterBodyCode,NO INTERNATIONAL NAME,groundWaterBody,,,,,,,AT1000,euRBDCode,DANUBE,F,47.42508,11.48159
AT,ATKK71250082,euMonitoringSiteCode,ATKK71250082,euMonitoringSiteCode,NO INTERNATIONAL NAME,ATGK100009,euGroundWaterBodyCode,NO INTERNATIONAL NAME,groundWaterBody,,,,,,,AT1000,euRBDCode,DANUBE,F,47.33025,11.51669
AT,ATKK71250092,euMonitoringSiteCode,ATKK71250092,euMonitoringSiteCode,NO INTERNATIONAL NAME,ATGK100009,euGroundWaterBodyCode,NO INTERNATIONAL NAME,groundWaterBody,,,,,,,AT1000,euRBDCode,DANUBE,F,47.36797,11.24911
AT,ATKK71250102,euMonitoringSiteCode,ATKK71250102,euMonitoringSiteCode,NO INTERNATIONAL NAME,ATGK100009,euGroundWaterBodyCode,NO INTERNATIONAL NAME,groundWaterBody,,,,,,,AT1000,euRBDCode,DANUBE,F,47.43424,11.38311
AT,ATKK71250112,euMonitoringSiteCode,ATKK71250112,euMonitoringSiteCode,NO INTERNATIONAL NAME,ATGK100009,euGroundWaterBodyCode,NO INTERNATIONAL NAME,groundWaterBody,,,,,,,AT1000,euRBDCode,DANUBE,F,47.47136,11.44943
AT,ATKK71250122,euMonitoringSiteCode,ATKK71250122,euMonitoringSiteCode,NO INTERNATIONAL NAME,ATGK100009,euGroundWaterBodyCode,NO INTERNATIONAL NAME,groundWaterBody,,,,,,,AT1000,euRBDCode,DANUBE,F,47.34163,11.33622
AT,ATKK71250132,euMonitoringSiteCode,ATKK71250132,euMonitoringSiteCode,NO INTERNATIONAL NAME,ATGK100009,euGroundWaterBodyCode,NO INTERNATIONAL NAME,groundWaterBody,,,,,,,AT1000,euRBDCode,DANUBE,F,47.26902,11.30194
AT,ATKK71250142,euMonitoringSiteCode,ATKK71250142,euMonitoringSiteCode,NO INTERNATIONAL NAME,ATGK100009,euGroundWaterBodyCode,NO INTERNATIONAL NAME,groundWaterBody,,,,,,,AT1000,euRBDCode,DANUBE,F,47.30072,11.4714
AT,ATKK71250152,euMonitoringSiteCode,ATKK71250152,euMonitoringSiteCode,NO INTERNATIONAL NAME,ATGK100009,euGroundWaterBodyCode,NO INTERNATIONAL NAME,groundWaterBody,,,,,,,AT1000,euRBDCode,DANUBE,F,47.3082,11.54524
AT,ATKK71250162,euMonitoringSiteCode,ATKK71250162,euMonitoringSiteCode,NO INTERNATIONAL NAME,ATGK100009,euGroundWaterBodyCode,NO INTERNATIONAL NAME,groundWaterBody,,,,,,,AT1000,euRBDCode,DANUBE,F,47.31942,11.63221
AT,ATKK71250172,euMonitoringSiteCode,ATKK71250172,euMonitoringSiteCode,NO INTERNATIONAL NAME,ATGK100009,euGroundWaterBodyCode,NO INTERNATIONAL NAME,groundWaterBody,,,,,,,AT1000,euRBDCode,DANUBE,F,47.35193,11.63911
AT,ATKK71250182,euMonitoringSiteCode,ATKK71250182,euMonitoringSiteCode,NO INTERNATIONAL NAME,ATGK100009,euGroundWaterBodyCode,NO INTERNATIONAL NAME,groundWaterBody,,,,,,,AT1000,euRBDCode,DANUBE,F,47.3682,11.70614
AT,ATKK71260012,euMonitoringSiteCode,ATKK71260012,euMonitoringSiteCode,NO INTERNATIONAL NAME,ATGK100009,euGroundWaterBodyCode,NO INTERNATIONAL NAME,groundWaterBody,,,,,,,AT1000,euRBDCode,DANUBE,F,47.51329,11.72025
AT,ATKK71260022,euMonitoringSiteCode,ATKK71260022,euMonitoringSiteCode,NO INTERNATIONAL NAME,ATGK100009,euGroundWaterBodyCode,NO INTERNATIONAL NAME,groundWaterBody,,,,,,,AT1000,euRBDCode,DANUBE,F,47.52504,11.78897
AT,ATKK71260032,euMonitoringSiteCode,ATKK71260032,euMonitoringSiteCode,NO INTERNATIONAL NAME,ATGK100009,euGroundWaterBodyCode,NO INTERNATIONAL NAME,groundWaterBody,,,,,,,AT1000,euRBDCode,DANUBE,F,47.58189,12.09852
AT,ATKK71260042,euMonitoringSiteCode,ATKK71260042,euMonitoringSiteCode,NO INTERNATIONAL NAME,ATGK100009,euGroundWaterBodyCode,NO INTERNATIONAL NAME,groundWaterBody,,,,,,,AT1000,euRBDCode,DANUBE,F,47.53452,11.75813
AT,ATKK71260052,euMonitoringSiteCode,ATKK71260052,euMonitoringSiteCode,NO INTERNATIONAL NAME,ATGK100009,euGroundWaterBodyCode,NO INTERNATIONAL NAME,groundWaterBody,,,,,,,AT1000,euRBDCode,DANUBE,F,47.52967,11.86723
AT,ATKK71260062,euMonitoringSiteCode,ATKK71260062,euMonitoringSiteCode,NO INTERNATIONAL NAME,ATGK100009,euGroundWaterBodyCode,NO INTERNATIONAL NAME,groundWaterBody,,,,,,,AT1000,euRBDCode,DANUBE,F,47.52068,12.01627
AT,ATKK71260072,euMonitoringSiteCode,ATKK71260072,euMonitoringSiteCode,NO INTERNATIONAL NAME,ATGK100009,euGroundWaterBodyCode,NO INTERNATIONAL NAME,groundWaterBody,,,,,,,AT1000,euRBDCode,DANUBE,F,47.45422,11.87862
AT,ATKK71310012,euMonitoringSiteCode,ATKK71310012,euMonitoringSiteCode,NO INTERNATIONAL NAME,ATGK100009,euGroundWaterBodyCode,NO INTERNATIONAL NAME,groundWaterBody,,,,,,,AT1000,euRBDCode,DANUBE,F,47.59314,12.23127
AT,ATKK71310022,euMonitoringSiteCode,ATKK71310022,euMonitoringSiteCode,NO INTERNATIONAL NAME,ATGK100009,euGroundWaterBodyCode,NO INTERNATIONAL NAME,groundWaterBody,,,,,,,AT1000,euRBDCode,DANUBE,F,47.5361,12.2896
AT,ATKK71310032,euMonitoringSiteCode,ATKK71310032,euMonitoringSiteCode,NO INTERNATIONAL NAME,ATGK100009,euGroundWaterBodyCode,NO INTERNATIONAL NAME,groundWaterBody,,,,,,,AT1000,euRBDCode,DANUBE,F,47.62574,12.35304
AT,ATKK71320012,euMonitoringSiteCode,ATKK71320012,euMonitoringSiteCode,NO INTERNATIONAL NAME,ATGK100009,euGroundWaterBodyCode,NO INTERNATIONAL NAME,groundWaterBody,,,,,,,AT1000,euRBDCode,DANUBE,F,47.60982,12.3866
AT,ATKK71320022,euMonitoringSiteCode,ATKK71320022,euMonitoringSiteCode,NO INTERNATIONAL NAME,ATGK100009,euGroundWaterBodyCode,NO INTERNATIONAL NAME,groundWaterBody,,,,,,,AT1000,euRBDCode,DANUBE,F,47.52954,12.6046
AT,ATKK71320032,euMonitoringSiteCode,ATKK71320032,euMonitoringSiteCode,NO INTERNATIONAL NAME,ATGK100009,euGroundWaterBodyCode,NO INTERNATIONAL NAME,groundWaterBody,,,,,,,AT1000,euRBDCode,DANUBE,F,47.56374,12.4765
AT,ATKK71340012,euMonitoringSiteCode,ATKK71340012,euMonitoringSiteCode,NO INTERNATIONAL NAME,ATGK100009,euGroundWaterBodyCode,NO INTERNATIONAL NAME,groundWaterBody,,,,,,,AT1000,euRBDCode,DANUBE,F,47.67009,12.18702
AT,ATKK71340022,euMonitoringSiteCode,ATKK71340022,euMonitoringSiteCode,NO INTERNATIONAL NAME,ATGK100009,euGroundWaterBodyCode,NO INTERNATIONAL NAME,groundWaterBody,,,,,,,AT1000,euRBDCode,DANUBE,F,47.65472,12.27392
AT,ATKK71410012,euMonitoringSiteCode,ATKK71410012,euMonitoringSiteCode,NO INTERNATIONAL NAME,ATGK100010,euGroundWaterBodyCode,NO INTERNATIONAL NAME,groundWaterBody,,,,,,,AT1000,euRBDCode,DANUBE,F,47.4496,12.09764
AT,ATKK71410022,euMonitoringSiteCode,ATKK71410022,euMonitoringSiteCode,NO INTERNATIONAL NAME,ATGK100010,euGroundWaterBodyCode,NO INTERNATIONAL NAME,groundWaterBody,,,,,,,AT1000,euRBDCode,DANUBE,F,47.47901,12.45665
AT,ATKK71410032,euMonitoringSiteCode,ATKK71410032,euMonitoringSiteCode,NO INTERNATIONAL NAME,ATGK100010,euGroundWaterBodyCode,NO INTERNATIONAL NAME,groundWaterBody,,,,,,,AT1000,euRBDCode,DANUBE,F,47.34799,11.94776
AT,ATKK71410042,euMonitoringSiteCode,ATKK71410042,euMonitoringSiteCode,NO INTERNATIONAL NAME,ATGK100010,euGroundWaterBodyCode,NO INTERNATIONAL NAME,groundWaterBody,,,,,,,AT1000,euRBDCode,DANUBE,F,47.43339,12.27573
AT,ATKK71410052,euMonitoringSiteCode,ATKK71410052,euMonitoringSiteCode,NO INTERNATIONAL NAME,ATGK100010,euGroundWaterBodyCode,NO INTERNATIONAL NAME,groundWaterBody,,,,,,,AT1000,euRBDCode,DANUBE,F,47.434,12.5794
AT,ATKK71410062,euMonitoringSiteCode,ATKK71410062,euMonitoringSiteCode,NO INTERNATIONAL NAME,ATGK100009,euGroundWaterBodyCode,NO INTERNATIONAL NAME,groundWaterBody,,,,,,,AT1000,euRBDCode,DANUBE,F,47.51846,12.14251
AT,ATKK71410072,euMonitoringSiteCode,ATKK71410072,euMonitoringSiteCode,NO INTERNATIONAL NAME,ATGK100010,euGroundWaterBodyCode,NO INTERNATIONAL NAME,groundWaterBody,,,,,,,AT1000,euRBDCode,DANUBE,F,47.40406,11.89724
AT,ATKK71410082,euMonitoringSiteCode,ATKK71410082,euMonitoringSiteCode,NO INTERNATIONAL NAME,ATGK100010,euGroundWaterBodyCode,NO INTERNATIONAL NAME,groundWaterBody,,,,,,,AT1000,euRBDCode,DANUBE,F,47.39656,12.02202
AT,ATKK71410092,euMonitoringSiteCode,ATKK71410092,euMonitoringSiteCode,NO INTERNATIONAL NAME,ATGK100010,euGroundWaterBodyCode,NO INTERNATIONAL NAME,groundWaterBody,,,,,,,AT1000,euRBDCode,DANUBE,F,47.4795,12.11685
AT,ATKK71410102,euMonitoringSiteCode,ATKK71410102,euMonitoringSiteCode,NO INTERNATIONAL NAME,ATGK100010,euGroundWaterBodyCode,NO INTERNATIONAL NAME,groundWaterBody,,,,,,,AT1000,euRBDCode,DANUBE,F,47.48603,12.22821
AT,ATKK71410112,euMonitoringSiteCode,ATKK71410112,euMonitoringSiteCode,NO INTERNATIONAL NAME,ATGK100010,euGroundWaterBodyCode,NO INTERNATIONAL NAME,groundWaterBody,,,,,,,AT1000,euRBDCode,DANUBE,F,47.26652,11.90891
AT,ATKK72120012,euMonitoringSiteCode,ATKK72120012,euMonitoringSiteCode,NO INTERNATIONAL NAME,ATGK100010,euGroundWaterBodyCode,NO INTERNATIONAL NAME,groundWaterBody,,,,,,,AT1000,euRBDCode,DANUBE,F,46.96214,10.23142
AT,ATKK72130012,euMonitoringSiteCode,ATKK72130012,euMonitoringSiteCode,NO INTERNATIONAL NAME,ATGK100010,euGroundWaterBodyCode,NO INTERNATIONAL NAME,groundWaterBody,,,,,,,AT1000,euRBDCode,DANUBE,F,46.98647,10.29843
AT,ATKK72130022,euMonitoringSiteCode,ATKK72130022,euMonitoringSiteCode,NO INTERNATIONAL NAME,ATGK100010,euGroundWaterBodyCode,NO INTERNATIONAL NAME,groundWaterBody,,,,,,,AT1000,euRBDCode,DANUBE,F,47.07765,10.62799
AT,ATKK72130032,euMonitoringSiteCode,ATKK72130032,euMonitoringSiteCode,NO INTERNATIONAL NAME,ATGK100010,euGroundWaterBodyCode,NO INTERNATIONAL NAME,groundWaterBody,,,,,,,AT1000,euRBDCode,DANUBE,F,47.11411,10.53513
AT,ATKK72130042,euMonitoringSiteCode,ATKK72130042,euMonitoringSiteCode,NO INTERNATIONAL NAME,ATGK100010,euGroundWaterBodyCode,NO INTERNATIONAL NAME,groundWaterBody,,,,,,,AT1000,euRBDCode,DANUBE,F,47.15603,10.70714
AT,ATKK72140012,euMonitoringSiteCode,ATKK72140012,euMonitoringSiteCode,NO INTERNATIONAL NAME,ATGK100010,euGroundWaterBodyCode,NO INTERNATIONAL NAME,groundWaterBody,,,,,,,AT1000,euRBDCode,DANUBE,F,46.96989,10.15335
AT,ATKK72140022,euMonitoringSiteCode,ATKK72140022,euMonitoringSiteCode,NO INTERNATIONAL NAME,ATGK100010,euGroundWaterBodyCode,NO INTERNATIONAL NAME,groundWaterBody,,,,,,,AT1000,euRBDCode,DANUBE,F,47.07622,10.38951
AT,ATKK72210022,euMonitoringSiteCode,ATKK72210022,euMonitoringSiteCode,NO INTERNATIONAL NAME,ATGK100010,euGroundWaterBodyCode,NO INTERNATIONAL NAME,groundWaterBody,,,,,,,AT1000,euRBDCode,DANUBE,F,46.89399,10.51781
AT,ATKK72230012,euMonitoringSiteCode,ATKK72230012,euMonitoringSiteCode,NO INTERNATIONAL NAME,ATGK100010,euGroundWaterBodyCode,NO INTERNATIONAL NAME,groundWaterBody,,,,,,,AT1000,euRBDCode,DANUBE,F,46.87919,11.06084
AT,ATKK72240012,euMonitoringSiteCode,ATKK72240012,euMonitoringSiteCode,NO INTERNATIONAL NAME,ATGK100010,euGroundWaterBodyCode,NO INTERNATIONAL NAME,groundWaterBody,,,,,,,AT1000,euRBDCode,DANUBE,F,47.02849,10.75954
AT,ATKK72250012,euMonitoringSiteCode,ATKK72250012,euMonitoringSiteCode,NO INTERNATIONAL NAME,ATGK100010,euGroundWaterBodyCode,NO INTERNATIONAL NAME,groundWaterBody,,,,,,,AT1000,euRBDCode,DANUBE,F,47.01696,10.97466
AT,ATKK72250022,euMonitoringSiteCode,ATKK72250022,euMonitoringSiteCode,NO INTERNATIONAL NAME,ATGK100010,euGroundWaterBodyCode,NO INTERNATIONAL NAME,groundWaterBody,,,,,,,AT1000,euRBDCode,DANUBE,F,46.96439,10.87311
AT,ATKK72250032,euMonitoringSiteCode,ATKK72250032,euMonitoringSiteCode,NO INTERNATIONAL NAME,ATGK100010,euGroundWaterBodyCode,NO INTERNATIONAL NAME,groundWaterBody,,,,,,,AT1000,euRBDCode,DANUBE,F,47.04701,10.864
AT,ATKK72250042,euMonitoringSiteCode,ATKK72250042,euMonitoringSiteCode,NO INTERNATIONAL NAME,ATGK100010,euGroundWaterBodyCode,NO INTERNATIONAL NAME,groundWaterBody,,,,,,,AT1000,euRBDCode,DANUBE,F,47.15547,10.76128
AT,ATKK72250052,euMonitoringSiteCode,ATKK72250052,euMonitoringSiteCode,NO INTERNATIONAL NAME,ATGK100010,euGroundWaterBodyCode,NO INTERNATIONAL NAME,groundWaterBody,,,,,,,AT1000,euRBDCode,DANUBE,F,47.11945,10.92525
AT,ATKK72310012,euMonitoringSiteCode,ATKK72310012,euMonitoringSiteCode,NO INTERNATIONAL NAME,ATGK100010,euGroundWaterBodyCode,NO INTERNATIONAL NAME,groundWaterBody,,,,,,,AT1000,euRBDCode,DANUBE,F,47.02483,11.33762
AT,ATKK72310022,euMonitoringSiteCode,ATKK72310022,euMonitoringSiteCode,NO INTERNATIONAL NAME,ATGK100010,euGroundWaterBodyCode,NO INTERNATIONAL NAME,groundWaterBody,,,,,,,AT1000,euRBDCode,DANUBE,F,47.07253,11.00644
AT,ATKK72310032,euMonitoringSiteCode,ATKK72310032,euMonitoringSiteCode,NO INTERNATIONAL NAME,ATGK100010,euGroundWaterBodyCode,NO INTERNATIONAL NAME,groundWaterBody,,,,,,,AT1000,euRBDCode,DANUBE,F,47.00433,11.40155
AT,ATKK72320012,euMonitoringSiteCode,ATKK72320012,euMonitoringSiteCode,NO INTERNATIONAL NAME,ATGK100010,euGroundWaterBodyCode,NO INTERNATIONAL NAME,groundWaterBody,,,,,,,AT1000,euRBDCode,DANUBE,F,47.14535,11.00192
AT,ATKK72320022,euMonitoringSiteCode,ATKK72320022,euMonitoringSiteCode,NO INTERNATIONAL NAME,ATGK100010,euGroundWaterBodyCode,NO INTERNATIONAL NAME,groundWaterBody,,,,,,,AT1000,euRBDCode,DANUBE,F,47.20548,11.08248
AT,ATKK72320032,euMonitoringSiteCode,ATKK72320032,euMonitoringSiteCode,NO INTERNATIONAL NAME,ATGK100010,euGroundWaterBodyCode,NO INTERNATIONAL NAME,groundWaterBody,,,,,,,AT1000,euRBDCode,DANUBE,F,47.18458,11.26162
AT,ATKK72330012,euMonitoringSiteCode,ATKK72330012,euMonitoringSiteCode,NO INTERNATIONAL NAME,ATGK100010,euGroundWaterBodyCode,NO INTERNATIONAL NAME,groundWaterBody,,,,,,,AT1000,euRBDCode,DANUBE,F,47.14535,11.38452
AT,ATKK72330022,euMonitoringSiteCode,ATKK72330022,euMonitoringSiteCode,NO INTERNATIONAL NAME,ATGK100010,euGroundWaterBodyCode,NO INTERNATIONAL NAME,groundWaterBody,,,,,,,AT1000,euRBDCode,DANUBE,F,47.09955,11.33876
AT,ATKK72330032,euMonitoringSiteCode,ATKK72330032,euMonitoringSiteCode,NO INTERNATIONAL NAME,ATGK100010,euGroundWaterBodyCode,NO INTERNATIONAL NAME,groundWaterBody,,,,,,,AT1000,euRBDCode,DANUBE,F,47.12509,11.41033
AT,ATKK72340012,euMonitoringSiteCode,ATKK72340012,euMonitoringSiteCode,NO INTERNATIONAL NAME,ATGK100010,euGroundWaterBodyCode,NO INTERNATIONAL NAME,groundWaterBody,,,,,,,AT1000,euRBDCode,DANUBE,F,47.23631,11.38778
AT,ATKK72340022,euMonitoringSiteCode,ATKK72340022,euMonitoringSiteCode,NO INTERNATIONAL NAME,ATGK100010,euGroundWaterBodyCode,NO INTERNATIONAL NAME,groundWaterBody,,,,,,,AT1000,euRBDCode,DANUBE,F,47.20641,11.32416
AT,ATKK72340032,euMonitoringSiteCode,ATKK72340032,euMonitoringSiteCode,NO INTERNATIONAL NAME,ATGK100010,euGroundWaterBodyCode,NO INTERNATIONAL NAME,groundWaterBody,,,,,,,AT1000,euRBDCode,DANUBE,F,47.15864,11.32069
AT,ATKK72350012,euMonitoringSiteCode,ATKK72350012,euMonitoringSiteCode,NO INTERNATIONAL NAME,ATGK100010,euGroundWaterBodyCode,NO INTERNATIONAL NAME,groundWaterBody,,,,,,,AT1000,euRBDCode,DANUBE,F,47.19942,11.14085
AT,ATKK72350022,euMonitoringSiteCode,ATKK72350022,euMonitoringSiteCode,NO INTERNATIONAL NAME,ATGK100010,euGroundWaterBodyCode,NO INTERNATIONAL NAME,groundWaterBody,,,,,,,AT1000,euRBDCode,DANUBE,F,47.2225,10.86109
AT,ATKK72350032,euMonitoringSiteCode,ATKK72350032,euMonitoringSiteCode,NO INTERNATIONAL NAME,ATGK100010,euGroundWaterBodyCode,NO INTERNATIONAL NAME,groundWaterBody,,,,,,,AT1000,euRBDCode,DANUBE,F,47.25727,10.92954
AT,ATKK72410012,euMonitoringSiteCode,ATKK72410012,euMonitoringSiteCode,NO INTERNATIONAL NAME,ATGK100010,euGroundWaterBodyCode,NO INTERNATIONAL NAME,groundWaterBody,,,,,,,AT1000,euRBDCode,DANUBE,F,47.13611,11.71328
AT,ATKK72410022,euMonitoringSiteCode,ATKK72410022,euMonitoringSiteCode,NO INTERNATIONAL NAME,ATGK100010,euGroundWaterBodyCode,NO INTERNATIONAL NAME,groundWaterBody,,,,,,,AT1000,euRBDCode,DANUBE,F,47.0922,11.79105
AT,ATKK72420012,euMonitoringSiteCode,ATKK72420012,euMonitoringSiteCode,NO INTERNATIONAL NAME,ATGK100010,euGroundWaterBodyCode,NO INTERNATIONAL NAME,groundWaterBody,,,,,,,AT1000,euRBDCode,DANUBE,F,47.21384,11.80203
AT,ATKK72420022,euMonitoringSiteCode,ATKK72420022,euMonitoringSiteCode,NO INTERNATIONAL NAME,ATGK100010,euGroundWaterBodyCode,NO INTERNATIONAL NAME,groundWaterBody,,,,,,,AT1000,euRBDCode,DANUBE,F,47.26615,11.62071
AT,ATKK72420032,euMonitoringSiteCode,ATKK72420032,euMonitoringSiteCode,NO INTERNATIONAL NAME,ATGK100010,euGroundWaterBodyCode,NO INTERNATIONAL NAME,groundWaterBody,,,,,,,AT1000,euRBDCode,DANUBE,F,47.24418,11.53816
AT,ATKK72420042,euMonitoringSiteCode,ATKK72420042,euMonitoringSiteCode,NO INTERNATIONAL NAME,ATGK100010,euGroundWaterBodyCode,NO INTERNATIONAL NAME,groundWaterBody,,,,,,,AT1000,euRBDCode,DANUBE,F,47.1928,11.65081
AT,ATKK72420052,euMonitoringSiteCode,ATKK72420052,euMonitoringSiteCode,NO INTERNATIONAL NAME,ATGK100010,euGroundWaterBodyCode,NO INTERNATIONAL NAME,groundWaterBody,,,,,,,AT1000,euRBDCode,DANUBE,F,47.15172,11.49644
AT,ATKK72420062,euMonitoringSiteCode,ATKK72420062,euMonitoringSiteCode,NO INTERNATIONAL NAME,ATGK100010,euGroundWaterBodyCode,NO INTERNATIONAL NAME,groundWaterBody,,,,,,,AT1000,euRBDCode,DANUBE,F,47.08624,11.51057
AT,ATKK72420072,euMonitoringSiteCode,ATKK72420072,euMonitoringSiteCode,NO INTERNATIONAL NAME,ATGK100010,euGroundWaterBodyCode,NO INTERNATIONAL NAME,groundWaterBody,,,,,,,AT1000,euRBDCode,DANUBE,F,47.10852,11.67194
AT,ATKK72510012,euMonitoringSiteCode,ATKK72510012,euMonitoringSiteCode,NO INTERNATIONAL NAME,ATGK100010,euGroundWaterBodyCode,NO INTERNATIONAL NAME,groundWaterBody,,,,,,,AT1000,euRBDCode,DANUBE,F,47.1945,11.90689
AT,ATKK72510022,euMonitoringSiteCode,ATKK72510022,euMonitoringSiteCode,NO INTERNATIONAL NAME,ATGK100010,euGroundWaterBodyCode,NO INTERNATIONAL NAME,groundWaterBody,,,,,,,AT1000,euRBDCode,DANUBE,F,47.12111,12.01434
AT,ATKK72510032,euMonitoringSiteCode,ATKK72510032,euMonitoringSiteCode,NO INTERNATIONAL NAME,ATGK100010,euGroundWaterBodyCode,NO INTERNATIONAL NAME,groundWaterBody,,,,,,,AT1000,euRBDCode,DANUBE,F,47.13522,11.84519
AT,ATKK72510042,euMonitoringSiteCode,ATKK72510042,euMonitoringSiteCode,NO INTERNATIONAL NAME,ATGK100010,euGroundWaterBodyCode,NO INTERNATIONAL NAME,groundWaterBody,,,,,,,AT1000,euRBDCode,DANUBE,F,47.20178,12.06515
AT,ATKK72520012,euMonitoringSiteCode,ATKK72520012,euMonitoringSiteCode,NO INTERNATIONAL NAME,ATGK100186,euGroundWaterBodyCode,NO INTERNATIONAL NAME,groundWaterBody,,,,,,,AT1000,euRBDCode,DANUBE,F,46.93168,12.42628
AT,ATKK72530012,euMonitoringSiteCode,ATKK72530012,euMonitoringSiteCode,NO INTERNATIONAL NAME,ATGK100186,euGroundWaterBodyCode,NO INTERNATIONAL NAME,groundWaterBody,,,,,,,AT1000,euRBDCode,DANUBE,F,46.81247,12.37458
AT,ATKK72530022,euMonitoringSiteCode,ATKK72530022,euMonitoringSiteCode,NO INTERNATIONAL NAME,ATGK100186,euGroundWaterBodyCode,NO INTERNATIONAL NAME,groundWaterBody,,,,,,,AT1000,euRBDCode,DANUBE,F,46.85691,12.67417
AT,ATKK72540012,euMonitoringSiteCode,ATKK72540012,euMonitoringSiteCode,NO INTERNATIONAL NAME,ATGK100186,euGroundWaterBodyCode,NO INTERNATIONAL NAME,groundWaterBody,,,,,,,AT1000,euRBDCode,DANUBE,F,46.86728,12.76063
AT,ATKK72540022,euMonitoringSiteCode,ATKK72540022,euMonitoringSiteCode,NO INTERNATIONAL NAME,ATGK100186,euGroundWaterBodyCode,NO INTERNATIONAL NAME,groundWaterBody,,,,,,,AT1000,euRBDCode,DANUBE,F,46.86836,12.79604
AT,ATKK72550012,euMonitoringSiteCode,ATKK72550012,euMonitoringSiteCode,NO INTERNATIONAL NAME,ATGK100186,euGroundWaterBodyCode,NO INTERNATIONAL NAME,groundWaterBody,,,,,,,AT1000,euRBDCode,DANUBE,F,46.7816,12.92136
AT,ATKK72560022,euMonitoringSiteCode,ATKK72560022,euMonitoringSiteCode,NO INTERNATIONAL NAME,ATGK100186,euGroundWaterBodyCode,NO INTERNATIONAL NAME,groundWaterBody,,,,,,,AT1000,euRBDCode,DANUBE,F,47.01194,12.44859
AT,ATKK72570012,euMonitoringSiteCode,ATKK72570012,euMonitoringSiteCode,NO INTERNATIONAL NAME,ATGK100186,euGroundWaterBodyCode,NO INTERNATIONAL NAME,groundWaterBody,,,,,,,AT1000,euRBDCode,DANUBE,F,46.99578,12.57775
AT,ATKK72570022,euMonitoringSiteCode,ATKK72570022,euMonitoringSiteCode,NO INTERNATIONAL NAME,ATGK100186,euGroundWaterBodyCode,NO INTERNATIONAL NAME,groundWaterBody,,,,,,,AT1000,euRBDCode,DANUBE,F,47.01776,12.63796
AT,ATKK73710012,euMonitoringSiteCode,ATKK73710012,euMonitoringSiteCode,NO INTERNATIONAL NAME,ATGK100077,euGroundWaterBodyCode,NO INTERNATIONAL NAME,groundWaterBody,,,,,,,AT1000,euRBDCode,DANUBE,F,46.7759,12.66993
AT,ATKK73710022,euMonitoringSiteCode,ATKK73710022,euMonitoringSiteCode,NO INTERNATIONAL NAME,ATGK100077,euGroundWaterBodyCode,NO INTERNATIONAL NAME,groundWaterBody,,,,,,,AT1000,euRBDCode,DANUBE,F,46.79823,12.80854
AT,ATKK73710032,euMonitoringSiteCode,ATKK73710032,euMonitoringSiteCode,NO INTERNATIONAL NAME,ATGK100077,euGroundWaterBodyCode,NO INTERNATIONAL NAME,groundWaterBody,,,,,,,AT1000,euRBDCode,DANUBE,F,46.78943,12.85186
AT,ATKK73710042,euMonitoringSiteCode,ATKK73710042,euMonitoringSiteCode,NO INTERNATIONAL NAME,ATGK100077,euGroundWaterBodyCode,NO INTERNATIONAL NAME,groundWaterBody,,,,,,,AT1000,euRBDCode,DANUBE,F,46.71527,12.61312
AT,ATKK73810012,euMonitoringSiteCode,ATKK73810012,euMonitoringSiteCode,NO INTERNATIONAL NAME,ATGK100077,euGroundWaterBodyCode,NO INTERNATIONAL NAME,groundWaterBody,,,,,,,AT1000,euRBDCode,DANUBE,F,46.72245,12.48218
AT,ATKK80110252,euMonitoringSiteCode,ATKK80110252,euMonitoringSiteCode,NO INTERNATIONAL NAME,ATGK100152,euGroundWaterBodyCode,NO INTERNATIONAL NAME,groundWaterBody,,,,,,,AT2000,euRBDCode,RHINE,F,46.96953,10.01523
AT,ATKK80113152,euMonitoringSiteCode,ATKK80113152,euMonitoringSiteCode,NO INTERNATIONAL NAME,ATGK100009,euGroundWaterBodyCode,NO INTERNATIONAL NAME,groundWaterBody,,,,,,,AT1000,euRBDCode,DANUBE,F,47.21904,10.07888
AT,ATKK80113252,euMonitoringSiteCode,ATKK80113252,euMonitoringSiteCode,NO INTERNATIONAL NAME,ATGK100154,euGroundWaterBodyCode,NO INTERNATIONAL NAME,groundWaterBody,,,,,,,AT2000,euRBDCode,RHINE,F,47.16056,10.14453
AT,ATKK80114352,euMonitoringSiteCode,ATKK80114352,euMonitoringSiteCode,NO INTERNATIONAL NAME,ATGK100154,euGroundWaterBodyCode,NO INTERNATIONAL NAME,groundWaterBody,,,,,,,AT2000,euRBDCode,RHINE,F,47.12415,9.85511
AT,ATKK80116352,euMonitoringSiteCode,ATKK80116352,euMonitoringSiteCode,NO INTERNATIONAL NAME,ATGK100154,euGroundWaterBodyCode,NO INTERNATIONAL NAME,groundWaterBody,,,,,,,AT2000,euRBDCode,RHINE,F,47.14699,9.69254
AT,ATKK80118152,euMonitoringSiteCode,ATKK80118152,euMonitoringSiteCode,NO INTERNATIONAL NAME,ATGK100154,euGroundWaterBodyCode,NO INTERNATIONAL NAME,groundWaterBody,,,,,,,AT2000,euRBDCode,RHINE,F,47.19736,9.92297
AT,ATKK80120152,euMonitoringSiteCode,ATKK80120152,euMonitoringSiteCode,NO INTERNATIONAL NAME,ATGK100152,euGroundWaterBodyCode,NO INTERNATIONAL NAME,groundWaterBody,,,,,,,AT2000,euRBDCode,RHINE,F,46.98502,9.93003
AT,ATKK80124152,euMonitoringSiteCode,ATKK80124152,euMonitoringSiteCode,NO INTERNATIONAL NAME,ATGK100154,euGroundWaterBodyCode,NO INTERNATIONAL NAME,groundWaterBody,,,,,,,AT2000,euRBDCode,RHINE,F,47.20057,9.97034
AT,ATKK80211152,euMonitoringSiteCode,ATKK80211152,euMonitoringSiteCode,NO INTERNATIONAL NAME,ATGK100151,euGroundWaterBodyCode,NO INTERNATIONAL NAME,groundWaterBody,,,,,,,AT2000,euRBDCode,RHINE,F,47.39197,10.0483
AT,ATKK80216152,euMonitoringSiteCode,ATKK80216152,euMonitoringSiteCode,NO INTERNATIONAL NAME,ATGK100153,euGroundWaterBodyCode,NO INTERNATIONAL NAME,groundWaterBody,,,,,,,AT2000,euRBDCode,RHINE,F,47.47446,10.00463
AT,ATKK80228152,euMonitoringSiteCode,ATKK80228152,euMonitoringSiteCode,NO INTERNATIONAL NAME,ATGK100008,euGroundWaterBodyCode,NO INTERNATIONAL NAME,groundWaterBody,,,,,,,AT1000,euRBDCode,DANUBE,F,47.36589,10.17718
AT,ATKK80228252,euMonitoringSiteCode,ATKK80228252,euMonitoringSiteCode,NO INTERNATIONAL NAME,ATGK100016,euGroundWaterBodyCode,NO INTERNATIONAL NAME,groundWaterBody,,,,,,,AT1000,euRBDCode,DANUBE,F,47.315,10.12858
AT,ATKK80236152,euMonitoringSiteCode,ATKK80236152,euMonitoringSiteCode,NO INTERNATIONAL NAME,ATGK100151,euGroundWaterBodyCode,NO INTERNATIONAL NAME,groundWaterBody,,,,,,,AT2000,euRBDCode,RHINE,F,47.39504,9.84784
AT,ATKK80411152,euMonitoringSiteCode,ATKK80411152,euMonitoringSiteCode,NO INTERNATIONAL NAME,ATGK100155,euGroundWaterBodyCode,NO INTERNATIONAL NAME,groundWaterBody,,,,,,,AT2000,euRBDCode,RHINE,F,47.26925,9.79924
AT,ATKK80411252,euMonitoringSiteCode,ATKK80411252,euMonitoringSiteCode,NO INTERNATIONAL NAME,ATGK100155,euGroundWaterBodyCode,NO INTERNATIONAL NAME,groundWaterBody,,,,,,,AT2000,euRBDCode,RHINE,F,47.25641,9.76305
AT,ATPG10000122,euMonitoringSiteCode,ATPG10000122,euMonitoringSiteCode,NO INTERNATIONAL NAME,ATGK100081,euGroundWaterBodyCode,NO INTERNATIONAL NAME,groundWaterBody,,,,,,,AT1000,euRBDCode,DANUBE,F,47.83842,16.59942
AT,ATPG10000352,euMonitoringSiteCode,ATPG10000352,euMonitoringSiteCode,NO INTERNATIONAL NAME,ATGK100134,euGroundWaterBodyCode,NO INTERNATIONAL NAME,groundWaterBody,,,,,,,AT1000,euRBDCode,DANUBE,F,47.86732,16.90101
AT,ATPG10000442,euMonitoringSiteCode,ATPG10000442,euMonitoringSiteCode,NO INTERNATIONAL NAME,ATGK100018,euGroundWaterBodyCode,NO INTERNATIONAL NAME,groundWaterBody,,,,,,,AT1000,euRBDCode,DANUBE,F,47.99342,17.127
AT,ATPG10000482,euMonitoringSiteCode,ATPG10000482,euMonitoringSiteCode,NO INTERNATIONAL NAME,ATGK100018,euGroundWaterBodyCode,NO INTERNATIONAL NAME,groundWaterBody,,,,,,,AT1000,euRBDCode,DANUBE,F,48.03154,17.06264
AT,ATPG10000562,euMonitoringSiteCode,ATPG10000562,euMonitoringSiteCode,NO INTERNATIONAL NAME,ATGK100024,euGroundWaterBodyCode,NO INTERNATIONAL NAME,groundWaterBody,,,,,,,AT1000,euRBDCode,DANUBE,F,47.79512,16.30274
AT,ATPG10000592,euMonitoringSiteCode,ATPG10000592,euMonitoringSiteCode,NO INTERNATIONAL NAME,ATGK100018,euGroundWaterBodyCode,NO INTERNATIONAL NAME,groundWaterBody,,,,,,,AT1000,euRBDCode,DANUBE,F,47.96414,17.08598
AT,ATPG10000692,euMonitoringSiteCode,ATPG10000692,euMonitoringSiteCode,NO INTERNATIONAL NAME,ATGK100081,euGroundWaterBodyCode,NO INTERNATIONAL NAME,groundWaterBody,,,,,,,AT1000,euRBDCode,DANUBE,F,47.83771,16.52849
AT,ATPG10000992,euMonitoringSiteCode,ATPG10000992,euMonitoringSiteCode,NO INTERNATIONAL NAME,ATGK100130,euGroundWaterBodyCode,NO INTERNATIONAL NAME,groundWaterBody,,,,,,,AT1000,euRBDCode,DANUBE,F,47.16905,16.44856
AT,ATPG10001072,euMonitoringSiteCode,ATPG10001072,euMonitoringSiteCode,NO INTERNATIONAL NAME,ATGK100136,euGroundWaterBodyCode,NO INTERNATIONAL NAME,groundWaterBody,,,,,,,AT1000,euRBDCode,DANUBE,F,47.04794,16.36505
AT,ATPG10001222,euMonitoringSiteCode,ATPG10001222,euMonitoringSiteCode,NO INTERNATIONAL NAME,ATGK100129,euGroundWaterBodyCode,NO INTERNATIONAL NAME,groundWaterBody,,,,,,,AT1000,euRBDCode,DANUBE,F,47.1534,16.11369
AT,ATPG10001322,euMonitoringSiteCode,ATPG10001322,euMonitoringSiteCode,NO INTERNATIONAL NAME,ATGK100129,euGroundWaterBodyCode,NO INTERNATIONAL NAME,groundWaterBody,,,,,,,AT1000,euRBDCode,DANUBE,F,47.33965,16.04402
AT,ATPG10001332,euMonitoringSiteCode,ATPG10001332,euMonitoringSiteCode,NO INTERNATIONAL NAME,ATGK100129,euGroundWaterBodyCode,NO INTERNATIONAL NAME,groundWaterBody,,,,,,,AT1000,euRBDCode,DANUBE,F,47.07899,16.10057
AT,ATPG10001372,euMonitoringSiteCode,ATPG10001372,euMonitoringSiteCode,NO INTERNATIONAL NAME,ATGK100129,euGroundWaterBodyCode,NO INTERNATIONAL NAME,groundWaterBody,,,,,,,AT1000,euRBDCode,DANUBE,F,47.36535,16.02282
AT,ATPG10002702,euMonitoringSiteCode,ATPG10002702,euMonitoringSiteCode,NO INTERNATIONAL NAME,ATGK100134,euGroundWaterBodyCode,NO INTERNATIONAL NAME,groundWaterBody,,,,,,,AT1000,euRBDCode,DANUBE,F,47.72986,16.86095
AT,ATPG10002712,euMonitoringSiteCode,ATPG10002712,euMonitoringSiteCode,NO INTERNATIONAL NAME,ATGK100134,euGroundWaterBodyCode,NO INTERNATIONAL NAME,groundWaterBody,,,,,,,AT1000,euRBDCode,DANUBE,F,47.76748,16.89688
AT,ATPG10002722,euMonitoringSiteCode,ATPG10002722,euMonitoringSiteCode,NO INTERNATIONAL NAME,ATGK100021,euGroundWaterBodyCode,NO INTERNATIONAL NAME,groundWaterBody,,,,,,,AT1000,euRBDCode,DANUBE,F,47.90256,16.98378
AT,ATPG10002732,euMonitoringSiteCode,ATPG10002732,euMonitoringSiteCode,NO INTERNATIONAL NAME,ATGK100081,euGroundWaterBodyCode,NO INTERNATIONAL NAME,groundWaterBody,,,,,,,AT1000,euRBDCode,DANUBE,F,47.80388,16.5144
AT,ATPG10002742,euMonitoringSiteCode,ATPG10002742,euMonitoringSiteCode,NO INTERNATIONAL NAME,ATGK100081,euGroundWaterBodyCode,NO INTERNATIONAL NAME,groundWaterBody,,,,,,,AT1000,euRBDCode,DANUBE,F,47.78388,16.6174
AT,ATPG10002762,euMonitoringSiteCode,ATPG10002762,euMonitoringSiteCode,NO INTERNATIONAL NAME,ATGK100021,euGroundWaterBodyCode,NO INTERNATIONAL NAME,groundWaterBody,,,,,,,AT1000,euRBDCode,DANUBE,F,47.99597,16.87627
AT,ATPG10002802,euMonitoringSiteCode,ATPG10002802,euMonitoringSiteCode,NO INTERNATIONAL NAME,ATGK100178,euGroundWaterBodyCode,NO INTERNATIONAL NAME,groundWaterBody,,,,,,,AT1000,euRBDCode,DANUBE,F,47.88135,16.41337
AT,ATPG10002812,euMonitoringSiteCode,ATPG10002812,euMonitoringSiteCode,NO INTERNATIONAL NAME,ATGK100018,euGroundWaterBodyCode,NO INTERNATIONAL NAME,groundWaterBody,,,,,,,AT1000,euRBDCode,DANUBE,F,48.10309,17.05029
AT,ATPG10002832,euMonitoringSiteCode,ATPG10002832,euMonitoringSiteCode,NO INTERNATIONAL NAME,ATGK100018,euGroundWaterBodyCode,NO INTERNATIONAL NAME,groundWaterBody,,,,,,,AT1000,euRBDCode,DANUBE,F,48.05696,17.02819
AT,ATPG10002842,euMonitoringSiteCode,ATPG10002842,euMonitoringSiteCode,NO INTERNATIONAL NAME,ATGK100021,euGroundWaterBodyCode,NO INTERNATIONAL NAME,groundWaterBody,,,,,,,AT1000,euRBDCode,DANUBE,F,48.03272,16.91099
AT,ATPG10002852,euMonitoringSiteCode,ATPG10002852,euMonitoringSiteCode,NO INTERNATIONAL NAME,ATGK100021,euGroundWaterBodyCode,NO INTERNATIONAL NAME,groundWaterBody,,,,,,,AT1000,euRBDCode,DANUBE,F,47.94429,16.88751
AT,ATPG10002862,euMonitoringSiteCode,ATPG10002862,euMonitoringSiteCode,NO INTERNATIONAL NAME,ATGK100018,euGroundWaterBodyCode,NO INTERNATIONAL NAME,groundWaterBody,,,,,,,AT1000,euRBDCode,DANUBE,F,48.01456,17.03055
AT,ATPG10002872,euMonitoringSiteCode,ATPG10002872,euMonitoringSiteCode,NO INTERNATIONAL NAME,ATGK100021,euGroundWaterBodyCode,NO INTERNATIONAL NAME,groundWaterBody,,,,,,,AT1000,euRBDCode,DANUBE,F,47.88014,17.06523
AT,ATPG10002882,euMonitoringSiteCode,ATPG10002882,euMonitoringSiteCode,NO INTERNATIONAL NAME,ATGK100021,euGroundWaterBodyCode,NO INTERNATIONAL NAME,groundWaterBody,,,,,,,AT1000,euRBDCode,DANUBE,F,47.92508,17.06844
AT,ATPG10002892,euMonitoringSiteCode,ATPG10002892,euMonitoringSiteCode,NO INTERNATIONAL NAME,ATGK100081,euGroundWaterBodyCode,NO INTERNATIONAL NAME,groundWaterBody,,,,,,,AT1000,euRBDCode,DANUBE,F,47.81816,16.55136
AT,ATPG10002902,euMonitoringSiteCode,ATPG10002902,euMonitoringSiteCode,NO INTERNATIONAL NAME,ATGK100081,euGroundWaterBodyCode,NO INTERNATIONAL NAME,groundWaterBody,,,,,,,AT1000,euRBDCode,DANUBE,F,47.761,16.43568
AT,ATPG10002932,euMonitoringSiteCode,ATPG10002932,euMonitoringSiteCode,NO INTERNATIONAL NAME,ATGK100081,euGroundWaterBodyCode,NO INTERNATIONAL NAME,groundWaterBody,,,,,,,AT1000,euRBDCode,DANUBE,F,47.85757,16.65414
AT,ATPG10002942,euMonitoringSiteCode,ATPG10002942,euMonitoringSiteCode,NO INTERNATIONAL NAME,ATGK100134,euGroundWaterBodyCode,NO INTERNATIONAL NAME,groundWaterBody,,,,,,,AT1000,euRBDCode,DANUBE,F,47.81742,16.94174
AT,ATPG10002952,euMonitoringSiteCode,ATPG10002952,euMonitoringSiteCode,NO INTERNATIONAL NAME,ATGK100134,euGroundWaterBodyCode,NO INTERNATIONAL NAME,groundWaterBody,,,,,,,AT1000,euRBDCode,DANUBE,F,47.7869,17.02383
AT,ATPG10002962,euMonitoringSiteCode,ATPG10002962,euMonitoringSiteCode,NO INTERNATIONAL NAME,ATGK100134,euGroundWaterBodyCode,NO INTERNATIONAL NAME,groundWaterBody,,,,,,,AT1000,euRBDCode,DANUBE,F,47.83473,16.87739
AT,ATPG10002972,euMonitoringSiteCode,ATPG10002972,euMonitoringSiteCode,NO INTERNATIONAL NAME,ATGK100134,euGroundWaterBodyCode,NO INTERNATIONAL NAME,groundWaterBody,,,,,,,AT1000,euRBDCode,DANUBE,F,47.80478,16.85531
AT,ATPG10002982,euMonitoringSiteCode,ATPG10002982,euMonitoringSiteCode,NO INTERNATIONAL NAME,ATGK100134,euGroundWaterBodyCode,NO INTERNATIONAL NAME,groundWaterBody,,,,,,,AT1000,euRBDCode,DANUBE,F,47.73311,17.04407
AT,ATPG10002992,euMonitoringSiteCode,ATPG10002992,euMonitoringSiteCode,NO INTERNATIONAL NAME,ATGK100134,euGroundWaterBodyCode,NO INTERNATIONAL NAME,groundWaterBody,,,,,,,AT1000,euRBDCode,DANUBE,F,47.7788,16.85089
AT,ATPG10003002,euMonitoringSiteCode,ATPG10003002,euMonitoringSiteCode,NO INTERNATIONAL NAME,ATGK100134,euGroundWaterBodyCode,NO INTERNATIONAL NAME,groundWaterBody,,,,,,,AT1000,euRBDCode,DANUBE,F,47.84456,16.90882
AT,ATPG10003012,euMonitoringSiteCode,ATPG10003012,euMonitoringSiteCode,NO INTERNATIONAL NAME,ATGK100134,euGroundWaterBodyCode,NO INTERNATIONAL NAME,groundWaterBody,,,,,,,AT1000,euRBDCode,DANUBE,F,47.77078,16.81829
AT,ATPG10003022,euMonitoringSiteCode,ATPG10003022,euMonitoringSiteCode,NO INTERNATIONAL NAME,ATGK100134,euGroundWaterBodyCode,NO INTERNATIONAL NAME,groundWaterBody,,,,,,,AT1000,euRBDCode,DANUBE,F,47.76866,16.97445
AT,ATPG10003032,euMonitoringSiteCode,ATPG10003032,euMonitoringSiteCode,NO INTERNATIONAL NAME,ATGK100134,euGroundWaterBodyCode,NO INTERNATIONAL NAME,groundWaterBody,,,,,,,AT1000,euRBDCode,DANUBE,F,47.74297,16.96065
AT,ATPG10003042,euMonitoringSiteCode,ATPG10003042,euMonitoringSiteCode,NO INTERNATIONAL NAME,ATGK100134,euGroundWaterBodyCode,NO INTERNATIONAL NAME,groundWaterBody,,,,,,,AT1000,euRBDCode,DANUBE,F,47.80857,16.81947
AT,ATPG10003052,euMonitoringSiteCode,ATPG10003052,euMonitoringSiteCode,NO INTERNATIONAL NAME,ATGK100134,euGroundWaterBodyCode,NO INTERNATIONAL NAME,groundWaterBody,,,,,,,AT1000,euRBDCode,DANUBE,F,47.72948,16.90231
AT,ATPG10003062,euMonitoringSiteCode,ATPG10003062,euMonitoringSiteCode,NO INTERNATIONAL NAME,ATGK100134,euGroundWaterBodyCode,NO INTERNATIONAL NAME,groundWaterBody,,,,,,,AT1000,euRBDCode,DANUBE,F,47.72355,16.97665
AT,ATPG10003072,euMonitoringSiteCode,ATPG10003072,euMonitoringSiteCode,NO INTERNATIONAL NAME,ATGK100134,euGroundWaterBodyCode,NO INTERNATIONAL NAME,groundWaterBody,,,,,,,AT1000,euRBDCode,DANUBE,F,47.89948,16.88044
AT,ATPG10003082,euMonitoringSiteCode,ATPG10003082,euMonitoringSiteCode,NO INTERNATIONAL NAME,ATGK100134,euGroundWaterBodyCode,NO INTERNATIONAL NAME,groundWaterBody,,,,,,,AT1000,euRBDCode,DANUBE,F,47.84492,16.98377
AT,ATPG10003092,euMonitoringSiteCode,ATPG10003092,euMonitoringSiteCode,NO INTERNATIONAL NAME,ATGK100134,euGroundWaterBodyCode,NO INTERNATIONAL NAME,groundWaterBody,,,,,,,AT1000,euRBDCode,DANUBE,F,47.85241,16.85852
AT,ATPG10003102,euMonitoringSiteCode,ATPG10003102,euMonitoringSiteCode,NO INTERNATIONAL NAME,ATGK100134,euGroundWaterBodyCode,NO INTERNATIONAL NAME,groundWaterBody,,,,,,,AT1000,euRBDCode,DANUBE,F,47.8205,16.90049
AT,ATPG10003112,euMonitoringSiteCode,ATPG10003112,euMonitoringSiteCode,NO INTERNATIONAL NAME,ATGK100134,euGroundWaterBodyCode,NO INTERNATIONAL NAME,groundWaterBody,,,,,,,AT1000,euRBDCode,DANUBE,F,47.85717,16.93779
AT,ATPG10003122,euMonitoringSiteCode,ATPG10003122,euMonitoringSiteCode,NO INTERNATIONAL NAME,ATGK100134,euGroundWaterBodyCode,NO INTERNATIONAL NAME,groundWaterBody,,,,,,,AT1000,euRBDCode,DANUBE,F,47.81617,17.00985
AT,ATPG10003132,euMonitoringSiteCode,ATPG10003132,euMonitoringSiteCode,NO INTERNATIONAL NAME,ATGK100134,euGroundWaterBodyCode,NO INTERNATIONAL NAME,groundWaterBody,,,,,,,AT1000,euRBDCode,DANUBE,F,47.70075,16.92837
AT,ATPG10003142,euMonitoringSiteCode,ATPG10003142,euMonitoringSiteCode,NO INTERNATIONAL NAME,ATGK100134,euGroundWaterBodyCode,NO INTERNATIONAL NAME,groundWaterBody,,,,,,,AT1000,euRBDCode,DANUBE,F,47.74427,17.0048
AT,ATPG10003162,euMonitoringSiteCode,ATPG10003162,euMonitoringSiteCode,NO INTERNATIONAL NAME,ATGK100135,euGroundWaterBodyCode,NO INTERNATIONAL NAME,groundWaterBody,,,,,,,AT1000,euRBDCode,DANUBE,F,47.48282,16.53221
AT,ATPG10003172,euMonitoringSiteCode,ATPG10003172,euMonitoringSiteCode,NO INTERNATIONAL NAME,ATGK100135,euGroundWaterBodyCode,NO INTERNATIONAL NAME,groundWaterBody,,,,,,,AT1000,euRBDCode,DANUBE,F,47.562,16.43591
AT,ATPG10003182,euMonitoringSiteCode,ATPG10003182,euMonitoringSiteCode,NO INTERNATIONAL NAME,ATGK100135,euGroundWaterBodyCode,NO INTERNATIONAL NAME,groundWaterBody,,,,,,,AT1000,euRBDCode,DANUBE,F,47.47024,16.56332
AT,ATPG10003202,euMonitoringSiteCode,ATPG10003202,euMonitoringSiteCode,NO INTERNATIONAL NAME,ATGK100146,euGroundWaterBodyCode,NO INTERNATIONAL NAME,groundWaterBody,,,,,,,AT1000,euRBDCode,DANUBE,F,47.51927,16.48391
AT,ATPG10003212,euMonitoringSiteCode,ATPG10003212,euMonitoringSiteCode,NO INTERNATIONAL NAME,ATGK100128,euGroundWaterBodyCode,NO INTERNATIONAL NAME,groundWaterBody,,,,,,,AT1000,euRBDCode,DANUBE,F,47.54001,16.67399
AT,ATPG10003222,euMonitoringSiteCode,ATPG10003222,euMonitoringSiteCode,NO INTERNATIONAL NAME,ATGK100128,euGroundWaterBodyCode,NO INTERNATIONAL NAME,groundWaterBody,,,,,,,AT1000,euRBDCode,DANUBE,F,47.6064,16.65158
AT,ATPG10003232,euMonitoringSiteCode,ATPG10003232,euMonitoringSiteCode,NO INTERNATIONAL NAME,ATGK100128,euGroundWaterBodyCode,NO INTERNATIONAL NAME,groundWaterBody,,,,,,,AT1000,euRBDCode,DANUBE,F,47.59145,16.57609
AT,ATPG10003242,euMonitoringSiteCode,ATPG10003242,euMonitoringSiteCode,NO INTERNATIONAL NAME,ATGK100128,euGroundWaterBodyCode,NO INTERNATIONAL NAME,groundWaterBody,,,,,,,AT1000,euRBDCode,DANUBE,F,47.53867,16.59544
AT,ATPG10003252,euMonitoringSiteCode,ATPG10003252,euMonitoringSiteCode,NO INTERNATIONAL NAME,ATGK100128,euGroundWaterBodyCode,NO INTERNATIONAL NAME,groundWaterBody,,,,,,,AT1000,euRBDCode,DANUBE,F,47.6032,16.60611
AT,ATPG10003262,euMonitoringSiteCode,ATPG10003262,euMonitoringSiteCode,NO INTERNATIONAL NAME,ATGK100128,euGroundWaterBodyCode,NO INTERNATIONAL NAME,groundWaterBody,,,,,,,AT1000,euRBDCode,DANUBE,F,47.59915,16.52597
AT,ATPG10003272,euMonitoringSiteCode,ATPG10003272,euMonitoringSiteCode,NO INTERNATIONAL NAME,ATGK100128,euGroundWaterBodyCode,NO INTERNATIONAL NAME,groundWaterBody,,,,,,,AT1000,euRBDCode,DANUBE,F,47.58369,16.56363
AT,ATPG10003282,euMonitoringSiteCode,ATPG10003282,euMonitoringSiteCode,NO INTERNATIONAL NAME,ATGK100128,euGroundWaterBodyCode,NO INTERNATIONAL NAME,groundWaterBody,,,,,,,AT1000,euRBDCode,DANUBE,F,47.54087,16.61287
AT,ATPG10003292,euMonitoringSiteCode,ATPG10003292,euMonitoringSiteCode,NO INTERNATIONAL NAME,ATGK100128,euGroundWaterBodyCode,NO INTERNATIONAL NAME,groundWaterBody,,,,,,,AT1000,euRBDCode,DANUBE,F,47.56882,16.61195
AT,ATPG10003302,euMonitoringSiteCode,ATPG10003302,euMonitoringSiteCode,NO INTERNATIONAL NAME,ATGK100146,euGroundWaterBodyCode,NO INTERNATIONAL NAME,groundWaterBody,,,,,,,AT1000,euRBDCode,DANUBE,F,47.48292,16.46314
AT,ATPG10003312,euMonitoringSiteCode,ATPG10003312,euMonitoringSiteCode,NO INTERNATIONAL NAME,ATGK100132,euGroundWaterBodyCode,NO INTERNATIONAL NAME,groundWaterBody,,,,,,,AT1000,euRBDCode,DANUBE,F,47.43899,16.52158
AT,ATPG10003332,euMonitoringSiteCode,ATPG10003332,euMonitoringSiteCode,NO INTERNATIONAL NAME,ATGK100132,euGroundWaterBodyCode,NO INTERNATIONAL NAME,groundWaterBody,,,,,,,AT1000,euRBDCode,DANUBE,F,47.45935,16.3688
AT,ATPG10003342,euMonitoringSiteCode,ATPG10003342,euMonitoringSiteCode,NO INTERNATIONAL NAME,ATGK100132,euGroundWaterBodyCode,NO INTERNATIONAL NAME,groundWaterBody,,,,,,,AT1000,euRBDCode,DANUBE,F,47.46489,16.49659
AT,ATPG10003352,euMonitoringSiteCode,ATPG10003352,euMonitoringSiteCode,NO INTERNATIONAL NAME,ATGK100132,euGroundWaterBodyCode,NO INTERNATIONAL NAME,groundWaterBody,,,,,,,AT1000,euRBDCode,DANUBE,F,47.42873,16.53423
AT,ATPG10003362,euMonitoringSiteCode,ATPG10003362,euMonitoringSiteCode,NO INTERNATIONAL NAME,ATGK100132,euGroundWaterBodyCode,NO INTERNATIONAL NAME,groundWaterBody,,,,,,,AT1000,euRBDCode,DANUBE,F,47.46718,16.63883
AT,ATPG10003372,euMonitoringSiteCode,ATPG10003372,euMonitoringSiteCode,NO INTERNATIONAL NAME,ATGK100132,euGroundWaterBodyCode,NO INTERNATIONAL NAME,groundWaterBody,,,,,,,AT1000,euRBDCode,DANUBE,F,47.43087,16.58612
AT,ATPG10003392,euMonitoringSiteCode,ATPG10003392,euMonitoringSiteCode,NO INTERNATIONAL NAME,ATGK100131,euGroundWaterBodyCode,NO INTERNATIONAL NAME,groundWaterBody,,,,,,,AT1000,euRBDCode,DANUBE,F,46.92638,16.11892
AT,ATPG10003402,euMonitoringSiteCode,ATPG10003402,euMonitoringSiteCode,NO INTERNATIONAL NAME,ATGK100131,euGroundWaterBodyCode,NO INTERNATIONAL NAME,groundWaterBody,,,,,,,AT1000,euRBDCode,DANUBE,F,46.93409,16.1351
AT,ATPG10003422,euMonitoringSiteCode,ATPG10003422,euMonitoringSiteCode,NO INTERNATIONAL NAME,ATGK100131,euGroundWaterBodyCode,NO INTERNATIONAL NAME,groundWaterBody,,,,,,,AT1000,euRBDCode,DANUBE,F,46.94644,16.21726
AT,ATPG10003432,euMonitoringSiteCode,ATPG10003432,euMonitoringSiteCode,NO INTERNATIONAL NAME,ATGK100131,euGroundWaterBodyCode,NO INTERNATIONAL NAME,groundWaterBody,,,,,,,AT1000,euRBDCode,DANUBE,F,46.93085,16.08367
AT,ATPG10003452,euMonitoringSiteCode,ATPG10003452,euMonitoringSiteCode,NO INTERNATIONAL NAME,ATGK100130,euGroundWaterBodyCode,NO INTERNATIONAL NAME,groundWaterBody,,,,,,,AT1000,euRBDCode,DANUBE,F,47.33066,16.1548
AT,ATPG10003472,euMonitoringSiteCode,ATPG10003472,euMonitoringSiteCode,NO INTERNATIONAL NAME,ATGK100130,euGroundWaterBodyCode,NO INTERNATIONAL NAME,groundWaterBody,,,,,,,AT1000,euRBDCode,DANUBE,F,47.23451,16.2898
AT,ATPG10003492,euMonitoringSiteCode,ATPG10003492,euMonitoringSiteCode,NO INTERNATIONAL NAME,ATGK100130,euGroundWaterBodyCode,NO INTERNATIONAL NAME,groundWaterBody,,,,,,,AT1000,euRBDCode,DANUBE,F,47.12816,16.462
AT,ATPG10003502,euMonitoringSiteCode,ATPG10003502,euMonitoringSiteCode,NO INTERNATIONAL NAME,ATGK100130,euGroundWaterBodyCode,NO INTERNATIONAL NAME,groundWaterBody,,,,,,,AT1000,euRBDCode,DANUBE,F,47.30673,16.17603
AT,ATPG10003512,euMonitoringSiteCode,ATPG10003512,euMonitoringSiteCode,NO INTERNATIONAL NAME,ATGK100181,euGroundWaterBodyCode,NO INTERNATIONAL NAME,groundWaterBody,,,,,,,AT1000,euRBDCode,DANUBE,F,47.18371,16.33848
AT,ATPG10003522,euMonitoringSiteCode,ATPG10003522,euMonitoringSiteCode,NO INTERNATIONAL NAME,ATGK100130,euGroundWaterBodyCode,NO INTERNATIONAL NAME,groundWaterBody,,,,,,,AT1000,euRBDCode,DANUBE,F,47.19474,16.3642
AT,ATPG10003532,euMonitoringSiteCode,ATPG10003532,euMonitoringSiteCode,NO INTERNATIONAL NAME,ATGK100130,euGroundWaterBodyCode,NO INTERNATIONAL NAME,groundWaterBody,,,,,,,AT1000,euRBDCode,DANUBE,F,47.27323,16.21921
AT,ATPG10003542,euMonitoringSiteCode,ATPG10003542,euMonitoringSiteCode,NO INTERNATIONAL NAME,ATGK100130,euGroundWaterBodyCode,NO INTERNATIONAL NAME,groundWaterBody,,,,,,,AT1000,euRBDCode,DANUBE,F,47.08766,16.46093
AT,ATPG10003552,euMonitoringSiteCode,ATPG10003552,euMonitoringSiteCode,NO INTERNATIONAL NAME,ATGK100130,euGroundWaterBodyCode,NO INTERNATIONAL NAME,groundWaterBody,,,,,,,AT1000,euRBDCode,DANUBE,F,47.04954,16.47186
AT,ATPG10003562,euMonitoringSiteCode,ATPG10003562,euMonitoringSiteCode,NO INTERNATIONAL NAME,ATGK100130,euGroundWaterBodyCode,NO INTERNATIONAL NAME,groundWaterBody,,,,,,,AT1000,euRBDCode,DANUBE,F,47.14582,16.44192
AT,ATPG10003572,euMonitoringSiteCode,ATPG10003572,euMonitoringSiteCode,NO INTERNATIONAL NAME,ATGK100130,euGroundWaterBodyCode,NO INTERNATIONAL NAME,groundWaterBody,,,,,,,AT1000,euRBDCode,DANUBE,F,47.10906,16.46878
AT,ATPG10003592,euMonitoringSiteCode,ATPG10003592,euMonitoringSiteCode,NO INTERNATIONAL NAME,ATGK100181,euGroundWaterBodyCode,NO INTERNATIONAL NAME,groundWaterBody,,,,,,,AT1000,euRBDCode,DANUBE,F,47.29614,16.23899
AT,ATPG10003602,euMonitoringSiteCode,ATPG10003602,euMonitoringSiteCode,NO INTERNATIONAL NAME,ATGK100181,euGroundWaterBodyCode,NO INTERNATIONAL NAME,groundWaterBody,,,,,,,AT1000,euRBDCode,DANUBE,F,47.25819,16.27922
AT,ATPG10003622,euMonitoringSiteCode,ATPG10003622,euMonitoringSiteCode,NO INTERNATIONAL NAME,ATGK100181,euGroundWaterBodyCode,NO INTERNATIONAL NAME,groundWaterBody,,,,,,,AT1000,euRBDCode,DANUBE,F,47.32119,16.20991
AT,ATPG10003632,euMonitoringSiteCode,ATPG10003632,euMonitoringSiteCode,NO INTERNATIONAL NAME,ATGK100181,euGroundWaterBodyCode,NO INTERNATIONAL NAME,groundWaterBody,,,,,,,AT1000,euRBDCode,DANUBE,F,47.24603,16.29706
AT,ATPG10003652,euMonitoringSiteCode,ATPG10003652,euMonitoringSiteCode,NO INTERNATIONAL NAME,ATGK100136,euGroundWaterBodyCode,NO INTERNATIONAL NAME,groundWaterBody,,,,,,,AT1000,euRBDCode,DANUBE,F,47.14754,16.16881
AT,ATPG10003662,euMonitoringSiteCode,ATPG10003662,euMonitoringSiteCode,NO INTERNATIONAL NAME,ATGK100136,euGroundWaterBodyCode,NO INTERNATIONAL NAME,groundWaterBody,,,,,,,AT1000,euRBDCode,DANUBE,F,47.12456,16.25861
AT,ATPG10003672,euMonitoringSiteCode,ATPG10003672,euMonitoringSiteCode,NO INTERNATIONAL NAME,ATGK100136,euGroundWaterBodyCode,NO INTERNATIONAL NAME,groundWaterBody,,,,,,,AT1000,euRBDCode,DANUBE,F,47.04674,16.40977
AT,ATPG10003682,euMonitoringSiteCode,ATPG10003682,euMonitoringSiteCode,NO INTERNATIONAL NAME,ATGK100136,euGroundWaterBodyCode,NO INTERNATIONAL NAME,groundWaterBody,,,,,,,AT1000,euRBDCode,DANUBE,F,47.00736,16.46673
AT,ATPG10003702,euMonitoringSiteCode,ATPG10003702,euMonitoringSiteCode,NO INTERNATIONAL NAME,ATGK100181,euGroundWaterBodyCode,NO INTERNATIONAL NAME,groundWaterBody,,,,,,,AT1000,euRBDCode,DANUBE,F,47.29759,16.07098
AT,ATPG10003712,euMonitoringSiteCode,ATPG10003712,euMonitoringSiteCode,NO INTERNATIONAL NAME,ATGK100181,euGroundWaterBodyCode,NO INTERNATIONAL NAME,groundWaterBody,,,,,,,AT1000,euRBDCode,DANUBE,F,47.2702,16.08676
AT,ATPG10003732,euMonitoringSiteCode,ATPG10003732,euMonitoringSiteCode,NO INTERNATIONAL NAME,ATGK100129,euGroundWaterBodyCode,NO INTERNATIONAL NAME,groundWaterBody,,,,,,,AT1000,euRBDCode,DANUBE,F,46.99655,16.19366
AT,ATPG10003752,euMonitoringSiteCode,ATPG10003752,euMonitoringSiteCode,NO INTERNATIONAL NAME,ATGK100129,euGroundWaterBodyCode,NO INTERNATIONAL NAME,groundWaterBody,,,,,,,AT1000,euRBDCode,DANUBE,F,46.98619,16.24705
AT,ATPG10003802,euMonitoringSiteCode,ATPG10003802,euMonitoringSiteCode,NO INTERNATIONAL NAME,ATGK100018,euGroundWaterBodyCode,NO INTERNATIONAL NAME,groundWaterBody,,,,,,,AT1000,euRBDCode,DANUBE,F,47.99329,17.04783
AT,ATPG10003922,euMonitoringSiteCode,ATPG10003922,euMonitoringSiteCode,NO INTERNATIONAL NAME,ATGK100081,euGroundWaterBodyCode,NO INTERNATIONAL NAME,groundWaterBody,,,,,,,AT1000,euRBDCode,DANUBE,F,47.79656,16.48589
AT,ATPG10003932,euMonitoringSiteCode,ATPG10003932,euMonitoringSiteCode,NO INTERNATIONAL NAME,ATGK100131,euGroundWaterBodyCode,NO INTERNATIONAL NAME,groundWaterBody,,,,,,,AT1000,euRBDCode,DANUBE,F,46.9428,16.18288
AT,ATPG10003952,euMonitoringSiteCode,ATPG10003952,euMonitoringSiteCode,NO INTERNATIONAL NAME,ATGK100081,euGroundWaterBodyCode,NO INTERNATIONAL NAME,groundWaterBody,,,,,,,AT1000,euRBDCode,DANUBE,F,47.74691,16.35608
AT,ATPG10003962,euMonitoringSiteCode,ATPG10003962,euMonitoringSiteCode,NO INTERNATIONAL NAME,ATGK100191,euGroundWaterBodyCode,NO INTERNATIONAL NAME,groundWaterBody,,,,,,,AT1000,euRBDCode,DANUBE,F,47.43963,16.26149
AT,ATPG10003972,euMonitoringSiteCode,ATPG10003972,euMonitoringSiteCode,NO INTERNATIONAL NAME,ATGK100181,euGroundWaterBodyCode,NO INTERNATIONAL NAME,groundWaterBody,,,,,,,AT1000,euRBDCode,DANUBE,F,47.29342,16.09459
AT,ATPG10003982,euMonitoringSiteCode,ATPG10003982,euMonitoringSiteCode,NO INTERNATIONAL NAME,ATGK100181,euGroundWaterBodyCode,NO INTERNATIONAL NAME,groundWaterBody,,,,,,,AT1000,euRBDCode,DANUBE,F,47.26943,16.19122
AT,ATPG10003992,euMonitoringSiteCode,ATPG10003992,euMonitoringSiteCode,NO INTERNATIONAL NAME,ATGK100181,euGroundWaterBodyCode,NO INTERNATIONAL NAME,groundWaterBody,,,,,,,AT1000,euRBDCode,DANUBE,F,47.06094,16.28146
AT,ATPG10004002,euMonitoringSiteCode,ATPG10004002,euMonitoringSiteCode,NO INTERNATIONAL NAME,ATGK100187,euGroundWaterBodyCode,NO INTERNATIONAL NAME,groundWaterBody,,,,,,,AT1000,euRBDCode,DANUBE,F,46.88669,16.08533
AT,ATPG10004012,euMonitoringSiteCode,ATPG10004012,euMonitoringSiteCode,NO INTERNATIONAL NAME,ATGK100139,euGroundWaterBodyCode,NO INTERNATIONAL NAME,groundWaterBody,,,,,,,AT1000,euRBDCode,DANUBE,F,47.31473,16.42272
AT,ATPG10004022,euMonitoringSiteCode,ATPG10004022,euMonitoringSiteCode,NO INTERNATIONAL NAME,ATGK100127,euGroundWaterBodyCode,NO INTERNATIONAL NAME,groundWaterBody,,,,,,,AT1000,euRBDCode,DANUBE,F,47.41531,16.39943
AT,ATPG10004032,euMonitoringSiteCode,ATPG10004032,euMonitoringSiteCode,NO INTERNATIONAL NAME,ATGK100146,euGroundWaterBodyCode,NO INTERNATIONAL NAME,groundWaterBody,,,,,,,AT1000,euRBDCode,DANUBE,F,47.9225,16.71319
AT,ATPG10004052,euMonitoringSiteCode,ATPG10004052,euMonitoringSiteCode,NO INTERNATIONAL NAME,ATGK100131,euGroundWaterBodyCode,NO INTERNATIONAL NAME,groundWaterBody,,,,,,,AT1000,euRBDCode,DANUBE,F,46.93411,16.17059
AT,ATPG10004062,euMonitoringSiteCode,ATPG10004062,euMonitoringSiteCode,NO INTERNATIONAL NAME,ATGK100021,euGroundWaterBodyCode,NO INTERNATIONAL NAME,groundWaterBody,,,,,,,AT1000,euRBDCode,DANUBE,F,47.96366,16.95989
AT,ATPG20101002,euMonitoringSiteCode,ATPG20101002,euMonitoringSiteCode,NO INTERNATIONAL NAME,ATGK100063,euGroundWaterBodyCode,NO INTERNATIONAL NAME,groundWaterBody,,,,,,,AT1000,euRBDCode,DANUBE,F,46.61522,14.31983
AT,ATPG20101012,euMonitoringSiteCode,ATPG20101012,euMonitoringSiteCode,NO INTERNATIONAL NAME,ATGK100063,euGroundWaterBodyCode,NO INTERNATIONAL NAME,groundWaterBody,,,,,,,AT1000,euRBDCode,DANUBE,F,46.63054,14.3162
AT,ATPG20101022,euMonitoringSiteCode,ATPG20101022,euMonitoringSiteCode,NO INTERNATIONAL NAME,ATGK100063,euGroundWaterBodyCode,NO INTERNATIONAL NAME,groundWaterBody,,,,,,,AT1000,euRBDCode,DANUBE,F,46.61705,14.31595
AT,ATPG20101032,euMonitoringSiteCode,ATPG20101032,euMonitoringSiteCode,NO INTERNATIONAL NAME,ATGK100075,euGroundWaterBodyCode,NO INTERNATIONAL NAME,groundWaterBody,,,,,,,AT1000,euRBDCode,DANUBE,F,46.59464,14.3064
AT,ATPG20101042,euMonitoringSiteCode,ATPG20101042,euMonitoringSiteCode,NO INTERNATIONAL NAME,ATGK100063,euGroundWaterBodyCode,NO INTERNATIONAL NAME,groundWaterBody,,,,,,,AT1000,euRBDCode,DANUBE,F,46.62424,14.31739
AT,ATPG20101052,euMonitoringSiteCode,ATPG20101052,euMonitoringSiteCode,NO INTERNATIONAL NAME,ATGK100063,euGroundWaterBodyCode,NO INTERNATIONAL NAME,groundWaterBody,,,,,,,AT1000,euRBDCode,DANUBE,F,46.62164,14.30558
AT,ATPG20101062,euMonitoringSiteCode,ATPG20101062,euMonitoringSiteCode,NO INTERNATIONAL NAME,ATGK100063,euGroundWaterBodyCode,NO INTERNATIONAL NAME,groundWaterBody,,,,,,,AT1000,euRBDCode,DANUBE,F,46.61862,14.3421
AT,ATPG20101072,euMonitoringSiteCode,ATPG20101072,euMonitoringSiteCode,NO INTERNATIONAL NAME,ATGK100063,euGroundWaterBodyCode,NO INTERNATIONAL NAME,groundWaterBody,,,,,,,AT1000,euRBDCode,DANUBE,F,46.62287,14.3696
AT,ATPG20101082,euMonitoringSiteCode,ATPG20101082,euMonitoringSiteCode,NO INTERNATIONAL NAME,ATGK100061,euGroundWaterBodyCode,NO INTERNATIONAL NAME,groundWaterBody,,,,,,,AT1000,euRBDCode,DANUBE,F,46.66234,14.28149
AT,ATPG20101092,euMonitoringSiteCode,ATPG20101092,euMonitoringSiteCode,NO INTERNATIONAL NAME,ATGK100061,euGroundWaterBodyCode,NO INTERNATIONAL NAME,groundWaterBody,,,,,,,AT1000,euRBDCode,DANUBE,F,46.65602,14.28399
AT,ATPG20101102,euMonitoringSiteCode,ATPG20101102,euMonitoringSiteCode,NO INTERNATIONAL NAME,ATGK100063,euGroundWaterBodyCode,NO INTERNATIONAL NAME,groundWaterBody,,,,,,,AT1000,euRBDCode,DANUBE,F,46.6485,14.32045
AT,ATPG20101112,euMonitoringSiteCode,ATPG20101112,euMonitoringSiteCode,NO INTERNATIONAL NAME,ATGK100061,euGroundWaterBodyCode,NO INTERNATIONAL NAME,groundWaterBody,,,,,,,AT1000,euRBDCode,DANUBE,F,46.66596,14.27894
AT,ATPG20101122,euMonitoringSiteCode,ATPG20101122,euMonitoringSiteCode,NO INTERNATIONAL NAME,ATGK100069,euGroundWaterBodyCode,NO INTERNATIONAL NAME,groundWaterBody,,,,,,,AT1000,euRBDCode,DANUBE,F,46.64861,14.408
AT,ATPG20101132,euMonitoringSiteCode,ATPG20101132,euMonitoringSiteCode,NO INTERNATIONAL NAME,ATGK100069,euGroundWaterBodyCode,NO INTERNATIONAL NAME,groundWaterBody,,,,,,,AT1000,euRBDCode,DANUBE,F,46.63689,14.41037
AT,ATPG20101152,euMonitoringSiteCode,ATPG20101152,euMonitoringSiteCode,NO INTERNATIONAL NAME,ATGK100063,euGroundWaterBodyCode,NO INTERNATIONAL NAME,groundWaterBody,,,,,,,AT1000,euRBDCode,DANUBE,F,46.60273,14.30655
AT,ATPG20101162,euMonitoringSiteCode,ATPG20101162,euMonitoringSiteCode,NO INTERNATIONAL NAME,ATGK100075,euGroundWaterBodyCode,NO INTERNATIONAL NAME,groundWaterBody,,,,,,,AT1000,euRBDCode,DANUBE,F,46.59651,14.2973
AT,ATPG20101242,euMonitoringSiteCode,ATPG20101242,euMonitoringSiteCode,NO INTERNATIONAL NAME,ATGK100063,euGroundWaterBodyCode,NO INTERNATIONAL NAME,groundWaterBody,,,,,,,AT1000,euRBDCode,DANUBE,F,46.6342,14.40901
AT,ATPG20201012,euMonitoringSiteCode,ATPG20201012,euMonitoringSiteCode,NO INTERNATIONAL NAME,ATGK100059,euGroundWaterBodyCode,NO INTERNATIONAL NAME,groundWaterBody,,,,,,,AT1000,euRBDCode,DANUBE,F,46.6416,13.87873
AT,ATPG20201022,euMonitoringSiteCode,ATPG20201022,euMonitoringSiteCode,NO INTERNATIONAL NAME,ATGK100059,euGroundWaterBodyCode,NO INTERNATIONAL NAME,groundWaterBody,,,,,,,AT1000,euRBDCode,DANUBE,F,46.64702,13.87356
AT,ATPG20201102,euMonitoringSiteCode,ATPG20201102,euMonitoringSiteCode,NO INTERNATIONAL NAME,ATGK100059,euGroundWaterBodyCode,NO INTERNATIONAL NAME,groundWaterBody,,,,,,,AT1000,euRBDCode,DANUBE,F,46.63466,13.81988
AT,ATPG20201132,euMonitoringSiteCode,ATPG20201132,euMonitoringSiteCode,NO INTERNATIONAL NAME,ATGK100059,euGroundWaterBodyCode,NO INTERNATIONAL NAME,groundWaterBody,,,,,,,AT1000,euRBDCode,DANUBE,F,46.62458,13.86158
AT,ATPG20201142,euMonitoringSiteCode,ATPG20201142,euMonitoringSiteCode,NO INTERNATIONAL NAME,ATGK100059,euGroundWaterBodyCode,NO INTERNATIONAL NAME,groundWaterBody,,,,,,,AT1000,euRBDCode,DANUBE,F,46.61262,13.915
AT,ATPG20201152,euMonitoringSiteCode,ATPG20201152,euMonitoringSiteCode,NO INTERNATIONAL NAME,ATGK100059,euGroundWaterBodyCode,NO INTERNATIONAL NAME,groundWaterBody,,,,,,,AT1000,euRBDCode,DANUBE,F,46.61801,13.91637
AT,ATPG20201162,euMonitoringSiteCode,ATPG20201162,euMonitoringSiteCode,NO INTERNATIONAL NAME,ATGK100060,euGroundWaterBodyCode,NO INTERNATIONAL NAME,groundWaterBody,,,,,,,AT1000,euRBDCode,DANUBE,F,46.59762,13.85479
AT,ATPG20201172,euMonitoringSiteCode,ATPG20201172,euMonitoringSiteCode,NO INTERNATIONAL NAME,ATGK100059,euGroundWaterBodyCode,NO INTERNATIONAL NAME,groundWaterBody,,,,,,,AT1000,euRBDCode,DANUBE,F,46.61471,13.85626
AT,ATPG20201192,euMonitoringSiteCode,ATPG20201192,euMonitoringSiteCode,NO INTERNATIONAL NAME,ATGK100060,euGroundWaterBodyCode,NO INTERNATIONAL NAME,groundWaterBody,,,,,,,AT1000,euRBDCode,DANUBE,F,46.59401,13.85606
AT,ATPG20201202,euMonitoringSiteCode,ATPG20201202,euMonitoringSiteCode,NO INTERNATIONAL NAME,ATGK100059,euGroundWaterBodyCode,NO INTERNATIONAL NAME,groundWaterBody,,,,,,,AT1000,euRBDCode,DANUBE,F,46.62017,13.84195
AT,ATPG20201232,euMonitoringSiteCode,ATPG20201232,euMonitoringSiteCode,NO INTERNATIONAL NAME,ATGK100059,euGroundWaterBodyCode,NO INTERNATIONAL NAME,groundWaterBody,,,,,,,AT1000,euRBDCode,DANUBE,F,46.6298,13.89821
AT,ATPG20201262,euMonitoringSiteCode,ATPG20201262,euMonitoringSiteCode,NO INTERNATIONAL NAME,ATGK100059,euGroundWaterBodyCode,NO INTERNATIONAL NAME,groundWaterBody,,,,,,,AT1000,euRBDCode,DANUBE,F,46.62356,13.88639
AT,ATPG20305062,euMonitoringSiteCode,ATPG20305062,euMonitoringSiteCode,NO INTERNATIONAL NAME,ATGK100060,euGroundWaterBodyCode,NO INTERNATIONAL NAME,groundWaterBody,,,,,,,AT1000,euRBDCode,DANUBE,F,46.6177,13.30393
AT,ATPG20305082,euMonitoringSiteCode,ATPG20305082,euMonitoringSiteCode,NO INTERNATIONAL NAME,ATGK100060,euGroundWaterBodyCode,NO INTERNATIONAL NAME,groundWaterBody,,,,,,,AT1000,euRBDCode,DANUBE,F,46.60952,13.47889
AT,ATPG20305112,euMonitoringSiteCode,ATPG20305112,euMonitoringSiteCode,NO INTERNATIONAL NAME,ATGK100060,euGroundWaterBodyCode,NO INTERNATIONAL NAME,groundWaterBody,,,,,,,AT1000,euRBDCode,DANUBE,F,46.6105,13.36661
AT,ATPG20305122,euMonitoringSiteCode,ATPG20305122,euMonitoringSiteCode,NO INTERNATIONAL NAME,ATGK100060,euGroundWaterBodyCode,NO INTERNATIONAL NAME,groundWaterBody,,,,,,,AT1000,euRBDCode,DANUBE,F,46.60502,13.47757
AT,ATPG20306042,euMonitoringSiteCode,ATPG20306042,euMonitoringSiteCode,NO INTERNATIONAL NAME,ATGK100060,euGroundWaterBodyCode,NO INTERNATIONAL NAME,groundWaterBody,,,,,,,AT1000,euRBDCode,DANUBE,F,46.6311,13.18637
AT,ATPG20307032,euMonitoringSiteCode,ATPG20307032,euMonitoringSiteCode,NO INTERNATIONAL NAME,ATGK100060,euGroundWaterBodyCode,NO INTERNATIONAL NAME,groundWaterBody,,,,,,,AT1000,euRBDCode,DANUBE,F,46.64978,13.07003
AT,ATPG20307042,euMonitoringSiteCode,ATPG20307042,euMonitoringSiteCode,NO INTERNATIONAL NAME,ATGK100060,euGroundWaterBodyCode,NO INTERNATIONAL NAME,groundWaterBody,,,,,,,AT1000,euRBDCode,DANUBE,F,46.67211,13.00587
AT,ATPG20307332,euMonitoringSiteCode,ATPG20307332,euMonitoringSiteCode,NO INTERNATIONAL NAME,ATGK100060,euGroundWaterBodyCode,NO INTERNATIONAL NAME,groundWaterBody,,,,,,,AT1000,euRBDCode,DANUBE,F,46.66314,13.01507
AT,ATPG20307352,euMonitoringSiteCode,ATPG20307352,euMonitoringSiteCode,NO INTERNATIONAL NAME,ATGK100060,euGroundWaterBodyCode,NO INTERNATIONAL NAME,groundWaterBody,,,,,,,AT1000,euRBDCode,DANUBE,F,46.66224,13.01508
AT,ATPG20316262,euMonitoringSiteCode,ATPG20316262,euMonitoringSiteCode,NO INTERNATIONAL NAME,ATGK100060,euGroundWaterBodyCode,NO INTERNATIONAL NAME,groundWaterBody,,,,,,,AT1000,euRBDCode,DANUBE,F,46.58963,13.54149
AT,ATPG20320302,euMonitoringSiteCode,ATPG20320302,euMonitoringSiteCode,NO INTERNATIONAL NAME,ATGK100077,euGroundWaterBodyCode,NO INTERNATIONAL NAME,groundWaterBody,,,,,,,AT1000,euRBDCode,DANUBE,F,46.66988,13.29214
AT,ATPG20402052,euMonitoringSiteCode,ATPG20402052,euMonitoringSiteCode,NO INTERNATIONAL NAME,ATGK100075,euGroundWaterBodyCode,NO INTERNATIONAL NAME,groundWaterBody,,,,,,,AT1000,euRBDCode,DANUBE,F,46.59871,14.35478
AT,ATPG20402132,euMonitoringSiteCode,ATPG20402132,euMonitoringSiteCode,NO INTERNATIONAL NAME,ATGK100067,euGroundWaterBodyCode,NO INTERNATIONAL NAME,groundWaterBody,,,,,,,AT1000,euRBDCode,DANUBE,F,46.56382,14.42848
AT,ATPG20403052,euMonitoringSiteCode,ATPG20403052,euMonitoringSiteCode,NO INTERNATIONAL NAME,ATGK100067,euGroundWaterBodyCode,NO INTERNATIONAL NAME,groundWaterBody,,,,,,,AT1000,euRBDCode,DANUBE,F,46.52653,14.15785
AT,ATPG20403062,euMonitoringSiteCode,ATPG20403062,euMonitoringSiteCode,NO INTERNATIONAL NAME,ATGK100067,euGroundWaterBodyCode,NO INTERNATIONAL NAME,groundWaterBody,,,,,,,AT1000,euRBDCode,DANUBE,F,46.53504,14.22187
AT,ATPG20405072,euMonitoringSiteCode,ATPG20405072,euMonitoringSiteCode,NO INTERNATIONAL NAME,ATGK100067,euGroundWaterBodyCode,NO INTERNATIONAL NAME,groundWaterBody,,,,,,,AT1000,euRBDCode,DANUBE,F,46.53468,14.2675
AT,ATPG20405092,euMonitoringSiteCode,ATPG20405092,euMonitoringSiteCode,NO INTERNATIONAL NAME,ATGK100067,euGroundWaterBodyCode,NO INTERNATIONAL NAME,groundWaterBody,,,,,,,AT1000,euRBDCode,DANUBE,F,46.54059,14.31325
AT,ATPG20405102,euMonitoringSiteCode,ATPG20405102,euMonitoringSiteCode,NO INTERNATIONAL NAME,ATGK100067,euGroundWaterBodyCode,NO INTERNATIONAL NAME,groundWaterBody,,,,,,,AT1000,euRBDCode,DANUBE,F,46.52709,14.313
AT,ATPG20405212,euMonitoringSiteCode,ATPG20405212,euMonitoringSiteCode,NO INTERNATIONAL NAME,ATGK100067,euGroundWaterBodyCode,NO INTERNATIONAL NAME,groundWaterBody,,,,,,,AT1000,euRBDCode,DANUBE,F,46.5413,14.33412
AT,ATPG20405242,euMonitoringSiteCode,ATPG20405242,euMonitoringSiteCode,NO INTERNATIONAL NAME,ATGK100067,euGroundWaterBodyCode,NO INTERNATIONAL NAME,groundWaterBody,,,,,,,AT1000,euRBDCode,DANUBE,F,46.534,14.24011
AT,ATPG20409092,euMonitoringSiteCode,ATPG20409092,euMonitoringSiteCode,NO INTERNATIONAL NAME,ATGK100063,euGroundWaterBodyCode,NO INTERNATIONAL NAME,groundWaterBody,,,,,,,AT1000,euRBDCode,DANUBE,F,46.59823,14.49707
AT,ATPG20409122,euMonitoringSiteCode,ATPG20409122,euMonitoringSiteCode,NO INTERNATIONAL NAME,ATGK100067,euGroundWaterBodyCode,NO INTERNATIONAL NAME,groundWaterBody,,,,,,,AT1000,euRBDCode,DANUBE,F,46.56152,14.47931
AT,ATPG20418012,euMonitoringSiteCode,ATPG20418012,euMonitoringSiteCode,NO INTERNATIONAL NAME,ATGK100061,euGroundWaterBodyCode,NO INTERNATIONAL NAME,groundWaterBody,,,,,,,AT1000,euRBDCode,DANUBE,F,46.72361,14.37417
AT,ATPG20418032,euMonitoringSiteCode,ATPG20418032,euMonitoringSiteCode,NO INTERNATIONAL NAME,ATGK100061,euGroundWaterBodyCode,NO INTERNATIONAL NAME,groundWaterBody,,,,,,,AT1000,euRBDCode,DANUBE,F,46.68524,14.33812
AT,ATPG20418052,euMonitoringSiteCode,ATPG20418052,euMonitoringSiteCode,NO INTERNATIONAL NAME,ATGK100061,euGroundWaterBodyCode,NO INTERNATIONAL NAME,groundWaterBody,,,,,,,AT1000,euRBDCode,DANUBE,F,46.68341,14.34201
AT,ATPG20418062,euMonitoringSiteCode,ATPG20418062,euMonitoringSiteCode,NO INTERNATIONAL NAME,ATGK100061,euGroundWaterBodyCode,NO INTERNATIONAL NAME,groundWaterBody,,,,,,,AT1000,euRBDCode,DANUBE,F,46.66836,14.31428
AT,ATPG20418072,euMonitoringSiteCode,ATPG20418072,euMonitoringSiteCode,NO INTERNATIONAL NAME,ATGK100061,euGroundWaterBodyCode,NO INTERNATIONAL NAME,groundWaterBody,,,,,,,AT1000,euRBDCode,DANUBE,F,46.67108,14.31171
AT,ATPG20418082,euMonitoringSiteCode,ATPG20418082,euMonitoringSiteCode,NO INTERNATIONAL NAME,ATGK100061,euGroundWaterBodyCode,NO INTERNATIONAL NAME,groundWaterBody,,,,,,,AT1000,euRBDCode,DANUBE,F,46.68975,14.3369
AT,ATPG20418162,euMonitoringSiteCode,ATPG20418162,euMonitoringSiteCode,NO INTERNATIONAL NAME,ATGK100061,euGroundWaterBodyCode,NO INTERNATIONAL NAME,groundWaterBody,,,,,,,AT1000,euRBDCode,DANUBE,F,46.70485,14.35942
AT,ATPG20418172,euMonitoringSiteCode,ATPG20418172,euMonitoringSiteCode,NO INTERNATIONAL NAME,ATGK100061,euGroundWaterBodyCode,NO INTERNATIONAL NAME,groundWaterBody,,,,,,,AT1000,euRBDCode,DANUBE,F,46.68629,14.32114
AT,ATPG20418182,euMonitoringSiteCode,ATPG20418182,euMonitoringSiteCode,NO INTERNATIONAL NAME,ATGK100061,euGroundWaterBodyCode,NO INTERNATIONAL NAME,groundWaterBody,,,,,,,AT1000,euRBDCode,DANUBE,F,46.67282,14.31828
AT,ATPG20435012,euMonitoringSiteCode,ATPG20435012,euMonitoringSiteCode,NO INTERNATIONAL NAME,ATGK100061,euGroundWaterBodyCode,NO INTERNATIONAL NAME,groundWaterBody,,,,,,,AT1000,euRBDCode,DANUBE,F,46.66566,14.07765
AT,ATPG20442072,euMonitoringSiteCode,ATPG20442072,euMonitoringSiteCode,BR WIESER,ATGK100069,euGroundWaterBodyCode,NO INTERNATIONAL NAME,groundWaterBody,,,,,,,AT1000,euRBDCode,DANUBE,N,,
AT,ATPG20442112,euMonitoringSiteCode,ATPG20442112,euMonitoringSiteCode,NO INTERNATIONAL NAME,ATGK100069,euGroundWaterBodyCode,NO INTERNATIONAL NAME,groundWaterBody,,,,,,,AT1000,euRBDCode,DANUBE,F,46.66191,14.42787
AT,ATPG20442212,euMonitoringSiteCode,ATPG20442212,euMonitoringSiteCode,NO INTERNATIONAL NAME,ATGK100069,euGroundWaterBodyCode,NO INTERNATIONAL NAME,groundWaterBody,,,,,,,AT1000,euRBDCode,DANUBE,F,46.64495,14.41445
AT,ATPG20442262,euMonitoringSiteCode,ATPG20442262,euMonitoringSiteCode,NO INTERNATIONAL NAME,ATGK100069,euGroundWaterBodyCode,NO INTERNATIONAL NAME,groundWaterBody,,,,,,,AT1000,euRBDCode,DANUBE,F,46.66209,14.40957
AT,ATPG20501022,euMonitoringSiteCode,ATPG20501022,euMonitoringSiteCode,NO INTERNATIONAL NAME,ATGK100064,euGroundWaterBodyCode,NO INTERNATIONAL NAME,groundWaterBody,,,,,,,AT1000,euRBDCode,DANUBE,F,46.8704,14.45707
AT,ATPG20501082,euMonitoringSiteCode,ATPG20501082,euMonitoringSiteCode,NO INTERNATIONAL NAME,ATGK100064,euGroundWaterBodyCode,NO INTERNATIONAL NAME,groundWaterBody,,,,,,,AT1000,euRBDCode,DANUBE,F,46.85776,14.46074
AT,ATPG20502012,euMonitoringSiteCode,ATPG20502012,euMonitoringSiteCode,NO INTERNATIONAL NAME,ATGK100186,euGroundWaterBodyCode,NO INTERNATIONAL NAME,groundWaterBody,,,,,,,AT1000,euRBDCode,DANUBE,F,46.75268,14.52923
AT,ATPG20502032,euMonitoringSiteCode,ATPG20502032,euMonitoringSiteCode,NO INTERNATIONAL NAME,ATGK100069,euGroundWaterBodyCode,NO INTERNATIONAL NAME,groundWaterBody,,,,,,,AT1000,euRBDCode,DANUBE,F,46.75009,14.5187
AT,ATPG20502052,euMonitoringSiteCode,ATPG20502052,euMonitoringSiteCode,NO INTERNATIONAL NAME,ATGK100069,euGroundWaterBodyCode,NO INTERNATIONAL NAME,groundWaterBody,,,,,,,AT1000,euRBDCode,DANUBE,F,46.74092,14.5342
AT,ATPG20502222,euMonitoringSiteCode,ATPG20502222,euMonitoringSiteCode,NO INTERNATIONAL NAME,ATGK100069,euGroundWaterBodyCode,NO INTERNATIONAL NAME,groundWaterBody,,,,,,,AT1000,euRBDCode,DANUBE,F,46.70963,14.51518
AT,ATPG20502252,euMonitoringSiteCode,ATPG20502252,euMonitoringSiteCode,NO INTERNATIONAL NAME,ATGK100069,euGroundWaterBodyCode,NO INTERNATIONAL NAME,groundWaterBody,,,,,,,AT1000,euRBDCode,DANUBE,F,46.69274,14.49519
AT,ATPG20505012,euMonitoringSiteCode,ATPG20505012,euMonitoringSiteCode,NO INTERNATIONAL NAME,ATGK100066,euGroundWaterBodyCode,NO INTERNATIONAL NAME,groundWaterBody,,,,,,,AT1000,euRBDCode,DANUBE,F,46.96004,14.39981
AT,ATPG20505022,euMonitoringSiteCode,ATPG20505022,euMonitoringSiteCode,NO INTERNATIONAL NAME,ATGK100066,euGroundWaterBodyCode,NO INTERNATIONAL NAME,groundWaterBody,,,,,,,AT1000,euRBDCode,DANUBE,F,46.95359,14.41545
AT,ATPG20505042,euMonitoringSiteCode,ATPG20505042,euMonitoringSiteCode,NO INTERNATIONAL NAME,ATGK100066,euGroundWaterBodyCode,NO INTERNATIONAL NAME,groundWaterBody,,,,,,,AT1000,euRBDCode,DANUBE,F,46.90299,14.43675
AT,ATPG20505052,euMonitoringSiteCode,ATPG20505052,euMonitoringSiteCode,NO INTERNATIONAL NAME,ATGK100066,euGroundWaterBodyCode,NO INTERNATIONAL NAME,groundWaterBody,,,,,,,AT1000,euRBDCode,DANUBE,F,46.97016,14.37504
AT,ATPG20505062,euMonitoringSiteCode,ATPG20505062,euMonitoringSiteCode,NO INTERNATIONAL NAME,ATGK100066,euGroundWaterBodyCode,NO INTERNATIONAL NAME,groundWaterBody,,,,,,,AT1000,euRBDCode,DANUBE,F,46.96553,14.38941
AT,ATPG20505072,euMonitoringSiteCode,ATPG20505072,euMonitoringSiteCode,NO INTERNATIONAL NAME,ATGK100066,euGroundWaterBodyCode,NO INTERNATIONAL NAME,groundWaterBody,,,,,,,AT1000,euRBDCode,DANUBE,F,46.97178,14.39479
AT,ATPG20512062,euMonitoringSiteCode,ATPG20512062,euMonitoringSiteCode,NO INTERNATIONAL NAME,ATGK100064,euGroundWaterBodyCode,NO INTERNATIONAL NAME,groundWaterBody,,,,,,,AT1000,euRBDCode,DANUBE,F,46.84063,14.46431
AT,ATPG20512102,euMonitoringSiteCode,ATPG20512102,euMonitoringSiteCode,NO INTERNATIONAL NAME,ATGK100064,euGroundWaterBodyCode,NO INTERNATIONAL NAME,groundWaterBody,,,,,,,AT1000,euRBDCode,DANUBE,F,46.83873,14.47476
AT,ATPG20512111,euMonitoringSiteCode,ATPG20512111,euMonitoringSiteCode,NO INTERNATIONAL NAME,ATGK100064,euGroundWaterBodyCode,NO INTERNATIONAL NAME,groundWaterBody,,,,,,,AT1000,euRBDCode,DANUBE,F,46.82071,14.477
AT,ATPG20512121,euMonitoringSiteCode,ATPG20512121,euMonitoringSiteCode,NO INTERNATIONAL NAME,ATGK100064,euGroundWaterBodyCode,NO INTERNATIONAL NAME,groundWaterBody,,,,,,,AT1000,euRBDCode,DANUBE,F,46.82071,14.477
AT,ATPG20512132,euMonitoringSiteCode,ATPG20512132,euMonitoringSiteCode,NO INTERNATIONAL NAME,ATGK100064,euGroundWaterBodyCode,NO INTERNATIONAL NAME,groundWaterBody,,,,,,,AT1000,euRBDCode,DANUBE,F,46.82818,14.44963
AT,ATPG20512182,euMonitoringSiteCode,ATPG20512182,euMonitoringSiteCode,NO INTERNATIONAL NAME,ATGK100064,euGroundWaterBodyCode,NO INTERNATIONAL NAME,groundWaterBody,,,,,,,AT1000,euRBDCode,DANUBE,F,46.83064,14.47328
AT,ATPG20512192,euMonitoringSiteCode,ATPG20512192,euMonitoringSiteCode,NO INTERNATIONAL NAME,ATGK100064,euGroundWaterBodyCode,NO INTERNATIONAL NAME,groundWaterBody,,,,,,,AT1000,euRBDCode,DANUBE,F,46.82523,14.47448
AT,ATPG20512202,euMonitoringSiteCode,ATPG20512202,euMonitoringSiteCode,NO INTERNATIONAL NAME,ATGK100064,euGroundWaterBodyCode,NO INTERNATIONAL NAME,groundWaterBody,,,,,,,AT1000,euRBDCode,DANUBE,F,46.82076,14.47176
AT,ATPG20512212,euMonitoringSiteCode,ATPG20512212,euMonitoringSiteCode,NO INTERNATIONAL NAME,ATGK100064,euGroundWaterBodyCode,NO INTERNATIONAL NAME,groundWaterBody,,,,,,,AT1000,euRBDCode,DANUBE,F,46.84964,14.46319
AT,ATPG20512222,euMonitoringSiteCode,ATPG20512222,euMonitoringSiteCode,NO INTERNATIONAL NAME,ATGK100064,euGroundWaterBodyCode,NO INTERNATIONAL NAME,groundWaterBody,,,,,,,AT1000,euRBDCode,DANUBE,F,46.83071,14.46673
AT,ATPG20512232,euMonitoringSiteCode,ATPG20512232,euMonitoringSiteCode,NO INTERNATIONAL NAME,ATGK100064,euGroundWaterBodyCode,NO INTERNATIONAL NAME,groundWaterBody,,,,,,,AT1000,euRBDCode,DANUBE,F,46.81992,14.46519
AT,ATPG20512242,euMonitoringSiteCode,ATPG20512242,euMonitoringSiteCode,NO INTERNATIONAL NAME,ATGK100064,euGroundWaterBodyCode,NO INTERNATIONAL NAME,groundWaterBody,,,,,,,AT1000,euRBDCode,DANUBE,F,46.82698,14.47976
AT,ATPG20512252,euMonitoringSiteCode,ATPG20512252,euMonitoringSiteCode,NO INTERNATIONAL NAME,ATGK100064,euGroundWaterBodyCode,NO INTERNATIONAL NAME,groundWaterBody,,,,,,,AT1000,euRBDCode,DANUBE,F,46.81453,14.46507
AT,ATPG20515072,euMonitoringSiteCode,ATPG20515072,euMonitoringSiteCode,NO INTERNATIONAL NAME,ATGK100061,euGroundWaterBodyCode,NO INTERNATIONAL NAME,groundWaterBody,,,,,,,AT1000,euRBDCode,DANUBE,F,46.73337,14.28798
AT,ATPG20515082,euMonitoringSiteCode,ATPG20515082,euMonitoringSiteCode,NO INTERNATIONAL NAME,ATGK100061,euGroundWaterBodyCode,NO INTERNATIONAL NAME,groundWaterBody,,,,,,,AT1000,euRBDCode,DANUBE,F,46.72711,14.28264
AT,ATPG20520012,euMonitoringSiteCode,ATPG20520012,euMonitoringSiteCode,NO INTERNATIONAL NAME,ATGK100064,euGroundWaterBodyCode,NO INTERNATIONAL NAME,groundWaterBody,,,,,,,AT1000,euRBDCode,DANUBE,F,46.86415,14.45169
AT,ATPG20523022,euMonitoringSiteCode,ATPG20523022,euMonitoringSiteCode,NO INTERNATIONAL NAME,ATGK100069,euGroundWaterBodyCode,NO INTERNATIONAL NAME,groundWaterBody,,,,,,,AT1000,euRBDCode,DANUBE,F,46.76301,14.48755
AT,ATPG20523032,euMonitoringSiteCode,ATPG20523032,euMonitoringSiteCode,NO INTERNATIONAL NAME,ATGK100069,euGroundWaterBodyCode,NO INTERNATIONAL NAME,groundWaterBody,,,,,,,AT1000,euRBDCode,DANUBE,F,46.77211,14.47727
AT,ATPG20523142,euMonitoringSiteCode,ATPG20523142,euMonitoringSiteCode,NO INTERNATIONAL NAME,ATGK100064,euGroundWaterBodyCode,NO INTERNATIONAL NAME,groundWaterBody,,,,,,,AT1000,euRBDCode,DANUBE,F,46.78384,14.47359
AT,ATPG20527072,euMonitoringSiteCode,ATPG20527072,euMonitoringSiteCode,NO INTERNATIONAL NAME,ATGK100061,euGroundWaterBodyCode,NO INTERNATIONAL NAME,groundWaterBody,,,,,,,AT1000,euRBDCode,DANUBE,F,46.7422,14.30777
AT,ATPG20527082,euMonitoringSiteCode,ATPG20527082,euMonitoringSiteCode,NO INTERNATIONAL NAME,ATGK100061,euGroundWaterBodyCode,NO INTERNATIONAL NAME,groundWaterBody,,,,,,,AT1000,euRBDCode,DANUBE,F,46.73858,14.31033
AT,ATPG20527092,euMonitoringSiteCode,ATPG20527092,euMonitoringSiteCode,NO INTERNATIONAL NAME,ATGK100061,euGroundWaterBodyCode,NO INTERNATIONAL NAME,groundWaterBody,,,,,,,AT1000,euRBDCode,DANUBE,F,46.73587,14.31158
AT,ATPG20527112,euMonitoringSiteCode,ATPG20527112,euMonitoringSiteCode,NO INTERNATIONAL NAME,ATGK100061,euGroundWaterBodyCode,NO INTERNATIONAL NAME,groundWaterBody,,,,,,,AT1000,euRBDCode,DANUBE,F,46.74119,14.32084
AT,ATPG20527122,euMonitoringSiteCode,ATPG20527122,euMonitoringSiteCode,NO INTERNATIONAL NAME,ATGK100061,euGroundWaterBodyCode,NO INTERNATIONAL NAME,groundWaterBody,,,,,,,AT1000,euRBDCode,DANUBE,F,46.76053,14.37096
AT,ATPG20527132,euMonitoringSiteCode,ATPG20527132,euMonitoringSiteCode,NO INTERNATIONAL NAME,ATGK100061,euGroundWaterBodyCode,NO INTERNATIONAL NAME,groundWaterBody,,,,,,,AT1000,euRBDCode,DANUBE,F,46.75705,14.3578
AT,ATPG20527152,euMonitoringSiteCode,ATPG20527152,euMonitoringSiteCode,NO INTERNATIONAL NAME,ATGK100061,euGroundWaterBodyCode,NO INTERNATIONAL NAME,groundWaterBody,,,,,,,AT1000,euRBDCode,DANUBE,F,46.76407,14.37758
AT,ATPG20530022,euMonitoringSiteCode,ATPG20530022,euMonitoringSiteCode,NO INTERNATIONAL NAME,ATGK100186,euGroundWaterBodyCode,NO INTERNATIONAL NAME,groundWaterBody,,,,,,,AT1000,euRBDCode,DANUBE,F,46.88079,14.30636
AT,ATPG20530032,euMonitoringSiteCode,ATPG20530032,euMonitoringSiteCode,NO INTERNATIONAL NAME,ATGK100186,euGroundWaterBodyCode,NO INTERNATIONAL NAME,groundWaterBody,,,,,,,AT1000,euRBDCode,DANUBE,F,46.89865,14.42091
AT,ATPG20531012,euMonitoringSiteCode,ATPG20531012,euMonitoringSiteCode,NO INTERNATIONAL NAME,ATGK100186,euGroundWaterBodyCode,NO INTERNATIONAL NAME,groundWaterBody,,,,,,,AT1000,euRBDCode,DANUBE,F,46.86339,14.23389
AT,ATPG20602032,euMonitoringSiteCode,ATPG20602032,euMonitoringSiteCode,NO INTERNATIONAL NAME,ATGK100059,euGroundWaterBodyCode,NO INTERNATIONAL NAME,groundWaterBody,,,,,,,AT1000,euRBDCode,DANUBE,F,46.8048,13.45452
AT,ATPG20604072,euMonitoringSiteCode,ATPG20604072,euMonitoringSiteCode,NO INTERNATIONAL NAME,ATGK100059,euGroundWaterBodyCode,NO INTERNATIONAL NAME,groundWaterBody,,,,,,,AT1000,euRBDCode,DANUBE,F,46.73343,13.05653
AT,ATPG20604082,euMonitoringSiteCode,ATPG20604082,euMonitoringSiteCode,NO INTERNATIONAL NAME,ATGK100059,euGroundWaterBodyCode,NO INTERNATIONAL NAME,groundWaterBody,,,,,,,AT1000,euRBDCode,DANUBE,F,46.73893,13.09969
AT,ATPG20608012,euMonitoringSiteCode,ATPG20608012,euMonitoringSiteCode,NO INTERNATIONAL NAME,ATGK100186,euGroundWaterBodyCode,NO INTERNATIONAL NAME,groundWaterBody,,,,,,,AT1000,euRBDCode,DANUBE,F,46.90365,13.53875
AT,ATPG20608032,euMonitoringSiteCode,ATPG20608032,euMonitoringSiteCode,NO INTERNATIONAL NAME,ATGK100186,euGroundWaterBodyCode,NO INTERNATIONAL NAME,groundWaterBody,,,,,,,AT1000,euRBDCode,DANUBE,F,46.91897,13.52831
AT,ATPG20609072,euMonitoringSiteCode,ATPG20609072,euMonitoringSiteCode,NO INTERNATIONAL NAME,ATGK100059,euGroundWaterBodyCode,NO INTERNATIONAL NAME,groundWaterBody,,,,,,,AT1000,euRBDCode,DANUBE,F,46.74088,13.18999
AT,ATPG20609082,euMonitoringSiteCode,ATPG20609082,euMonitoringSiteCode,NO INTERNATIONAL NAME,ATGK100059,euGroundWaterBodyCode,NO INTERNATIONAL NAME,groundWaterBody,,,,,,,AT1000,euRBDCode,DANUBE,F,46.74174,13.15988
AT,ATPG20613112,euMonitoringSiteCode,ATPG20613112,euMonitoringSiteCode,NO INTERNATIONAL NAME,ATGK100059,euGroundWaterBodyCode,NO INTERNATIONAL NAME,groundWaterBody,,,,,,,AT1000,euRBDCode,DANUBE,F,46.76347,13.34705
AT,ATPG20625012,euMonitoringSiteCode,ATPG20625012,euMonitoringSiteCode,NO INTERNATIONAL NAME,ATGK100059,euGroundWaterBodyCode,NO INTERNATIONAL NAME,groundWaterBody,,,,,,,AT1000,euRBDCode,DANUBE,F,46.76091,12.92152
AT,ATPG20625032,euMonitoringSiteCode,ATPG20625032,euMonitoringSiteCode,NO INTERNATIONAL NAME,ATGK100059,euGroundWaterBodyCode,NO INTERNATIONAL NAME,groundWaterBody,,,,,,,AT1000,euRBDCode,DANUBE,F,46.74933,12.95433
AT,ATPG20625212,euMonitoringSiteCode,ATPG20625212,euMonitoringSiteCode,NO INTERNATIONAL NAME,ATGK100059,euGroundWaterBodyCode,NO INTERNATIONAL NAME,groundWaterBody,,,,,,,AT1000,euRBDCode,DANUBE,F,46.75823,12.92678
AT,ATPG20627052,euMonitoringSiteCode,ATPG20627052,euMonitoringSiteCode,NO INTERNATIONAL NAME,ATGK100186,euGroundWaterBodyCode,NO INTERNATIONAL NAME,groundWaterBody,,,,,,,AT1000,euRBDCode,DANUBE,F,46.92268,13.22495
AT,ATPG20630012,euMonitoringSiteCode,ATPG20630012,euMonitoringSiteCode,NO INTERNATIONAL NAME,ATGK100186,euGroundWaterBodyCode,NO INTERNATIONAL NAME,groundWaterBody,,,,,,,AT1000,euRBDCode,DANUBE,F,46.79801,13.69034
AT,ATPG20630022,euMonitoringSiteCode,ATPG20630022,euMonitoringSiteCode,NO INTERNATIONAL NAME,ATGK100186,euGroundWaterBodyCode,NO INTERNATIONAL NAME,groundWaterBody,,,,,,,AT1000,euRBDCode,DANUBE,F,46.77384,13.64827
AT,ATPG20630042,euMonitoringSiteCode,ATPG20630042,euMonitoringSiteCode,NO INTERNATIONAL NAME,ATGK100186,euGroundWaterBodyCode,NO INTERNATIONAL NAME,groundWaterBody,,,,,,,AT1000,euRBDCode,DANUBE,F,46.78283,13.65094
AT,ATPG20635012,euMonitoringSiteCode,ATPG20635012,euMonitoringSiteCode,NO INTERNATIONAL NAME,ATGK100059,euGroundWaterBodyCode,NO INTERNATIONAL NAME,groundWaterBody,,,,,,,AT1000,euRBDCode,DANUBE,F,46.77225,13.5579
AT,ATPG20635022,euMonitoringSiteCode,ATPG20635022,euMonitoringSiteCode,NO INTERNATIONAL NAME,ATGK100059,euGroundWaterBodyCode,NO INTERNATIONAL NAME,groundWaterBody,,,,,,,AT1000,euRBDCode,DANUBE,F,46.76865,13.55658
AT,ATPG20635062,euMonitoringSiteCode,ATPG20635062,euMonitoringSiteCode,NO INTERNATIONAL NAME,ATGK100059,euGroundWaterBodyCode,NO INTERNATIONAL NAME,groundWaterBody,,,,,,,AT1000,euRBDCode,DANUBE,F,46.79036,13.48985
AT,ATPG20635072,euMonitoringSiteCode,ATPG20635072,euMonitoringSiteCode,NO INTERNATIONAL NAME,ATGK100059,euGroundWaterBodyCode,NO INTERNATIONAL NAME,groundWaterBody,,,,,,,AT1000,euRBDCode,DANUBE,F,46.78041,13.52519
AT,ATPG20635272,euMonitoringSiteCode,ATPG20635272,euMonitoringSiteCode,NO INTERNATIONAL NAME,ATGK100059,euGroundWaterBodyCode,NO INTERNATIONAL NAME,groundWaterBody,,,,,,,AT1000,euRBDCode,DANUBE,F,46.75601,13.5814
AT,ATPG20637092,euMonitoringSiteCode,ATPG20637092,euMonitoringSiteCode,NO INTERNATIONAL NAME,ATGK100059,euGroundWaterBodyCode,NO INTERNATIONAL NAME,groundWaterBody,,,,,,,AT1000,euRBDCode,DANUBE,F,46.74994,13.25018
AT,ATPG20643022,euMonitoringSiteCode,ATPG20643022,euMonitoringSiteCode,NO INTERNATIONAL NAME,ATGK100059,euGroundWaterBodyCode,NO INTERNATIONAL NAME,groundWaterBody,,,,,,,AT1000,euRBDCode,DANUBE,F,46.82734,13.38902
AT,ATPG20643132,euMonitoringSiteCode,ATPG20643132,euMonitoringSiteCode,NO INTERNATIONAL NAME,ATGK100059,euGroundWaterBodyCode,NO INTERNATIONAL NAME,groundWaterBody,,,,,,,AT1000,euRBDCode,DANUBE,F,46.82645,13.35755
AT,ATPG20643142,euMonitoringSiteCode,ATPG20643142,euMonitoringSiteCode,NO INTERNATIONAL NAME,ATGK100059,euGroundWaterBodyCode,NO INTERNATIONAL NAME,groundWaterBody,,,,,,,AT1000,euRBDCode,DANUBE,F,46.80036,13.35754
AT,ATPG20643152,euMonitoringSiteCode,ATPG20643152,euMonitoringSiteCode,NO INTERNATIONAL NAME,ATGK100059,euGroundWaterBodyCode,NO INTERNATIONAL NAME,groundWaterBody,,,,,,,AT1000,euRBDCode,DANUBE,F,46.83095,13.34838
AT,ATPG20702122,euMonitoringSiteCode,ATPG20702122,euMonitoringSiteCode,NO INTERNATIONAL NAME,ATGK100060,euGroundWaterBodyCode,NO INTERNATIONAL NAME,groundWaterBody,,,,,,,AT1000,euRBDCode,DANUBE,F,46.55146,13.69263
AT,ATPG20707112,euMonitoringSiteCode,ATPG20707112,euMonitoringSiteCode,NO INTERNATIONAL NAME,ATGK100060,euGroundWaterBodyCode,NO INTERNATIONAL NAME,groundWaterBody,,,,,,,AT1000,euRBDCode,DANUBE,F,46.58681,13.59629
AT,ATPG20707122,euMonitoringSiteCode,ATPG20707122,euMonitoringSiteCode,NO INTERNATIONAL NAME,ATGK100060,euGroundWaterBodyCode,NO INTERNATIONAL NAME,groundWaterBody,,,,,,,AT1000,euRBDCode,DANUBE,F,46.57783,13.58841
AT,ATPG20711142,euMonitoringSiteCode,ATPG20711142,euMonitoringSiteCode,NO INTERNATIONAL NAME,ATGK100060,euGroundWaterBodyCode,NO INTERNATIONAL NAME,groundWaterBody,,,,,,,AT1000,euRBDCode,DANUBE,F,46.5644,13.83882
AT,ATPG20711152,euMonitoringSiteCode,ATPG20711152,euMonitoringSiteCode,NO INTERNATIONAL NAME,ATGK100060,euGroundWaterBodyCode,NO INTERNATIONAL NAME,groundWaterBody,,,,,,,AT1000,euRBDCode,DANUBE,F,46.56363,13.80881
AT,ATPG20711182,euMonitoringSiteCode,ATPG20711182,euMonitoringSiteCode,NO INTERNATIONAL NAME,ATGK100060,euGroundWaterBodyCode,NO INTERNATIONAL NAME,groundWaterBody,,,,,,,AT1000,euRBDCode,DANUBE,F,46.586,13.83772
AT,ATPG20711312,euMonitoringSiteCode,ATPG20711312,euMonitoringSiteCode,NO INTERNATIONAL NAME,ATGK100060,euGroundWaterBodyCode,NO INTERNATIONAL NAME,groundWaterBody,,,,,,,AT1000,euRBDCode,DANUBE,F,46.56465,13.78012
AT,ATPG20711342,euMonitoringSiteCode,ATPG20711342,euMonitoringSiteCode,NO INTERNATIONAL NAME,ATGK100060,euGroundWaterBodyCode,NO INTERNATIONAL NAME,groundWaterBody,,,,,,,AT1000,euRBDCode,DANUBE,F,46.56622,13.83362
AT,ATPG20720062,euMonitoringSiteCode,ATPG20720062,euMonitoringSiteCode,NO INTERNATIONAL NAME,ATGK100059,euGroundWaterBodyCode,NO INTERNATIONAL NAME,groundWaterBody,,,,,,,AT1000,euRBDCode,DANUBE,F,46.72801,13.62445
AT,ATPG20720252,euMonitoringSiteCode,ATPG20720252,euMonitoringSiteCode,NO INTERNATIONAL NAME,ATGK100059,euGroundWaterBodyCode,NO INTERNATIONAL NAME,groundWaterBody,,,,,,,AT1000,euRBDCode,DANUBE,F,46.69272,13.69487
AT,ATPG20720282,euMonitoringSiteCode,ATPG20720282,euMonitoringSiteCode,NO INTERNATIONAL NAME,ATGK100059,euGroundWaterBodyCode,NO INTERNATIONAL NAME,groundWaterBody,,,,,,,AT1000,euRBDCode,DANUBE,F,46.70994,13.65182
AT,ATPG20721172,euMonitoringSiteCode,ATPG20721172,euMonitoringSiteCode,NO INTERNATIONAL NAME,ATGK100059,euGroundWaterBodyCode,NO INTERNATIONAL NAME,groundWaterBody,,,,,,,AT1000,euRBDCode,DANUBE,F,46.59038,14.02962
AT,ATPG20722012,euMonitoringSiteCode,ATPG20722012,euMonitoringSiteCode,NO INTERNATIONAL NAME,ATGK100067,euGroundWaterBodyCode,NO INTERNATIONAL NAME,groundWaterBody,,,,,,,AT1000,euRBDCode,DANUBE,F,46.53962,14.08764
AT,ATPG20722022,euMonitoringSiteCode,ATPG20722022,euMonitoringSiteCode,NO INTERNATIONAL NAME,ATGK100067,euGroundWaterBodyCode,NO INTERNATIONAL NAME,groundWaterBody,,,,,,,AT1000,euRBDCode,DANUBE,F,46.54051,14.08895
AT,ATPG20722032,euMonitoringSiteCode,ATPG20722032,euMonitoringSiteCode,NO INTERNATIONAL NAME,ATGK100067,euGroundWaterBodyCode,NO INTERNATIONAL NAME,groundWaterBody,,,,,,,AT1000,euRBDCode,DANUBE,F,46.57139,14.04503
AT,ATPG20724012,euMonitoringSiteCode,ATPG20724012,euMonitoringSiteCode,NO INTERNATIONAL NAME,ATGK100186,euGroundWaterBodyCode,NO INTERNATIONAL NAME,groundWaterBody,,,,,,,AT1000,euRBDCode,DANUBE,F,46.67687,13.83987
AT,ATPG20724032,euMonitoringSiteCode,ATPG20724032,euMonitoringSiteCode,NO INTERNATIONAL NAME,ATGK100186,euGroundWaterBodyCode,NO INTERNATIONAL NAME,groundWaterBody,,,,,,,AT1000,euRBDCode,DANUBE,F,46.65514,13.86842
AT,ATPG20724042,euMonitoringSiteCode,ATPG20724042,euMonitoringSiteCode,NO INTERNATIONAL NAME,ATGK100059,euGroundWaterBodyCode,NO INTERNATIONAL NAME,groundWaterBody,,,,,,,AT1000,euRBDCode,DANUBE,F,46.65334,13.86971
AT,ATPG20727162,euMonitoringSiteCode,ATPG20727162,euMonitoringSiteCode,NO INTERNATIONAL NAME,ATGK100059,euGroundWaterBodyCode,NO INTERNATIONAL NAME,groundWaterBody,,,,,,,AT1000,euRBDCode,DANUBE,F,46.59702,13.97227
AT,ATPG20727222,euMonitoringSiteCode,ATPG20727222,euMonitoringSiteCode,NO INTERNATIONAL NAME,ATGK100059,euGroundWaterBodyCode,NO INTERNATIONAL NAME,groundWaterBody,,,,,,,AT1000,euRBDCode,DANUBE,F,46.61705,13.92811
AT,ATPG20801072,euMonitoringSiteCode,ATPG20801072,euMonitoringSiteCode,NO INTERNATIONAL NAME,ATGK100062,euGroundWaterBodyCode,NO INTERNATIONAL NAME,groundWaterBody,,,,,,,AT1000,euRBDCode,DANUBE,F,46.59722,14.74379
AT,ATPG20801082,euMonitoringSiteCode,ATPG20801082,euMonitoringSiteCode,NO INTERNATIONAL NAME,ATGK100062,euGroundWaterBodyCode,NO INTERNATIONAL NAME,groundWaterBody,,,,,,,AT1000,euRBDCode,DANUBE,F,46.59836,14.79604
AT,ATPG20801092,euMonitoringSiteCode,ATPG20801092,euMonitoringSiteCode,NO INTERNATIONAL NAME,ATGK100062,euGroundWaterBodyCode,NO INTERNATIONAL NAME,groundWaterBody,,,,,,,AT1000,euRBDCode,DANUBE,F,46.59836,14.79604
AT,ATPG20801102,euMonitoringSiteCode,ATPG20801102,euMonitoringSiteCode,NO INTERNATIONAL NAME,ATGK100062,euGroundWaterBodyCode,NO INTERNATIONAL NAME,groundWaterBody,,,,,,,AT1000,euRBDCode,DANUBE,F,46.63178,14.7865
AT,ATPG20801112,euMonitoringSiteCode,ATPG20801112,euMonitoringSiteCode,NO INTERNATIONAL NAME,ATGK100062,euGroundWaterBodyCode,NO INTERNATIONAL NAME,groundWaterBody,,,,,,,AT1000,euRBDCode,DANUBE,F,46.64583,14.81301
AT,ATPG20801132,euMonitoringSiteCode,ATPG20801132,euMonitoringSiteCode,NO INTERNATIONAL NAME,ATGK100062,euGroundWaterBodyCode,NO INTERNATIONAL NAME,groundWaterBody,,,,,,,AT1000,euRBDCode,DANUBE,F,46.60571,14.78449
AT,ATPG20801142,euMonitoringSiteCode,ATPG20801142,euMonitoringSiteCode,NO INTERNATIONAL NAME,ATGK100062,euGroundWaterBodyCode,NO INTERNATIONAL NAME,groundWaterBody,,,,,,,AT1000,euRBDCode,DANUBE,F,46.57133,14.79791
AT,ATPG20801182,euMonitoringSiteCode,ATPG20801182,euMonitoringSiteCode,NO INTERNATIONAL NAME,ATGK100062,euGroundWaterBodyCode,NO INTERNATIONAL NAME,groundWaterBody,,,,,,,AT1000,euRBDCode,DANUBE,F,46.6237,14.78497
AT,ATPG20803012,euMonitoringSiteCode,ATPG20803012,euMonitoringSiteCode,NO INTERNATIONAL NAME,ATGK100062,euGroundWaterBodyCode,NO INTERNATIONAL NAME,groundWaterBody,,,,,,,AT1000,euRBDCode,DANUBE,F,46.6231,14.61124
AT,ATPG20803032,euMonitoringSiteCode,ATPG20803032,euMonitoringSiteCode,NO INTERNATIONAL NAME,ATGK100062,euGroundWaterBodyCode,NO INTERNATIONAL NAME,groundWaterBody,,,,,,,AT1000,euRBDCode,DANUBE,F,46.59855,14.63285
AT,ATPG20803042,euMonitoringSiteCode,ATPG20803042,euMonitoringSiteCode,NO INTERNATIONAL NAME,ATGK100062,euGroundWaterBodyCode,NO INTERNATIONAL NAME,groundWaterBody,,,,,,,AT1000,euRBDCode,DANUBE,F,46.5723,14.64656
AT,ATPG20803052,euMonitoringSiteCode,ATPG20803052,euMonitoringSiteCode,NO INTERNATIONAL NAME,ATGK100062,euGroundWaterBodyCode,NO INTERNATIONAL NAME,groundWaterBody,,,,,,,AT1000,euRBDCode,DANUBE,F,46.62644,14.70928
AT,ATPG20803072,euMonitoringSiteCode,ATPG20803072,euMonitoringSiteCode,NO INTERNATIONAL NAME,ATGK100062,euGroundWaterBodyCode,NO INTERNATIONAL NAME,groundWaterBody,,,,,,,AT1000,euRBDCode,DANUBE,F,46.6025,14.67994
AT,ATPG20805172,euMonitoringSiteCode,ATPG20805172,euMonitoringSiteCode,NO INTERNATIONAL NAME,ATGK100062,euGroundWaterBodyCode,NO INTERNATIONAL NAME,groundWaterBody,,,,,,,AT1000,euRBDCode,DANUBE,F,46.59305,14.71757
AT,ATPG20806152,euMonitoringSiteCode,ATPG20806152,euMonitoringSiteCode,NO INTERNATIONAL NAME,ATGK100067,euGroundWaterBodyCode,NO INTERNATIONAL NAME,groundWaterBody,,,,,,,AT1000,euRBDCode,DANUBE,F,46.56529,14.46243
AT,ATPG20807152,euMonitoringSiteCode,ATPG20807152,euMonitoringSiteCode,NO INTERNATIONAL NAME,ATGK100062,euGroundWaterBodyCode,NO INTERNATIONAL NAME,groundWaterBody,,,,,,,AT1000,euRBDCode,DANUBE,F,46.57322,14.71967
AT,ATPG20812052,euMonitoringSiteCode,ATPG20812052,euMonitoringSiteCode,NO INTERNATIONAL NAME,ATGK100058,euGroundWaterBodyCode,NO INTERNATIONAL NAME,groundWaterBody,,,,,,,AT1000,euRBDCode,DANUBE,F,46.63738,14.77097
AT,ATPG20812092,euMonitoringSiteCode,ATPG20812092,euMonitoringSiteCode,NO INTERNATIONAL NAME,ATGK100058,euGroundWaterBodyCode,NO INTERNATIONAL NAME,groundWaterBody,,,,,,,AT1000,euRBDCode,DANUBE,F,46.65643,14.75841
AT,ATPG20812122,euMonitoringSiteCode,ATPG20812122,euMonitoringSiteCode,NO INTERNATIONAL NAME,ATGK100058,euGroundWaterBodyCode,NO INTERNATIONAL NAME,groundWaterBody,,,,,,,AT1000,euRBDCode,DANUBE,F,46.64559,14.76204
AT,ATPG20812132,euMonitoringSiteCode,ATPG20812132,euMonitoringSiteCode,NO INTERNATIONAL NAME,ATGK100058,euGroundWaterBodyCode,NO INTERNATIONAL NAME,groundWaterBody,,,,,,,AT1000,euRBDCode,DANUBE,F,46.6492,14.76083
AT,ATPG20813022,euMonitoringSiteCode,ATPG20813022,euMonitoringSiteCode,NO INTERNATIONAL NAME,ATGK100062,euGroundWaterBodyCode,NO INTERNATIONAL NAME,groundWaterBody,,,,,,,AT1000,euRBDCode,DANUBE,F,46.6123,14.61098
AT,ATPG20817012,euMonitoringSiteCode,ATPG20817012,euMonitoringSiteCode,NO INTERNATIONAL NAME,ATGK100058,euGroundWaterBodyCode,NO INTERNATIONAL NAME,groundWaterBody,,,,,,,AT1000,euRBDCode,DANUBE,F,46.68747,14.64808
AT,ATPG20817062,euMonitoringSiteCode,ATPG20817062,euMonitoringSiteCode,NO INTERNATIONAL NAME,ATGK100058,euGroundWaterBodyCode,NO INTERNATIONAL NAME,groundWaterBody,,,,,,,AT1000,euRBDCode,DANUBE,F,46.69022,14.64292
AT,ATPG20817072,euMonitoringSiteCode,ATPG20817072,euMonitoringSiteCode,BR GRIL,ATGK100058,euGroundWaterBodyCode,NO INTERNATIONAL NAME,groundWaterBody,,,,,,,AT1000,euRBDCode,DANUBE,N,,
AT,ATPG20817142,euMonitoringSiteCode,ATPG20817142,euMonitoringSiteCode,NO INTERNATIONAL NAME,ATGK100058,euGroundWaterBodyCode,NO INTERNATIONAL NAME,groundWaterBody,,,,,,,AT1000,euRBDCode,DANUBE,F,46.68926,14.64812
AT,ATPG20901200,euMonitoringSiteCode,ATPG20901200,euMonitoringSiteCode,NO INTERNATIONAL NAME,ATGK100186,euGroundWaterBodyCode,NO INTERNATIONAL NAME,groundWaterBody,,,,,,,AT1000,euRBDCode,DANUBE,F,46.96207,14.78499
AT,ATPG20909102,euMonitoringSiteCode,ATPG20909102,euMonitoringSiteCode,NO INTERNATIONAL NAME,ATGK100065,euGroundWaterBodyCode,NO INTERNATIONAL NAME,groundWaterBody,,,,,,,AT1000,euRBDCode,DANUBE,F,46.65196,14.95694
AT,ATPG20909122,euMonitoringSiteCode,ATPG20909122,euMonitoringSiteCode,NO INTERNATIONAL NAME,ATGK100065,euGroundWaterBodyCode,NO INTERNATIONAL NAME,groundWaterBody,,,,,,,AT1000,euRBDCode,DANUBE,F,46.65053,14.93076
AT,ATPG20909132,euMonitoringSiteCode,ATPG20909132,euMonitoringSiteCode,NO INTERNATIONAL NAME,ATGK100065,euGroundWaterBodyCode,NO INTERNATIONAL NAME,groundWaterBody,,,,,,,AT1000,euRBDCode,DANUBE,F,46.64036,14.95006
AT,ATPG20909172,euMonitoringSiteCode,ATPG20909172,euMonitoringSiteCode,NO INTERNATIONAL NAME,ATGK100065,euGroundWaterBodyCode,NO INTERNATIONAL NAME,groundWaterBody,,,,,,,AT1000,euRBDCode,DANUBE,F,46.65411,14.93217
AT,ATPG20913072,euMonitoringSiteCode,ATPG20913072,euMonitoringSiteCode,NO INTERNATIONAL NAME,ATGK100065,euGroundWaterBodyCode,NO INTERNATIONAL NAME,groundWaterBody,,,,,,,AT1000,euRBDCode,DANUBE,F,46.73538,14.8469
AT,ATPG20913182,euMonitoringSiteCode,ATPG20913182,euMonitoringSiteCode,NO INTERNATIONAL NAME,ATGK100065,euGroundWaterBodyCode,NO INTERNATIONAL NAME,groundWaterBody,,,,,,,AT1000,euRBDCode,DANUBE,F,46.77337,14.83226
AT,ATPG20918082,euMonitoringSiteCode,ATPG20918082,euMonitoringSiteCode,NO INTERNATIONAL NAME,ATGK100065,euGroundWaterBodyCode,NO INTERNATIONAL NAME,groundWaterBody,,,,,,,AT1000,euRBDCode,DANUBE,F,46.69409,14.90459
AT,ATPG20918092,euMonitoringSiteCode,ATPG20918092,euMonitoringSiteCode,NO INTERNATIONAL NAME,ATGK100065,euGroundWaterBodyCode,NO INTERNATIONAL NAME,groundWaterBody,,,,,,,AT1000,euRBDCode,DANUBE,F,46.67414,14.91577
AT,ATPG20923032,euMonitoringSiteCode,ATPG20923032,euMonitoringSiteCode,NO INTERNATIONAL NAME,ATGK100065,euGroundWaterBodyCode,NO INTERNATIONAL NAME,groundWaterBody,,,,,,,AT1000,euRBDCode,DANUBE,F,46.84255,14.84076
AT,ATPG20923042,euMonitoringSiteCode,ATPG20923042,euMonitoringSiteCode,NO INTERNATIONAL NAME,ATGK100065,euGroundWaterBodyCode,NO INTERNATIONAL NAME,groundWaterBody,,,,,,,AT1000,euRBDCode,DANUBE,F,46.85421,14.84371
AT,ATPG20923052,euMonitoringSiteCode,ATPG20923052,euMonitoringSiteCode,NO INTERNATIONAL NAME,ATGK100065,euGroundWaterBodyCode,NO INTERNATIONAL NAME,groundWaterBody,,,,,,,AT1000,euRBDCode,DANUBE,F,46.84612,14.84348
AT,ATPG21002012,euMonitoringSiteCode,ATPG21002012,euMonitoringSiteCode,NO INTERNATIONAL NAME,ATGK100068,euGroundWaterBodyCode,NO INTERNATIONAL NAME,groundWaterBody,,,,,,,AT1000,euRBDCode,DANUBE,F,46.78409,14.12776
AT,ATPG21002022,euMonitoringSiteCode,ATPG21002022,euMonitoringSiteCode,NO INTERNATIONAL NAME,ATGK100068,euGroundWaterBodyCode,NO INTERNATIONAL NAME,groundWaterBody,,,,,,,AT1000,euRBDCode,DANUBE,F,46.73932,14.09568
AT,ATPG21002032,euMonitoringSiteCode,ATPG21002032,euMonitoringSiteCode,NO INTERNATIONAL NAME,ATGK100068,euGroundWaterBodyCode,NO INTERNATIONAL NAME,groundWaterBody,,,,,,,AT1000,euRBDCode,DANUBE,F,46.72942,14.09685
AT,ATPG21002052,euMonitoringSiteCode,ATPG21002052,euMonitoringSiteCode,NO INTERNATIONAL NAME,ATGK100068,euGroundWaterBodyCode,NO INTERNATIONAL NAME,groundWaterBody,,,,,,,AT1000,euRBDCode,DANUBE,F,46.72222,14.09675
AT,ATPG21002062,euMonitoringSiteCode,ATPG21002062,euMonitoringSiteCode,NO INTERNATIONAL NAME,ATGK100068,euGroundWaterBodyCode,NO INTERNATIONAL NAME,groundWaterBody,,,,,,,AT1000,euRBDCode,DANUBE,F,46.72765,14.09159
AT,ATPG21002072,euMonitoringSiteCode,ATPG21002072,euMonitoringSiteCode,NO INTERNATIONAL NAME,ATGK100068,euGroundWaterBodyCode,NO INTERNATIONAL NAME,groundWaterBody,,,,,,,AT1000,euRBDCode,DANUBE,F,46.70883,14.08086
AT,ATPG21002112,euMonitoringSiteCode,ATPG21002112,euMonitoringSiteCode,NO INTERNATIONAL NAME,ATGK100068,euGroundWaterBodyCode,NO INTERNATIONAL NAME,groundWaterBody,,,,,,,AT1000,euRBDCode,DANUBE,F,46.74021,14.09831
AT,ATPG21003032,euMonitoringSiteCode,ATPG21003032,euMonitoringSiteCode,NO INTERNATIONAL NAME,ATGK100061,euGroundWaterBodyCode,NO INTERNATIONAL NAME,groundWaterBody,,,,,,,AT1000,euRBDCode,DANUBE,F,46.71763,14.23144
AT,ATPG21003182,euMonitoringSiteCode,ATPG21003182,euMonitoringSiteCode,NO INTERNATIONAL NAME,ATGK100061,euGroundWaterBodyCode,NO INTERNATIONAL NAME,groundWaterBody,,,,,,,AT1000,euRBDCode,DANUBE,F,46.71957,14.21447
AT,ATPG21003192,euMonitoringSiteCode,ATPG21003192,euMonitoringSiteCode,NO INTERNATIONAL NAME,ATGK100061,euGroundWaterBodyCode,NO INTERNATIONAL NAME,groundWaterBody,,,,,,,AT1000,euRBDCode,DANUBE,F,46.7275,14.23553
AT,ATPG21004022,euMonitoringSiteCode,ATPG21004022,euMonitoringSiteCode,NO INTERNATIONAL NAME,ATGK100068,euGroundWaterBodyCode,NO INTERNATIONAL NAME,groundWaterBody,,,,,,,AT1000,euRBDCode,DANUBE,F,46.77424,13.97962
AT,ATPG21005012,euMonitoringSiteCode,ATPG21005012,euMonitoringSiteCode,NO INTERNATIONAL NAME,ATGK100186,euGroundWaterBodyCode,NO INTERNATIONAL NAME,groundWaterBody,,,,,,,AT1000,euRBDCode,DANUBE,F,46.76596,14.01095
AT,ATPG21007032,euMonitoringSiteCode,ATPG21007032,euMonitoringSiteCode,NO INTERNATIONAL NAME,ATGK100068,euGroundWaterBodyCode,NO INTERNATIONAL NAME,groundWaterBody,,,,,,,AT1000,euRBDCode,DANUBE,F,46.81984,13.86089
AT,ATPG21008032,euMonitoringSiteCode,ATPG21008032,euMonitoringSiteCode,NO INTERNATIONAL NAME,ATGK100068,euGroundWaterBodyCode,NO INTERNATIONAL NAME,groundWaterBody,,,,,,,AT1000,euRBDCode,DANUBE,F,46.80711,13.88959
AT,ATPG24604052,euMonitoringSiteCode,ATPG24604052,euMonitoringSiteCode,NO INTERNATIONAL NAME,ATGK100059,euGroundWaterBodyCode,NO INTERNATIONAL NAME,groundWaterBody,,,,,,,AT1000,euRBDCode,DANUBE,F,46.73703,13.05651
AT,ATPG30100012,euMonitoringSiteCode,ATPG30100012,euMonitoringSiteCode,NO INTERNATIONAL NAME,ATGK100026,euGroundWaterBodyCode,NO INTERNATIONAL NAME,groundWaterBody,,,,,,,AT1000,euRBDCode,DANUBE,F,48.40508,15.59835
AT,ATPG30100062,euMonitoringSiteCode,ATPG30100062,euMonitoringSiteCode,NO INTERNATIONAL NAME,ATGK100026,euGroundWaterBodyCode,NO INTERNATIONAL NAME,groundWaterBody,,,,,,,AT1000,euRBDCode,DANUBE,F,48.40944,15.65125
AT,ATPG30100072,euMonitoringSiteCode,ATPG30100072,euMonitoringSiteCode,NO INTERNATIONAL NAME,ATGK100026,euGroundWaterBodyCode,NO INTERNATIONAL NAME,groundWaterBody,,,,,,,AT1000,euRBDCode,DANUBE,F,48.38601,15.65291
AT,ATPG30100082,euMonitoringSiteCode,ATPG30100082,euMonitoringSiteCode,NO INTERNATIONAL NAME,ATGK100026,euGroundWaterBodyCode,NO INTERNATIONAL NAME,groundWaterBody,,,,,,,AT1000,euRBDCode,DANUBE,F,48.37754,15.71602
AT,ATPG30200042,euMonitoringSiteCode,ATPG30200042,euMonitoringSiteCode,NO INTERNATIONAL NAME,ATGK100025,euGroundWaterBodyCode,NO INTERNATIONAL NAME,groundWaterBody,,,,,,,AT1000,euRBDCode,DANUBE,F,48.14544,15.62201
AT,ATPG30200092,euMonitoringSiteCode,ATPG30200092,euMonitoringSiteCode,NO INTERNATIONAL NAME,ATGK100025,euGroundWaterBodyCode,NO INTERNATIONAL NAME,groundWaterBody,,,,,,,AT1000,euRBDCode,DANUBE,F,48.16931,15.64324
AT,ATPG30200112,euMonitoringSiteCode,ATPG30200112,euMonitoringSiteCode,NO INTERNATIONAL NAME,ATGK100025,euGroundWaterBodyCode,NO INTERNATIONAL NAME,groundWaterBody,,,,,,,AT1000,euRBDCode,DANUBE,F,48.17445,15.61118
AT,ATPG30200142,euMonitoringSiteCode,ATPG30200142,euMonitoringSiteCode,NO INTERNATIONAL NAME,ATGK100025,euGroundWaterBodyCode,NO INTERNATIONAL NAME,groundWaterBody,,,,,,,AT1000,euRBDCode,DANUBE,F,48.18899,15.6495
AT,ATPG30200242,euMonitoringSiteCode,ATPG30200242,euMonitoringSiteCode,NO INTERNATIONAL NAME,ATGK100025,euGroundWaterBodyCode,NO INTERNATIONAL NAME,groundWaterBody,,,,,,,AT1000,euRBDCode,DANUBE,F,48.21697,15.64536
AT,ATPG30200262,euMonitoringSiteCode,ATPG30200262,euMonitoringSiteCode,NO INTERNATIONAL NAME,ATGK100025,euGroundWaterBodyCode,NO INTERNATIONAL NAME,groundWaterBody,,,,,,,AT1000,euRBDCode,DANUBE,F,48.22003,15.67243
AT,ATPG30200342,euMonitoringSiteCode,ATPG30200342,euMonitoringSiteCode,NO INTERNATIONAL NAME,ATGK100025,euGroundWaterBodyCode,NO INTERNATIONAL NAME,groundWaterBody,,,,,,,AT1000,euRBDCode,DANUBE,F,48.2482,15.70334
AT,ATPG30200352,euMonitoringSiteCode,ATPG30200352,euMonitoringSiteCode,NO INTERNATIONAL NAME,ATGK100025,euGroundWaterBodyCode,NO INTERNATIONAL NAME,groundWaterBody,,,,,,,AT1000,euRBDCode,DANUBE,F,48.253,15.68874
AT,ATPG30300012,euMonitoringSiteCode,ATPG30300012,euMonitoringSiteCode,NO INTERNATIONAL NAME,ATGK100028,euGroundWaterBodyCode,NO INTERNATIONAL NAME,groundWaterBody,,,,,,,AT1000,euRBDCode,DANUBE,F,48.10928,14.86529
AT,ATPG30300042,euMonitoringSiteCode,ATPG30300042,euMonitoringSiteCode,NO INTERNATIONAL NAME,ATGK100188,euGroundWaterBodyCode,NO INTERNATIONAL NAME,groundWaterBody,,,,,,,AT1000,euRBDCode,DANUBE,F,47.99581,14.87269
AT,ATPG30400022,euMonitoringSiteCode,ATPG30400022,euMonitoringSiteCode,NO INTERNATIONAL NAME,ATGK100024,euGroundWaterBodyCode,NO INTERNATIONAL NAME,groundWaterBody,,,,,,,AT1000,euRBDCode,DANUBE,F,47.82041,16.26407
AT,ATPG30400042,euMonitoringSiteCode,ATPG30400042,euMonitoringSiteCode,NO INTERNATIONAL NAME,ATGK100024,euGroundWaterBodyCode,NO INTERNATIONAL NAME,groundWaterBody,,,,,,,AT1000,euRBDCode,DANUBE,F,47.80756,16.27405
AT,ATPG30400072,euMonitoringSiteCode,ATPG30400072,euMonitoringSiteCode,NO INTERNATIONAL NAME,ATGK100024,euGroundWaterBodyCode,NO INTERNATIONAL NAME,groundWaterBody,,,,,,,AT1000,euRBDCode,DANUBE,F,47.76821,16.19171
AT,ATPG30400082,euMonitoringSiteCode,ATPG30400082,euMonitoringSiteCode,NO INTERNATIONAL NAME,ATGK100024,euGroundWaterBodyCode,NO INTERNATIONAL NAME,groundWaterBody,,,,,,,AT1000,euRBDCode,DANUBE,F,47.83002,16.20445
AT,ATPG30400152,euMonitoringSiteCode,ATPG30400152,euMonitoringSiteCode,NO INTERNATIONAL NAME,ATGK100024,euGroundWaterBodyCode,NO INTERNATIONAL NAME,groundWaterBody,,,,,,,AT1000,euRBDCode,DANUBE,F,47.78086,16.18973
AT,ATPG30500032,euMonitoringSiteCode,ATPG30500032,euMonitoringSiteCode,NO INTERNATIONAL NAME,ATGK100027,euGroundWaterBodyCode,NO INTERNATIONAL NAME,groundWaterBody,,,,,,,AT1000,euRBDCode,DANUBE,F,48.17974,14.53508
AT,ATPG30500062,euMonitoringSiteCode,ATPG30500062,euMonitoringSiteCode,NO INTERNATIONAL NAME,ATGK100027,euGroundWaterBodyCode,NO INTERNATIONAL NAME,groundWaterBody,,,,,,,AT1000,euRBDCode,DANUBE,F,48.19184,14.49499
AT,ATPG30500072,euMonitoringSiteCode,ATPG30500072,euMonitoringSiteCode,NO INTERNATIONAL NAME,ATGK100027,euGroundWaterBodyCode,NO INTERNATIONAL NAME,groundWaterBody,,,,,,,AT1000,euRBDCode,DANUBE,F,48.21247,14.50218
AT,ATPG30500102,euMonitoringSiteCode,ATPG30500102,euMonitoringSiteCode,NO INTERNATIONAL NAME,ATGK100027,euGroundWaterBodyCode,NO INTERNATIONAL NAME,groundWaterBody,,,,,,,AT1000,euRBDCode,DANUBE,F,48.13884,14.48709
AT,ATPG30500122,euMonitoringSiteCode,ATPG30500122,euMonitoringSiteCode,NO INTERNATIONAL NAME,ATGK100027,euGroundWaterBodyCode,NO INTERNATIONAL NAME,groundWaterBody,,,,,,,AT1000,euRBDCode,DANUBE,F,48.14792,14.47923
AT,ATPG30500132,euMonitoringSiteCode,ATPG30500132,euMonitoringSiteCode,NO INTERNATIONAL NAME,ATGK100027,euGroundWaterBodyCode,NO INTERNATIONAL NAME,groundWaterBody,,,,,,,AT1000,euRBDCode,DANUBE,F,48.16573,14.4971
AT,ATPG30500142,euMonitoringSiteCode,ATPG30500142,euMonitoringSiteCode,NO INTERNATIONAL NAME,ATGK100027,euGroundWaterBodyCode,NO INTERNATIONAL NAME,groundWaterBody,,,,,,,AT1000,euRBDCode,DANUBE,F,48.21861,14.51713
AT,ATPG30500192,euMonitoringSiteCode,ATPG30500192,euMonitoringSiteCode,NO INTERNATIONAL NAME,ATGK100027,euGroundWaterBodyCode,NO INTERNATIONAL NAME,groundWaterBody,,,,,,,AT1000,euRBDCode,DANUBE,F,48.19786,14.52339
AT,ATPG30500232,euMonitoringSiteCode,ATPG30500232,euMonitoringSiteCode,NO INTERNATIONAL NAME,ATGK100027,euGroundWaterBodyCode,NO INTERNATIONAL NAME,groundWaterBody,,,,,,,AT1000,euRBDCode,DANUBE,F,48.20751,14.54649
AT,ATPG30500262,euMonitoringSiteCode,ATPG30500262,euMonitoringSiteCode,NO INTERNATIONAL NAME,ATGK100023,euGroundWaterBodyCode,NO INTERNATIONAL NAME,groundWaterBody,,,,,,,AT1000,euRBDCode,DANUBE,F,48.1696,14.71911
AT,ATPG30500272,euMonitoringSiteCode,ATPG30500272,euMonitoringSiteCode,NO INTERNATIONAL NAME,ATGK100023,euGroundWaterBodyCode,NO INTERNATIONAL NAME,groundWaterBody,,,,,,,AT1000,euRBDCode,DANUBE,F,48.20817,14.56939
AT,ATPG30500282,euMonitoringSiteCode,ATPG30500282,euMonitoringSiteCode,NO INTERNATIONAL NAME,ATGK100023,euGroundWaterBodyCode,NO INTERNATIONAL NAME,groundWaterBody,,,,,,,AT1000,euRBDCode,DANUBE,F,48.23101,14.53626
AT,ATPG30500332,euMonitoringSiteCode,ATPG30500332,euMonitoringSiteCode,NO INTERNATIONAL NAME,ATGK100023,euGroundWaterBodyCode,NO INTERNATIONAL NAME,groundWaterBody,,,,,,,AT1000,euRBDCode,DANUBE,F,48.22353,14.56302
AT,ATPG30500362,euMonitoringSiteCode,ATPG30500362,euMonitoringSiteCode,NO INTERNATIONAL NAME,ATGK100023,euGroundWaterBodyCode,NO INTERNATIONAL NAME,groundWaterBody,,,,,,,AT1000,euRBDCode,DANUBE,F,48.15678,14.73759
AT,ATPG30500492,euMonitoringSiteCode,ATPG30500492,euMonitoringSiteCode,NO INTERNATIONAL NAME,ATGK100023,euGroundWaterBodyCode,NO INTERNATIONAL NAME,groundWaterBody,,,,,,,AT1000,euRBDCode,DANUBE,F,48.17518,14.6251
AT,ATPG30500542,euMonitoringSiteCode,ATPG30500542,euMonitoringSiteCode,NO INTERNATIONAL NAME,ATGK100028,euGroundWaterBodyCode,NO INTERNATIONAL NAME,groundWaterBody,,,,,,,AT1000,euRBDCode,DANUBE,F,48.12524,14.94908
AT,ATPG30500582,euMonitoringSiteCode,ATPG30500582,euMonitoringSiteCode,NO INTERNATIONAL NAME,ATGK100028,euGroundWaterBodyCode,NO INTERNATIONAL NAME,groundWaterBody,,,,,,,AT1000,euRBDCode,DANUBE,F,48.10437,14.82753
AT,ATPG30500602,euMonitoringSiteCode,ATPG30500602,euMonitoringSiteCode,NO INTERNATIONAL NAME,ATGK100028,euGroundWaterBodyCode,NO INTERNATIONAL NAME,groundWaterBody,,,,,,,AT1000,euRBDCode,DANUBE,F,48.07229,14.80379
AT,ATPG30500622,euMonitoringSiteCode,ATPG30500622,euMonitoringSiteCode,NO INTERNATIONAL NAME,ATGK100028,euGroundWaterBodyCode,NO INTERNATIONAL NAME,groundWaterBody,,,,,,,AT1000,euRBDCode,DANUBE,F,48.11955,14.97041
AT,ATPG30500662,euMonitoringSiteCode,ATPG30500662,euMonitoringSiteCode,NO INTERNATIONAL NAME,ATGK100028,euGroundWaterBodyCode,NO INTERNATIONAL NAME,groundWaterBody,,,,,,,AT1000,euRBDCode,DANUBE,F,48.12113,14.92074
AT,ATPG30500682,euMonitoringSiteCode,ATPG30500682,euMonitoringSiteCode,NO INTERNATIONAL NAME,ATGK100028,euGroundWaterBodyCode,NO INTERNATIONAL NAME,groundWaterBody,,,,,,,AT1000,euRBDCode,DANUBE,F,48.11656,14.92597
AT,ATPG30500692,euMonitoringSiteCode,ATPG30500692,euMonitoringSiteCode,NO INTERNATIONAL NAME,ATGK100028,euGroundWaterBodyCode,NO INTERNATIONAL NAME,groundWaterBody,,,,,,,AT1000,euRBDCode,DANUBE,F,48.09496,14.92665
AT,ATPG30500702,euMonitoringSiteCode,ATPG30500702,euMonitoringSiteCode,NO INTERNATIONAL NAME,ATGK100028,euGroundWaterBodyCode,NO INTERNATIONAL NAME,groundWaterBody,,,,,,,AT1000,euRBDCode,DANUBE,F,48.10522,14.9001
AT,ATPG30500742,euMonitoringSiteCode,ATPG30500742,euMonitoringSiteCode,NO INTERNATIONAL NAME,ATGK100028,euGroundWaterBodyCode,NO INTERNATIONAL NAME,groundWaterBody,,,,,,,AT1000,euRBDCode,DANUBE,F,48.05375,14.77508
AT,ATPG30500822,euMonitoringSiteCode,ATPG30500822,euMonitoringSiteCode,NO INTERNATIONAL NAME,ATGK100028,euGroundWaterBodyCode,NO INTERNATIONAL NAME,groundWaterBody,,,,,,,AT1000,euRBDCode,DANUBE,F,48.10722,14.95121
AT,ATPG30500902,euMonitoringSiteCode,ATPG30500902,euMonitoringSiteCode,NO INTERNATIONAL NAME,ATGK100190,euGroundWaterBodyCode,NO INTERNATIONAL NAME,groundWaterBody,,,,,,,AT1000,euRBDCode,DANUBE,F,48.20311,14.91382
AT,ATPG30500912,euMonitoringSiteCode,ATPG30500912,euMonitoringSiteCode,NO INTERNATIONAL NAME,ATGK100188,euGroundWaterBodyCode,NO INTERNATIONAL NAME,groundWaterBody,,,,,,,AT1000,euRBDCode,DANUBE,F,47.98548,14.69144
AT,ATPG30500922,euMonitoringSiteCode,ATPG30500922,euMonitoringSiteCode,NO INTERNATIONAL NAME,ATGK100188,euGroundWaterBodyCode,NO INTERNATIONAL NAME,groundWaterBody,,,,,,,AT1000,euRBDCode,DANUBE,F,48.01678,14.54608
AT,ATPG30500932,euMonitoringSiteCode,ATPG30500932,euMonitoringSiteCode,NO INTERNATIONAL NAME,ATGK100032,euGroundWaterBodyCode,NO INTERNATIONAL NAME,groundWaterBody,,,,,,,AT1000,euRBDCode,DANUBE,F,48.06937,14.59295
AT,ATPG30500942,euMonitoringSiteCode,ATPG30500942,euMonitoringSiteCode,NO INTERNATIONAL NAME,ATGK100032,euGroundWaterBodyCode,NO INTERNATIONAL NAME,groundWaterBody,,,,,,,AT1000,euRBDCode,DANUBE,F,48.09993,14.59503
AT,ATPG30500952,euMonitoringSiteCode,ATPG30500952,euMonitoringSiteCode,NO INTERNATIONAL NAME,ATGK100032,euGroundWaterBodyCode,NO INTERNATIONAL NAME,groundWaterBody,,,,,,,AT1000,euRBDCode,DANUBE,F,48.04459,14.63663
AT,ATPG30500962,euMonitoringSiteCode,ATPG30500962,euMonitoringSiteCode,NO INTERNATIONAL NAME,ATGK100032,euGroundWaterBodyCode,NO INTERNATIONAL NAME,groundWaterBody,,,,,,,AT1000,euRBDCode,DANUBE,F,48.05641,14.70403
AT,ATPG30500982,euMonitoringSiteCode,ATPG30500982,euMonitoringSiteCode,NO INTERNATIONAL NAME,ATGK100032,euGroundWaterBodyCode,NO INTERNATIONAL NAME,groundWaterBody,,,,,,,AT1000,euRBDCode,DANUBE,F,48.09294,14.73453
AT,ATPG30500992,euMonitoringSiteCode,ATPG30500992,euMonitoringSiteCode,NO INTERNATIONAL NAME,ATGK100032,euGroundWaterBodyCode,NO INTERNATIONAL NAME,groundWaterBody,,,,,,,AT1000,euRBDCode,DANUBE,F,48.12169,14.73799
AT,ATPG30501002,euMonitoringSiteCode,ATPG30501002,euMonitoringSiteCode,NO INTERNATIONAL NAME,ATGK100028,euGroundWaterBodyCode,NO INTERNATIONAL NAME,groundWaterBody,,,,,,,AT1000,euRBDCode,DANUBE,F,48.04435,14.80703
AT,ATPG30501012,euMonitoringSiteCode,ATPG30501012,euMonitoringSiteCode,NO INTERNATIONAL NAME,ATGK100028,euGroundWaterBodyCode,NO INTERNATIONAL NAME,groundWaterBody,,,,,,,AT1000,euRBDCode,DANUBE,F,48.07455,14.83742
AT,ATPG30501022,euMonitoringSiteCode,ATPG30501022,euMonitoringSiteCode,NO INTERNATIONAL NAME,ATGK100028,euGroundWaterBodyCode,NO INTERNATIONAL NAME,groundWaterBody,,,,,,,AT1000,euRBDCode,DANUBE,F,48.07565,14.89116
AT,ATPG30501032,euMonitoringSiteCode,ATPG30501032,euMonitoringSiteCode,NO INTERNATIONAL NAME,ATGK100032,euGroundWaterBodyCode,NO INTERNATIONAL NAME,groundWaterBody,,,,,,,AT1000,euRBDCode,DANUBE,F,48.13615,14.80559
AT,ATPG30501042,euMonitoringSiteCode,ATPG30501042,euMonitoringSiteCode,NO INTERNATIONAL NAME,ATGK100032,euGroundWaterBodyCode,NO INTERNATIONAL NAME,groundWaterBody,,,,,,,AT1000,euRBDCode,DANUBE,F,48.06834,14.51909
AT,ATPG30501062,euMonitoringSiteCode,ATPG30501062,euMonitoringSiteCode,NO INTERNATIONAL NAME,ATGK100032,euGroundWaterBodyCode,NO INTERNATIONAL NAME,groundWaterBody,,,,,,,AT1000,euRBDCode,DANUBE,F,48.12051,14.52028
AT,ATPG30501072,euMonitoringSiteCode,ATPG30501072,euMonitoringSiteCode,NO INTERNATIONAL NAME,ATGK100032,euGroundWaterBodyCode,NO INTERNATIONAL NAME,groundWaterBody,,,,,,,AT1000,euRBDCode,DANUBE,F,48.14862,14.58545
AT,ATPG30501092,euMonitoringSiteCode,ATPG30501092,euMonitoringSiteCode,NO INTERNATIONAL NAME,ATGK100028,euGroundWaterBodyCode,NO INTERNATIONAL NAME,groundWaterBody,,,,,,,AT1000,euRBDCode,DANUBE,F,48.11799,14.88705
AT,ATPG30501102,euMonitoringSiteCode,ATPG30501102,euMonitoringSiteCode,NO INTERNATIONAL NAME,ATGK100028,euGroundWaterBodyCode,NO INTERNATIONAL NAME,groundWaterBody,,,,,,,AT1000,euRBDCode,DANUBE,F,48.0938,14.80977
AT,ATPG30501112,euMonitoringSiteCode,ATPG30501112,euMonitoringSiteCode,NO INTERNATIONAL NAME,ATGK100023,euGroundWaterBodyCode,NO INTERNATIONAL NAME,groundWaterBody,,,,,,,AT1000,euRBDCode,DANUBE,F,48.16175,14.77269
AT,ATPG30600012,euMonitoringSiteCode,ATPG30600012,euMonitoringSiteCode,NO INTERNATIONAL NAME,ATGK100024,euGroundWaterBodyCode,NO INTERNATIONAL NAME,groundWaterBody,,,,,,,AT1000,euRBDCode,DANUBE,F,47.97322,16.41209
AT,ATPG30600022,euMonitoringSiteCode,ATPG30600022,euMonitoringSiteCode,NO INTERNATIONAL NAME,ATGK100024,euGroundWaterBodyCode,NO INTERNATIONAL NAME,groundWaterBody,,,,,,,AT1000,euRBDCode,DANUBE,F,47.91081,16.35485
AT,ATPG30600032,euMonitoringSiteCode,ATPG30600032,euMonitoringSiteCode,NO INTERNATIONAL NAME,ATGK100024,euGroundWaterBodyCode,NO INTERNATIONAL NAME,groundWaterBody,,,,,,,AT1000,euRBDCode,DANUBE,F,47.98911,16.49082
AT,ATPG30600042,euMonitoringSiteCode,ATPG30600042,euMonitoringSiteCode,NO INTERNATIONAL NAME,ATGK100024,euGroundWaterBodyCode,NO INTERNATIONAL NAME,groundWaterBody,,,,,,,AT1000,euRBDCode,DANUBE,F,47.95543,16.43785
AT,ATPG30600062,euMonitoringSiteCode,ATPG30600062,euMonitoringSiteCode,NO INTERNATIONAL NAME,ATGK100024,euGroundWaterBodyCode,NO INTERNATIONAL NAME,groundWaterBody,,,,,,,AT1000,euRBDCode,DANUBE,F,47.92344,16.31941
AT,ATPG30600072,euMonitoringSiteCode,ATPG30600072,euMonitoringSiteCode,NO INTERNATIONAL NAME,ATGK100024,euGroundWaterBodyCode,NO INTERNATIONAL NAME,groundWaterBody,,,,,,,AT1000,euRBDCode,DANUBE,F,47.94644,16.47082
AT,ATPG30600092,euMonitoringSiteCode,ATPG30600092,euMonitoringSiteCode,NO INTERNATIONAL NAME,ATGK100024,euGroundWaterBodyCode,NO INTERNATIONAL NAME,groundWaterBody,,,,,,,AT1000,euRBDCode,DANUBE,F,47.97036,16.31539
AT,ATPG30600102,euMonitoringSiteCode,ATPG30600102,euMonitoringSiteCode,NO INTERNATIONAL NAME,ATGK100024,euGroundWaterBodyCode,NO INTERNATIONAL NAME,groundWaterBody,,,,,,,AT1000,euRBDCode,DANUBE,F,47.94864,16.28467
AT,ATPG30600112,euMonitoringSiteCode,ATPG30600112,euMonitoringSiteCode,K A,ATGK100024,euGroundWaterBodyCode,NO INTERNATIONAL NAME,groundWaterBody,,,,,,,AT1000,euRBDCode,DANUBE,F,47.937,16.233
AT,ATPG30600122,euMonitoringSiteCode,ATPG30600122,euMonitoringSiteCode,NO INTERNATIONAL NAME,ATGK100024,euGroundWaterBodyCode,NO INTERNATIONAL NAME,groundWaterBody,,,,,,,AT1000,euRBDCode,DANUBE,F,47.99426,16.26042
AT,ATPG30600142,euMonitoringSiteCode,ATPG30600142,euMonitoringSiteCode,NO INTERNATIONAL NAME,ATGK100024,euGroundWaterBodyCode,NO INTERNATIONAL NAME,groundWaterBody,,,,,,,AT1000,euRBDCode,DANUBE,F,48.02986,16.31208
AT,ATPG30600152,euMonitoringSiteCode,ATPG30600152,euMonitoringSiteCode,NO INTERNATIONAL NAME,ATGK100024,euGroundWaterBodyCode,NO INTERNATIONAL NAME,groundWaterBody,,,,,,,AT1000,euRBDCode,DANUBE,F,47.99002,16.28567
AT,ATPG30600182,euMonitoringSiteCode,ATPG30600182,euMonitoringSiteCode,NO INTERNATIONAL NAME,ATGK100024,euGroundWaterBodyCode,NO INTERNATIONAL NAME,groundWaterBody,,,,,,,AT1000,euRBDCode,DANUBE,F,47.96563,16.25346
AT,ATPG30600192,euMonitoringSiteCode,ATPG30600192,euMonitoringSiteCode,NO INTERNATIONAL NAME,ATGK100189,euGroundWaterBodyCode,NO INTERNATIONAL NAME,groundWaterBody,,,,,,,AT1000,euRBDCode,DANUBE,F,47.93263,16.16856
AT,ATPG30600202,euMonitoringSiteCode,ATPG30600202,euMonitoringSiteCode,NO INTERNATIONAL NAME,ATGK100024,euGroundWaterBodyCode,NO INTERNATIONAL NAME,groundWaterBody,,,,,,,AT1000,euRBDCode,DANUBE,F,47.92395,16.19219
AT,ATPG30600232,euMonitoringSiteCode,ATPG30600232,euMonitoringSiteCode,NO INTERNATIONAL NAME,ATGK100024,euGroundWaterBodyCode,NO INTERNATIONAL NAME,groundWaterBody,,,,,,,AT1000,euRBDCode,DANUBE,F,47.95345,16.41092
AT,ATPG30600382,euMonitoringSiteCode,ATPG30600382,euMonitoringSiteCode,NO INTERNATIONAL NAME,ATGK100024,euGroundWaterBodyCode,NO INTERNATIONAL NAME,groundWaterBody,,,,,,,AT1000,euRBDCode,DANUBE,F,48.0051,16.36433
AT,ATPG30600402,euMonitoringSiteCode,ATPG30600402,euMonitoringSiteCode,NO INTERNATIONAL NAME,ATGK100024,euGroundWaterBodyCode,NO INTERNATIONAL NAME,groundWaterBody,,,,,,,AT1000,euRBDCode,DANUBE,F,48.01644,16.34352
AT,ATPG30600412,euMonitoringSiteCode,ATPG30600412,euMonitoringSiteCode,NO INTERNATIONAL NAME,ATGK100024,euGroundWaterBodyCode,NO INTERNATIONAL NAME,groundWaterBody,,,,,,,AT1000,euRBDCode,DANUBE,F,47.96161,16.34036
AT,ATPG30600442,euMonitoringSiteCode,ATPG30600442,euMonitoringSiteCode,NO INTERNATIONAL NAME,ATGK100024,euGroundWaterBodyCode,NO INTERNATIONAL NAME,groundWaterBody,,,,,,,AT1000,euRBDCode,DANUBE,F,47.96013,16.49711
AT,ATPG30600452,euMonitoringSiteCode,ATPG30600452,euMonitoringSiteCode,NO INTERNATIONAL NAME,ATGK100024,euGroundWaterBodyCode,NO INTERNATIONAL NAME,groundWaterBody,,,,,,,AT1000,euRBDCode,DANUBE,F,47.92497,16.43202
AT,ATPG30600462,euMonitoringSiteCode,ATPG30600462,euMonitoringSiteCode,NO INTERNATIONAL NAME,ATGK100188,euGroundWaterBodyCode,NO INTERNATIONAL NAME,groundWaterBody,,,,,,,AT1000,euRBDCode,DANUBE,F,48.06893,15.92214
AT,ATPG30600482,euMonitoringSiteCode,ATPG30600482,euMonitoringSiteCode,NO INTERNATIONAL NAME,ATGK100024,euGroundWaterBodyCode,NO INTERNATIONAL NAME,groundWaterBody,,,,,,,AT1000,euRBDCode,DANUBE,F,47.9051,16.36657
AT,ATPG30700012,euMonitoringSiteCode,ATPG30700012,euMonitoringSiteCode,NO INTERNATIONAL NAME,ATGK100024,euGroundWaterBodyCode,NO INTERNATIONAL NAME,groundWaterBody,,,,,,,AT1000,euRBDCode,DANUBE,F,48.05022,16.59255
AT,ATPG30700022,euMonitoringSiteCode,ATPG30700022,euMonitoringSiteCode,NO INTERNATIONAL NAME,ATGK100178,euGroundWaterBodyCode,NO INTERNATIONAL NAME,groundWaterBody,,,,,,,AT1000,euRBDCode,DANUBE,F,47.93348,16.58125
AT,ATPG30700122,euMonitoringSiteCode,ATPG30700122,euMonitoringSiteCode,NO INTERNATIONAL NAME,ATGK100178,euGroundWaterBodyCode,NO INTERNATIONAL NAME,groundWaterBody,,,,,,,AT1000,euRBDCode,DANUBE,F,47.99362,16.68292
AT,ATPG30700142,euMonitoringSiteCode,ATPG30700142,euMonitoringSiteCode,NO INTERNATIONAL NAME,ATGK100176,euGroundWaterBodyCode,NO INTERNATIONAL NAME,groundWaterBody,,,,,,,AT1000,euRBDCode,DANUBE,F,48.10784,16.80993
AT,ATPG30700152,euMonitoringSiteCode,ATPG30700152,euMonitoringSiteCode,NO INTERNATIONAL NAME,ATGK100176,euGroundWaterBodyCode,NO INTERNATIONAL NAME,groundWaterBody,,,,,,,AT1000,euRBDCode,DANUBE,F,48.11157,16.86531
AT,ATPG30700172,euMonitoringSiteCode,ATPG30700172,euMonitoringSiteCode,NO INTERNATIONAL NAME,ATGK100176,euGroundWaterBodyCode,NO INTERNATIONAL NAME,groundWaterBody,,,,,,,AT1000,euRBDCode,DANUBE,F,48.10214,16.69797
AT,ATPG30700182,euMonitoringSiteCode,ATPG30700182,euMonitoringSiteCode,NO INTERNATIONAL NAME,ATGK100176,euGroundWaterBodyCode,NO INTERNATIONAL NAME,groundWaterBody,,,,,,,AT1000,euRBDCode,DANUBE,F,48.10834,16.76291
AT,ATPG30700252,euMonitoringSiteCode,ATPG30700252,euMonitoringSiteCode,NO INTERNATIONAL NAME,ATGK100176,euGroundWaterBodyCode,NO INTERNATIONAL NAME,groundWaterBody,,,,,,,AT1000,euRBDCode,DANUBE,F,48.09351,16.89635
AT,ATPG30700282,euMonitoringSiteCode,ATPG30700282,euMonitoringSiteCode,NO INTERNATIONAL NAME,ATGK100178,euGroundWaterBodyCode,NO INTERNATIONAL NAME,groundWaterBody,,,,,,,AT1000,euRBDCode,DANUBE,F,48.04905,16.93629
AT,ATPG30700292,euMonitoringSiteCode,ATPG30700292,euMonitoringSiteCode,NO INTERNATIONAL NAME,ATGK100176,euGroundWaterBodyCode,NO INTERNATIONAL NAME,groundWaterBody,,,,,,,AT1000,euRBDCode,DANUBE,F,48.1173,17.05668
AT,ATPG30700432,euMonitoringSiteCode,ATPG30700432,euMonitoringSiteCode,NO INTERNATIONAL NAME,ATGK100178,euGroundWaterBodyCode,NO INTERNATIONAL NAME,groundWaterBody,,,,,,,AT1000,euRBDCode,DANUBE,F,47.92018,16.54157
AT,ATPG30700442,euMonitoringSiteCode,ATPG30700442,euMonitoringSiteCode,NO INTERNATIONAL NAME,ATGK100178,euGroundWaterBodyCode,NO INTERNATIONAL NAME,groundWaterBody,,,,,,,AT1000,euRBDCode,DANUBE,F,48.02942,16.72147
AT,ATPG30700452,euMonitoringSiteCode,ATPG30700452,euMonitoringSiteCode,NO INTERNATIONAL NAME,ATGK100024,euGroundWaterBodyCode,NO INTERNATIONAL NAME,groundWaterBody,,,,,,,AT1000,euRBDCode,DANUBE,F,47.99041,16.57406
AT,ATPG30700462,euMonitoringSiteCode,ATPG30700462,euMonitoringSiteCode,NO INTERNATIONAL NAME,ATGK100176,euGroundWaterBodyCode,NO INTERNATIONAL NAME,groundWaterBody,,,,,,,AT1000,euRBDCode,DANUBE,F,48.06654,16.98184
AT,ATPG30700472,euMonitoringSiteCode,ATPG30700472,euMonitoringSiteCode,NO INTERNATIONAL NAME,ATGK100176,euGroundWaterBodyCode,NO INTERNATIONAL NAME,groundWaterBody,,,,,,,AT1000,euRBDCode,DANUBE,F,48.08537,16.92671
AT,ATPG30700482,euMonitoringSiteCode,ATPG30700482,euMonitoringSiteCode,NO INTERNATIONAL NAME,ATGK100176,euGroundWaterBodyCode,NO INTERNATIONAL NAME,groundWaterBody,,,,,,,AT1000,euRBDCode,DANUBE,F,48.07233,16.94059
AT,ATPG30700492,euMonitoringSiteCode,ATPG30700492,euMonitoringSiteCode,NO INTERNATIONAL NAME,ATGK100176,euGroundWaterBodyCode,NO INTERNATIONAL NAME,groundWaterBody,,,,,,,AT1000,euRBDCode,DANUBE,F,48.06847,17.00616
AT,ATPG30700502,euMonitoringSiteCode,ATPG30700502,euMonitoringSiteCode,NO INTERNATIONAL NAME,ATGK100024,euGroundWaterBodyCode,NO INTERNATIONAL NAME,groundWaterBody,,,,,,,AT1000,euRBDCode,DANUBE,F,48.07269,16.59396
AT,ATPG30700522,euMonitoringSiteCode,ATPG30700522,euMonitoringSiteCode,NO INTERNATIONAL NAME,ATGK100176,euGroundWaterBodyCode,NO INTERNATIONAL NAME,groundWaterBody,,,,,,,AT1000,euRBDCode,DANUBE,F,48.15776,16.97344
AT,ATPG30700532,euMonitoringSiteCode,ATPG30700532,euMonitoringSiteCode,NO INTERNATIONAL NAME,ATGK100176,euGroundWaterBodyCode,NO INTERNATIONAL NAME,groundWaterBody,,,,,,,AT1000,euRBDCode,DANUBE,F,48.14241,17.00331
AT,ATPG30800022,euMonitoringSiteCode,ATPG30800022,euMonitoringSiteCode,NO INTERNATIONAL NAME,ATGK100020,euGroundWaterBodyCode,NO INTERNATIONAL NAME,groundWaterBody,,,,,,,AT1000,euRBDCode,DANUBE,F,48.29416,16.52963
AT,ATPG30800032,euMonitoringSiteCode,ATPG30800032,euMonitoringSiteCode,NO INTERNATIONAL NAME,ATGK100020,euGroundWaterBodyCode,NO INTERNATIONAL NAME,groundWaterBody,,,,,,,AT1000,euRBDCode,DANUBE,F,48.31907,16.57301
AT,ATPG30800052,euMonitoringSiteCode,ATPG30800052,euMonitoringSiteCode,NO INTERNATIONAL NAME,ATGK100020,euGroundWaterBodyCode,NO INTERNATIONAL NAME,groundWaterBody,,,,,,,AT1000,euRBDCode,DANUBE,F,48.27436,16.56213
AT,ATPG30800092,euMonitoringSiteCode,ATPG30800092,euMonitoringSiteCode,NO INTERNATIONAL NAME,ATGK100020,euGroundWaterBodyCode,NO INTERNATIONAL NAME,groundWaterBody,,,,,,,AT1000,euRBDCode,DANUBE,F,48.2222,16.56023
AT,ATPG30800102,euMonitoringSiteCode,ATPG30800102,euMonitoringSiteCode,NO INTERNATIONAL NAME,ATGK100020,euGroundWaterBodyCode,NO INTERNATIONAL NAME,groundWaterBody,,,,,,,AT1000,euRBDCode,DANUBE,F,48.18999,16.55284
AT,ATPG30800132,euMonitoringSiteCode,ATPG30800132,euMonitoringSiteCode,NO INTERNATIONAL NAME,ATGK100020,euGroundWaterBodyCode,NO INTERNATIONAL NAME,groundWaterBody,,,,,,,AT1000,euRBDCode,DANUBE,F,48.14602,16.57972
AT,ATPG30800172,euMonitoringSiteCode,ATPG30800172,euMonitoringSiteCode,NO INTERNATIONAL NAME,ATGK100020,euGroundWaterBodyCode,NO INTERNATIONAL NAME,groundWaterBody,,,,,,,AT1000,euRBDCode,DANUBE,F,48.31699,16.64712
AT,ATPG30800192,euMonitoringSiteCode,ATPG30800192,euMonitoringSiteCode,NO INTERNATIONAL NAME,ATGK100020,euGroundWaterBodyCode,NO INTERNATIONAL NAME,groundWaterBody,,,,,,,AT1000,euRBDCode,DANUBE,F,48.27926,16.61234
AT,ATPG30800222,euMonitoringSiteCode,ATPG30800222,euMonitoringSiteCode,NO INTERNATIONAL NAME,ATGK100020,euGroundWaterBodyCode,NO INTERNATIONAL NAME,groundWaterBody,,,,,,,AT1000,euRBDCode,DANUBE,F,48.27949,16.66766
AT,ATPG30800252,euMonitoringSiteCode,ATPG30800252,euMonitoringSiteCode,NO INTERNATIONAL NAME,ATGK100020,euGroundWaterBodyCode,NO INTERNATIONAL NAME,groundWaterBody,,,,,,,AT1000,euRBDCode,DANUBE,F,48.24803,16.66563
AT,ATPG30800262,euMonitoringSiteCode,ATPG30800262,euMonitoringSiteCode,NO INTERNATIONAL NAME,ATGK100020,euGroundWaterBodyCode,NO INTERNATIONAL NAME,groundWaterBody,,,,,,,AT1000,euRBDCode,DANUBE,F,48.22604,16.61571
AT,ATPG30800292,euMonitoringSiteCode,ATPG30800292,euMonitoringSiteCode,NO INTERNATIONAL NAME,ATGK100020,euGroundWaterBodyCode,NO INTERNATIONAL NAME,groundWaterBody,,,,,,,AT1000,euRBDCode,DANUBE,F,48.22386,16.72337
AT,ATPG30800302,euMonitoringSiteCode,ATPG30800302,euMonitoringSiteCode,NO INTERNATIONAL NAME,ATGK100020,euGroundWaterBodyCode,NO INTERNATIONAL NAME,groundWaterBody,,,,,,,AT1000,euRBDCode,DANUBE,F,48.19533,16.61916
AT,ATPG30800332,euMonitoringSiteCode,ATPG30800332,euMonitoringSiteCode,NO INTERNATIONAL NAME,ATGK100020,euGroundWaterBodyCode,NO INTERNATIONAL NAME,groundWaterBody,,,,,,,AT1000,euRBDCode,DANUBE,F,48.17778,16.66652
AT,ATPG30800342,euMonitoringSiteCode,ATPG30800342,euMonitoringSiteCode,NO INTERNATIONAL NAME,ATGK100020,euGroundWaterBodyCode,NO INTERNATIONAL NAME,groundWaterBody,,,,,,,AT1000,euRBDCode,DANUBE,F,48.16028,16.61695
AT,ATPG30800422,euMonitoringSiteCode,ATPG30800422,euMonitoringSiteCode,NO INTERNATIONAL NAME,ATGK100020,euGroundWaterBodyCode,NO INTERNATIONAL NAME,groundWaterBody,,,,,,,AT1000,euRBDCode,DANUBE,F,48.33712,16.76049
AT,ATPG30800462,euMonitoringSiteCode,ATPG30800462,euMonitoringSiteCode,NO INTERNATIONAL NAME,ATGK100020,euGroundWaterBodyCode,NO INTERNATIONAL NAME,groundWaterBody,,,,,,,AT1000,euRBDCode,DANUBE,F,48.3036,16.73668
AT,ATPG30800502,euMonitoringSiteCode,ATPG30800502,euMonitoringSiteCode,NO INTERNATIONAL NAME,ATGK100020,euGroundWaterBodyCode,NO INTERNATIONAL NAME,groundWaterBody,,,,,,,AT1000,euRBDCode,DANUBE,F,48.25664,16.74169
AT,ATPG30800512,euMonitoringSiteCode,ATPG30800512,euMonitoringSiteCode,NO INTERNATIONAL NAME,ATGK100020,euGroundWaterBodyCode,NO INTERNATIONAL NAME,groundWaterBody,,,,,,,AT1000,euRBDCode,DANUBE,F,48.25892,16.78634
AT,ATPG30800552,euMonitoringSiteCode,ATPG30800552,euMonitoringSiteCode,NO INTERNATIONAL NAME,ATGK100020,euGroundWaterBodyCode,NO INTERNATIONAL NAME,groundWaterBody,,,,,,,AT1000,euRBDCode,DANUBE,F,48.19811,16.8025
AT,ATPG30800572,euMonitoringSiteCode,ATPG30800572,euMonitoringSiteCode,NO INTERNATIONAL NAME,ATGK100020,euGroundWaterBodyCode,NO INTERNATIONAL NAME,groundWaterBody,,,,,,,AT1000,euRBDCode,DANUBE,F,48.16352,16.75443
AT,ATPG30800592,euMonitoringSiteCode,ATPG30800592,euMonitoringSiteCode,NO INTERNATIONAL NAME,ATGK100020,euGroundWaterBodyCode,NO INTERNATIONAL NAME,groundWaterBody,,,,,,,AT1000,euRBDCode,DANUBE,F,48.14161,16.7947
AT,ATPG30800632,euMonitoringSiteCode,ATPG30800632,euMonitoringSiteCode,NO INTERNATIONAL NAME,ATGK100020,euGroundWaterBodyCode,NO INTERNATIONAL NAME,groundWaterBody,,,,,,,AT1000,euRBDCode,DANUBE,F,48.32597,16.83267
AT,ATPG30800642,euMonitoringSiteCode,ATPG30800642,euMonitoringSiteCode,NO INTERNATIONAL NAME,ATGK100020,euGroundWaterBodyCode,NO INTERNATIONAL NAME,groundWaterBody,,,,,,,AT1000,euRBDCode,DANUBE,F,48.30824,16.82337
AT,ATPG30800652,euMonitoringSiteCode,ATPG30800652,euMonitoringSiteCode,NO INTERNATIONAL NAME,ATGK100020,euGroundWaterBodyCode,NO INTERNATIONAL NAME,groundWaterBody,,,,,,,AT1000,euRBDCode,DANUBE,F,48.26646,16.8354
AT,ATPG30800672,euMonitoringSiteCode,ATPG30800672,euMonitoringSiteCode,NO INTERNATIONAL NAME,ATGK100020,euGroundWaterBodyCode,NO INTERNATIONAL NAME,groundWaterBody,,,,,,,AT1000,euRBDCode,DANUBE,F,48.23913,16.81603
AT,ATPG30800702,euMonitoringSiteCode,ATPG30800702,euMonitoringSiteCode,NO INTERNATIONAL NAME,ATGK100020,euGroundWaterBodyCode,NO INTERNATIONAL NAME,groundWaterBody,,,,,,,AT1000,euRBDCode,DANUBE,F,48.18685,16.84754
AT,ATPG30800712,euMonitoringSiteCode,ATPG30800712,euMonitoringSiteCode,NO INTERNATIONAL NAME,ATGK100020,euGroundWaterBodyCode,NO INTERNATIONAL NAME,groundWaterBody,,,,,,,AT1000,euRBDCode,DANUBE,F,48.14943,16.83424
AT,ATPG30800722,euMonitoringSiteCode,ATPG30800722,euMonitoringSiteCode,NO INTERNATIONAL NAME,ATGK100020,euGroundWaterBodyCode,NO INTERNATIONAL NAME,groundWaterBody,,,,,,,AT1000,euRBDCode,DANUBE,F,48.31536,16.88595
AT,ATPG30800732,euMonitoringSiteCode,ATPG30800732,euMonitoringSiteCode,NO INTERNATIONAL NAME,ATGK100020,euGroundWaterBodyCode,NO INTERNATIONAL NAME,groundWaterBody,,,,,,,AT1000,euRBDCode,DANUBE,F,48.2759,16.88055
AT,ATPG30800742,euMonitoringSiteCode,ATPG30800742,euMonitoringSiteCode,K A,ATGK100020,euGroundWaterBodyCode,NO INTERNATIONAL NAME,groundWaterBody,,,,,,,AT1000,euRBDCode,DANUBE,F,48.2467,16.924
AT,ATPG30800772,euMonitoringSiteCode,ATPG30800772,euMonitoringSiteCode,NO INTERNATIONAL NAME,ATGK100020,euGroundWaterBodyCode,NO INTERNATIONAL NAME,groundWaterBody,,,,,,,AT1000,euRBDCode,DANUBE,F,48.19195,16.91657
AT,ATPG30800822,euMonitoringSiteCode,ATPG30800822,euMonitoringSiteCode,NO INTERNATIONAL NAME,ATGK100020,euGroundWaterBodyCode,NO INTERNATIONAL NAME,groundWaterBody,,,,,,,AT1000,euRBDCode,DANUBE,F,48.22891,16.79647
AT,ATPG30800872,euMonitoringSiteCode,ATPG30800872,euMonitoringSiteCode,NO INTERNATIONAL NAME,ATGK100095,euGroundWaterBodyCode,NO INTERNATIONAL NAME,groundWaterBody,,,,,,,AT1000,euRBDCode,DANUBE,F,48.46734,16.86255
AT,ATPG30800902,euMonitoringSiteCode,ATPG30800902,euMonitoringSiteCode,NO INTERNATIONAL NAME,ATGK100095,euGroundWaterBodyCode,NO INTERNATIONAL NAME,groundWaterBody,,,,,,,AT1000,euRBDCode,DANUBE,F,48.53729,16.90123
AT,ATPG30800962,euMonitoringSiteCode,ATPG30800962,euMonitoringSiteCode,NO INTERNATIONAL NAME,ATGK100095,euGroundWaterBodyCode,NO INTERNATIONAL NAME,groundWaterBody,,,,,,,AT1000,euRBDCode,DANUBE,F,48.50259,16.67393
AT,ATPG30800972,euMonitoringSiteCode,ATPG30800972,euMonitoringSiteCode,NO INTERNATIONAL NAME,ATGK100095,euGroundWaterBodyCode,NO INTERNATIONAL NAME,groundWaterBody,,,,,,,AT1000,euRBDCode,DANUBE,F,48.44704,16.69605
AT,ATPG30801032,euMonitoringSiteCode,ATPG30801032,euMonitoringSiteCode,NO INTERNATIONAL NAME,ATGK100095,euGroundWaterBodyCode,NO INTERNATIONAL NAME,groundWaterBody,,,,,,,AT1000,euRBDCode,DANUBE,F,48.60443,16.82442
AT,ATPG30801042,euMonitoringSiteCode,ATPG30801042,euMonitoringSiteCode,NO INTERNATIONAL NAME,ATGK100095,euGroundWaterBodyCode,NO INTERNATIONAL NAME,groundWaterBody,,,,,,,AT1000,euRBDCode,DANUBE,F,48.59927,16.78607
AT,ATPG30801072,euMonitoringSiteCode,ATPG30801072,euMonitoringSiteCode,NO INTERNATIONAL NAME,ATGK100095,euGroundWaterBodyCode,NO INTERNATIONAL NAME,groundWaterBody,,,,,,,AT1000,euRBDCode,DANUBE,F,48.5449,16.76751
AT,ATPG30801082,euMonitoringSiteCode,ATPG30801082,euMonitoringSiteCode,NO INTERNATIONAL NAME,ATGK100020,euGroundWaterBodyCode,NO INTERNATIONAL NAME,groundWaterBody,,,,,,,AT1000,euRBDCode,DANUBE,F,48.19443,16.74435
AT,ATPG30801092,euMonitoringSiteCode,ATPG30801092,euMonitoringSiteCode,NO INTERNATIONAL NAME,ATGK100020,euGroundWaterBodyCode,NO INTERNATIONAL NAME,groundWaterBody,,,,,,,AT1000,euRBDCode,DANUBE,F,48.34107,16.68648
AT,ATPG30801102,euMonitoringSiteCode,ATPG30801102,euMonitoringSiteCode,NO INTERNATIONAL NAME,ATGK100020,euGroundWaterBodyCode,NO INTERNATIONAL NAME,groundWaterBody,,,,,,,AT1000,euRBDCode,DANUBE,F,48.22713,16.85565
AT,ATPG30801112,euMonitoringSiteCode,ATPG30801112,euMonitoringSiteCode,NO INTERNATIONAL NAME,ATGK100095,euGroundWaterBodyCode,NO INTERNATIONAL NAME,groundWaterBody,,,,,,,AT1000,euRBDCode,DANUBE,F,48.40656,16.69478
AT,ATPG30801122,euMonitoringSiteCode,ATPG30801122,euMonitoringSiteCode,NO INTERNATIONAL NAME,ATGK100020,euGroundWaterBodyCode,NO INTERNATIONAL NAME,groundWaterBody,,,,,,,AT1000,euRBDCode,DANUBE,F,48.27246,16.90459
AT,ATPG30801132,euMonitoringSiteCode,ATPG30801132,euMonitoringSiteCode,NO INTERNATIONAL NAME,ATGK100020,euGroundWaterBodyCode,NO INTERNATIONAL NAME,groundWaterBody,,,,,,,AT1000,euRBDCode,DANUBE,F,48.323,16.52871
AT,ATPG30801142,euMonitoringSiteCode,ATPG30801142,euMonitoringSiteCode,NO INTERNATIONAL NAME,ATGK100095,euGroundWaterBodyCode,NO INTERNATIONAL NAME,groundWaterBody,,,,,,,AT1000,euRBDCode,DANUBE,F,48.57124,16.85066
AT,ATPG30900022,euMonitoringSiteCode,ATPG30900022,euMonitoringSiteCode,NO INTERNATIONAL NAME,ATGK100079,euGroundWaterBodyCode,NO INTERNATIONAL NAME,groundWaterBody,,,,,,,AT5000,euRBDCode,ELBE,F,48.92286,15.03835
AT,ATPG30900052,euMonitoringSiteCode,ATPG30900052,euMonitoringSiteCode,NO INTERNATIONAL NAME,ATGK100079,euGroundWaterBodyCode,NO INTERNATIONAL NAME,groundWaterBody,,,,,,,AT5000,euRBDCode,ELBE,F,48.89071,15.02228
AT,ATPG30900062,euMonitoringSiteCode,ATPG30900062,euMonitoringSiteCode,NO INTERNATIONAL NAME,ATGK100079,euGroundWaterBodyCode,NO INTERNATIONAL NAME,groundWaterBody,,,,,,,AT5000,euRBDCode,ELBE,F,48.5921,14.74672
AT,ATPG30900082,euMonitoringSiteCode,ATPG30900082,euMonitoringSiteCode,NO INTERNATIONAL NAME,ATGK100079,euGroundWaterBodyCode,NO INTERNATIONAL NAME,groundWaterBody,,,,,,,AT5000,euRBDCode,ELBE,F,48.66595,14.81257
AT,ATPG30900112,euMonitoringSiteCode,ATPG30900112,euMonitoringSiteCode,NO INTERNATIONAL NAME,ATGK100079,euGroundWaterBodyCode,NO INTERNATIONAL NAME,groundWaterBody,,,,,,,AT5000,euRBDCode,ELBE,F,48.8074,15.0604
AT,ATPG30900162,euMonitoringSiteCode,ATPG30900162,euMonitoringSiteCode,NO INTERNATIONAL NAME,ATGK100079,euGroundWaterBodyCode,NO INTERNATIONAL NAME,groundWaterBody,,,,,,,AT5000,euRBDCode,ELBE,F,48.91312,15.14857
AT,ATPG30900212,euMonitoringSiteCode,ATPG30900212,euMonitoringSiteCode,NO INTERNATIONAL NAME,ATGK100079,euGroundWaterBodyCode,NO INTERNATIONAL NAME,groundWaterBody,,,,,,,AT5000,euRBDCode,ELBE,F,48.72358,15.07118
AT,ATPG30900262,euMonitoringSiteCode,ATPG30900262,euMonitoringSiteCode,NO INTERNATIONAL NAME,ATGK100079,euGroundWaterBodyCode,NO INTERNATIONAL NAME,groundWaterBody,,,,,,,AT5000,euRBDCode,ELBE,F,48.83625,14.99324
AT,ATPG30900282,euMonitoringSiteCode,ATPG30900282,euMonitoringSiteCode,NO INTERNATIONAL NAME,ATGK100079,euGroundWaterBodyCode,NO INTERNATIONAL NAME,groundWaterBody,,,,,,,AT5000,euRBDCode,ELBE,F,48.81779,14.96267
AT,ATPG30900292,euMonitoringSiteCode,ATPG30900292,euMonitoringSiteCode,NO INTERNATIONAL NAME,ATGK100079,euGroundWaterBodyCode,NO INTERNATIONAL NAME,groundWaterBody,,,,,,,AT5000,euRBDCode,ELBE,F,48.80319,14.97719
AT,ATPG30900302,euMonitoringSiteCode,ATPG30900302,euMonitoringSiteCode,NO INTERNATIONAL NAME,ATGK100079,euGroundWaterBodyCode,NO INTERNATIONAL NAME,groundWaterBody,,,,,,,AT5000,euRBDCode,ELBE,F,48.79229,14.98501
AT,ATPG30900312,euMonitoringSiteCode,ATPG30900312,euMonitoringSiteCode,NO INTERNATIONAL NAME,ATGK100079,euGroundWaterBodyCode,NO INTERNATIONAL NAME,groundWaterBody,,,,,,,AT5000,euRBDCode,ELBE,F,48.71946,14.91742
AT,ATPG31000012,euMonitoringSiteCode,ATPG31000012,euMonitoringSiteCode,NO INTERNATIONAL NAME,ATGK100035,euGroundWaterBodyCode,NO INTERNATIONAL NAME,groundWaterBody,,,,,,,AT1000,euRBDCode,DANUBE,F,48.64483,15.92663
AT,ATPG31000172,euMonitoringSiteCode,ATPG31000172,euMonitoringSiteCode,NO INTERNATIONAL NAME,ATGK100035,euGroundWaterBodyCode,NO INTERNATIONAL NAME,groundWaterBody,,,,,,,AT1000,euRBDCode,DANUBE,F,48.58934,16.14767
AT,ATPG31000202,euMonitoringSiteCode,ATPG31000202,euMonitoringSiteCode,NO INTERNATIONAL NAME,ATGK100035,euGroundWaterBodyCode,NO INTERNATIONAL NAME,groundWaterBody,,,,,,,AT1000,euRBDCode,DANUBE,F,48.61085,16.11356
AT,ATPG31000222,euMonitoringSiteCode,ATPG31000222,euMonitoringSiteCode,NO INTERNATIONAL NAME,ATGK100035,euGroundWaterBodyCode,NO INTERNATIONAL NAME,groundWaterBody,,,,,,,AT1000,euRBDCode,DANUBE,F,48.57213,16.07622
AT,ATPG31000242,euMonitoringSiteCode,ATPG31000242,euMonitoringSiteCode,NO INTERNATIONAL NAME,ATGK100035,euGroundWaterBodyCode,NO INTERNATIONAL NAME,groundWaterBody,,,,,,,AT1000,euRBDCode,DANUBE,F,48.49464,16.11814
AT,ATPG31000252,euMonitoringSiteCode,ATPG31000252,euMonitoringSiteCode,NO INTERNATIONAL NAME,ATGK100035,euGroundWaterBodyCode,NO INTERNATIONAL NAME,groundWaterBody,,,,,,,AT1000,euRBDCode,DANUBE,F,48.47069,16.14121
AT,ATPG31000292,euMonitoringSiteCode,ATPG31000292,euMonitoringSiteCode,NO INTERNATIONAL NAME,ATGK100094,euGroundWaterBodyCode,NO INTERNATIONAL NAME,groundWaterBody,,,,,,,AT1000,euRBDCode,DANUBE,F,48.82953,15.87463
AT,ATPG31000352,euMonitoringSiteCode,ATPG31000352,euMonitoringSiteCode,NO INTERNATIONAL NAME,ATGK100095,euGroundWaterBodyCode,NO INTERNATIONAL NAME,groundWaterBody,,,,,,,AT1000,euRBDCode,DANUBE,F,48.76207,15.95568
AT,ATPG31000372,euMonitoringSiteCode,ATPG31000372,euMonitoringSiteCode,NO INTERNATIONAL NAME,ATGK100095,euGroundWaterBodyCode,NO INTERNATIONAL NAME,groundWaterBody,,,,,,,AT1000,euRBDCode,DANUBE,F,48.7636,16.00749
AT,ATPG31000442,euMonitoringSiteCode,ATPG31000442,euMonitoringSiteCode,NO INTERNATIONAL NAME,ATGK100035,euGroundWaterBodyCode,NO INTERNATIONAL NAME,groundWaterBody,,,,,,,AT1000,euRBDCode,DANUBE,F,48.54963,16.07638
AT,ATPG31000452,euMonitoringSiteCode,ATPG31000452,euMonitoringSiteCode,NO INTERNATIONAL NAME,ATGK100035,euGroundWaterBodyCode,NO INTERNATIONAL NAME,groundWaterBody,,,,,,,AT1000,euRBDCode,DANUBE,F,48.60063,16.05059
AT,ATPG31000462,euMonitoringSiteCode,ATPG31000462,euMonitoringSiteCode,NO INTERNATIONAL NAME,ATGK100095,euGroundWaterBodyCode,NO INTERNATIONAL NAME,groundWaterBody,,,,,,,AT1000,euRBDCode,DANUBE,F,48.69873,16.16453
AT,ATPG31000472,euMonitoringSiteCode,ATPG31000472,euMonitoringSiteCode,NO INTERNATIONAL NAME,ATGK100035,euGroundWaterBodyCode,NO INTERNATIONAL NAME,groundWaterBody,,,,,,,AT1000,euRBDCode,DANUBE,F,48.55444,15.86244
AT,ATPG31100022,euMonitoringSiteCode,ATPG31100022,euMonitoringSiteCode,NO INTERNATIONAL NAME,ATGK100190,euGroundWaterBodyCode,NO INTERNATIONAL NAME,groundWaterBody,,,,,,,AT1000,euRBDCode,DANUBE,F,48.67976,15.58597
AT,ATPG31100072,euMonitoringSiteCode,ATPG31100072,euMonitoringSiteCode,NO INTERNATIONAL NAME,ATGK100190,euGroundWaterBodyCode,NO INTERNATIONAL NAME,groundWaterBody,,,,,,,AT1000,euRBDCode,DANUBE,F,48.62175,15.6988
AT,ATPG31100082,euMonitoringSiteCode,ATPG31100082,euMonitoringSiteCode,NO INTERNATIONAL NAME,ATGK100190,euGroundWaterBodyCode,NO INTERNATIONAL NAME,groundWaterBody,,,,,,,AT1000,euRBDCode,DANUBE,F,48.59023,15.70007
AT,ATPG31100132,euMonitoringSiteCode,ATPG31100132,euMonitoringSiteCode,NO INTERNATIONAL NAME,ATGK100190,euGroundWaterBodyCode,NO INTERNATIONAL NAME,groundWaterBody,,,,,,,AT1000,euRBDCode,DANUBE,F,48.65782,15.50896
AT,ATPG31100142,euMonitoringSiteCode,ATPG31100142,euMonitoringSiteCode,NO INTERNATIONAL NAME,ATGK100190,euGroundWaterBodyCode,NO INTERNATIONAL NAME,groundWaterBody,,,,,,,AT1000,euRBDCode,DANUBE,F,48.67434,15.63329
AT,ATPG31100152,euMonitoringSiteCode,ATPG31100152,euMonitoringSiteCode,NO INTERNATIONAL NAME,ATGK100190,euGroundWaterBodyCode,NO INTERNATIONAL NAME,groundWaterBody,,,,,,,AT1000,euRBDCode,DANUBE,F,48.63867,15.70772
AT,ATPG31100162,euMonitoringSiteCode,ATPG31100162,euMonitoringSiteCode,NO INTERNATIONAL NAME,ATGK100190,euGroundWaterBodyCode,NO INTERNATIONAL NAME,groundWaterBody,,,,,,,AT1000,euRBDCode,DANUBE,F,48.61861,15.72037
AT,ATPG31100182,euMonitoringSiteCode,ATPG31100182,euMonitoringSiteCode,NO INTERNATIONAL NAME,ATGK100190,euGroundWaterBodyCode,NO INTERNATIONAL NAME,groundWaterBody,,,,,,,AT1000,euRBDCode,DANUBE,F,48.60271,15.70607
AT,ATPG31100192,euMonitoringSiteCode,ATPG31100192,euMonitoringSiteCode,NO INTERNATIONAL NAME,ATGK100190,euGroundWaterBodyCode,NO INTERNATIONAL NAME,groundWaterBody,,,,,,,AT1000,euRBDCode,DANUBE,F,48.69528,15.47792
AT,ATPG31100202,euMonitoringSiteCode,ATPG31100202,euMonitoringSiteCode,NO INTERNATIONAL NAME,ATGK100190,euGroundWaterBodyCode,NO INTERNATIONAL NAME,groundWaterBody,,,,,,,AT1000,euRBDCode,DANUBE,F,48.74046,15.65665
AT,ATPG31100242,euMonitoringSiteCode,ATPG31100242,euMonitoringSiteCode,NO INTERNATIONAL NAME,ATGK100035,euGroundWaterBodyCode,NO INTERNATIONAL NAME,groundWaterBody,,,,,,,AT1000,euRBDCode,DANUBE,F,48.66927,15.87895
AT,ATPG31100282,euMonitoringSiteCode,ATPG31100282,euMonitoringSiteCode,NO INTERNATIONAL NAME,ATGK100094,euGroundWaterBodyCode,NO INTERNATIONAL NAME,groundWaterBody,,,,,,,AT1000,euRBDCode,DANUBE,F,48.79439,15.56649
AT,ATPG31100302,euMonitoringSiteCode,ATPG31100302,euMonitoringSiteCode,NO INTERNATIONAL NAME,ATGK100094,euGroundWaterBodyCode,NO INTERNATIONAL NAME,groundWaterBody,,,,,,,AT1000,euRBDCode,DANUBE,F,48.80273,15.7371
AT,ATPG31100312,euMonitoringSiteCode,ATPG31100312,euMonitoringSiteCode,NO INTERNATIONAL NAME,ATGK100094,euGroundWaterBodyCode,NO INTERNATIONAL NAME,groundWaterBody,,,,,,,AT1000,euRBDCode,DANUBE,F,48.7597,15.68474
AT,ATPG31100322,euMonitoringSiteCode,ATPG31100322,euMonitoringSiteCode,NO INTERNATIONAL NAME,ATGK100094,euGroundWaterBodyCode,NO INTERNATIONAL NAME,groundWaterBody,,,,,,,AT1000,euRBDCode,DANUBE,F,48.75467,15.841
AT,ATPG31100332,euMonitoringSiteCode,ATPG31100332,euMonitoringSiteCode,NO INTERNATIONAL NAME,ATGK100190,euGroundWaterBodyCode,NO INTERNATIONAL NAME,groundWaterBody,,,,,,,AT1000,euRBDCode,DANUBE,F,48.6732,15.73513
AT,ATPG31100342,euMonitoringSiteCode,ATPG31100342,euMonitoringSiteCode,NO INTERNATIONAL NAME,ATGK100190,euGroundWaterBodyCode,NO INTERNATIONAL NAME,groundWaterBody,,,,,,,AT1000,euRBDCode,DANUBE,F,48.6758,15.69585
AT,ATPG31100352,euMonitoringSiteCode,ATPG31100352,euMonitoringSiteCode,NO INTERNATIONAL NAME,ATGK100190,euGroundWaterBodyCode,NO INTERNATIONAL NAME,groundWaterBody,,,,,,,AT1000,euRBDCode,DANUBE,F,48.67634,15.6687
AT,ATPG31100362,euMonitoringSiteCode,ATPG31100362,euMonitoringSiteCode,NO INTERNATIONAL NAME,ATGK100190,euGroundWaterBodyCode,NO INTERNATIONAL NAME,groundWaterBody,,,,,,,AT1000,euRBDCode,DANUBE,F,48.61372,15.826
AT,ATPG31100372,euMonitoringSiteCode,ATPG31100372,euMonitoringSiteCode,NO INTERNATIONAL NAME,ATGK100035,euGroundWaterBodyCode,NO INTERNATIONAL NAME,groundWaterBody,,,,,,,AT1000,euRBDCode,DANUBE,F,48.67017,15.879
AT,ATPG31200022,euMonitoringSiteCode,ATPG31200022,euMonitoringSiteCode,NO INTERNATIONAL NAME,ATGK100026,euGroundWaterBodyCode,NO INTERNATIONAL NAME,groundWaterBody,,,,,,,AT1000,euRBDCode,DANUBE,F,48.37838,16.00921
AT,ATPG31200072,euMonitoringSiteCode,ATPG31200072,euMonitoringSiteCode,K A,ATGK100026,euGroundWaterBodyCode,NO INTERNATIONAL NAME,groundWaterBody,,,,,,,AT1000,euRBDCode,DANUBE,F,48.3858,16.081
AT,ATPG31200102,euMonitoringSiteCode,ATPG31200102,euMonitoringSiteCode,NO INTERNATIONAL NAME,ATGK100026,euGroundWaterBodyCode,NO INTERNATIONAL NAME,groundWaterBody,,,,,,,AT1000,euRBDCode,DANUBE,F,48.36561,16.09365
AT,ATPG31200162,euMonitoringSiteCode,ATPG31200162,euMonitoringSiteCode,NO INTERNATIONAL NAME,ATGK100026,euGroundWaterBodyCode,NO INTERNATIONAL NAME,groundWaterBody,,,,,,,AT1000,euRBDCode,DANUBE,F,48.38901,16.16922
AT,ATPG31200212,euMonitoringSiteCode,ATPG31200212,euMonitoringSiteCode,NO INTERNATIONAL NAME,ATGK100026,euGroundWaterBodyCode,NO INTERNATIONAL NAME,groundWaterBody,,,,,,,AT1000,euRBDCode,DANUBE,F,48.36954,16.30055
AT,ATPG31200232,euMonitoringSiteCode,ATPG31200232,euMonitoringSiteCode,NO INTERNATIONAL NAME,ATGK100026,euGroundWaterBodyCode,NO INTERNATIONAL NAME,groundWaterBody,,,,,,,AT1000,euRBDCode,DANUBE,F,48.35834,16.31611
AT,ATPG31200262,euMonitoringSiteCode,ATPG31200262,euMonitoringSiteCode,NO INTERNATIONAL NAME,ATGK100026,euGroundWaterBodyCode,NO INTERNATIONAL NAME,groundWaterBody,,,,,,,AT1000,euRBDCode,DANUBE,F,48.34233,16.34355
AT,ATPG31200322,euMonitoringSiteCode,ATPG31200322,euMonitoringSiteCode,NO INTERNATIONAL NAME,ATGK100020,euGroundWaterBodyCode,NO INTERNATIONAL NAME,groundWaterBody,,,,,,,AT1000,euRBDCode,DANUBE,F,48.33299,16.42536
AT,ATPG31200352,euMonitoringSiteCode,ATPG31200352,euMonitoringSiteCode,NO INTERNATIONAL NAME,ATGK100035,euGroundWaterBodyCode,NO INTERNATIONAL NAME,groundWaterBody,,,,,,,AT1000,euRBDCode,DANUBE,F,48.47521,16.42575
AT,ATPG31200362,euMonitoringSiteCode,ATPG31200362,euMonitoringSiteCode,NO INTERNATIONAL NAME,ATGK100035,euGroundWaterBodyCode,NO INTERNATIONAL NAME,groundWaterBody,,,,,,,AT1000,euRBDCode,DANUBE,F,48.44878,16.03991
AT,ATPG31200382,euMonitoringSiteCode,ATPG31200382,euMonitoringSiteCode,NO INTERNATIONAL NAME,ATGK100095,euGroundWaterBodyCode,NO INTERNATIONAL NAME,groundWaterBody,,,,,,,AT1000,euRBDCode,DANUBE,F,48.56467,16.37822
AT,ATPG31200392,euMonitoringSiteCode,ATPG31200392,euMonitoringSiteCode,NO INTERNATIONAL NAME,ATGK100026,euGroundWaterBodyCode,NO INTERNATIONAL NAME,groundWaterBody,,,,,,,AT1000,euRBDCode,DANUBE,F,48.39109,16.04365
AT,ATPG31200432,euMonitoringSiteCode,ATPG31200432,euMonitoringSiteCode,NO INTERNATIONAL NAME,ATGK100026,euGroundWaterBodyCode,NO INTERNATIONAL NAME,groundWaterBody,,,,,,,AT1000,euRBDCode,DANUBE,F,48.37659,16.19826
AT,ATPG31200442,euMonitoringSiteCode,ATPG31200442,euMonitoringSiteCode,NO INTERNATIONAL NAME,ATGK100020,euGroundWaterBodyCode,NO INTERNATIONAL NAME,groundWaterBody,,,,,,,AT1000,euRBDCode,DANUBE,F,48.307,16.35229
AT,ATPG31200452,euMonitoringSiteCode,ATPG31200452,euMonitoringSiteCode,NO INTERNATIONAL NAME,ATGK100026,euGroundWaterBodyCode,NO INTERNATIONAL NAME,groundWaterBody,,,,,,,AT1000,euRBDCode,DANUBE,F,48.36964,16.33163
AT,ATPG31200462,euMonitoringSiteCode,ATPG31200462,euMonitoringSiteCode,NO INTERNATIONAL NAME,ATGK100035,euGroundWaterBodyCode,NO INTERNATIONAL NAME,groundWaterBody,,,,,,,AT1000,euRBDCode,DANUBE,F,48.52657,16.212
AT,ATPG31200472,euMonitoringSiteCode,ATPG31200472,euMonitoringSiteCode,NO INTERNATIONAL NAME,ATGK100026,euGroundWaterBodyCode,NO INTERNATIONAL NAME,groundWaterBody,,,,,,,AT1000,euRBDCode,DANUBE,F,48.38346,16.06217
AT,ATPG31200482,euMonitoringSiteCode,ATPG31200482,euMonitoringSiteCode,NO INTERNATIONAL NAME,ATGK100035,euGroundWaterBodyCode,NO INTERNATIONAL NAME,groundWaterBody,,,,,,,AT1000,euRBDCode,DANUBE,F,48.42352,16.26578
AT,ATPG31300062,euMonitoringSiteCode,ATPG31300062,euMonitoringSiteCode,NO INTERNATIONAL NAME,ATGK100026,euGroundWaterBodyCode,NO INTERNATIONAL NAME,groundWaterBody,,,,,,,AT1000,euRBDCode,DANUBE,F,48.39773,15.69667
AT,ATPG31300102,euMonitoringSiteCode,ATPG31300102,euMonitoringSiteCode,NO INTERNATIONAL NAME,ATGK100026,euGroundWaterBodyCode,NO INTERNATIONAL NAME,groundWaterBody,,,,,,,AT1000,euRBDCode,DANUBE,F,48.44241,15.71224
AT,ATPG31300182,euMonitoringSiteCode,ATPG31300182,euMonitoringSiteCode,NO INTERNATIONAL NAME,ATGK100035,euGroundWaterBodyCode,NO INTERNATIONAL NAME,groundWaterBody,,,,,,,AT1000,euRBDCode,DANUBE,F,48.44233,15.75958
AT,ATPG31300252,euMonitoringSiteCode,ATPG31300252,euMonitoringSiteCode,NO INTERNATIONAL NAME,ATGK100190,euGroundWaterBodyCode,NO INTERNATIONAL NAME,groundWaterBody,,,,,,,AT1000,euRBDCode,DANUBE,F,48.46985,15.45504
AT,ATPG31300282,euMonitoringSiteCode,ATPG31300282,euMonitoringSiteCode,NO INTERNATIONAL NAME,ATGK100190,euGroundWaterBodyCode,NO INTERNATIONAL NAME,groundWaterBody,,,,,,,AT1000,euRBDCode,DANUBE,F,48.44526,15.56765
AT,ATPG31300302,euMonitoringSiteCode,ATPG31300302,euMonitoringSiteCode,NO INTERNATIONAL NAME,ATGK100190,euGroundWaterBodyCode,NO INTERNATIONAL NAME,groundWaterBody,,,,,,,AT1000,euRBDCode,DANUBE,F,48.44439,15.3688
AT,ATPG31300312,euMonitoringSiteCode,ATPG31300312,euMonitoringSiteCode,NO INTERNATIONAL NAME,ATGK100190,euGroundWaterBodyCode,NO INTERNATIONAL NAME,groundWaterBody,,,,,,,AT1000,euRBDCode,DANUBE,F,48.38526,15.45563
AT,ATPG31300332,euMonitoringSiteCode,ATPG31300332,euMonitoringSiteCode,NO INTERNATIONAL NAME,ATGK100190,euGroundWaterBodyCode,NO INTERNATIONAL NAME,groundWaterBody,,,,,,,AT1000,euRBDCode,DANUBE,F,48.53797,15.36842
AT,ATPG31300352,euMonitoringSiteCode,ATPG31300352,euMonitoringSiteCode,NO INTERNATIONAL NAME,ATGK100190,euGroundWaterBodyCode,NO INTERNATIONAL NAME,groundWaterBody,,,,,,,AT1000,euRBDCode,DANUBE,F,48.5564,15.4952
AT,ATPG31300362,euMonitoringSiteCode,ATPG31300362,euMonitoringSiteCode,NO INTERNATIONAL NAME,ATGK100190,euGroundWaterBodyCode,NO INTERNATIONAL NAME,groundWaterBody,,,,,,,AT1000,euRBDCode,DANUBE,F,48.58868,15.54944
AT,ATPG31300372,euMonitoringSiteCode,ATPG31300372,euMonitoringSiteCode,NO INTERNATIONAL NAME,ATGK100026,euGroundWaterBodyCode,NO INTERNATIONAL NAME,groundWaterBody,,,,,,,AT1000,euRBDCode,DANUBE,F,48.40622,15.72139
AT,ATPG31300382,euMonitoringSiteCode,ATPG31300382,euMonitoringSiteCode,NO INTERNATIONAL NAME,ATGK100026,euGroundWaterBodyCode,NO INTERNATIONAL NAME,groundWaterBody,,,,,,,AT1000,euRBDCode,DANUBE,F,48.42722,15.75075
AT,ATPG31300392,euMonitoringSiteCode,ATPG31300392,euMonitoringSiteCode,NO INTERNATIONAL NAME,ATGK100026,euGroundWaterBodyCode,NO INTERNATIONAL NAME,groundWaterBody,,,,,,,AT1000,euRBDCode,DANUBE,F,48.41837,15.65436
AT,ATPG31400042,euMonitoringSiteCode,ATPG31400042,euMonitoringSiteCode,NO INTERNATIONAL NAME,ATGK100025,euGroundWaterBodyCode,NO INTERNATIONAL NAME,groundWaterBody,,,,,,,AT1000,euRBDCode,DANUBE,F,48.05176,15.62596
AT,ATPG31400122,euMonitoringSiteCode,ATPG31400122,euMonitoringSiteCode,NO INTERNATIONAL NAME,ATGK100025,euGroundWaterBodyCode,NO INTERNATIONAL NAME,groundWaterBody,,,,,,,AT1000,euRBDCode,DANUBE,F,48.04668,15.60963
AT,ATPG31400132,euMonitoringSiteCode,ATPG31400132,euMonitoringSiteCode,NO INTERNATIONAL NAME,ATGK100188,euGroundWaterBodyCode,NO INTERNATIONAL NAME,groundWaterBody,,,,,,,AT1000,euRBDCode,DANUBE,F,48.06836,15.73948
AT,ATPG31500012,euMonitoringSiteCode,ATPG31500012,euMonitoringSiteCode,NO INTERNATIONAL NAME,ATGK100017,euGroundWaterBodyCode,NO INTERNATIONAL NAME,groundWaterBody,,,,,,,AT1000,euRBDCode,DANUBE,F,48.17407,15.17526
AT,ATPG31500022,euMonitoringSiteCode,ATPG31500022,euMonitoringSiteCode,NO INTERNATIONAL NAME,ATGK100032,euGroundWaterBodyCode,NO INTERNATIONAL NAME,groundWaterBody,,,,,,,AT1000,euRBDCode,DANUBE,F,48.17422,15.16585
AT,ATPG31500082,euMonitoringSiteCode,ATPG31500082,euMonitoringSiteCode,NO INTERNATIONAL NAME,ATGK100017,euGroundWaterBodyCode,NO INTERNATIONAL NAME,groundWaterBody,,,,,,,AT1000,euRBDCode,DANUBE,F,48.14546,15.16349
AT,ATPG31500142,euMonitoringSiteCode,ATPG31500142,euMonitoringSiteCode,NO INTERNATIONAL NAME,ATGK100022,euGroundWaterBodyCode,NO INTERNATIONAL NAME,groundWaterBody,,,,,,,AT1000,euRBDCode,DANUBE,F,48.22757,15.36704
AT,ATPG31500162,euMonitoringSiteCode,ATPG31500162,euMonitoringSiteCode,NO INTERNATIONAL NAME,ATGK100190,euGroundWaterBodyCode,NO INTERNATIONAL NAME,groundWaterBody,,,,,,,AT1000,euRBDCode,DANUBE,F,48.15631,15.37636
AT,ATPG31500182,euMonitoringSiteCode,ATPG31500182,euMonitoringSiteCode,NO INTERNATIONAL NAME,ATGK100190,euGroundWaterBodyCode,NO INTERNATIONAL NAME,groundWaterBody,,,,,,,AT1000,euRBDCode,DANUBE,F,48.18316,15.33301
AT,ATPG31500202,euMonitoringSiteCode,ATPG31500202,euMonitoringSiteCode,NO INTERNATIONAL NAME,ATGK100017,euGroundWaterBodyCode,NO INTERNATIONAL NAME,groundWaterBody,,,,,,,AT1000,euRBDCode,DANUBE,F,48.20755,15.21952
AT,ATPG31500222,euMonitoringSiteCode,ATPG31500222,euMonitoringSiteCode,NO INTERNATIONAL NAME,ATGK100017,euGroundWaterBodyCode,NO INTERNATIONAL NAME,groundWaterBody,,,,,,,AT1000,euRBDCode,DANUBE,F,48.20169,15.19239
AT,ATPG31500272,euMonitoringSiteCode,ATPG31500272,euMonitoringSiteCode,NO INTERNATIONAL NAME,ATGK100017,euGroundWaterBodyCode,NO INTERNATIONAL NAME,groundWaterBody,,,,,,,AT1000,euRBDCode,DANUBE,F,48.20446,15.24364
AT,ATPG31500292,euMonitoringSiteCode,ATPG31500292,euMonitoringSiteCode,NO INTERNATIONAL NAME,ATGK100017,euGroundWaterBodyCode,NO INTERNATIONAL NAME,groundWaterBody,,,,,,,AT1000,euRBDCode,DANUBE,F,48.22065,15.29809
AT,ATPG31500312,euMonitoringSiteCode,ATPG31500312,euMonitoringSiteCode,NO INTERNATIONAL NAME,ATGK100017,euGroundWaterBodyCode,NO INTERNATIONAL NAME,groundWaterBody,,,,,,,AT1000,euRBDCode,DANUBE,F,48.2202,15.27115
AT,ATPG31500332,euMonitoringSiteCode,ATPG31500332,euMonitoringSiteCode,NO INTERNATIONAL NAME,ATGK100017,euGroundWaterBodyCode,NO INTERNATIONAL NAME,groundWaterBody,,,,,,,AT1000,euRBDCode,DANUBE,F,48.21259,15.18604
AT,ATPG31500402,euMonitoringSiteCode,ATPG31500402,euMonitoringSiteCode,NO INTERNATIONAL NAME,ATGK100032,euGroundWaterBodyCode,NO INTERNATIONAL NAME,groundWaterBody,,,,,,,AT1000,euRBDCode,DANUBE,F,48.09095,15.25157
AT,ATPG31500432,euMonitoringSiteCode,ATPG31500432,euMonitoringSiteCode,NO INTERNATIONAL NAME,ATGK100032,euGroundWaterBodyCode,NO INTERNATIONAL NAME,groundWaterBody,,,,,,,AT1000,euRBDCode,DANUBE,F,48.14909,15.27253
AT,ATPG31500452,euMonitoringSiteCode,ATPG31500452,euMonitoringSiteCode,NO INTERNATIONAL NAME,ATGK100189,euGroundWaterBodyCode,NO INTERNATIONAL NAME,groundWaterBody,,,,,,,AT1000,euRBDCode,DANUBE,F,48.04054,15.35841
AT,ATPG31500462,euMonitoringSiteCode,ATPG31500462,euMonitoringSiteCode,NO INTERNATIONAL NAME,ATGK100032,euGroundWaterBodyCode,NO INTERNATIONAL NAME,groundWaterBody,,,,,,,AT1000,euRBDCode,DANUBE,F,48.18461,15.24695
AT,ATPG31500472,euMonitoringSiteCode,ATPG31500472,euMonitoringSiteCode,NO INTERNATIONAL NAME,ATGK100032,euGroundWaterBodyCode,NO INTERNATIONAL NAME,groundWaterBody,,,,,,,AT1000,euRBDCode,DANUBE,F,48.12021,15.33059
AT,ATPG31500502,euMonitoringSiteCode,ATPG31500502,euMonitoringSiteCode,NO INTERNATIONAL NAME,ATGK100032,euGroundWaterBodyCode,NO INTERNATIONAL NAME,groundWaterBody,,,,,,,AT1000,euRBDCode,DANUBE,F,48.12934,15.21534
AT,ATPG31500522,euMonitoringSiteCode,ATPG31500522,euMonitoringSiteCode,NO INTERNATIONAL NAME,ATGK100028,euGroundWaterBodyCode,NO INTERNATIONAL NAME,groundWaterBody,,,,,,,AT1000,euRBDCode,DANUBE,F,48.18629,15.08284
AT,ATPG31500532,euMonitoringSiteCode,ATPG31500532,euMonitoringSiteCode,NO INTERNATIONAL NAME,ATGK100028,euGroundWaterBodyCode,NO INTERNATIONAL NAME,groundWaterBody,,,,,,,AT1000,euRBDCode,DANUBE,F,48.19057,15.09779
AT,ATPG31500542,euMonitoringSiteCode,ATPG31500542,euMonitoringSiteCode,NO INTERNATIONAL NAME,ATGK100028,euGroundWaterBodyCode,NO INTERNATIONAL NAME,groundWaterBody,,,,,,,AT1000,euRBDCode,DANUBE,F,48.18676,15.11112
AT,ATPG31500642,euMonitoringSiteCode,ATPG31500642,euMonitoringSiteCode,NO INTERNATIONAL NAME,ATGK100028,euGroundWaterBodyCode,NO INTERNATIONAL NAME,groundWaterBody,,,,,,,AT1000,euRBDCode,DANUBE,F,48.16915,15.0863
AT,ATPG31500742,euMonitoringSiteCode,ATPG31500742,euMonitoringSiteCode,NO INTERNATIONAL NAME,ATGK100028,euGroundWaterBodyCode,NO INTERNATIONAL NAME,groundWaterBody,,,,,,,AT1000,euRBDCode,DANUBE,F,48.1524,15.06288
AT,ATPG31500752,euMonitoringSiteCode,ATPG31500752,euMonitoringSiteCode,NO INTERNATIONAL NAME,ATGK100028,euGroundWaterBodyCode,NO INTERNATIONAL NAME,groundWaterBody,,,,,,,AT1000,euRBDCode,DANUBE,F,48.15532,15.04818
AT,ATPG31500772,euMonitoringSiteCode,ATPG31500772,euMonitoringSiteCode,NO INTERNATIONAL NAME,ATGK100190,euGroundWaterBodyCode,NO INTERNATIONAL NAME,groundWaterBody,,,,,,,AT1000,euRBDCode,DANUBE,F,48.17125,15.00432
AT,ATPG31500782,euMonitoringSiteCode,ATPG31500782,euMonitoringSiteCode,NO INTERNATIONAL NAME,ATGK100190,euGroundWaterBodyCode,NO INTERNATIONAL NAME,groundWaterBody,,,,,,,AT1000,euRBDCode,DANUBE,F,48.33102,15.20782
AT,ATPG31500792,euMonitoringSiteCode,ATPG31500792,euMonitoringSiteCode,NO INTERNATIONAL NAME,ATGK100190,euGroundWaterBodyCode,NO INTERNATIONAL NAME,groundWaterBody,,,,,,,AT1000,euRBDCode,DANUBE,F,48.2618,15.08808
AT,ATPG31500812,euMonitoringSiteCode,ATPG31500812,euMonitoringSiteCode,NO INTERNATIONAL NAME,ATGK100032,euGroundWaterBodyCode,NO INTERNATIONAL NAME,groundWaterBody,,,,,,,AT1000,euRBDCode,DANUBE,F,48.12494,15.46922
AT,ATPG31500822,euMonitoringSiteCode,ATPG31500822,euMonitoringSiteCode,NO INTERNATIONAL NAME,ATGK100190,euGroundWaterBodyCode,NO INTERNATIONAL NAME,groundWaterBody,,,,,,,AT1000,euRBDCode,DANUBE,F,48.31974,15.12377
AT,ATPG31500832,euMonitoringSiteCode,ATPG31500832,euMonitoringSiteCode,NO INTERNATIONAL NAME,ATGK100032,euGroundWaterBodyCode,NO INTERNATIONAL NAME,groundWaterBody,,,,,,,AT1000,euRBDCode,DANUBE,F,48.20849,15.37706
AT,ATPG31500852,euMonitoringSiteCode,ATPG31500852,euMonitoringSiteCode,NO INTERNATIONAL NAME,ATGK100032,euGroundWaterBodyCode,NO INTERNATIONAL NAME,groundWaterBody,,,,,,,AT1000,euRBDCode,DANUBE,F,48.13704,15.2936
AT,ATPG31500862,euMonitoringSiteCode,ATPG31500862,euMonitoringSiteCode,NO INTERNATIONAL NAME,ATGK100190,euGroundWaterBodyCode,NO INTERNATIONAL NAME,groundWaterBody,,,,,,,AT1000,euRBDCode,DANUBE,F,48.19803,15.30532
AT,ATPG31500882,euMonitoringSiteCode,ATPG31500882,euMonitoringSiteCode,NO INTERNATIONAL NAME,ATGK100032,euGroundWaterBodyCode,NO INTERNATIONAL NAME,groundWaterBody,,,,,,,AT1000,euRBDCode,DANUBE,F,48.17002,15.20336
AT,ATPG31500892,euMonitoringSiteCode,ATPG31500892,euMonitoringSiteCode,NO INTERNATIONAL NAME,ATGK100028,euGroundWaterBodyCode,NO INTERNATIONAL NAME,groundWaterBody,,,,,,,AT1000,euRBDCode,DANUBE,F,48.12707,15.01096
AT,ATPG31500902,euMonitoringSiteCode,ATPG31500902,euMonitoringSiteCode,NO INTERNATIONAL NAME,ATGK100028,euGroundWaterBodyCode,NO INTERNATIONAL NAME,groundWaterBody,,,,,,,AT1000,euRBDCode,DANUBE,F,48.13237,15.01786
AT,ATPG31600012,euMonitoringSiteCode,ATPG31600012,euMonitoringSiteCode,NO INTERNATIONAL NAME,ATGK100020,euGroundWaterBodyCode,NO INTERNATIONAL NAME,groundWaterBody,,,,,,,AT1000,euRBDCode,DANUBE,F,48.35894,16.46473
AT,ATPG31600022,euMonitoringSiteCode,ATPG31600022,euMonitoringSiteCode,NO INTERNATIONAL NAME,ATGK100035,euGroundWaterBodyCode,NO INTERNATIONAL NAME,groundWaterBody,,,,,,,AT1000,euRBDCode,DANUBE,F,48.38837,16.50841
AT,ATPG31600032,euMonitoringSiteCode,ATPG31600032,euMonitoringSiteCode,K A,ATGK100020,euGroundWaterBodyCode,NO INTERNATIONAL NAME,groundWaterBody,,,,,,,AT1000,euRBDCode,DANUBE,F,48.3388,16.532
AT,ATPG31600042,euMonitoringSiteCode,ATPG31600042,euMonitoringSiteCode,NO INTERNATIONAL NAME,ATGK100020,euGroundWaterBodyCode,NO INTERNATIONAL NAME,groundWaterBody,,,,,,,AT1000,euRBDCode,DANUBE,F,48.34925,16.62082
AT,ATPG31600052,euMonitoringSiteCode,ATPG31600052,euMonitoringSiteCode,NO INTERNATIONAL NAME,ATGK100095,euGroundWaterBodyCode,NO INTERNATIONAL NAME,groundWaterBody,,,,,,,AT1000,euRBDCode,DANUBE,F,48.5845,16.6426
AT,ATPG31600072,euMonitoringSiteCode,ATPG31600072,euMonitoringSiteCode,NO INTERNATIONAL NAME,ATGK100095,euGroundWaterBodyCode,NO INTERNATIONAL NAME,groundWaterBody,,,,,,,AT1000,euRBDCode,DANUBE,F,48.59377,16.66491
AT,ATPG31600102,euMonitoringSiteCode,ATPG31600102,euMonitoringSiteCode,NO INTERNATIONAL NAME,ATGK100095,euGroundWaterBodyCode,NO INTERNATIONAL NAME,groundWaterBody,,,,,,,AT1000,euRBDCode,DANUBE,F,48.56636,16.58311
AT,ATPG31600142,euMonitoringSiteCode,ATPG31600142,euMonitoringSiteCode,NO INTERNATIONAL NAME,ATGK100095,euGroundWaterBodyCode,NO INTERNATIONAL NAME,groundWaterBody,,,,,,,AT1000,euRBDCode,DANUBE,F,48.61651,16.39214
AT,ATPG31600162,euMonitoringSiteCode,ATPG31600162,euMonitoringSiteCode,NO INTERNATIONAL NAME,ATGK100095,euGroundWaterBodyCode,NO INTERNATIONAL NAME,groundWaterBody,,,,,,,AT1000,euRBDCode,DANUBE,F,48.61911,16.53077
AT,ATPG31600212,euMonitoringSiteCode,ATPG31600212,euMonitoringSiteCode,NO INTERNATIONAL NAME,ATGK100095,euGroundWaterBodyCode,NO INTERNATIONAL NAME,groundWaterBody,,,,,,,AT1000,euRBDCode,DANUBE,F,48.53286,16.49155
AT,ATPG31600232,euMonitoringSiteCode,ATPG31600232,euMonitoringSiteCode,NO INTERNATIONAL NAME,ATGK100095,euGroundWaterBodyCode,NO INTERNATIONAL NAME,groundWaterBody,,,,,,,AT1000,euRBDCode,DANUBE,F,48.74004,16.51924
AT,ATPG31600252,euMonitoringSiteCode,ATPG31600252,euMonitoringSiteCode,NO INTERNATIONAL NAME,ATGK100095,euGroundWaterBodyCode,NO INTERNATIONAL NAME,groundWaterBody,,,,,,,AT1000,euRBDCode,DANUBE,F,48.66375,16.60964
AT,ATPG31600312,euMonitoringSiteCode,ATPG31600312,euMonitoringSiteCode,NO INTERNATIONAL NAME,ATGK100095,euGroundWaterBodyCode,NO INTERNATIONAL NAME,groundWaterBody,,,,,,,AT1000,euRBDCode,DANUBE,F,48.71714,16.56679
AT,ATPG31600322,euMonitoringSiteCode,ATPG31600322,euMonitoringSiteCode,NO INTERNATIONAL NAME,ATGK100095,euGroundWaterBodyCode,NO INTERNATIONAL NAME,groundWaterBody,,,,,,,AT1000,euRBDCode,DANUBE,F,48.70273,16.81885
AT,ATPG31600342,euMonitoringSiteCode,ATPG31600342,euMonitoringSiteCode,NO INTERNATIONAL NAME,ATGK100095,euGroundWaterBodyCode,NO INTERNATIONAL NAME,groundWaterBody,,,,,,,AT1000,euRBDCode,DANUBE,F,48.68359,16.67208
AT,ATPG31600352,euMonitoringSiteCode,ATPG31600352,euMonitoringSiteCode,NO INTERNATIONAL NAME,ATGK100095,euGroundWaterBodyCode,NO INTERNATIONAL NAME,groundWaterBody,,,,,,,AT1000,euRBDCode,DANUBE,F,48.77389,16.63029
AT,ATPG31600362,euMonitoringSiteCode,ATPG31600362,euMonitoringSiteCode,NO INTERNATIONAL NAME,ATGK100095,euGroundWaterBodyCode,NO INTERNATIONAL NAME,groundWaterBody,,,,,,,AT1000,euRBDCode,DANUBE,F,48.72547,16.71834
AT,ATPG31600412,euMonitoringSiteCode,ATPG31600412,euMonitoringSiteCode,NO INTERNATIONAL NAME,ATGK100095,euGroundWaterBodyCode,NO INTERNATIONAL NAME,groundWaterBody,,,,,,,AT1000,euRBDCode,DANUBE,F,48.71681,16.08529
AT,ATPG31600422,euMonitoringSiteCode,ATPG31600422,euMonitoringSiteCode,NO INTERNATIONAL NAME,ATGK100095,euGroundWaterBodyCode,NO INTERNATIONAL NAME,groundWaterBody,,,,,,,AT1000,euRBDCode,DANUBE,F,48.70536,16.36751
AT,ATPG31600432,euMonitoringSiteCode,ATPG31600432,euMonitoringSiteCode,NO INTERNATIONAL NAME,ATGK100095,euGroundWaterBodyCode,NO INTERNATIONAL NAME,groundWaterBody,,,,,,,AT1000,euRBDCode,DANUBE,F,48.72158,16.29637
AT,ATPG31600442,euMonitoringSiteCode,ATPG31600442,euMonitoringSiteCode,NO INTERNATIONAL NAME,ATGK100095,euGroundWaterBodyCode,NO INTERNATIONAL NAME,groundWaterBody,,,,,,,AT1000,euRBDCode,DANUBE,F,48.58327,16.42409
AT,ATPG31600452,euMonitoringSiteCode,ATPG31600452,euMonitoringSiteCode,NO INTERNATIONAL NAME,ATGK100095,euGroundWaterBodyCode,NO INTERNATIONAL NAME,groundWaterBody,,,,,,,AT1000,euRBDCode,DANUBE,F,48.47927,16.57493
AT,ATPG31600462,euMonitoringSiteCode,ATPG31600462,euMonitoringSiteCode,NO INTERNATIONAL NAME,ATGK100095,euGroundWaterBodyCode,NO INTERNATIONAL NAME,groundWaterBody,,,,,,,AT1000,euRBDCode,DANUBE,F,48.59387,16.46543
AT,ATPG31700012,euMonitoringSiteCode,ATPG31700012,euMonitoringSiteCode,K A,ATGK100024,euGroundWaterBodyCode,NO INTERNATIONAL NAME,groundWaterBody,,,,,,,AT1000,euRBDCode,DANUBE,F,48.0929,16.321
AT,ATPG31700042,euMonitoringSiteCode,ATPG31700042,euMonitoringSiteCode,NO INTERNATIONAL NAME,ATGK100024,euGroundWaterBodyCode,NO INTERNATIONAL NAME,groundWaterBody,,,,,,,AT1000,euRBDCode,DANUBE,F,48.06567,16.35443
AT,ATPG31700052,euMonitoringSiteCode,ATPG31700052,euMonitoringSiteCode,NO INTERNATIONAL NAME,ATGK100024,euGroundWaterBodyCode,NO INTERNATIONAL NAME,groundWaterBody,,,,,,,AT1000,euRBDCode,DANUBE,F,48.07259,16.33065
AT,ATPG31700062,euMonitoringSiteCode,ATPG31700062,euMonitoringSiteCode,NO INTERNATIONAL NAME,ATGK100024,euGroundWaterBodyCode,NO INTERNATIONAL NAME,groundWaterBody,,,,,,,AT1000,euRBDCode,DANUBE,F,48.05947,16.38495
AT,ATPG31800022,euMonitoringSiteCode,ATPG31800022,euMonitoringSiteCode,NO INTERNATIONAL NAME,ATGK100024,euGroundWaterBodyCode,NO INTERNATIONAL NAME,groundWaterBody,,,,,,,AT1000,euRBDCode,DANUBE,F,47.72537,16.10265
AT,ATPG31800032,euMonitoringSiteCode,ATPG31800032,euMonitoringSiteCode,NO INTERNATIONAL NAME,ATGK100024,euGroundWaterBodyCode,NO INTERNATIONAL NAME,groundWaterBody,,,,,,,AT1000,euRBDCode,DANUBE,F,47.74,16.16748
AT,ATPG31800082,euMonitoringSiteCode,ATPG31800082,euMonitoringSiteCode,NO INTERNATIONAL NAME,ATGK100191,euGroundWaterBodyCode,NO INTERNATIONAL NAME,groundWaterBody,,,,,,,AT1000,euRBDCode,DANUBE,F,47.69746,16.13985
AT,ATPG31800092,euMonitoringSiteCode,ATPG31800092,euMonitoringSiteCode,NO INTERNATIONAL NAME,ATGK100191,euGroundWaterBodyCode,NO INTERNATIONAL NAME,groundWaterBody,,,,,,,AT1000,euRBDCode,DANUBE,F,47.67244,15.9799
AT,ATPG31800142,euMonitoringSiteCode,ATPG31800142,euMonitoringSiteCode,NO INTERNATIONAL NAME,ATGK100024,euGroundWaterBodyCode,NO INTERNATIONAL NAME,groundWaterBody,,,,,,,AT1000,euRBDCode,DANUBE,F,47.74734,16.12517
AT,ATPG31800152,euMonitoringSiteCode,ATPG31800152,euMonitoringSiteCode,NO INTERNATIONAL NAME,ATGK100024,euGroundWaterBodyCode,NO INTERNATIONAL NAME,groundWaterBody,,,,,,,AT1000,euRBDCode,DANUBE,F,47.76397,16.10736
AT,ATPG31800162,euMonitoringSiteCode,ATPG31800162,euMonitoringSiteCode,NO INTERNATIONAL NAME,ATGK100024,euGroundWaterBodyCode,NO INTERNATIONAL NAME,groundWaterBody,,,,,,,AT1000,euRBDCode,DANUBE,F,47.74066,16.10346
AT,ATPG31800172,euMonitoringSiteCode,ATPG31800172,euMonitoringSiteCode,NO INTERNATIONAL NAME,ATGK100024,euGroundWaterBodyCode,NO INTERNATIONAL NAME,groundWaterBody,,,,,,,AT1000,euRBDCode,DANUBE,F,47.68711,16.0073
AT,ATPG31800182,euMonitoringSiteCode,ATPG31800182,euMonitoringSiteCode,NO INTERNATIONAL NAME,ATGK100024,euGroundWaterBodyCode,NO INTERNATIONAL NAME,groundWaterBody,,,,,,,AT1000,euRBDCode,DANUBE,F,47.7209,16.06372
AT,ATPG31900022,euMonitoringSiteCode,ATPG31900022,euMonitoringSiteCode,NO INTERNATIONAL NAME,ATGK100026,euGroundWaterBodyCode,NO INTERNATIONAL NAME,groundWaterBody,,,,,,,AT1000,euRBDCode,DANUBE,F,48.3508,15.74719
AT,ATPG31900052,euMonitoringSiteCode,ATPG31900052,euMonitoringSiteCode,NO INTERNATIONAL NAME,ATGK100026,euGroundWaterBodyCode,NO INTERNATIONAL NAME,groundWaterBody,,,,,,,AT1000,euRBDCode,DANUBE,F,48.36248,15.79095
AT,ATPG31900072,euMonitoringSiteCode,ATPG31900072,euMonitoringSiteCode,NO INTERNATIONAL NAME,ATGK100026,euGroundWaterBodyCode,NO INTERNATIONAL NAME,groundWaterBody,,,,,,,AT1000,euRBDCode,DANUBE,F,48.36003,15.82189
AT,ATPG31900102,euMonitoringSiteCode,ATPG31900102,euMonitoringSiteCode,NO INTERNATIONAL NAME,ATGK100025,euGroundWaterBodyCode,NO INTERNATIONAL NAME,groundWaterBody,,,,,,,AT1000,euRBDCode,DANUBE,F,48.11304,15.62193
AT,ATPG31900212,euMonitoringSiteCode,ATPG31900212,euMonitoringSiteCode,NO INTERNATIONAL NAME,ATGK100025,euGroundWaterBodyCode,NO INTERNATIONAL NAME,groundWaterBody,,,,,,,AT1000,euRBDCode,DANUBE,F,48.30305,15.70585
AT,ATPG31900222,euMonitoringSiteCode,ATPG31900222,euMonitoringSiteCode,NO INTERNATIONAL NAME,ATGK100025,euGroundWaterBodyCode,NO INTERNATIONAL NAME,groundWaterBody,,,,,,,AT1000,euRBDCode,DANUBE,F,48.30954,15.6967
AT,ATPG31900332,euMonitoringSiteCode,ATPG31900332,euMonitoringSiteCode,NO INTERNATIONAL NAME,ATGK100032,euGroundWaterBodyCode,NO INTERNATIONAL NAME,groundWaterBody,,,,,,,AT1000,euRBDCode,DANUBE,F,48.34464,15.74015
AT,ATPG31900342,euMonitoringSiteCode,ATPG31900342,euMonitoringSiteCode,NO INTERNATIONAL NAME,ATGK100025,euGroundWaterBodyCode,NO INTERNATIONAL NAME,groundWaterBody,,,,,,,AT1000,euRBDCode,DANUBE,F,48.34893,15.7066
AT,ATPG31900352,euMonitoringSiteCode,ATPG31900352,euMonitoringSiteCode,NO INTERNATIONAL NAME,ATGK100025,euGroundWaterBodyCode,NO INTERNATIONAL NAME,groundWaterBody,,,,,,,AT1000,euRBDCode,DANUBE,F,48.35116,15.72966
AT,ATPG31900402,euMonitoringSiteCode,ATPG31900402,euMonitoringSiteCode,K A,ATGK100026,euGroundWaterBodyCode,NO INTERNATIONAL NAME,groundWaterBody,,,,,,,AT1000,euRBDCode,DANUBE,F,48.3663,15.725
AT,ATPG31900442,euMonitoringSiteCode,ATPG31900442,euMonitoringSiteCode,NO INTERNATIONAL NAME,ATGK100190,euGroundWaterBodyCode,NO INTERNATIONAL NAME,groundWaterBody,,,,,,,AT1000,euRBDCode,DANUBE,F,48.2137,15.48768
AT,ATPG31900472,euMonitoringSiteCode,ATPG31900472,euMonitoringSiteCode,NO INTERNATIONAL NAME,ATGK100022,euGroundWaterBodyCode,NO INTERNATIONAL NAME,groundWaterBody,,,,,,,AT1000,euRBDCode,DANUBE,F,48.19791,15.51394
AT,ATPG31900482,euMonitoringSiteCode,ATPG31900482,euMonitoringSiteCode,NO INTERNATIONAL NAME,ATGK100022,euGroundWaterBodyCode,NO INTERNATIONAL NAME,groundWaterBody,,,,,,,AT1000,euRBDCode,DANUBE,F,48.20433,15.50748
AT,ATPG31900512,euMonitoringSiteCode,ATPG31900512,euMonitoringSiteCode,NO INTERNATIONAL NAME,ATGK100189,euGroundWaterBodyCode,NO INTERNATIONAL NAME,groundWaterBody,,,,,,,AT1000,euRBDCode,DANUBE,F,48.01209,15.33853
AT,ATPG31900552,euMonitoringSiteCode,ATPG31900552,euMonitoringSiteCode,NO INTERNATIONAL NAME,ATGK100189,euGroundWaterBodyCode,NO INTERNATIONAL NAME,groundWaterBody,,,,,,,AT1000,euRBDCode,DANUBE,F,48.01284,15.49682
AT,ATPG31900562,euMonitoringSiteCode,ATPG31900562,euMonitoringSiteCode,NO INTERNATIONAL NAME,ATGK100022,euGroundWaterBodyCode,NO INTERNATIONAL NAME,groundWaterBody,,,,,,,AT1000,euRBDCode,DANUBE,F,48.09864,15.5286
AT,ATPG31900572,euMonitoringSiteCode,ATPG31900572,euMonitoringSiteCode,NO INTERNATIONAL NAME,ATGK100022,euGroundWaterBodyCode,NO INTERNATIONAL NAME,groundWaterBody,,,,,,,AT1000,euRBDCode,DANUBE,F,48.12986,15.54336
AT,ATPG31900622,euMonitoringSiteCode,ATPG31900622,euMonitoringSiteCode,NO INTERNATIONAL NAME,ATGK100022,euGroundWaterBodyCode,NO INTERNATIONAL NAME,groundWaterBody,,,,,,,AT1000,euRBDCode,DANUBE,F,48.20318,15.47243
AT,ATPG31900662,euMonitoringSiteCode,ATPG31900662,euMonitoringSiteCode,NO INTERNATIONAL NAME,ATGK100022,euGroundWaterBodyCode,NO INTERNATIONAL NAME,groundWaterBody,,,,,,,AT1000,euRBDCode,DANUBE,F,48.1761,15.4767
AT,ATPG31900682,euMonitoringSiteCode,ATPG31900682,euMonitoringSiteCode,NO INTERNATIONAL NAME,ATGK100190,euGroundWaterBodyCode,NO INTERNATIONAL NAME,groundWaterBody,,,,,,,AT1000,euRBDCode,DANUBE,F,48.26726,15.55864
AT,ATPG31900702,euMonitoringSiteCode,ATPG31900702,euMonitoringSiteCode,NO INTERNATIONAL NAME,ATGK100189,euGroundWaterBodyCode,NO INTERNATIONAL NAME,groundWaterBody,,,,,,,AT1000,euRBDCode,DANUBE,F,48.06042,15.45449
AT,ATPG31900712,euMonitoringSiteCode,ATPG31900712,euMonitoringSiteCode,NO INTERNATIONAL NAME,ATGK100025,euGroundWaterBodyCode,NO INTERNATIONAL NAME,groundWaterBody,,,,,,,AT1000,euRBDCode,DANUBE,F,48.29187,15.72422
AT,ATPG31900722,euMonitoringSiteCode,ATPG31900722,euMonitoringSiteCode,NO INTERNATIONAL NAME,ATGK100025,euGroundWaterBodyCode,NO INTERNATIONAL NAME,groundWaterBody,,,,,,,AT1000,euRBDCode,DANUBE,F,48.32558,15.70418
AT,ATPG31900732,euMonitoringSiteCode,ATPG31900732,euMonitoringSiteCode,NO INTERNATIONAL NAME,ATGK100025,euGroundWaterBodyCode,NO INTERNATIONAL NAME,groundWaterBody,,,,,,,AT1000,euRBDCode,DANUBE,F,48.09815,15.60113
AT,ATPG31900742,euMonitoringSiteCode,ATPG31900742,euMonitoringSiteCode,NO INTERNATIONAL NAME,ATGK100188,euGroundWaterBodyCode,NO INTERNATIONAL NAME,groundWaterBody,,,,,,,AT1000,euRBDCode,DANUBE,F,48.08431,15.47695
AT,ATPG31900772,euMonitoringSiteCode,ATPG31900772,euMonitoringSiteCode,NO INTERNATIONAL NAME,ATGK100032,euGroundWaterBodyCode,NO INTERNATIONAL NAME,groundWaterBody,,,,,,,AT1000,euRBDCode,DANUBE,F,48.24015,15.56421
AT,ATPG31900792,euMonitoringSiteCode,ATPG31900792,euMonitoringSiteCode,NO INTERNATIONAL NAME,ATGK100032,euGroundWaterBodyCode,NO INTERNATIONAL NAME,groundWaterBody,,,,,,,AT1000,euRBDCode,DANUBE,F,48.23213,15.82654
AT,ATPG31900812,euMonitoringSiteCode,ATPG31900812,euMonitoringSiteCode,NO INTERNATIONAL NAME,ATGK100188,euGroundWaterBodyCode,NO INTERNATIONAL NAME,groundWaterBody,,,,,,,AT1000,euRBDCode,DANUBE,F,48.19563,15.97153
AT,ATPG31900822,euMonitoringSiteCode,ATPG31900822,euMonitoringSiteCode,NO INTERNATIONAL NAME,ATGK100032,euGroundWaterBodyCode,NO INTERNATIONAL NAME,groundWaterBody,,,,,,,AT1000,euRBDCode,DANUBE,F,48.34006,15.74399
AT,ATPG31900832,euMonitoringSiteCode,ATPG31900832,euMonitoringSiteCode,NO INTERNATIONAL NAME,ATGK100022,euGroundWaterBodyCode,NO INTERNATIONAL NAME,groundWaterBody,,,,,,,AT1000,euRBDCode,DANUBE,F,48.1452,15.54132
AT,ATPG31900842,euMonitoringSiteCode,ATPG31900842,euMonitoringSiteCode,NO INTERNATIONAL NAME,ATGK100032,euGroundWaterBodyCode,NO INTERNATIONAL NAME,groundWaterBody,,,,,,,AT1000,euRBDCode,DANUBE,F,48.29877,15.6045
AT,ATPG31900852,euMonitoringSiteCode,ATPG31900852,euMonitoringSiteCode,NO INTERNATIONAL NAME,ATGK100032,euGroundWaterBodyCode,NO INTERNATIONAL NAME,groundWaterBody,,,,,,,AT1000,euRBDCode,DANUBE,F,48.3388,15.67374
AT,ATPG31900862,euMonitoringSiteCode,ATPG31900862,euMonitoringSiteCode,NO INTERNATIONAL NAME,ATGK100026,euGroundWaterBodyCode,NO INTERNATIONAL NAME,groundWaterBody,,,,,,,AT1000,euRBDCode,DANUBE,F,48.3372,15.79515
AT,ATPG31900872,euMonitoringSiteCode,ATPG31900872,euMonitoringSiteCode,NO INTERNATIONAL NAME,ATGK100022,euGroundWaterBodyCode,NO INTERNATIONAL NAME,groundWaterBody,,,,,,,AT1000,euRBDCode,DANUBE,F,48.20173,15.45353
AT,ATPG31900882,euMonitoringSiteCode,ATPG31900882,euMonitoringSiteCode,NO INTERNATIONAL NAME,ATGK100025,euGroundWaterBodyCode,NO INTERNATIONAL NAME,groundWaterBody,,,,,,,AT1000,euRBDCode,DANUBE,F,48.27368,15.68968
AT,ATPG31900892,euMonitoringSiteCode,ATPG31900892,euMonitoringSiteCode,NO INTERNATIONAL NAME,ATGK100026,euGroundWaterBodyCode,NO INTERNATIONAL NAME,groundWaterBody,,,,,,,AT1000,euRBDCode,DANUBE,F,48.36114,15.76928
AT,ATPG32000012,euMonitoringSiteCode,ATPG32000012,euMonitoringSiteCode,NO INTERNATIONAL NAME,ATGK100017,euGroundWaterBodyCode,NO INTERNATIONAL NAME,groundWaterBody,,,,,,,AT1000,euRBDCode,DANUBE,F,48.05695,15.12683
AT,ATPG32000092,euMonitoringSiteCode,ATPG32000092,euMonitoringSiteCode,NO INTERNATIONAL NAME,ATGK100017,euGroundWaterBodyCode,NO INTERNATIONAL NAME,groundWaterBody,,,,,,,AT1000,euRBDCode,DANUBE,F,48.07017,15.14473
AT,ATPG32000122,euMonitoringSiteCode,ATPG32000122,euMonitoringSiteCode,NO INTERNATIONAL NAME,ATGK100017,euGroundWaterBodyCode,NO INTERNATIONAL NAME,groundWaterBody,,,,,,,AT1000,euRBDCode,DANUBE,F,48.09826,15.13228
AT,ATPG32000172,euMonitoringSiteCode,ATPG32000172,euMonitoringSiteCode,NO INTERNATIONAL NAME,ATGK100017,euGroundWaterBodyCode,NO INTERNATIONAL NAME,groundWaterBody,,,,,,,AT1000,euRBDCode,DANUBE,F,48.09949,15.11083
AT,ATPG32000192,euMonitoringSiteCode,ATPG32000192,euMonitoringSiteCode,NO INTERNATIONAL NAME,ATGK100017,euGroundWaterBodyCode,NO INTERNATIONAL NAME,groundWaterBody,,,,,,,AT1000,euRBDCode,DANUBE,F,48.07561,15.08316
AT,ATPG32000202,euMonitoringSiteCode,ATPG32000202,euMonitoringSiteCode,NO INTERNATIONAL NAME,ATGK100032,euGroundWaterBodyCode,NO INTERNATIONAL NAME,groundWaterBody,,,,,,,AT1000,euRBDCode,DANUBE,F,48.13149,15.13611
AT,ATPG32000242,euMonitoringSiteCode,ATPG32000242,euMonitoringSiteCode,NO INTERNATIONAL NAME,ATGK100188,euGroundWaterBodyCode,NO INTERNATIONAL NAME,groundWaterBody,,,,,,,AT1000,euRBDCode,DANUBE,F,48.01216,15.11322
AT,ATPG32000292,euMonitoringSiteCode,ATPG32000292,euMonitoringSiteCode,NO INTERNATIONAL NAME,ATGK100188,euGroundWaterBodyCode,NO INTERNATIONAL NAME,groundWaterBody,,,,,,,AT1000,euRBDCode,DANUBE,F,48.01788,15.2073
AT,ATPG32000302,euMonitoringSiteCode,ATPG32000302,euMonitoringSiteCode,NO INTERNATIONAL NAME,ATGK100032,euGroundWaterBodyCode,NO INTERNATIONAL NAME,groundWaterBody,,,,,,,AT1000,euRBDCode,DANUBE,F,48.08476,15.18956
AT,ATPG32000362,euMonitoringSiteCode,ATPG32000362,euMonitoringSiteCode,NO INTERNATIONAL NAME,ATGK100032,euGroundWaterBodyCode,NO INTERNATIONAL NAME,groundWaterBody,,,,,,,AT1000,euRBDCode,DANUBE,F,48.11584,15.04016
AT,ATPG32100032,euMonitoringSiteCode,ATPG32100032,euMonitoringSiteCode,NO INTERNATIONAL NAME,ATGK100026,euGroundWaterBodyCode,NO INTERNATIONAL NAME,groundWaterBody,,,,,,,AT1000,euRBDCode,DANUBE,F,48.40952,15.77967
AT,ATPG32100102,euMonitoringSiteCode,ATPG32100102,euMonitoringSiteCode,NO INTERNATIONAL NAME,ATGK100026,euGroundWaterBodyCode,NO INTERNATIONAL NAME,groundWaterBody,,,,,,,AT1000,euRBDCode,DANUBE,F,48.41864,15.8166
AT,ATPG32100132,euMonitoringSiteCode,ATPG32100132,euMonitoringSiteCode,NO INTERNATIONAL NAME,ATGK100026,euGroundWaterBodyCode,NO INTERNATIONAL NAME,groundWaterBody,,,,,,,AT1000,euRBDCode,DANUBE,F,48.42244,15.84923
AT,ATPG32100142,euMonitoringSiteCode,ATPG32100142,euMonitoringSiteCode,NO INTERNATIONAL NAME,ATGK100026,euGroundWaterBodyCode,NO INTERNATIONAL NAME,groundWaterBody,,,,,,,AT1000,euRBDCode,DANUBE,F,48.39871,15.8643
AT,ATPG32100202,euMonitoringSiteCode,ATPG32100202,euMonitoringSiteCode,NO INTERNATIONAL NAME,ATGK100026,euGroundWaterBodyCode,NO INTERNATIONAL NAME,groundWaterBody,,,,,,,AT1000,euRBDCode,DANUBE,F,48.41608,15.89354
AT,ATPG32100242,euMonitoringSiteCode,ATPG32100242,euMonitoringSiteCode,NO INTERNATIONAL NAME,ATGK100026,euGroundWaterBodyCode,NO INTERNATIONAL NAME,groundWaterBody,,,,,,,AT1000,euRBDCode,DANUBE,F,48.3747,15.93337
AT,ATPG32100252,euMonitoringSiteCode,ATPG32100252,euMonitoringSiteCode,NO INTERNATIONAL NAME,ATGK100026,euGroundWaterBodyCode,NO INTERNATIONAL NAME,groundWaterBody,,,,,,,AT1000,euRBDCode,DANUBE,F,48.40394,15.95376
AT,ATPG32100262,euMonitoringSiteCode,ATPG32100262,euMonitoringSiteCode,NO INTERNATIONAL NAME,ATGK100026,euGroundWaterBodyCode,NO INTERNATIONAL NAME,groundWaterBody,,,,,,,AT1000,euRBDCode,DANUBE,F,48.3832,15.95541
AT,ATPG32100342,euMonitoringSiteCode,ATPG32100342,euMonitoringSiteCode,NO INTERNATIONAL NAME,ATGK100026,euGroundWaterBodyCode,NO INTERNATIONAL NAME,groundWaterBody,,,,,,,AT1000,euRBDCode,DANUBE,F,48.3612,16.05154
AT,ATPG32100352,euMonitoringSiteCode,ATPG32100352,euMonitoringSiteCode,NO INTERNATIONAL NAME,ATGK100026,euGroundWaterBodyCode,NO INTERNATIONAL NAME,groundWaterBody,,,,,,,AT1000,euRBDCode,DANUBE,F,48.34298,16.09919
AT,ATPG32100372,euMonitoringSiteCode,ATPG32100372,euMonitoringSiteCode,NO INTERNATIONAL NAME,ATGK100026,euGroundWaterBodyCode,NO INTERNATIONAL NAME,groundWaterBody,,,,,,,AT1000,euRBDCode,DANUBE,F,48.35675,16.19987
AT,ATPG32100472,euMonitoringSiteCode,ATPG32100472,euMonitoringSiteCode,NO INTERNATIONAL NAME,ATGK100026,euGroundWaterBodyCode,NO INTERNATIONAL NAME,groundWaterBody,,,,,,,AT1000,euRBDCode,DANUBE,F,48.35794,15.87716
AT,ATPG32100492,euMonitoringSiteCode,ATPG32100492,euMonitoringSiteCode,NO INTERNATIONAL NAME,ATGK100026,euGroundWaterBodyCode,NO INTERNATIONAL NAME,groundWaterBody,,,,,,,AT1000,euRBDCode,DANUBE,F,48.32989,15.88388
AT,ATPG32100582,euMonitoringSiteCode,ATPG32100582,euMonitoringSiteCode,NO INTERNATIONAL NAME,ATGK100026,euGroundWaterBodyCode,NO INTERNATIONAL NAME,groundWaterBody,,,,,,,AT1000,euRBDCode,DANUBE,F,48.32741,15.9148
AT,ATPG32100642,euMonitoringSiteCode,ATPG32100642,euMonitoringSiteCode,NO INTERNATIONAL NAME,ATGK100026,euGroundWaterBodyCode,NO INTERNATIONAL NAME,groundWaterBody,,,,,,,AT1000,euRBDCode,DANUBE,F,48.33757,15.94366
AT,ATPG32100712,euMonitoringSiteCode,ATPG32100712,euMonitoringSiteCode,NO INTERNATIONAL NAME,ATGK100026,euGroundWaterBodyCode,NO INTERNATIONAL NAME,groundWaterBody,,,,,,,AT1000,euRBDCode,DANUBE,F,48.33144,15.97574
AT,ATPG32100822,euMonitoringSiteCode,ATPG32100822,euMonitoringSiteCode,NO INTERNATIONAL NAME,ATGK100026,euGroundWaterBodyCode,NO INTERNATIONAL NAME,groundWaterBody,,,,,,,AT1000,euRBDCode,DANUBE,F,48.32295,16.03199
AT,ATPG32100832,euMonitoringSiteCode,ATPG32100832,euMonitoringSiteCode,NO INTERNATIONAL NAME,ATGK100026,euGroundWaterBodyCode,NO INTERNATIONAL NAME,groundWaterBody,,,,,,,AT1000,euRBDCode,DANUBE,F,48.29939,16.03886
AT,ATPG32100962,euMonitoringSiteCode,ATPG32100962,euMonitoringSiteCode,NO INTERNATIONAL NAME,ATGK100026,euGroundWaterBodyCode,NO INTERNATIONAL NAME,groundWaterBody,,,,,,,AT1000,euRBDCode,DANUBE,F,48.32404,16.10088
AT,ATPG32100982,euMonitoringSiteCode,ATPG32100982,euMonitoringSiteCode,NO INTERNATIONAL NAME,ATGK100026,euGroundWaterBodyCode,NO INTERNATIONAL NAME,groundWaterBody,,,,,,,AT1000,euRBDCode,DANUBE,F,48.31261,16.12726
AT,ATPG32100992,euMonitoringSiteCode,ATPG32100992,euMonitoringSiteCode,NO INTERNATIONAL NAME,ATGK100026,euGroundWaterBodyCode,NO INTERNATIONAL NAME,groundWaterBody,,,,,,,AT1000,euRBDCode,DANUBE,F,48.33222,16.13506
AT,ATPG32101002,euMonitoringSiteCode,ATPG32101002,euMonitoringSiteCode,NO INTERNATIONAL NAME,ATGK100026,euGroundWaterBodyCode,NO INTERNATIONAL NAME,groundWaterBody,,,,,,,AT1000,euRBDCode,DANUBE,F,48.30246,16.1375
AT,ATPG32101022,euMonitoringSiteCode,ATPG32101022,euMonitoringSiteCode,NO INTERNATIONAL NAME,ATGK100026,euGroundWaterBodyCode,NO INTERNATIONAL NAME,groundWaterBody,,,,,,,AT1000,euRBDCode,DANUBE,F,48.31729,16.1572
AT,ATPG32101052,euMonitoringSiteCode,ATPG32101052,euMonitoringSiteCode,NO INTERNATIONAL NAME,ATGK100026,euGroundWaterBodyCode,NO INTERNATIONAL NAME,groundWaterBody,,,,,,,AT1000,euRBDCode,DANUBE,F,48.33628,16.19064
AT,ATPG32101082,euMonitoringSiteCode,ATPG32101082,euMonitoringSiteCode,K A,ATGK100026,euGroundWaterBodyCode,NO INTERNATIONAL NAME,groundWaterBody,,,,,,,AT1000,euRBDCode,DANUBE,F,48.3405,16.231
AT,ATPG32101092,euMonitoringSiteCode,ATPG32101092,euMonitoringSiteCode,NO INTERNATIONAL NAME,ATGK100035,euGroundWaterBodyCode,NO INTERNATIONAL NAME,groundWaterBody,,,,,,,AT1000,euRBDCode,DANUBE,F,48.46803,15.98543
AT,ATPG32101112,euMonitoringSiteCode,ATPG32101112,euMonitoringSiteCode,NO INTERNATIONAL NAME,ATGK100026,euGroundWaterBodyCode,NO INTERNATIONAL NAME,groundWaterBody,,,,,,,AT1000,euRBDCode,DANUBE,F,48.34613,15.88198
AT,ATPG32101152,euMonitoringSiteCode,ATPG32101152,euMonitoringSiteCode,NO INTERNATIONAL NAME,ATGK100026,euGroundWaterBodyCode,NO INTERNATIONAL NAME,groundWaterBody,,,,,,,AT1000,euRBDCode,DANUBE,F,48.34347,15.83865
AT,ATPG32101162,euMonitoringSiteCode,ATPG32101162,euMonitoringSiteCode,NO INTERNATIONAL NAME,ATGK100026,euGroundWaterBodyCode,NO INTERNATIONAL NAME,groundWaterBody,,,,,,,AT1000,euRBDCode,DANUBE,F,48.32697,15.8527
AT,ATPG32101172,euMonitoringSiteCode,ATPG32101172,euMonitoringSiteCode,NO INTERNATIONAL NAME,ATGK100026,euGroundWaterBodyCode,NO INTERNATIONAL NAME,groundWaterBody,,,,,,,AT1000,euRBDCode,DANUBE,F,48.2907,15.90623
AT,ATPG32101182,euMonitoringSiteCode,ATPG32101182,euMonitoringSiteCode,NO INTERNATIONAL NAME,ATGK100026,euGroundWaterBodyCode,NO INTERNATIONAL NAME,groundWaterBody,,,,,,,AT1000,euRBDCode,DANUBE,F,48.2951,15.95096
AT,ATPG32101192,euMonitoringSiteCode,ATPG32101192,euMonitoringSiteCode,NO INTERNATIONAL NAME,ATGK100026,euGroundWaterBodyCode,NO INTERNATIONAL NAME,groundWaterBody,,,,,,,AT1000,euRBDCode,DANUBE,F,48.31343,15.97617
AT,ATPG32101202,euMonitoringSiteCode,ATPG32101202,euMonitoringSiteCode,NO INTERNATIONAL NAME,ATGK100026,euGroundWaterBodyCode,NO INTERNATIONAL NAME,groundWaterBody,,,,,,,AT1000,euRBDCode,DANUBE,F,48.36274,16.17589
AT,ATPG32101212,euMonitoringSiteCode,ATPG32101212,euMonitoringSiteCode,K A,ATGK100026,euGroundWaterBodyCode,NO INTERNATIONAL NAME,groundWaterBody,,,,,,,AT1000,euRBDCode,DANUBE,F,48.2911,16
AT,ATPG32101222,euMonitoringSiteCode,ATPG32101222,euMonitoringSiteCode,NO INTERNATIONAL NAME,ATGK100032,euGroundWaterBodyCode,NO INTERNATIONAL NAME,groundWaterBody,,,,,,,AT1000,euRBDCode,DANUBE,F,48.25593,16.01099
AT,ATPG32101232,euMonitoringSiteCode,ATPG32101232,euMonitoringSiteCode,NO INTERNATIONAL NAME,ATGK100026,euGroundWaterBodyCode,NO INTERNATIONAL NAME,groundWaterBody,,,,,,,AT1000,euRBDCode,DANUBE,F,48.31331,16.05983
AT,ATPG32101242,euMonitoringSiteCode,ATPG32101242,euMonitoringSiteCode,NO INTERNATIONAL NAME,ATGK100035,euGroundWaterBodyCode,NO INTERNATIONAL NAME,groundWaterBody,,,,,,,AT1000,euRBDCode,DANUBE,F,48.46447,15.9027
AT,ATPG32101252,euMonitoringSiteCode,ATPG32101252,euMonitoringSiteCode,NO INTERNATIONAL NAME,ATGK100026,euGroundWaterBodyCode,NO INTERNATIONAL NAME,groundWaterBody,,,,,,,AT1000,euRBDCode,DANUBE,F,48.34071,16.23003
AT,ATPG32101262,euMonitoringSiteCode,ATPG32101262,euMonitoringSiteCode,NO INTERNATIONAL NAME,ATGK100026,euGroundWaterBodyCode,NO INTERNATIONAL NAME,groundWaterBody,,,,,,,AT1000,euRBDCode,DANUBE,F,48.29044,15.99793
AT,ATPG32101272,euMonitoringSiteCode,ATPG32101272,euMonitoringSiteCode,NO INTERNATIONAL NAME,ATGK100026,euGroundWaterBodyCode,NO INTERNATIONAL NAME,groundWaterBody,,,,,,,AT1000,euRBDCode,DANUBE,F,48.29939,16.03886
AT,ATPG32101282,euMonitoringSiteCode,ATPG32101282,euMonitoringSiteCode,NO INTERNATIONAL NAME,ATGK100026,euGroundWaterBodyCode,NO INTERNATIONAL NAME,groundWaterBody,,,,,,,AT1000,euRBDCode,DANUBE,F,48.36486,15.97069
AT,ATPG32200012,euMonitoringSiteCode,ATPG32200012,euMonitoringSiteCode,NO INTERNATIONAL NAME,ATGK100094,euGroundWaterBodyCode,NO INTERNATIONAL NAME,groundWaterBody,,,,,,,AT1000,euRBDCode,DANUBE,F,48.81805,15.29914
AT,ATPG32200042,euMonitoringSiteCode,ATPG32200042,euMonitoringSiteCode,NO INTERNATIONAL NAME,ATGK100094,euGroundWaterBodyCode,NO INTERNATIONAL NAME,groundWaterBody,,,,,,,AT1000,euRBDCode,DANUBE,F,48.84468,15.47462
AT,ATPG32200092,euMonitoringSiteCode,ATPG32200092,euMonitoringSiteCode,NO INTERNATIONAL NAME,ATGK100094,euGroundWaterBodyCode,NO INTERNATIONAL NAME,groundWaterBody,,,,,,,AT1000,euRBDCode,DANUBE,F,48.91383,15.32738
AT,ATPG32200102,euMonitoringSiteCode,ATPG32200102,euMonitoringSiteCode,NO INTERNATIONAL NAME,ATGK100094,euGroundWaterBodyCode,NO INTERNATIONAL NAME,groundWaterBody,,,,,,,AT1000,euRBDCode,DANUBE,F,48.91397,15.47342
AT,ATPG32300012,euMonitoringSiteCode,ATPG32300012,euMonitoringSiteCode,NO INTERNATIONAL NAME,ATGK100024,euGroundWaterBodyCode,NO INTERNATIONAL NAME,groundWaterBody,,,,,,,AT1000,euRBDCode,DANUBE,F,47.81188,16.13663
AT,ATPG32300052,euMonitoringSiteCode,ATPG32300052,euMonitoringSiteCode,NO INTERNATIONAL NAME,ATGK100024,euGroundWaterBodyCode,NO INTERNATIONAL NAME,groundWaterBody,,,,,,,AT1000,euRBDCode,DANUBE,F,47.88496,16.23958
AT,ATPG32300062,euMonitoringSiteCode,ATPG32300062,euMonitoringSiteCode,NO INTERNATIONAL NAME,ATGK100024,euGroundWaterBodyCode,NO INTERNATIONAL NAME,groundWaterBody,,,,,,,AT1000,euRBDCode,DANUBE,F,47.90991,16.28516
AT,ATPG32300082,euMonitoringSiteCode,ATPG32300082,euMonitoringSiteCode,NO INTERNATIONAL NAME,ATGK100024,euGroundWaterBodyCode,NO INTERNATIONAL NAME,groundWaterBody,,,,,,,AT1000,euRBDCode,DANUBE,F,47.89742,16.38487
AT,ATPG32300092,euMonitoringSiteCode,ATPG32300092,euMonitoringSiteCode,NO INTERNATIONAL NAME,ATGK100024,euGroundWaterBodyCode,NO INTERNATIONAL NAME,groundWaterBody,,,,,,,AT1000,euRBDCode,DANUBE,F,47.82177,16.35104
AT,ATPG32300112,euMonitoringSiteCode,ATPG32300112,euMonitoringSiteCode,NO INTERNATIONAL NAME,ATGK100024,euGroundWaterBodyCode,NO INTERNATIONAL NAME,groundWaterBody,,,,,,,AT1000,euRBDCode,DANUBE,F,47.89735,16.21216
AT,ATPG32300122,euMonitoringSiteCode,ATPG32300122,euMonitoringSiteCode,NO INTERNATIONAL NAME,ATGK100024,euGroundWaterBodyCode,NO INTERNATIONAL NAME,groundWaterBody,,,,,,,AT1000,euRBDCode,DANUBE,F,47.86631,16.19306
AT,ATPG32300132,euMonitoringSiteCode,ATPG32300132,euMonitoringSiteCode,NO INTERNATIONAL NAME,ATGK100024,euGroundWaterBodyCode,NO INTERNATIONAL NAME,groundWaterBody,,,,,,,AT1000,euRBDCode,DANUBE,F,47.78691,16.27155
AT,ATPG32300142,euMonitoringSiteCode,ATPG32300142,euMonitoringSiteCode,NO INTERNATIONAL NAME,ATGK100024,euGroundWaterBodyCode,NO INTERNATIONAL NAME,groundWaterBody,,,,,,,AT1000,euRBDCode,DANUBE,F,47.90703,16.25688
AT,ATPG32300162,euMonitoringSiteCode,ATPG32300162,euMonitoringSiteCode,K A,ATGK100024,euGroundWaterBodyCode,NO INTERNATIONAL NAME,groundWaterBody,,,,,,,AT1000,euRBDCode,DANUBE,F,47.79,16.246
AT,ATPG32300182,euMonitoringSiteCode,ATPG32300182,euMonitoringSiteCode,NO INTERNATIONAL NAME,ATGK100024,euGroundWaterBodyCode,NO INTERNATIONAL NAME,groundWaterBody,,,,,,,AT1000,euRBDCode,DANUBE,F,47.79718,16.18528
AT,ATPG32300372,euMonitoringSiteCode,ATPG32300372,euMonitoringSiteCode,NO INTERNATIONAL NAME,ATGK100024,euGroundWaterBodyCode,NO INTERNATIONAL NAME,groundWaterBody,,,,,,,AT1000,euRBDCode,DANUBE,F,47.87139,16.34722
AT,ATPG32300422,euMonitoringSiteCode,ATPG32300422,euMonitoringSiteCode,NO INTERNATIONAL NAME,ATGK100024,euGroundWaterBodyCode,NO INTERNATIONAL NAME,groundWaterBody,,,,,,,AT1000,euRBDCode,DANUBE,F,47.80514,16.19105
AT,ATPG32300452,euMonitoringSiteCode,ATPG32300452,euMonitoringSiteCode,NO INTERNATIONAL NAME,ATGK100024,euGroundWaterBodyCode,NO INTERNATIONAL NAME,groundWaterBody,,,,,,,AT1000,euRBDCode,DANUBE,F,47.86837,16.25472
AT,ATPG32300462,euMonitoringSiteCode,ATPG32300462,euMonitoringSiteCode,NO INTERNATIONAL NAME,ATGK100024,euGroundWaterBodyCode,NO INTERNATIONAL NAME,groundWaterBody,,,,,,,AT1000,euRBDCode,DANUBE,F,47.84187,16.30539
AT,ATPG32300472,euMonitoringSiteCode,ATPG32300472,euMonitoringSiteCode,NO INTERNATIONAL NAME,ATGK100024,euGroundWaterBodyCode,NO INTERNATIONAL NAME,groundWaterBody,,,,,,,AT1000,euRBDCode,DANUBE,F,47.79248,16.15696
AT,ATPG32300482,euMonitoringSiteCode,ATPG32300482,euMonitoringSiteCode,NO INTERNATIONAL NAME,ATGK100024,euGroundWaterBodyCode,NO INTERNATIONAL NAME,groundWaterBody,,,,,,,AT1000,euRBDCode,DANUBE,F,47.75313,16.21892
AT,ATPG32300492,euMonitoringSiteCode,ATPG32300492,euMonitoringSiteCode,NO INTERNATIONAL NAME,ATGK100024,euGroundWaterBodyCode,NO INTERNATIONAL NAME,groundWaterBody,,,,,,,AT1000,euRBDCode,DANUBE,F,47.86631,16.30009
AT,ATPG32300502,euMonitoringSiteCode,ATPG32300502,euMonitoringSiteCode,NO INTERNATIONAL NAME,ATGK100024,euGroundWaterBodyCode,NO INTERNATIONAL NAME,groundWaterBody,,,,,,,AT1000,euRBDCode,DANUBE,F,47.81372,16.31449
AT,ATPG32300512,euMonitoringSiteCode,ATPG32300512,euMonitoringSiteCode,NO INTERNATIONAL NAME,ATGK100191,euGroundWaterBodyCode,NO INTERNATIONAL NAME,groundWaterBody,,,,,,,AT1000,euRBDCode,DANUBE,F,47.50701,16.19614
AT,ATPG32300532,euMonitoringSiteCode,ATPG32300532,euMonitoringSiteCode,NO INTERNATIONAL NAME,ATGK100178,euGroundWaterBodyCode,NO INTERNATIONAL NAME,groundWaterBody,,,,,,,AT1000,euRBDCode,DANUBE,F,47.85835,16.36386
AT,ATPG32300542,euMonitoringSiteCode,ATPG32300542,euMonitoringSiteCode,NO INTERNATIONAL NAME,ATGK100024,euGroundWaterBodyCode,NO INTERNATIONAL NAME,groundWaterBody,,,,,,,AT1000,euRBDCode,DANUBE,F,47.87264,16.22819
AT,ATPG32400012,euMonitoringSiteCode,ATPG32400012,euMonitoringSiteCode,NO INTERNATIONAL NAME,ATGK100026,euGroundWaterBodyCode,NO INTERNATIONAL NAME,groundWaterBody,,,,,,,AT1000,euRBDCode,DANUBE,F,48.33804,16.30009
AT,ATPG32400022,euMonitoringSiteCode,ATPG32400022,euMonitoringSiteCode,NO INTERNATIONAL NAME,ATGK100026,euGroundWaterBodyCode,NO INTERNATIONAL NAME,groundWaterBody,,,,,,,AT1000,euRBDCode,DANUBE,F,48.29193,16.34332
AT,ATPG32400032,euMonitoringSiteCode,ATPG32400032,euMonitoringSiteCode,NO INTERNATIONAL NAME,ATGK100024,euGroundWaterBodyCode,NO INTERNATIONAL NAME,groundWaterBody,,,,,,,AT1000,euRBDCode,DANUBE,F,48.14294,16.52841
AT,ATPG32400042,euMonitoringSiteCode,ATPG32400042,euMonitoringSiteCode,NO INTERNATIONAL NAME,ATGK100024,euGroundWaterBodyCode,NO INTERNATIONAL NAME,groundWaterBody,,,,,,,AT1000,euRBDCode,DANUBE,F,48.00699,16.46238
AT,ATPG32400082,euMonitoringSiteCode,ATPG32400082,euMonitoringSiteCode,NO INTERNATIONAL NAME,ATGK100024,euGroundWaterBodyCode,NO INTERNATIONAL NAME,groundWaterBody,,,,,,,AT1000,euRBDCode,DANUBE,F,48.08182,16.52466
AT,ATPG32400092,euMonitoringSiteCode,ATPG32400092,euMonitoringSiteCode,NO INTERNATIONAL NAME,ATGK100024,euGroundWaterBodyCode,NO INTERNATIONAL NAME,groundWaterBody,,,,,,,AT1000,euRBDCode,DANUBE,F,48.0775,16.45184
AT,ATPG32400102,euMonitoringSiteCode,ATPG32400102,euMonitoringSiteCode,NO INTERNATIONAL NAME,ATGK100024,euGroundWaterBodyCode,NO INTERNATIONAL NAME,groundWaterBody,,,,,,,AT1000,euRBDCode,DANUBE,F,48.0431,16.52497
AT,ATPG32400112,euMonitoringSiteCode,ATPG32400112,euMonitoringSiteCode,NO INTERNATIONAL NAME,ATGK100024,euGroundWaterBodyCode,NO INTERNATIONAL NAME,groundWaterBody,,,,,,,AT1000,euRBDCode,DANUBE,F,48.06031,16.45484
AT,ATPG32400122,euMonitoringSiteCode,ATPG32400122,euMonitoringSiteCode,NO INTERNATIONAL NAME,ATGK100024,euGroundWaterBodyCode,NO INTERNATIONAL NAME,groundWaterBody,,,,,,,AT1000,euRBDCode,DANUBE,F,48.09113,16.41369
AT,ATPG32400132,euMonitoringSiteCode,ATPG32400132,euMonitoringSiteCode,NO INTERNATIONAL NAME,ATGK100024,euGroundWaterBodyCode,NO INTERNATIONAL NAME,groundWaterBody,,,,,,,AT1000,euRBDCode,DANUBE,F,48.15056,16.48044
AT,ATPG32400142,euMonitoringSiteCode,ATPG32400142,euMonitoringSiteCode,NO INTERNATIONAL NAME,ATGK100024,euGroundWaterBodyCode,NO INTERNATIONAL NAME,groundWaterBody,,,,,,,AT1000,euRBDCode,DANUBE,F,48.15113,16.49258
AT,ATPG32400152,euMonitoringSiteCode,ATPG32400152,euMonitoringSiteCode,NO INTERNATIONAL NAME,ATGK100024,euGroundWaterBodyCode,NO INTERNATIONAL NAME,groundWaterBody,,,,,,,AT1000,euRBDCode,DANUBE,F,48.15076,16.50602
AT,ATPG32400172,euMonitoringSiteCode,ATPG32400172,euMonitoringSiteCode,NO INTERNATIONAL NAME,ATGK100024,euGroundWaterBodyCode,NO INTERNATIONAL NAME,groundWaterBody,,,,,,,AT1000,euRBDCode,DANUBE,F,48.13295,16.56411
AT,ATPG32400192,euMonitoringSiteCode,ATPG32400192,euMonitoringSiteCode,NO INTERNATIONAL NAME,ATGK100176,euGroundWaterBodyCode,NO INTERNATIONAL NAME,groundWaterBody,,,,,,,AT1000,euRBDCode,DANUBE,F,48.11942,16.62916
AT,ATPG32400202,euMonitoringSiteCode,ATPG32400202,euMonitoringSiteCode,NO INTERNATIONAL NAME,ATGK100024,euGroundWaterBodyCode,NO INTERNATIONAL NAME,groundWaterBody,,,,,,,AT1000,euRBDCode,DANUBE,F,48.1079,16.55852
AT,ATPG32400232,euMonitoringSiteCode,ATPG32400232,euMonitoringSiteCode,NO INTERNATIONAL NAME,ATGK100024,euGroundWaterBodyCode,NO INTERNATIONAL NAME,groundWaterBody,,,,,,,AT1000,euRBDCode,DANUBE,F,48.12838,16.46834
AT,ATPG32400242,euMonitoringSiteCode,ATPG32400242,euMonitoringSiteCode,K A,ATGK100024,euGroundWaterBodyCode,NO INTERNATIONAL NAME,groundWaterBody,,,,,,,AT1000,euRBDCode,DANUBE,F,48.1036,16.403
AT,ATPG32400462,euMonitoringSiteCode,ATPG32400462,euMonitoringSiteCode,NO INTERNATIONAL NAME,ATGK100024,euGroundWaterBodyCode,NO INTERNATIONAL NAME,groundWaterBody,,,,,,,AT1000,euRBDCode,DANUBE,F,48.10853,16.46983
AT,ATPG32400492,euMonitoringSiteCode,ATPG32400492,euMonitoringSiteCode,NO INTERNATIONAL NAME,ATGK100020,euGroundWaterBodyCode,NO INTERNATIONAL NAME,groundWaterBody,,,,,,,AT1000,euRBDCode,DANUBE,F,48.31821,16.43933
AT,ATPG32400522,euMonitoringSiteCode,ATPG32400522,euMonitoringSiteCode,NO INTERNATIONAL NAME,ATGK100020,euGroundWaterBodyCode,NO INTERNATIONAL NAME,groundWaterBody,,,,,,,AT1000,euRBDCode,DANUBE,F,48.30425,16.48977
AT,ATPG32400532,euMonitoringSiteCode,ATPG32400532,euMonitoringSiteCode,NO INTERNATIONAL NAME,ATGK100024,euGroundWaterBodyCode,NO INTERNATIONAL NAME,groundWaterBody,,,,,,,AT1000,euRBDCode,DANUBE,F,48.06923,16.42448
AT,ATPG32400542,euMonitoringSiteCode,ATPG32400542,euMonitoringSiteCode,NO INTERNATIONAL NAME,ATGK100024,euGroundWaterBodyCode,NO INTERNATIONAL NAME,groundWaterBody,,,,,,,AT1000,euRBDCode,DANUBE,F,48.04144,16.42015
AT,ATPG32400552,euMonitoringSiteCode,ATPG32400552,euMonitoringSiteCode,NO INTERNATIONAL NAME,ATGK100024,euGroundWaterBodyCode,NO INTERNATIONAL NAME,groundWaterBody,,,,,,,AT1000,euRBDCode,DANUBE,F,48.02155,16.423
AT,ATPG32400562,euMonitoringSiteCode,ATPG32400562,euMonitoringSiteCode,NO INTERNATIONAL NAME,ATGK100024,euGroundWaterBodyCode,NO INTERNATIONAL NAME,groundWaterBody,,,,,,,AT1000,euRBDCode,DANUBE,F,48.11391,16.50377
AT,ATPG32500022,euMonitoringSiteCode,ATPG32500022,euMonitoringSiteCode,NO INTERNATIONAL NAME,ATGK100190,euGroundWaterBodyCode,NO INTERNATIONAL NAME,groundWaterBody,,,,,,,AT1000,euRBDCode,DANUBE,F,48.57756,14.96594
AT,ATPG32500032,euMonitoringSiteCode,ATPG32500032,euMonitoringSiteCode,NO INTERNATIONAL NAME,ATGK100190,euGroundWaterBodyCode,NO INTERNATIONAL NAME,groundWaterBody,,,,,,,AT1000,euRBDCode,DANUBE,F,48.60406,15.06309
AT,ATPG32500042,euMonitoringSiteCode,ATPG32500042,euMonitoringSiteCode,NO INTERNATIONAL NAME,ATGK100190,euGroundWaterBodyCode,NO INTERNATIONAL NAME,groundWaterBody,,,,,,,AT1000,euRBDCode,DANUBE,F,48.38152,15.14346
AT,ATPG32500052,euMonitoringSiteCode,ATPG32500052,euMonitoringSiteCode,NO INTERNATIONAL NAME,ATGK100190,euGroundWaterBodyCode,NO INTERNATIONAL NAME,groundWaterBody,,,,,,,AT1000,euRBDCode,DANUBE,F,48.50446,15.16401
AT,ATPG32500062,euMonitoringSiteCode,ATPG32500062,euMonitoringSiteCode,NO INTERNATIONAL NAME,ATGK100190,euGroundWaterBodyCode,NO INTERNATIONAL NAME,groundWaterBody,,,,,,,AT1000,euRBDCode,DANUBE,F,48.64994,15.12301
AT,ATPG32500072,euMonitoringSiteCode,ATPG32500072,euMonitoringSiteCode,NO INTERNATIONAL NAME,ATGK100190,euGroundWaterBodyCode,NO INTERNATIONAL NAME,groundWaterBody,,,,,,,AT1000,euRBDCode,DANUBE,F,48.57545,15.16924
AT,ATPG32500082,euMonitoringSiteCode,ATPG32500082,euMonitoringSiteCode,NO INTERNATIONAL NAME,ATGK100190,euGroundWaterBodyCode,NO INTERNATIONAL NAME,groundWaterBody,,,,,,,AT1000,euRBDCode,DANUBE,F,48.56472,15.22172
AT,ATPG32500102,euMonitoringSiteCode,ATPG32500102,euMonitoringSiteCode,NO INTERNATIONAL NAME,ATGK100190,euGroundWaterBodyCode,NO INTERNATIONAL NAME,groundWaterBody,,,,,,,AT1000,euRBDCode,DANUBE,F,48.60078,14.91242
AT,ATPG32500392,euMonitoringSiteCode,ATPG32500392,euMonitoringSiteCode,NO INTERNATIONAL NAME,ATGK100094,euGroundWaterBodyCode,NO INTERNATIONAL NAME,groundWaterBody,,,,,,,AT1000,euRBDCode,DANUBE,F,48.72781,15.20594
AT,ATPG32500402,euMonitoringSiteCode,ATPG32500402,euMonitoringSiteCode,NO INTERNATIONAL NAME,ATGK100190,euGroundWaterBodyCode,NO INTERNATIONAL NAME,groundWaterBody,,,,,,,AT1000,euRBDCode,DANUBE,F,48.63321,15.21473
AT,ATPG40101012,euMonitoringSiteCode,ATPG40101012,euMonitoringSiteCode,NO INTERNATIONAL NAME,ATGK100045,euGroundWaterBodyCode,NO INTERNATIONAL NAME,groundWaterBody,,,,,,,AT1000,euRBDCode,DANUBE,F,48.2449,14.30088
AT,ATPG40101022,euMonitoringSiteCode,ATPG40101022,euMonitoringSiteCode,NO INTERNATIONAL NAME,ATGK100038,euGroundWaterBodyCode,NO INTERNATIONAL NAME,groundWaterBody,,,,,,,AT1000,euRBDCode,DANUBE,F,48.32585,14.30239
AT,ATPG40101052,euMonitoringSiteCode,ATPG40101052,euMonitoringSiteCode,NO INTERNATIONAL NAME,ATGK100038,euGroundWaterBodyCode,NO INTERNATIONAL NAME,groundWaterBody,,,,,,,AT1000,euRBDCode,DANUBE,F,48.25621,14.34555
AT,ATPG40101082,euMonitoringSiteCode,ATPG40101082,euMonitoringSiteCode,NO INTERNATIONAL NAME,ATGK100038,euGroundWaterBodyCode,NO INTERNATIONAL NAME,groundWaterBody,,,,,,,AT1000,euRBDCode,DANUBE,F,48.28877,14.32596
AT,ATPG40101092,euMonitoringSiteCode,ATPG40101092,euMonitoringSiteCode,NO INTERNATIONAL NAME,ATGK100203,euGroundWaterBodyCode,NO INTERNATIONAL NAME,groundWaterBody,,,,,,,AT1000,euRBDCode,DANUBE,F,48.22918,14.35041
AT,ATPG40101102,euMonitoringSiteCode,ATPG40101102,euMonitoringSiteCode,NO INTERNATIONAL NAME,ATGK100038,euGroundWaterBodyCode,NO INTERNATIONAL NAME,groundWaterBody,,,,,,,AT1000,euRBDCode,DANUBE,F,48.31698,14.28739
AT,ATPG40101112,euMonitoringSiteCode,ATPG40101112,euMonitoringSiteCode,NO INTERNATIONAL NAME,ATGK100038,euGroundWaterBodyCode,NO INTERNATIONAL NAME,groundWaterBody,,,,,,,AT1000,euRBDCode,DANUBE,F,48.27342,14.33241
AT,ATPG40101122,euMonitoringSiteCode,ATPG40101122,euMonitoringSiteCode,NO INTERNATIONAL NAME,ATGK100038,euGroundWaterBodyCode,NO INTERNATIONAL NAME,groundWaterBody,,,,,,,AT1000,euRBDCode,DANUBE,F,48.30154,14.30463
AT,ATPG40201012,euMonitoringSiteCode,ATPG40201012,euMonitoringSiteCode,NO INTERNATIONAL NAME,ATGK100027,euGroundWaterBodyCode,NO INTERNATIONAL NAME,groundWaterBody,,,,,,,AT1000,euRBDCode,DANUBE,F,48.05916,14.44641
AT,ATPG40301012,euMonitoringSiteCode,ATPG40301012,euMonitoringSiteCode,NO INTERNATIONAL NAME,ATGK100045,euGroundWaterBodyCode,NO INTERNATIONAL NAME,groundWaterBody,,,,,,,AT1000,euRBDCode,DANUBE,F,48.15521,14.00477
AT,ATPG40301022,euMonitoringSiteCode,ATPG40301022,euMonitoringSiteCode,NO INTERNATIONAL NAME,ATGK100045,euGroundWaterBodyCode,NO INTERNATIONAL NAME,groundWaterBody,,,,,,,AT1000,euRBDCode,DANUBE,F,48.14726,13.98047
AT,ATPG40301032,euMonitoringSiteCode,ATPG40301032,euMonitoringSiteCode,NO INTERNATIONAL NAME,ATGK100045,euGroundWaterBodyCode,NO INTERNATIONAL NAME,groundWaterBody,,,,,,,AT1000,euRBDCode,DANUBE,F,48.1882,14.05497
AT,ATPG40301072,euMonitoringSiteCode,ATPG40301072,euMonitoringSiteCode,NO INTERNATIONAL NAME,ATGK100045,euGroundWaterBodyCode,NO INTERNATIONAL NAME,groundWaterBody,,,,,,,AT1000,euRBDCode,DANUBE,F,48.17051,14.00362
AT,ATPG40301082,euMonitoringSiteCode,ATPG40301082,euMonitoringSiteCode,NO INTERNATIONAL NAME,ATGK100045,euGroundWaterBodyCode,NO INTERNATIONAL NAME,groundWaterBody,,,,,,,AT1000,euRBDCode,DANUBE,F,48.17101,14.07087
AT,ATPG40301112,euMonitoringSiteCode,ATPG40301112,euMonitoringSiteCode,NO INTERNATIONAL NAME,ATGK100045,euGroundWaterBodyCode,NO INTERNATIONAL NAME,groundWaterBody,,,,,,,AT1000,euRBDCode,DANUBE,F,48.16225,14.03175
AT,ATPG40404012,euMonitoringSiteCode,ATPG40404012,euMonitoringSiteCode,NO INTERNATIONAL NAME,ATGK100200,euGroundWaterBodyCode,NO INTERNATIONAL NAME,groundWaterBody,,,,,,,AT1000,euRBDCode,DANUBE,F,48.25846,13.06312
AT,ATPG40404022,euMonitoringSiteCode,ATPG40404022,euMonitoringSiteCode,NO INTERNATIONAL NAME,ATGK100200,euGroundWaterBodyCode,NO INTERNATIONAL NAME,groundWaterBody,,,,,,,AT1000,euRBDCode,DANUBE,F,48.25843,13.04965
AT,ATPG40405022,euMonitoringSiteCode,ATPG40405022,euMonitoringSiteCode,NO INTERNATIONAL NAME,ATGK100200,euGroundWaterBodyCode,NO INTERNATIONAL NAME,groundWaterBody,,,,,,,AT1000,euRBDCode,DANUBE,F,48.20903,13.08222
AT,ATPG40406012,euMonitoringSiteCode,ATPG40406012,euMonitoringSiteCode,NO INTERNATIONAL NAME,ATGK100200,euGroundWaterBodyCode,NO INTERNATIONAL NAME,groundWaterBody,,,,,,,AT1000,euRBDCode,DANUBE,F,48.10451,13.01289
AT,ATPG40407012,euMonitoringSiteCode,ATPG40407012,euMonitoringSiteCode,NO INTERNATIONAL NAME,ATGK100200,euGroundWaterBodyCode,NO INTERNATIONAL NAME,groundWaterBody,,,,,,,AT1000,euRBDCode,DANUBE,F,48.0632,13.04133
AT,ATPG40408012,euMonitoringSiteCode,ATPG40408012,euMonitoringSiteCode,NO INTERNATIONAL NAME,ATGK100200,euGroundWaterBodyCode,NO INTERNATIONAL NAME,groundWaterBody,,,,,,,AT1000,euRBDCode,DANUBE,F,48.04307,12.92741
AT,ATPG40409022,euMonitoringSiteCode,ATPG40409022,euMonitoringSiteCode,NO INTERNATIONAL NAME,ATGK100200,euGroundWaterBodyCode,NO INTERNATIONAL NAME,groundWaterBody,,,,,,,AT1000,euRBDCode,DANUBE,F,48.10522,12.9511
AT,ATPG40410012,euMonitoringSiteCode,ATPG40410012,euMonitoringSiteCode,NO INTERNATIONAL NAME,ATGK100200,euGroundWaterBodyCode,NO INTERNATIONAL NAME,groundWaterBody,,,,,,,AT1000,euRBDCode,DANUBE,F,48.15552,12.92787
AT,ATPG40413012,euMonitoringSiteCode,ATPG40413012,euMonitoringSiteCode,NO INTERNATIONAL NAME,ATGK100200,euGroundWaterBodyCode,NO INTERNATIONAL NAME,groundWaterBody,,,,,,,AT1000,euRBDCode,DANUBE,F,48.16502,13.1174
AT,ATPG40414012,euMonitoringSiteCode,ATPG40414012,euMonitoringSiteCode,NO INTERNATIONAL NAME,ATGK100200,euGroundWaterBodyCode,NO INTERNATIONAL NAME,groundWaterBody,,,,,,,AT1000,euRBDCode,DANUBE,F,48.12903,12.82595
AT,ATPG40417012,euMonitoringSiteCode,ATPG40417012,euMonitoringSiteCode,NO INTERNATIONAL NAME,ATGK100200,euGroundWaterBodyCode,NO INTERNATIONAL NAME,groundWaterBody,,,,,,,AT1000,euRBDCode,DANUBE,F,48.03188,13.11662
AT,ATPG40417042,euMonitoringSiteCode,ATPG40417042,euMonitoringSiteCode,NO INTERNATIONAL NAME,ATGK100200,euGroundWaterBodyCode,NO INTERNATIONAL NAME,groundWaterBody,,,,,,,AT1000,euRBDCode,DANUBE,F,48.0606,13.08429
AT,ATPG40418022,euMonitoringSiteCode,ATPG40418022,euMonitoringSiteCode,NO INTERNATIONAL NAME,ATGK100200,euGroundWaterBodyCode,NO INTERNATIONAL NAME,groundWaterBody,,,,,,,AT1000,euRBDCode,DANUBE,F,48.01047,13.24541
AT,ATPG40418032,euMonitoringSiteCode,ATPG40418032,euMonitoringSiteCode,NO INTERNATIONAL NAME,ATGK100198,euGroundWaterBodyCode,NO INTERNATIONAL NAME,groundWaterBody,,,,,,,AT1000,euRBDCode,DANUBE,F,48.03473,13.21854
AT,ATPG40419022,euMonitoringSiteCode,ATPG40419022,euMonitoringSiteCode,NO INTERNATIONAL NAME,ATGK100200,euGroundWaterBodyCode,NO INTERNATIONAL NAME,groundWaterBody,,,,,,,AT1000,euRBDCode,DANUBE,F,48.0319,13.12735
AT,ATPG40422022,euMonitoringSiteCode,ATPG40422022,euMonitoringSiteCode,NO INTERNATIONAL NAME,ATGK100198,euGroundWaterBodyCode,NO INTERNATIONAL NAME,groundWaterBody,,,,,,,AT1000,euRBDCode,DANUBE,F,48.19205,13.13881
AT,ATPG40426012,euMonitoringSiteCode,ATPG40426012,euMonitoringSiteCode,NO INTERNATIONAL NAME,ATGK100200,euGroundWaterBodyCode,NO INTERNATIONAL NAME,groundWaterBody,,,,,,,AT1000,euRBDCode,DANUBE,F,48.03198,13.17831
AT,ATPG40427012,euMonitoringSiteCode,ATPG40427012,euMonitoringSiteCode,NO INTERNATIONAL NAME,ATGK100200,euGroundWaterBodyCode,NO INTERNATIONAL NAME,groundWaterBody,,,,,,,AT1000,euRBDCode,DANUBE,F,48.21791,13.03372
AT,ATPG40428022,euMonitoringSiteCode,ATPG40428022,euMonitoringSiteCode,NO INTERNATIONAL NAME,ATGK100200,euGroundWaterBodyCode,NO INTERNATIONAL NAME,groundWaterBody,,,,,,,AT1000,euRBDCode,DANUBE,F,48.04996,12.8482
AT,ATPG40428032,euMonitoringSiteCode,ATPG40428032,euMonitoringSiteCode,NO INTERNATIONAL NAME,ATGK100200,euGroundWaterBodyCode,NO INTERNATIONAL NAME,groundWaterBody,,,,,,,AT1000,euRBDCode,DANUBE,F,48.04726,12.84956
AT,ATPG40431012,euMonitoringSiteCode,ATPG40431012,euMonitoringSiteCode,NO INTERNATIONAL NAME,ATGK100200,euGroundWaterBodyCode,NO INTERNATIONAL NAME,groundWaterBody,,,,,,,AT1000,euRBDCode,DANUBE,F,48.07511,13.14194
AT,ATPG40432012,euMonitoringSiteCode,ATPG40432012,euMonitoringSiteCode,NO INTERNATIONAL NAME,ATGK100200,euGroundWaterBodyCode,NO INTERNATIONAL NAME,groundWaterBody,,,,,,,AT1000,euRBDCode,DANUBE,F,48.11452,13.05582
AT,ATPG40434022,euMonitoringSiteCode,ATPG40434022,euMonitoringSiteCode,NO INTERNATIONAL NAME,ATGK100198,euGroundWaterBodyCode,NO INTERNATIONAL NAME,groundWaterBody,,,,,,,AT1000,euRBDCode,DANUBE,F,48.20208,13.25046
AT,ATPG40436012,euMonitoringSiteCode,ATPG40436012,euMonitoringSiteCode,NO INTERNATIONAL NAME,ATGK100198,euGroundWaterBodyCode,NO INTERNATIONAL NAME,groundWaterBody,,,,,,,AT1000,euRBDCode,DANUBE,F,48.10495,13.30569
AT,ATPG40437012,euMonitoringSiteCode,ATPG40437012,euMonitoringSiteCode,NO INTERNATIONAL NAME,ATGK100200,euGroundWaterBodyCode,NO INTERNATIONAL NAME,groundWaterBody,,,,,,,AT1000,euRBDCode,DANUBE,F,48.01509,12.90216
AT,ATPG40441022,euMonitoringSiteCode,ATPG40441022,euMonitoringSiteCode,NO INTERNATIONAL NAME,ATGK100198,euGroundWaterBodyCode,NO INTERNATIONAL NAME,groundWaterBody,,,,,,,AT1000,euRBDCode,DANUBE,F,48.11923,13.17133
AT,ATPG40442012,euMonitoringSiteCode,ATPG40442012,euMonitoringSiteCode,NO INTERNATIONAL NAME,ATGK100200,euGroundWaterBodyCode,NO INTERNATIONAL NAME,groundWaterBody,,,,,,,AT1000,euRBDCode,DANUBE,F,48.20159,12.98941
AT,ATPG40443022,euMonitoringSiteCode,ATPG40443022,euMonitoringSiteCode,NO INTERNATIONAL NAME,ATGK100200,euGroundWaterBodyCode,NO INTERNATIONAL NAME,groundWaterBody,,,,,,,AT1000,euRBDCode,DANUBE,F,48.07956,12.82778
AT,ATPG40443032,euMonitoringSiteCode,ATPG40443032,euMonitoringSiteCode,NO INTERNATIONAL NAME,ATGK100200,euGroundWaterBodyCode,NO INTERNATIONAL NAME,groundWaterBody,,,,,,,AT1000,euRBDCode,DANUBE,F,48.0849,12.81565
AT,ATPG40445022,euMonitoringSiteCode,ATPG40445022,euMonitoringSiteCode,NO INTERNATIONAL NAME,ATGK100200,euGroundWaterBodyCode,NO INTERNATIONAL NAME,groundWaterBody,,,,,,,AT1000,euRBDCode,DANUBE,F,48.20052,12.93424
AT,ATPG40445032,euMonitoringSiteCode,ATPG40445032,euMonitoringSiteCode,NO INTERNATIONAL NAME,ATGK100200,euGroundWaterBodyCode,NO INTERNATIONAL NAME,groundWaterBody,,,,,,,AT1000,euRBDCode,DANUBE,F,48.19043,12.88185
AT,ATPG40446012,euMonitoringSiteCode,ATPG40446012,euMonitoringSiteCode,NO INTERNATIONAL NAME,ATGK100199,euGroundWaterBodyCode,NO INTERNATIONAL NAME,groundWaterBody,,,,,,,AT1000,euRBDCode,DANUBE,F,48.25503,13.14396
AT,ATPG40501022,euMonitoringSiteCode,ATPG40501022,euMonitoringSiteCode,NO INTERNATIONAL NAME,ATGK100036,euGroundWaterBodyCode,NO INTERNATIONAL NAME,groundWaterBody,,,,,,,AT1000,euRBDCode,DANUBE,F,48.29784,14.07267
AT,ATPG40501082,euMonitoringSiteCode,ATPG40501082,euMonitoringSiteCode,NO INTERNATIONAL NAME,ATGK100036,euGroundWaterBodyCode,NO INTERNATIONAL NAME,groundWaterBody,,,,,,,AT1000,euRBDCode,DANUBE,F,48.28231,14.11019
AT,ATPG40501092,euMonitoringSiteCode,ATPG40501092,euMonitoringSiteCode,NO INTERNATIONAL NAME,ATGK100036,euGroundWaterBodyCode,NO INTERNATIONAL NAME,groundWaterBody,,,,,,,AT1000,euRBDCode,DANUBE,F,48.27625,14.07236
AT,ATPG40501102,euMonitoringSiteCode,ATPG40501102,euMonitoringSiteCode,NO INTERNATIONAL NAME,ATGK100036,euGroundWaterBodyCode,NO INTERNATIONAL NAME,groundWaterBody,,,,,,,AT1000,euRBDCode,DANUBE,F,48.29492,14.10768
AT,ATPG40501112,euMonitoringSiteCode,ATPG40501112,euMonitoringSiteCode,NO INTERNATIONAL NAME,ATGK100056,euGroundWaterBodyCode,NO INTERNATIONAL NAME,groundWaterBody,,,,,,,AT1000,euRBDCode,DANUBE,F,48.25646,14.07343
AT,ATPG40503012,euMonitoringSiteCode,ATPG40503012,euMonitoringSiteCode,NO INTERNATIONAL NAME,ATGK100036,euGroundWaterBodyCode,NO INTERNATIONAL NAME,groundWaterBody,,,,,,,AT1000,euRBDCode,DANUBE,F,48.30271,14.01206
AT,ATPG40504022,euMonitoringSiteCode,ATPG40504022,euMonitoringSiteCode,NO INTERNATIONAL NAME,ATGK100036,euGroundWaterBodyCode,NO INTERNATIONAL NAME,groundWaterBody,,,,,,,AT1000,euRBDCode,DANUBE,F,48.28537,14.05362
AT,ATPG40504032,euMonitoringSiteCode,ATPG40504032,euMonitoringSiteCode,NO INTERNATIONAL NAME,ATGK100036,euGroundWaterBodyCode,NO INTERNATIONAL NAME,groundWaterBody,,,,,,,AT1000,euRBDCode,DANUBE,F,48.29183,14.0254
AT,ATPG40504042,euMonitoringSiteCode,ATPG40504042,euMonitoringSiteCode,NO INTERNATIONAL NAME,ATGK100036,euGroundWaterBodyCode,NO INTERNATIONAL NAME,groundWaterBody,,,,,,,AT1000,euRBDCode,DANUBE,F,48.29975,14.05517
AT,ATPG40506022,euMonitoringSiteCode,ATPG40506022,euMonitoringSiteCode,NO INTERNATIONAL NAME,ATGK100036,euGroundWaterBodyCode,NO INTERNATIONAL NAME,groundWaterBody,,,,,,,AT1000,euRBDCode,DANUBE,F,48.3504,14.00864
AT,ATPG40506042,euMonitoringSiteCode,ATPG40506042,euMonitoringSiteCode,NO INTERNATIONAL NAME,ATGK100036,euGroundWaterBodyCode,NO INTERNATIONAL NAME,groundWaterBody,,,,,,,AT1000,euRBDCode,DANUBE,F,48.35591,13.98981
AT,ATPG40506062,euMonitoringSiteCode,ATPG40506062,euMonitoringSiteCode,NO INTERNATIONAL NAME,ATGK100036,euGroundWaterBodyCode,NO INTERNATIONAL NAME,groundWaterBody,,,,,,,AT1000,euRBDCode,DANUBE,F,48.36213,14.00339
AT,ATPG40506072,euMonitoringSiteCode,ATPG40506072,euMonitoringSiteCode,NO INTERNATIONAL NAME,ATGK100036,euGroundWaterBodyCode,NO INTERNATIONAL NAME,groundWaterBody,,,,,,,AT1000,euRBDCode,DANUBE,F,48.34862,14.00591
AT,ATPG40507022,euMonitoringSiteCode,ATPG40507022,euMonitoringSiteCode,NO INTERNATIONAL NAME,ATGK100036,euGroundWaterBodyCode,NO INTERNATIONAL NAME,groundWaterBody,,,,,,,AT1000,euRBDCode,DANUBE,F,48.32439,13.99616
AT,ATPG40507032,euMonitoringSiteCode,ATPG40507032,euMonitoringSiteCode,NO INTERNATIONAL NAME,ATGK100036,euGroundWaterBodyCode,NO INTERNATIONAL NAME,groundWaterBody,,,,,,,AT1000,euRBDCode,DANUBE,F,48.32347,13.99885
AT,ATPG40507042,euMonitoringSiteCode,ATPG40507042,euMonitoringSiteCode,NO INTERNATIONAL NAME,ATGK100036,euGroundWaterBodyCode,NO INTERNATIONAL NAME,groundWaterBody,,,,,,,AT1000,euRBDCode,DANUBE,F,48.30271,14.01206
AT,ATPG40509052,euMonitoringSiteCode,ATPG40509052,euMonitoringSiteCode,NO INTERNATIONAL NAME,ATGK100036,euGroundWaterBodyCode,NO INTERNATIONAL NAME,groundWaterBody,,,,,,,AT1000,euRBDCode,DANUBE,F,48.31612,14.02572
AT,ATPG40509062,euMonitoringSiteCode,ATPG40509062,euMonitoringSiteCode,NO INTERNATIONAL NAME,ATGK100036,euGroundWaterBodyCode,NO INTERNATIONAL NAME,groundWaterBody,,,,,,,AT1000,euRBDCode,DANUBE,F,48.33698,13.99632
AT,ATPG40509072,euMonitoringSiteCode,ATPG40509072,euMonitoringSiteCode,NO INTERNATIONAL NAME,ATGK100036,euGroundWaterBodyCode,NO INTERNATIONAL NAME,groundWaterBody,,,,,,,AT1000,euRBDCode,DANUBE,F,48.30968,14.04991
AT,ATPG40509082,euMonitoringSiteCode,ATPG40509082,euMonitoringSiteCode,NO INTERNATIONAL NAME,ATGK100036,euGroundWaterBodyCode,NO INTERNATIONAL NAME,groundWaterBody,,,,,,,AT1000,euRBDCode,DANUBE,F,48.32967,14.01646
AT,ATPG40510012,euMonitoringSiteCode,ATPG40510012,euMonitoringSiteCode,NO INTERNATIONAL NAME,ATGK100056,euGroundWaterBodyCode,NO INTERNATIONAL NAME,groundWaterBody,,,,,,,AT1000,euRBDCode,DANUBE,F,48.25912,13.92124
AT,ATPG40603012,euMonitoringSiteCode,ATPG40603012,euMonitoringSiteCode,NO INTERNATIONAL NAME,ATGK100190,euGroundWaterBodyCode,NO INTERNATIONAL NAME,groundWaterBody,,,,,,,AT1000,euRBDCode,DANUBE,F,48.39108,14.62642
AT,ATPG40607022,euMonitoringSiteCode,ATPG40607022,euMonitoringSiteCode,NO INTERNATIONAL NAME,ATGK100190,euGroundWaterBodyCode,NO INTERNATIONAL NAME,groundWaterBody,,,,,,,AT1000,euRBDCode,DANUBE,F,48.48246,14.49069
AT,ATPG40610012,euMonitoringSiteCode,ATPG40610012,euMonitoringSiteCode,NO INTERNATIONAL NAME,ATGK100079,euGroundWaterBodyCode,NO INTERNATIONAL NAME,groundWaterBody,,,,,,,AT5000,euRBDCode,ELBE,F,48.61006,14.5044
AT,ATPG40611012,euMonitoringSiteCode,ATPG40611012,euMonitoringSiteCode,NO INTERNATIONAL NAME,ATGK100190,euGroundWaterBodyCode,NO INTERNATIONAL NAME,groundWaterBody,,,,,,,AT1000,euRBDCode,DANUBE,F,48.52226,14.79356
AT,ATPG40615012,euMonitoringSiteCode,ATPG40615012,euMonitoringSiteCode,NO INTERNATIONAL NAME,ATGK100190,euGroundWaterBodyCode,NO INTERNATIONAL NAME,groundWaterBody,,,,,,,AT1000,euRBDCode,DANUBE,F,48.54042,14.45134
AT,ATPG40616012,euMonitoringSiteCode,ATPG40616012,euMonitoringSiteCode,NO INTERNATIONAL NAME,ATGK100079,euGroundWaterBodyCode,NO INTERNATIONAL NAME,groundWaterBody,,,,,,,AT5000,euRBDCode,ELBE,F,48.56275,14.6402
AT,ATPG40617012,euMonitoringSiteCode,ATPG40617012,euMonitoringSiteCode,NO INTERNATIONAL NAME,ATGK100190,euGroundWaterBodyCode,NO INTERNATIONAL NAME,groundWaterBody,,,,,,,AT1000,euRBDCode,DANUBE,F,48.44226,14.71423
AT,ATPG40713012,euMonitoringSiteCode,ATPG40713012,euMonitoringSiteCode,NO INTERNATIONAL NAME,ATGK100205,euGroundWaterBodyCode,NO INTERNATIONAL NAME,groundWaterBody,,,,,,,AT1000,euRBDCode,DANUBE,F,47.97644,13.75863
AT,ATPG40713022,euMonitoringSiteCode,ATPG40713022,euMonitoringSiteCode,NO INTERNATIONAL NAME,ATGK100204,euGroundWaterBodyCode,NO INTERNATIONAL NAME,groundWaterBody,,,,,,,AT1000,euRBDCode,DANUBE,F,47.9889,13.79625
AT,ATPG40719012,euMonitoringSiteCode,ATPG40719012,euMonitoringSiteCode,NO INTERNATIONAL NAME,ATGK100204,euGroundWaterBodyCode,NO INTERNATIONAL NAME,groundWaterBody,,,,,,,AT1000,euRBDCode,DANUBE,F,47.87578,13.93835
AT,ATPG40719022,euMonitoringSiteCode,ATPG40719022,euMonitoringSiteCode,NO INTERNATIONAL NAME,ATGK100204,euGroundWaterBodyCode,NO INTERNATIONAL NAME,groundWaterBody,,,,,,,AT1000,euRBDCode,DANUBE,F,47.89731,13.95063
AT,ATPG40720032,euMonitoringSiteCode,ATPG40720032,euMonitoringSiteCode,NO INTERNATIONAL NAME,ATGK100204,euGroundWaterBodyCode,NO INTERNATIONAL NAME,groundWaterBody,,,,,,,AT1000,euRBDCode,DANUBE,F,48.00905,13.91709
AT,ATPG40720052,euMonitoringSiteCode,ATPG40720052,euMonitoringSiteCode,NO INTERNATIONAL NAME,ATGK100204,euGroundWaterBodyCode,NO INTERNATIONAL NAME,groundWaterBody,,,,,,,AT1000,euRBDCode,DANUBE,F,48.02428,13.92933
AT,ATPG40816012,euMonitoringSiteCode,ATPG40816012,euMonitoringSiteCode,NO INTERNATIONAL NAME,ATGK100190,euGroundWaterBodyCode,NO INTERNATIONAL NAME,groundWaterBody,,,,,,,AT1000,euRBDCode,DANUBE,F,48.41472,13.7068
AT,ATPG40824012,euMonitoringSiteCode,ATPG40824012,euMonitoringSiteCode,NO INTERNATIONAL NAME,ATGK100190,euGroundWaterBodyCode,NO INTERNATIONAL NAME,groundWaterBody,,,,,,,AT1000,euRBDCode,DANUBE,F,48.40417,13.87424
AT,ATPG40827012,euMonitoringSiteCode,ATPG40827012,euMonitoringSiteCode,NO INTERNATIONAL NAME,ATGK100056,euGroundWaterBodyCode,NO INTERNATIONAL NAME,groundWaterBody,,,,,,,AT1000,euRBDCode,DANUBE,F,48.21165,13.87763
AT,ATPG40905012,euMonitoringSiteCode,ATPG40905012,euMonitoringSiteCode,NO INTERNATIONAL NAME,ATGK100201,euGroundWaterBodyCode,NO INTERNATIONAL NAME,groundWaterBody,,,,,,,AT1000,euRBDCode,DANUBE,F,47.90354,14.11261
AT,ATPG40907012,euMonitoringSiteCode,ATPG40907012,euMonitoringSiteCode,NO INTERNATIONAL NAME,ATGK100202,euGroundWaterBodyCode,NO INTERNATIONAL NAME,groundWaterBody,,,,,,,AT1000,euRBDCode,DANUBE,F,48.05825,14.1176
AT,ATPG40907022,euMonitoringSiteCode,ATPG40907022,euMonitoringSiteCode,NO INTERNATIONAL NAME,ATGK100201,euGroundWaterBodyCode,NO INTERNATIONAL NAME,groundWaterBody,,,,,,,AT1000,euRBDCode,DANUBE,F,48.06695,14.16068
AT,ATPG40907032,euMonitoringSiteCode,ATPG40907032,euMonitoringSiteCode,NO INTERNATIONAL NAME,ATGK100203,euGroundWaterBodyCode,NO INTERNATIONAL NAME,groundWaterBody,,,,,,,AT1000,euRBDCode,DANUBE,F,48.0291,14.16947
AT,ATPG40907042,euMonitoringSiteCode,ATPG40907042,euMonitoringSiteCode,NO INTERNATIONAL NAME,ATGK100203,euGroundWaterBodyCode,NO INTERNATIONAL NAME,groundWaterBody,,,,,,,AT1000,euRBDCode,DANUBE,F,48.02569,14.14259
AT,ATPG40912012,euMonitoringSiteCode,ATPG40912012,euMonitoringSiteCode,NO INTERNATIONAL NAME,ATGK100202,euGroundWaterBodyCode,NO INTERNATIONAL NAME,groundWaterBody,,,,,,,AT1000,euRBDCode,DANUBE,F,47.97617,14.0065
AT,ATPG40912022,euMonitoringSiteCode,ATPG40912022,euMonitoringSiteCode,NO INTERNATIONAL NAME,ATGK100204,euGroundWaterBodyCode,NO INTERNATIONAL NAME,groundWaterBody,,,,,,,AT1000,euRBDCode,DANUBE,F,47.93485,13.99526
AT,ATPG40912032,euMonitoringSiteCode,ATPG40912032,euMonitoringSiteCode,NO INTERNATIONAL NAME,ATGK100202,euGroundWaterBodyCode,NO INTERNATIONAL NAME,groundWaterBody,,,,,,,AT1000,euRBDCode,DANUBE,F,47.97911,13.96366
AT,ATPG40912042,euMonitoringSiteCode,ATPG40912042,euMonitoringSiteCode,NO INTERNATIONAL NAME,ATGK100202,euGroundWaterBodyCode,NO INTERNATIONAL NAME,groundWaterBody,,,,,,,AT1000,euRBDCode,DANUBE,F,48.01104,14.04315
AT,ATPG40912052,euMonitoringSiteCode,ATPG40912052,euMonitoringSiteCode,NO INTERNATIONAL NAME,ATGK100202,euGroundWaterBodyCode,NO INTERNATIONAL NAME,groundWaterBody,,,,,,,AT1000,euRBDCode,DANUBE,F,47.9643,14.03715
AT,ATPG40913012,euMonitoringSiteCode,ATPG40913012,euMonitoringSiteCode,NO INTERNATIONAL NAME,ATGK100202,euGroundWaterBodyCode,NO INTERNATIONAL NAME,groundWaterBody,,,,,,,AT1000,euRBDCode,DANUBE,F,48.05325,14.0558
AT,ATPG40922012,euMonitoringSiteCode,ATPG40922012,euMonitoringSiteCode,NO INTERNATIONAL NAME,ATGK100203,euGroundWaterBodyCode,NO INTERNATIONAL NAME,groundWaterBody,,,,,,,AT1000,euRBDCode,DANUBE,F,47.99676,14.16225
AT,ATPG41002042,euMonitoringSiteCode,ATPG41002042,euMonitoringSiteCode,NO INTERNATIONAL NAME,ATGK100203,euGroundWaterBodyCode,NO INTERNATIONAL NAME,groundWaterBody,,,,,,,AT1000,euRBDCode,DANUBE,F,48.1945,14.30264
AT,ATPG41002052,euMonitoringSiteCode,ATPG41002052,euMonitoringSiteCode,NO INTERNATIONAL NAME,ATGK100203,euGroundWaterBodyCode,NO INTERNATIONAL NAME,groundWaterBody,,,,,,,AT1000,euRBDCode,DANUBE,F,48.17586,14.2727
AT,ATPG41002062,euMonitoringSiteCode,ATPG41002062,euMonitoringSiteCode,NO INTERNATIONAL NAME,ATGK100045,euGroundWaterBodyCode,NO INTERNATIONAL NAME,groundWaterBody,,,,,,,AT1000,euRBDCode,DANUBE,F,48.21105,14.25853
AT,ATPG41002072,euMonitoringSiteCode,ATPG41002072,euMonitoringSiteCode,NO INTERNATIONAL NAME,ATGK100045,euGroundWaterBodyCode,NO INTERNATIONAL NAME,groundWaterBody,,,,,,,AT1000,euRBDCode,DANUBE,F,48.22881,14.28846
AT,ATPG41003012,euMonitoringSiteCode,ATPG41003012,euMonitoringSiteCode,NO INTERNATIONAL NAME,ATGK100038,euGroundWaterBodyCode,NO INTERNATIONAL NAME,groundWaterBody,,,,,,,AT1000,euRBDCode,DANUBE,F,48.25024,14.41009
AT,ATPG41005012,euMonitoringSiteCode,ATPG41005012,euMonitoringSiteCode,NO INTERNATIONAL NAME,ATGK100038,euGroundWaterBodyCode,NO INTERNATIONAL NAME,groundWaterBody,,,,,,,AT1000,euRBDCode,DANUBE,F,48.21217,14.44026
AT,ATPG41005032,euMonitoringSiteCode,ATPG41005032,euMonitoringSiteCode,NO INTERNATIONAL NAME,ATGK100027,euGroundWaterBodyCode,NO INTERNATIONAL NAME,groundWaterBody,,,,,,,AT1000,euRBDCode,DANUBE,F,48.19652,14.47761
AT,ATPG41005042,euMonitoringSiteCode,ATPG41005042,euMonitoringSiteCode,NO INTERNATIONAL NAME,ATGK100027,euGroundWaterBodyCode,NO INTERNATIONAL NAME,groundWaterBody,,,,,,,AT1000,euRBDCode,DANUBE,F,48.17605,14.45429
AT,ATPG41005052,euMonitoringSiteCode,ATPG41005052,euMonitoringSiteCode,NO INTERNATIONAL NAME,ATGK100038,euGroundWaterBodyCode,NO INTERNATIONAL NAME,groundWaterBody,,,,,,,AT1000,euRBDCode,DANUBE,F,48.23097,14.45009
AT,ATPG41005062,euMonitoringSiteCode,ATPG41005062,euMonitoringSiteCode,NO INTERNATIONAL NAME,ATGK100203,euGroundWaterBodyCode,NO INTERNATIONAL NAME,groundWaterBody,,,,,,,AT1000,euRBDCode,DANUBE,F,48.20035,14.45347
AT,ATPG41005072,euMonitoringSiteCode,ATPG41005072,euMonitoringSiteCode,NO INTERNATIONAL NAME,ATGK100038,euGroundWaterBodyCode,NO INTERNATIONAL NAME,groundWaterBody,,,,,,,AT1000,euRBDCode,DANUBE,F,48.22609,14.48903
AT,ATPG41005082,euMonitoringSiteCode,ATPG41005082,euMonitoringSiteCode,NO INTERNATIONAL NAME,ATGK100038,euGroundWaterBodyCode,NO INTERNATIONAL NAME,groundWaterBody,,,,,,,AT1000,euRBDCode,DANUBE,F,48.22995,14.46218
AT,ATPG41006012,euMonitoringSiteCode,ATPG41006012,euMonitoringSiteCode,NO INTERNATIONAL NAME,ATGK100203,euGroundWaterBodyCode,NO INTERNATIONAL NAME,groundWaterBody,,,,,,,AT1000,euRBDCode,DANUBE,F,48.14846,14.42277
AT,ATPG41006022,euMonitoringSiteCode,ATPG41006022,euMonitoringSiteCode,NO INTERNATIONAL NAME,ATGK100203,euGroundWaterBodyCode,NO INTERNATIONAL NAME,groundWaterBody,,,,,,,AT1000,euRBDCode,DANUBE,F,48.12878,14.41027
AT,ATPG41007022,euMonitoringSiteCode,ATPG41007022,euMonitoringSiteCode,NO INTERNATIONAL NAME,ATGK100045,euGroundWaterBodyCode,NO INTERNATIONAL NAME,groundWaterBody,,,,,,,AT1000,euRBDCode,DANUBE,F,48.22345,14.16585
AT,ATPG41007032,euMonitoringSiteCode,ATPG41007032,euMonitoringSiteCode,NO INTERNATIONAL NAME,ATGK100045,euGroundWaterBodyCode,NO INTERNATIONAL NAME,groundWaterBody,,,,,,,AT1000,euRBDCode,DANUBE,F,48.22156,14.17794
AT,ATPG41008022,euMonitoringSiteCode,ATPG41008022,euMonitoringSiteCode,NO INTERNATIONAL NAME,ATGK100203,euGroundWaterBodyCode,NO INTERNATIONAL NAME,groundWaterBody,,,,,,,AT1000,euRBDCode,DANUBE,F,48.16679,14.3855
AT,ATPG41008032,euMonitoringSiteCode,ATPG41008032,euMonitoringSiteCode,NO INTERNATIONAL NAME,ATGK100203,euGroundWaterBodyCode,NO INTERNATIONAL NAME,groundWaterBody,,,,,,,AT1000,euRBDCode,DANUBE,F,48.13905,14.36881
AT,ATPG41009012,euMonitoringSiteCode,ATPG41009012,euMonitoringSiteCode,NO INTERNATIONAL NAME,ATGK100202,euGroundWaterBodyCode,NO INTERNATIONAL NAME,groundWaterBody,,,,,,,AT1000,euRBDCode,DANUBE,F,48.11016,14.15599
AT,ATPG41011012,euMonitoringSiteCode,ATPG41011012,euMonitoringSiteCode,NO INTERNATIONAL NAME,ATGK100027,euGroundWaterBodyCode,NO INTERNATIONAL NAME,groundWaterBody,,,,,,,AT1000,euRBDCode,DANUBE,F,48.14899,14.46177
AT,ATPG41011022,euMonitoringSiteCode,ATPG41011022,euMonitoringSiteCode,NO INTERNATIONAL NAME,ATGK100027,euGroundWaterBodyCode,NO INTERNATIONAL NAME,groundWaterBody,,,,,,,AT1000,euRBDCode,DANUBE,F,48.11918,14.47322
AT,ATPG41011032,euMonitoringSiteCode,ATPG41011032,euMonitoringSiteCode,NO INTERNATIONAL NAME,ATGK100027,euGroundWaterBodyCode,NO INTERNATIONAL NAME,groundWaterBody,,,,,,,AT1000,euRBDCode,DANUBE,F,48.12735,14.46668
AT,ATPG41012012,euMonitoringSiteCode,ATPG41012012,euMonitoringSiteCode,NO INTERNATIONAL NAME,ATGK100045,euGroundWaterBodyCode,NO INTERNATIONAL NAME,groundWaterBody,,,,,,,AT1000,euRBDCode,DANUBE,F,48.25535,14.23103
AT,ATPG41012022,euMonitoringSiteCode,ATPG41012022,euMonitoringSiteCode,WASCHKUCHE HAUS 12,ATGK100045,euGroundWaterBodyCode,NO INTERNATIONAL NAME,groundWaterBody,,,,,,,AT1000,euRBDCode,DANUBE,N,,
AT,ATPG41012052,euMonitoringSiteCode,ATPG41012052,euMonitoringSiteCode,NO INTERNATIONAL NAME,ATGK100045,euGroundWaterBodyCode,NO INTERNATIONAL NAME,groundWaterBody,,,,,,,AT1000,euRBDCode,DANUBE,F,48.26497,14.26622
AT,ATPG41013022,euMonitoringSiteCode,ATPG41013022,euMonitoringSiteCode,NO INTERNATIONAL NAME,ATGK100038,euGroundWaterBodyCode,NO INTERNATIONAL NAME,groundWaterBody,,,,,,,AT1000,euRBDCode,DANUBE,F,48.22423,14.40147
AT,ATPG41013042,euMonitoringSiteCode,ATPG41013042,euMonitoringSiteCode,NO INTERNATIONAL NAME,ATGK100203,euGroundWaterBodyCode,NO INTERNATIONAL NAME,groundWaterBody,,,,,,,AT1000,euRBDCode,DANUBE,F,48.19685,14.3444
AT,ATPG41014012,euMonitoringSiteCode,ATPG41014012,euMonitoringSiteCode,NO INTERNATIONAL NAME,ATGK100201,euGroundWaterBodyCode,NO INTERNATIONAL NAME,groundWaterBody,,,,,,,AT1000,euRBDCode,DANUBE,F,48.1321,14.23159
AT,ATPG41014022,euMonitoringSiteCode,ATPG41014022,euMonitoringSiteCode,NO INTERNATIONAL NAME,ATGK100202,euGroundWaterBodyCode,NO INTERNATIONAL NAME,groundWaterBody,,,,,,,AT1000,euRBDCode,DANUBE,F,48.1494,14.20366
AT,ATPG41015022,euMonitoringSiteCode,ATPG41015022,euMonitoringSiteCode,NO INTERNATIONAL NAME,ATGK100203,euGroundWaterBodyCode,NO INTERNATIONAL NAME,groundWaterBody,,,,,,,AT1000,euRBDCode,DANUBE,F,48.14758,14.31924
AT,ATPG41015032,euMonitoringSiteCode,ATPG41015032,euMonitoringSiteCode,NO INTERNATIONAL NAME,ATGK100203,euGroundWaterBodyCode,NO INTERNATIONAL NAME,groundWaterBody,,,,,,,AT1000,euRBDCode,DANUBE,F,48.16783,14.37073
AT,ATPG41017022,euMonitoringSiteCode,ATPG41017022,euMonitoringSiteCode,NO INTERNATIONAL NAME,ATGK100045,euGroundWaterBodyCode,NO INTERNATIONAL NAME,groundWaterBody,,,,,,,AT1000,euRBDCode,DANUBE,F,48.24846,14.1905
AT,ATPG41019022,euMonitoringSiteCode,ATPG41019022,euMonitoringSiteCode,NO INTERNATIONAL NAME,ATGK100202,euGroundWaterBodyCode,NO INTERNATIONAL NAME,groundWaterBody,,,,,,,AT1000,euRBDCode,DANUBE,F,48.17457,14.20677
AT,ATPG41019032,euMonitoringSiteCode,ATPG41019032,euMonitoringSiteCode,NO INTERNATIONAL NAME,ATGK100202,euGroundWaterBodyCode,NO INTERNATIONAL NAME,groundWaterBody,,,,,,,AT1000,euRBDCode,DANUBE,F,48.18079,14.21629
AT,ATPG41020022,euMonitoringSiteCode,ATPG41020022,euMonitoringSiteCode,NO INTERNATIONAL NAME,ATGK100203,euGroundWaterBodyCode,NO INTERNATIONAL NAME,groundWaterBody,,,,,,,AT1000,euRBDCode,DANUBE,F,48.12053,14.32679
AT,ATPG41020042,euMonitoringSiteCode,ATPG41020042,euMonitoringSiteCode,NO INTERNATIONAL NAME,ATGK100203,euGroundWaterBodyCode,NO INTERNATIONAL NAME,groundWaterBody,,,,,,,AT1000,euRBDCode,DANUBE,F,48.12112,14.25425
AT,ATPG41021012,euMonitoringSiteCode,ATPG41021012,euMonitoringSiteCode,NO INTERNATIONAL NAME,ATGK100045,euGroundWaterBodyCode,NO INTERNATIONAL NAME,groundWaterBody,,,,,,,AT1000,euRBDCode,DANUBE,F,48.23192,14.23601
AT,ATPG41021022,euMonitoringSiteCode,ATPG41021022,euMonitoringSiteCode,NO INTERNATIONAL NAME,ATGK100045,euGroundWaterBodyCode,NO INTERNATIONAL NAME,groundWaterBody,,,,,,,AT1000,euRBDCode,DANUBE,F,48.22987,14.26829
AT,ATPG41021052,euMonitoringSiteCode,ATPG41021052,euMonitoringSiteCode,NO INTERNATIONAL NAME,ATGK100045,euGroundWaterBodyCode,NO INTERNATIONAL NAME,groundWaterBody,,,,,,,AT1000,euRBDCode,DANUBE,F,48.23105,14.23195
AT,ATPG41022012,euMonitoringSiteCode,ATPG41022012,euMonitoringSiteCode,NO INTERNATIONAL NAME,ATGK100036,euGroundWaterBodyCode,NO INTERNATIONAL NAME,groundWaterBody,,,,,,,AT1000,euRBDCode,DANUBE,F,48.30365,14.14556
AT,ATPG41022022,euMonitoringSiteCode,ATPG41022022,euMonitoringSiteCode,NO INTERNATIONAL NAME,ATGK100036,euGroundWaterBodyCode,NO INTERNATIONAL NAME,groundWaterBody,,,,,,,AT1000,euRBDCode,DANUBE,F,48.29731,14.15221
AT,ATPG41022032,euMonitoringSiteCode,ATPG41022032,euMonitoringSiteCode,NO INTERNATIONAL NAME,ATGK100036,euGroundWaterBodyCode,NO INTERNATIONAL NAME,groundWaterBody,,,,,,,AT1000,euRBDCode,DANUBE,F,48.31071,14.1659
AT,ATPG41102012,euMonitoringSiteCode,ATPG41102012,euMonitoringSiteCode,NO INTERNATIONAL NAME,ATGK100019,euGroundWaterBodyCode,NO INTERNATIONAL NAME,groundWaterBody,,,,,,,AT1000,euRBDCode,DANUBE,F,48.22839,14.6924
AT,ATPG41103022,euMonitoringSiteCode,ATPG41103022,euMonitoringSiteCode,NO INTERNATIONAL NAME,ATGK100019,euGroundWaterBodyCode,NO INTERNATIONAL NAME,groundWaterBody,,,,,,,AT1000,euRBDCode,DANUBE,F,48.20708,14.74434
AT,ATPG41103032,euMonitoringSiteCode,ATPG41103032,euMonitoringSiteCode,NO INTERNATIONAL NAME,ATGK100019,euGroundWaterBodyCode,NO INTERNATIONAL NAME,groundWaterBody,,,,,,,AT1000,euRBDCode,DANUBE,F,48.19371,14.73455
AT,ATPG41107012,euMonitoringSiteCode,ATPG41107012,euMonitoringSiteCode,NO INTERNATIONAL NAME,ATGK100190,euGroundWaterBodyCode,NO INTERNATIONAL NAME,groundWaterBody,,,,,,,AT1000,euRBDCode,DANUBE,F,48.22688,14.81624
AT,ATPG41109012,euMonitoringSiteCode,ATPG41109012,euMonitoringSiteCode,NO INTERNATIONAL NAME,ATGK100038,euGroundWaterBodyCode,NO INTERNATIONAL NAME,groundWaterBody,,,,,,,AT1000,euRBDCode,DANUBE,F,48.24883,14.46394
AT,ATPG41111012,euMonitoringSiteCode,ATPG41111012,euMonitoringSiteCode,NO INTERNATIONAL NAME,ATGK100019,euGroundWaterBodyCode,NO INTERNATIONAL NAME,groundWaterBody,,,,,,,AT1000,euRBDCode,DANUBE,F,48.25676,14.56919
AT,ATPG41111022,euMonitoringSiteCode,ATPG41111022,euMonitoringSiteCode,NO INTERNATIONAL NAME,ATGK100019,euGroundWaterBodyCode,NO INTERNATIONAL NAME,groundWaterBody,,,,,,,AT1000,euRBDCode,DANUBE,F,48.18096,14.67098
AT,ATPG41111032,euMonitoringSiteCode,ATPG41111032,euMonitoringSiteCode,NO INTERNATIONAL NAME,ATGK100019,euGroundWaterBodyCode,NO INTERNATIONAL NAME,groundWaterBody,,,,,,,AT1000,euRBDCode,DANUBE,F,48.24351,14.54598
AT,ATPG41111042,euMonitoringSiteCode,ATPG41111042,euMonitoringSiteCode,NO INTERNATIONAL NAME,ATGK100019,euGroundWaterBodyCode,NO INTERNATIONAL NAME,groundWaterBody,,,,,,,AT1000,euRBDCode,DANUBE,F,48.24618,14.54874
AT,ATPG41112022,euMonitoringSiteCode,ATPG41112022,euMonitoringSiteCode,NO INTERNATIONAL NAME,ATGK100019,euGroundWaterBodyCode,NO INTERNATIONAL NAME,groundWaterBody,,,,,,,AT1000,euRBDCode,DANUBE,F,48.20398,14.70253
AT,ATPG41112032,euMonitoringSiteCode,ATPG41112032,euMonitoringSiteCode,NO INTERNATIONAL NAME,ATGK100019,euGroundWaterBodyCode,NO INTERNATIONAL NAME,groundWaterBody,,,,,,,AT1000,euRBDCode,DANUBE,F,48.19406,14.70496
AT,ATPG41112052,euMonitoringSiteCode,ATPG41112052,euMonitoringSiteCode,NO INTERNATIONAL NAME,ATGK100019,euGroundWaterBodyCode,NO INTERNATIONAL NAME,groundWaterBody,,,,,,,AT1000,euRBDCode,DANUBE,F,48.17784,14.70722
AT,ATPG41113012,euMonitoringSiteCode,ATPG41113012,euMonitoringSiteCode,NO INTERNATIONAL NAME,ATGK100190,euGroundWaterBodyCode,NO INTERNATIONAL NAME,groundWaterBody,,,,,,,AT1000,euRBDCode,DANUBE,F,48.27856,14.71123
AT,ATPG41114012,euMonitoringSiteCode,ATPG41114012,euMonitoringSiteCode,NO INTERNATIONAL NAME,ATGK100019,euGroundWaterBodyCode,NO INTERNATIONAL NAME,groundWaterBody,,,,,,,AT1000,euRBDCode,DANUBE,F,48.2093,14.63133
AT,ATPG41114022,euMonitoringSiteCode,ATPG41114022,euMonitoringSiteCode,NO INTERNATIONAL NAME,ATGK100019,euGroundWaterBodyCode,NO INTERNATIONAL NAME,groundWaterBody,,,,,,,AT1000,euRBDCode,DANUBE,F,48.23572,14.60101
AT,ATPG41114032,euMonitoringSiteCode,ATPG41114032,euMonitoringSiteCode,NO INTERNATIONAL NAME,ATGK100019,euGroundWaterBodyCode,NO INTERNATIONAL NAME,groundWaterBody,,,,,,,AT1000,euRBDCode,DANUBE,F,48.18302,14.64816
AT,ATPG41114042,euMonitoringSiteCode,ATPG41114042,euMonitoringSiteCode,NO INTERNATIONAL NAME,ATGK100019,euGroundWaterBodyCode,NO INTERNATIONAL NAME,groundWaterBody,,,,,,,AT1000,euRBDCode,DANUBE,F,48.19902,14.66472
AT,ATPG41114062,euMonitoringSiteCode,ATPG41114062,euMonitoringSiteCode,NO INTERNATIONAL NAME,ATGK100019,euGroundWaterBodyCode,NO INTERNATIONAL NAME,groundWaterBody,,,,,,,AT1000,euRBDCode,DANUBE,F,48.21947,14.606
AT,ATPG41114072,euMonitoringSiteCode,ATPG41114072,euMonitoringSiteCode,NO INTERNATIONAL NAME,ATGK100019,euGroundWaterBodyCode,NO INTERNATIONAL NAME,groundWaterBody,,,,,,,AT1000,euRBDCode,DANUBE,F,48.24221,14.58366
AT,ATPG41114082,euMonitoringSiteCode,ATPG41114082,euMonitoringSiteCode,NO INTERNATIONAL NAME,ATGK100019,euGroundWaterBodyCode,NO INTERNATIONAL NAME,groundWaterBody,,,,,,,AT1000,euRBDCode,DANUBE,F,48.23152,14.57398
AT,ATPG41114092,euMonitoringSiteCode,ATPG41114092,euMonitoringSiteCode,NO INTERNATIONAL NAME,ATGK100019,euGroundWaterBodyCode,NO INTERNATIONAL NAME,groundWaterBody,,,,,,,AT1000,euRBDCode,DANUBE,F,48.19762,14.62969
AT,ATPG41114102,euMonitoringSiteCode,ATPG41114102,euMonitoringSiteCode,NO INTERNATIONAL NAME,ATGK100019,euGroundWaterBodyCode,NO INTERNATIONAL NAME,groundWaterBody,,,,,,,AT1000,euRBDCode,DANUBE,F,48.23683,14.58219
AT,ATPG41116022,euMonitoringSiteCode,ATPG41116022,euMonitoringSiteCode,NO INTERNATIONAL NAME,ATGK100019,euGroundWaterBodyCode,NO INTERNATIONAL NAME,groundWaterBody,,,,,,,AT1000,euRBDCode,DANUBE,F,48.23817,14.62397
AT,ATPG41116032,euMonitoringSiteCode,ATPG41116032,euMonitoringSiteCode,K A,ATGK100019,euGroundWaterBodyCode,NO INTERNATIONAL NAME,groundWaterBody,,,,,,,AT1000,euRBDCode,DANUBE,F,48.2327,14.664
AT,ATPG41123032,euMonitoringSiteCode,ATPG41123032,euMonitoringSiteCode,NO INTERNATIONAL NAME,ATGK100019,euGroundWaterBodyCode,NO INTERNATIONAL NAME,groundWaterBody,,,,,,,AT1000,euRBDCode,DANUBE,F,48.19301,14.79105
AT,ATPG41125012,euMonitoringSiteCode,ATPG41125012,euMonitoringSiteCode,NO INTERNATIONAL NAME,ATGK100190,euGroundWaterBodyCode,NO INTERNATIONAL NAME,groundWaterBody,,,,,,,AT1000,euRBDCode,DANUBE,F,48.26112,14.94792
AT,ATPG41210022,euMonitoringSiteCode,ATPG41210022,euMonitoringSiteCode,NO INTERNATIONAL NAME,ATGK100199,euGroundWaterBodyCode,NO INTERNATIONAL NAME,groundWaterBody,,,,,,,AT1000,euRBDCode,DANUBE,F,48.29476,13.30153
AT,ATPG41211012,euMonitoringSiteCode,ATPG41211012,euMonitoringSiteCode,NO INTERNATIONAL NAME,ATGK100198,euGroundWaterBodyCode,NO INTERNATIONAL NAME,groundWaterBody,,,,,,,AT1000,euRBDCode,DANUBE,F,48.20481,13.36888
AT,ATPG41213012,euMonitoringSiteCode,ATPG41213012,euMonitoringSiteCode,NO INTERNATIONAL NAME,ATGK100198,euGroundWaterBodyCode,NO INTERNATIONAL NAME,groundWaterBody,,,,,,,AT1000,euRBDCode,DANUBE,F,48.12474,13.37689
AT,ATPG41217012,euMonitoringSiteCode,ATPG41217012,euMonitoringSiteCode,NO INTERNATIONAL NAME,ATGK100199,euGroundWaterBodyCode,NO INTERNATIONAL NAME,groundWaterBody,,,,,,,AT1000,euRBDCode,DANUBE,F,48.26861,13.20723
AT,ATPG41217022,euMonitoringSiteCode,ATPG41217022,euMonitoringSiteCode,NO INTERNATIONAL NAME,ATGK100199,euGroundWaterBodyCode,NO INTERNATIONAL NAME,groundWaterBody,,,,,,,AT1000,euRBDCode,DANUBE,F,48.26681,13.20859
AT,ATPG41218012,euMonitoringSiteCode,ATPG41218012,euMonitoringSiteCode,NO INTERNATIONAL NAME,ATGK100015,euGroundWaterBodyCode,NO INTERNATIONAL NAME,groundWaterBody,,,,,,,AT1000,euRBDCode,DANUBE,F,48.18854,13.47514
AT,ATPG41220012,euMonitoringSiteCode,ATPG41220012,euMonitoringSiteCode,NO INTERNATIONAL NAME,ATGK100015,euGroundWaterBodyCode,NO INTERNATIONAL NAME,groundWaterBody,,,,,,,AT1000,euRBDCode,DANUBE,F,48.31359,13.46064
AT,ATPG41222012,euMonitoringSiteCode,ATPG41222012,euMonitoringSiteCode,NO INTERNATIONAL NAME,ATGK100015,euGroundWaterBodyCode,NO INTERNATIONAL NAME,groundWaterBody,,,,,,,AT1000,euRBDCode,DANUBE,F,48.23793,13.53183
AT,ATPG41224022,euMonitoringSiteCode,ATPG41224022,euMonitoringSiteCode,NO INTERNATIONAL NAME,ATGK100199,euGroundWaterBodyCode,NO INTERNATIONAL NAME,groundWaterBody,,,,,,,AT1000,euRBDCode,DANUBE,F,48.32445,13.37435
AT,ATPG41226012,euMonitoringSiteCode,ATPG41226012,euMonitoringSiteCode,NO INTERNATIONAL NAME,ATGK100199,euGroundWaterBodyCode,NO INTERNATIONAL NAME,groundWaterBody,,,,,,,AT1000,euRBDCode,DANUBE,F,48.29027,13.33388
AT,ATPG41227012,euMonitoringSiteCode,ATPG41227012,euMonitoringSiteCode,NO INTERNATIONAL NAME,ATGK100015,euGroundWaterBodyCode,NO INTERNATIONAL NAME,groundWaterBody,,,,,,,AT1000,euRBDCode,DANUBE,F,48.1785,13.56255
AT,ATPG41229012,euMonitoringSiteCode,ATPG41229012,euMonitoringSiteCode,NO INTERNATIONAL NAME,ATGK100198,euGroundWaterBodyCode,NO INTERNATIONAL NAME,groundWaterBody,,,,,,,AT1000,euRBDCode,DANUBE,F,48.14718,13.4589
AT,ATPG41231012,euMonitoringSiteCode,ATPG41231012,euMonitoringSiteCode,NO INTERNATIONAL NAME,ATGK100015,euGroundWaterBodyCode,NO INTERNATIONAL NAME,groundWaterBody,,,,,,,AT1000,euRBDCode,DANUBE,F,48.26217,13.55752
AT,ATPG41301012,euMonitoringSiteCode,ATPG41301012,euMonitoringSiteCode,NO INTERNATIONAL NAME,ATGK100190,euGroundWaterBodyCode,NO INTERNATIONAL NAME,groundWaterBody,,,,,,,AT1000,euRBDCode,DANUBE,F,48.58892,14.12834
AT,ATPG41304012,euMonitoringSiteCode,ATPG41304012,euMonitoringSiteCode,NO INTERNATIONAL NAME,ATGK100190,euGroundWaterBodyCode,NO INTERNATIONAL NAME,groundWaterBody,,,,,,,AT1000,euRBDCode,DANUBE,F,48.47564,13.97239
AT,ATPG41326012,euMonitoringSiteCode,ATPG41326012,euMonitoringSiteCode,NO INTERNATIONAL NAME,ATGK100190,euGroundWaterBodyCode,NO INTERNATIONAL NAME,groundWaterBody,,,,,,,AT1000,euRBDCode,DANUBE,F,48.61184,13.89811
AT,ATPG41329012,euMonitoringSiteCode,ATPG41329012,euMonitoringSiteCode,NO INTERNATIONAL NAME,ATGK100190,euGroundWaterBodyCode,NO INTERNATIONAL NAME,groundWaterBody,,,,,,,AT1000,euRBDCode,DANUBE,F,48.5108,13.75352
AT,ATPG41332012,euMonitoringSiteCode,ATPG41332012,euMonitoringSiteCode,NO INTERNATIONAL NAME,ATGK100190,euGroundWaterBodyCode,NO INTERNATIONAL NAME,groundWaterBody,,,,,,,AT1000,euRBDCode,DANUBE,F,48.43029,14.03671
AT,ATPG41334012,euMonitoringSiteCode,ATPG41334012,euMonitoringSiteCode,NO INTERNATIONAL NAME,ATGK100190,euGroundWaterBodyCode,NO INTERNATIONAL NAME,groundWaterBody,,,,,,,AT1000,euRBDCode,DANUBE,F,48.54427,14.07889
AT,ATPG41337012,euMonitoringSiteCode,ATPG41337012,euMonitoringSiteCode,NO INTERNATIONAL NAME,ATGK100190,euGroundWaterBodyCode,NO INTERNATIONAL NAME,groundWaterBody,,,,,,,AT1000,euRBDCode,DANUBE,F,48.50139,14.16896
AT,ATPG41338012,euMonitoringSiteCode,ATPG41338012,euMonitoringSiteCode,NO INTERNATIONAL NAME,ATGK100190,euGroundWaterBodyCode,NO INTERNATIONAL NAME,groundWaterBody,,,,,,,AT1000,euRBDCode,DANUBE,F,48.55234,13.92591
AT,ATPG41341012,euMonitoringSiteCode,ATPG41341012,euMonitoringSiteCode,NO INTERNATIONAL NAME,ATGK100190,euGroundWaterBodyCode,NO INTERNATIONAL NAME,groundWaterBody,,,,,,,AT1000,euRBDCode,DANUBE,F,48.74879,13.84248
AT,ATPG41402012,euMonitoringSiteCode,ATPG41402012,euMonitoringSiteCode,NO INTERNATIONAL NAME,ATGK100015,euGroundWaterBodyCode,NO INTERNATIONAL NAME,groundWaterBody,,,,,,,AT1000,euRBDCode,DANUBE,F,48.3692,13.56473
AT,ATPG41413012,euMonitoringSiteCode,ATPG41413012,euMonitoringSiteCode,NO INTERNATIONAL NAME,ATGK100011,euGroundWaterBodyCode,NO INTERNATIONAL NAME,groundWaterBody,,,,,,,AT1000,euRBDCode,DANUBE,F,48.49579,13.66678
AT,ATPG41415022,euMonitoringSiteCode,ATPG41415022,euMonitoringSiteCode,NO INTERNATIONAL NAME,ATGK100015,euGroundWaterBodyCode,NO INTERNATIONAL NAME,groundWaterBody,,,,,,,AT1000,euRBDCode,DANUBE,F,48.45471,13.53671
AT,ATPG41430012,euMonitoringSiteCode,ATPG41430012,euMonitoringSiteCode,NO INTERNATIONAL NAME,ATGK100015,euGroundWaterBodyCode,NO INTERNATIONAL NAME,groundWaterBody,,,,,,,AT1000,euRBDCode,DANUBE,F,48.3105,13.6656
AT,ATPG41503012,euMonitoringSiteCode,ATPG41503012,euMonitoringSiteCode,NO INTERNATIONAL NAME,ATGK100203,euGroundWaterBodyCode,NO INTERNATIONAL NAME,groundWaterBody,,,,,,,AT1000,euRBDCode,DANUBE,F,48.04287,14.25153
AT,ATPG41504012,euMonitoringSiteCode,ATPG41504012,euMonitoringSiteCode,NO INTERNATIONAL NAME,ATGK100027,euGroundWaterBodyCode,NO INTERNATIONAL NAME,groundWaterBody,,,,,,,AT1000,euRBDCode,DANUBE,F,48.1004,14.46207
AT,ATPG41504032,euMonitoringSiteCode,ATPG41504032,euMonitoringSiteCode,NO INTERNATIONAL NAME,ATGK100203,euGroundWaterBodyCode,NO INTERNATIONAL NAME,groundWaterBody,,,,,,,AT1000,euRBDCode,DANUBE,F,48.11072,14.41796
AT,ATPG41504042,euMonitoringSiteCode,ATPG41504042,euMonitoringSiteCode,NO INTERNATIONAL NAME,ATGK100027,euGroundWaterBodyCode,NO INTERNATIONAL NAME,groundWaterBody,,,,,,,AT1000,euRBDCode,DANUBE,F,48.08973,14.44841
AT,ATPG41504052,euMonitoringSiteCode,ATPG41504052,euMonitoringSiteCode,NO INTERNATIONAL NAME,ATGK100027,euGroundWaterBodyCode,NO INTERNATIONAL NAME,groundWaterBody,,,,,,,AT1000,euRBDCode,DANUBE,F,48.08087,14.43479
AT,ATPG41513012,euMonitoringSiteCode,ATPG41513012,euMonitoringSiteCode,NO INTERNATIONAL NAME,ATGK100203,euGroundWaterBodyCode,NO INTERNATIONAL NAME,groundWaterBody,,,,,,,AT1000,euRBDCode,DANUBE,F,48.06284,14.22906
AT,ATPG41515022,euMonitoringSiteCode,ATPG41515022,euMonitoringSiteCode,NO INTERNATIONAL NAME,ATGK100203,euGroundWaterBodyCode,NO INTERNATIONAL NAME,groundWaterBody,,,,,,,AT1000,euRBDCode,DANUBE,F,48.0841,14.27105
AT,ATPG41515032,euMonitoringSiteCode,ATPG41515032,euMonitoringSiteCode,NO INTERNATIONAL NAME,ATGK100203,euGroundWaterBodyCode,NO INTERNATIONAL NAME,groundWaterBody,,,,,,,AT1000,euRBDCode,DANUBE,F,48.06147,14.28809
AT,ATPG41515042,euMonitoringSiteCode,ATPG41515042,euMonitoringSiteCode,NO INTERNATIONAL NAME,ATGK100203,euGroundWaterBodyCode,NO INTERNATIONAL NAME,groundWaterBody,,,,,,,AT1000,euRBDCode,DANUBE,F,48.10271,14.30631
AT,ATPG41516012,euMonitoringSiteCode,ATPG41516012,euMonitoringSiteCode,NO INTERNATIONAL NAME,ATGK100203,euGroundWaterBodyCode,NO INTERNATIONAL NAME,groundWaterBody,,,,,,,AT1000,euRBDCode,DANUBE,F,48.07831,14.31928
AT,ATPG41517012,euMonitoringSiteCode,ATPG41517012,euMonitoringSiteCode,NO INTERNATIONAL NAME,ATGK100027,euGroundWaterBodyCode,NO INTERNATIONAL NAME,groundWaterBody,,,,,,,AT1000,euRBDCode,DANUBE,F,47.96647,14.35066
AT,ATPG41518012,euMonitoringSiteCode,ATPG41518012,euMonitoringSiteCode,NO INTERNATIONAL NAME,ATGK100203,euGroundWaterBodyCode,NO INTERNATIONAL NAME,groundWaterBody,,,,,,,AT1000,euRBDCode,DANUBE,F,48.02112,14.27126
AT,ATPG41521022,euMonitoringSiteCode,ATPG41521022,euMonitoringSiteCode,NO INTERNATIONAL NAME,ATGK100203,euGroundWaterBodyCode,NO INTERNATIONAL NAME,groundWaterBody,,,,,,,AT1000,euRBDCode,DANUBE,F,48.07755,14.40519
AT,ATPG41521032,euMonitoringSiteCode,ATPG41521032,euMonitoringSiteCode,NO INTERNATIONAL NAME,ATGK100203,euGroundWaterBodyCode,NO INTERNATIONAL NAME,groundWaterBody,,,,,,,AT1000,euRBDCode,DANUBE,F,48.11123,14.36155
AT,ATPG41521042,euMonitoringSiteCode,ATPG41521042,euMonitoringSiteCode,NO INTERNATIONAL NAME,ATGK100203,euGroundWaterBodyCode,NO INTERNATIONAL NAME,groundWaterBody,,,,,,,AT1000,euRBDCode,DANUBE,F,48.0797,14.3663
AT,ATPG41605012,euMonitoringSiteCode,ATPG41605012,euMonitoringSiteCode,NO INTERNATIONAL NAME,ATGK100190,euGroundWaterBodyCode,NO INTERNATIONAL NAME,groundWaterBody,,,,,,,AT1000,euRBDCode,DANUBE,F,48.33831,14.42001
AT,ATPG41606012,euMonitoringSiteCode,ATPG41606012,euMonitoringSiteCode,NO INTERNATIONAL NAME,ATGK100036,euGroundWaterBodyCode,NO INTERNATIONAL NAME,groundWaterBody,,,,,,,AT1000,euRBDCode,DANUBE,F,48.35647,14.04786
AT,ATPG41606022,euMonitoringSiteCode,ATPG41606022,euMonitoringSiteCode,NO INTERNATIONAL NAME,ATGK100036,euGroundWaterBodyCode,NO INTERNATIONAL NAME,groundWaterBody,,,,,,,AT1000,euRBDCode,DANUBE,F,48.33211,14.05832
AT,ATPG41606032,euMonitoringSiteCode,ATPG41606032,euMonitoringSiteCode,NO INTERNATIONAL NAME,ATGK100036,euGroundWaterBodyCode,NO INTERNATIONAL NAME,groundWaterBody,,,,,,,AT1000,euRBDCode,DANUBE,F,48.34179,14.09218
AT,ATPG41606052,euMonitoringSiteCode,ATPG41606052,euMonitoringSiteCode,NO INTERNATIONAL NAME,ATGK100036,euGroundWaterBodyCode,NO INTERNATIONAL NAME,groundWaterBody,,,,,,,AT1000,euRBDCode,DANUBE,F,48.3521,14.0262
AT,ATPG41606062,euMonitoringSiteCode,ATPG41606062,euMonitoringSiteCode,NO INTERNATIONAL NAME,ATGK100036,euGroundWaterBodyCode,NO INTERNATIONAL NAME,groundWaterBody,,,,,,,AT1000,euRBDCode,DANUBE,F,48.34477,14.04905
AT,ATPG41608012,euMonitoringSiteCode,ATPG41608012,euMonitoringSiteCode,NO INTERNATIONAL NAME,ATGK100036,euGroundWaterBodyCode,NO INTERNATIONAL NAME,groundWaterBody,,,,,,,AT1000,euRBDCode,DANUBE,F,48.33014,14.08662
AT,ATPG41608032,euMonitoringSiteCode,ATPG41608032,euMonitoringSiteCode,NO INTERNATIONAL NAME,ATGK100036,euGroundWaterBodyCode,NO INTERNATIONAL NAME,groundWaterBody,,,,,,,AT1000,euRBDCode,DANUBE,F,48.3235,14.13778
AT,ATPG41608042,euMonitoringSiteCode,ATPG41608042,euMonitoringSiteCode,NO INTERNATIONAL NAME,ATGK100036,euGroundWaterBodyCode,NO INTERNATIONAL NAME,groundWaterBody,,,,,,,AT1000,euRBDCode,DANUBE,F,48.31745,14.10127
AT,ATPG41609012,euMonitoringSiteCode,ATPG41609012,euMonitoringSiteCode,NO INTERNATIONAL NAME,ATGK100190,euGroundWaterBodyCode,NO INTERNATIONAL NAME,groundWaterBody,,,,,,,AT1000,euRBDCode,DANUBE,F,48.37684,14.22502
AT,ATPG41617012,euMonitoringSiteCode,ATPG41617012,euMonitoringSiteCode,NO INTERNATIONAL NAME,ATGK100036,euGroundWaterBodyCode,NO INTERNATIONAL NAME,groundWaterBody,,,,,,,AT1000,euRBDCode,DANUBE,F,48.33328,14.15412
AT,ATPG41621012,euMonitoringSiteCode,ATPG41621012,euMonitoringSiteCode,NO INTERNATIONAL NAME,ATGK100190,euGroundWaterBodyCode,NO INTERNATIONAL NAME,groundWaterBody,,,,,,,AT1000,euRBDCode,DANUBE,F,48.3892,14.13339
AT,ATPG41624032,euMonitoringSiteCode,ATPG41624032,euMonitoringSiteCode,NO INTERNATIONAL NAME,ATGK100038,euGroundWaterBodyCode,NO INTERNATIONAL NAME,groundWaterBody,,,,,,,AT1000,euRBDCode,DANUBE,F,48.32026,14.32521
AT,ATPG41624042,euMonitoringSiteCode,ATPG41624042,euMonitoringSiteCode,NO INTERNATIONAL NAME,ATGK100038,euGroundWaterBodyCode,NO INTERNATIONAL NAME,groundWaterBody,,,,,,,AT1000,euRBDCode,DANUBE,F,48.2794,14.36891
AT,ATPG41626012,euMonitoringSiteCode,ATPG41626012,euMonitoringSiteCode,NO INTERNATIONAL NAME,ATGK100036,euGroundWaterBodyCode,NO INTERNATIONAL NAME,groundWaterBody,,,,,,,AT1000,euRBDCode,DANUBE,F,48.33157,14.14195
AT,ATPG41626022,euMonitoringSiteCode,ATPG41626022,euMonitoringSiteCode,NO INTERNATIONAL NAME,ATGK100036,euGroundWaterBodyCode,NO INTERNATIONAL NAME,groundWaterBody,,,,,,,AT1000,euRBDCode,DANUBE,F,48.32897,14.12707
AT,ATPG41701012,euMonitoringSiteCode,ATPG41701012,euMonitoringSiteCode,NO INTERNATIONAL NAME,ATGK100197,euGroundWaterBodyCode,NO INTERNATIONAL NAME,groundWaterBody,,,,,,,AT1000,euRBDCode,DANUBE,F,48.09849,13.53534
AT,ATPG41706012,euMonitoringSiteCode,ATPG41706012,euMonitoringSiteCode,NO INTERNATIONAL NAME,ATGK100205,euGroundWaterBodyCode,NO INTERNATIONAL NAME,groundWaterBody,,,,,,,AT1000,euRBDCode,DANUBE,F,47.9627,13.50133
AT,ATPG41707012,euMonitoringSiteCode,ATPG41707012,euMonitoringSiteCode,NO INTERNATIONAL NAME,ATGK100205,euGroundWaterBodyCode,NO INTERNATIONAL NAME,groundWaterBody,,,,,,,AT1000,euRBDCode,DANUBE,F,48.01415,13.78038
AT,ATPG41710012,euMonitoringSiteCode,ATPG41710012,euMonitoringSiteCode,NO INTERNATIONAL NAME,ATGK100205,euGroundWaterBodyCode,NO INTERNATIONAL NAME,groundWaterBody,,,,,,,AT1000,euRBDCode,DANUBE,F,47.98527,13.43708
AT,ATPG41711012,euMonitoringSiteCode,ATPG41711012,euMonitoringSiteCode,NO INTERNATIONAL NAME,ATGK100205,euGroundWaterBodyCode,NO INTERNATIONAL NAME,groundWaterBody,,,,,,,AT1000,euRBDCode,DANUBE,F,47.99678,13.5631
AT,ATPG41713022,euMonitoringSiteCode,ATPG41713022,euMonitoringSiteCode,NO INTERNATIONAL NAME,ATGK100204,euGroundWaterBodyCode,NO INTERNATIONAL NAME,groundWaterBody,,,,,,,AT1000,euRBDCode,DANUBE,F,47.98588,13.61531
AT,ATPG41729012,euMonitoringSiteCode,ATPG41729012,euMonitoringSiteCode,NO INTERNATIONAL NAME,ATGK100197,euGroundWaterBodyCode,NO INTERNATIONAL NAME,groundWaterBody,,,,,,,AT1000,euRBDCode,DANUBE,F,48.06626,13.40637
AT,ATPG41731012,euMonitoringSiteCode,ATPG41731012,euMonitoringSiteCode,NO INTERNATIONAL NAME,ATGK100204,euGroundWaterBodyCode,NO INTERNATIONAL NAME,groundWaterBody,,,,,,,AT1000,euRBDCode,DANUBE,F,47.99286,13.69309
AT,ATPG41732012,euMonitoringSiteCode,ATPG41732012,euMonitoringSiteCode,NO INTERNATIONAL NAME,ATGK100204,euGroundWaterBodyCode,NO INTERNATIONAL NAME,groundWaterBody,,,,,,,AT1000,euRBDCode,DANUBE,F,48.05626,13.82234
AT,ATPG41736012,euMonitoringSiteCode,ATPG41736012,euMonitoringSiteCode,NO INTERNATIONAL NAME,ATGK100197,euGroundWaterBodyCode,NO INTERNATIONAL NAME,groundWaterBody,,,,,,,AT1000,euRBDCode,DANUBE,F,48.07161,13.8104
AT,ATPG41739012,euMonitoringSiteCode,ATPG41739012,euMonitoringSiteCode,NO INTERNATIONAL NAME,ATGK100205,euGroundWaterBodyCode,NO INTERNATIONAL NAME,groundWaterBody,,,,,,,AT1000,euRBDCode,DANUBE,F,47.95534,13.59372
AT,ATPG41746032,euMonitoringSiteCode,ATPG41746032,euMonitoringSiteCode,NO INTERNATIONAL NAME,ATGK100204,euGroundWaterBodyCode,NO INTERNATIONAL NAME,groundWaterBody,,,,,,,AT1000,euRBDCode,DANUBE,F,48.00738,13.64894
AT,ATPG41747022,euMonitoringSiteCode,ATPG41747022,euMonitoringSiteCode,NO INTERNATIONAL NAME,ATGK100205,euGroundWaterBodyCode,NO INTERNATIONAL NAME,groundWaterBody,,,,,,,AT1000,euRBDCode,DANUBE,F,47.9996,13.49609
AT,ATPG41750012,euMonitoringSiteCode,ATPG41750012,euMonitoringSiteCode,NO INTERNATIONAL NAME,ATGK100197,euGroundWaterBodyCode,NO INTERNATIONAL NAME,groundWaterBody,,,,,,,AT1000,euRBDCode,DANUBE,F,48.10984,13.68314
AT,ATPG41803012,euMonitoringSiteCode,ATPG41803012,euMonitoringSiteCode,NO INTERNATIONAL NAME,ATGK100204,euGroundWaterBodyCode,NO INTERNATIONAL NAME,groundWaterBody,,,,,,,AT1000,euRBDCode,DANUBE,F,48.03605,13.91471
AT,ATPG41803022,euMonitoringSiteCode,ATPG41803022,euMonitoringSiteCode,NO INTERNATIONAL NAME,ATGK100204,euGroundWaterBodyCode,NO INTERNATIONAL NAME,groundWaterBody,,,,,,,AT1000,euRBDCode,DANUBE,F,48.04956,13.91083
AT,ATPG41804012,euMonitoringSiteCode,ATPG41804012,euMonitoringSiteCode,NO INTERNATIONAL NAME,ATGK100056,euGroundWaterBodyCode,NO INTERNATIONAL NAME,groundWaterBody,,,,,,,AT1000,euRBDCode,DANUBE,F,48.23245,14.02731
AT,ATPG41805012,euMonitoringSiteCode,ATPG41805012,euMonitoringSiteCode,NO INTERNATIONAL NAME,ATGK100202,euGroundWaterBodyCode,NO INTERNATIONAL NAME,groundWaterBody,,,,,,,AT1000,euRBDCode,DANUBE,F,48.02678,13.96691
AT,ATPG41805022,euMonitoringSiteCode,ATPG41805022,euMonitoringSiteCode,NO INTERNATIONAL NAME,ATGK100202,euGroundWaterBodyCode,NO INTERNATIONAL NAME,groundWaterBody,,,,,,,AT1000,euRBDCode,DANUBE,F,48.05363,13.99139
AT,ATPG41806022,euMonitoringSiteCode,ATPG41806022,euMonitoringSiteCode,NO INTERNATIONAL NAME,ATGK100045,euGroundWaterBodyCode,NO INTERNATIONAL NAME,groundWaterBody,,,,,,,AT1000,euRBDCode,DANUBE,F,48.08647,13.90587
AT,ATPG41806032,euMonitoringSiteCode,ATPG41806032,euMonitoringSiteCode,NO INTERNATIONAL NAME,ATGK100045,euGroundWaterBodyCode,NO INTERNATIONAL NAME,groundWaterBody,,,,,,,AT1000,euRBDCode,DANUBE,F,48.11064,13.92897
AT,ATPG41807022,euMonitoringSiteCode,ATPG41807022,euMonitoringSiteCode,NO INTERNATIONAL NAME,ATGK100202,euGroundWaterBodyCode,NO INTERNATIONAL NAME,groundWaterBody,,,,,,,AT1000,euRBDCode,DANUBE,F,48.10418,13.96113
AT,ATPG41808012,euMonitoringSiteCode,ATPG41808012,euMonitoringSiteCode,NO INTERNATIONAL NAME,ATGK100045,euGroundWaterBodyCode,NO INTERNATIONAL NAME,groundWaterBody,,,,,,,AT1000,euRBDCode,DANUBE,F,48.11952,13.95191
AT,ATPG41808052,euMonitoringSiteCode,ATPG41808052,euMonitoringSiteCode,NO INTERNATIONAL NAME,ATGK100045,euGroundWaterBodyCode,NO INTERNATIONAL NAME,groundWaterBody,,,,,,,AT1000,euRBDCode,DANUBE,F,48.13302,13.95207
AT,ATPG41812022,euMonitoringSiteCode,ATPG41812022,euMonitoringSiteCode,NO INTERNATIONAL NAME,ATGK100045,euGroundWaterBodyCode,NO INTERNATIONAL NAME,groundWaterBody,,,,,,,AT1000,euRBDCode,DANUBE,F,48.1967,14.13179
AT,ATPG41812072,euMonitoringSiteCode,ATPG41812072,euMonitoringSiteCode,NO INTERNATIONAL NAME,ATGK100045,euGroundWaterBodyCode,NO INTERNATIONAL NAME,groundWaterBody,,,,,,,AT1000,euRBDCode,DANUBE,F,48.18603,14.11279
AT,ATPG41817012,euMonitoringSiteCode,ATPG41817012,euMonitoringSiteCode,NO INTERNATIONAL NAME,ATGK100202,euGroundWaterBodyCode,NO INTERNATIONAL NAME,groundWaterBody,,,,,,,AT1000,euRBDCode,DANUBE,F,48.08187,14.08304
AT,ATPG41819012,euMonitoringSiteCode,ATPG41819012,euMonitoringSiteCode,NO INTERNATIONAL NAME,ATGK100202,euGroundWaterBodyCode,NO INTERNATIONAL NAME,groundWaterBody,,,,,,,AT1000,euRBDCode,DANUBE,F,48.10896,14.06731
AT,ATPG41819022,euMonitoringSiteCode,ATPG41819022,euMonitoringSiteCode,NO INTERNATIONAL NAME,ATGK100202,euGroundWaterBodyCode,NO INTERNATIONAL NAME,groundWaterBody,,,,,,,AT1000,euRBDCode,DANUBE,F,48.09692,14.11952
AT,ATPG41820012,euMonitoringSiteCode,ATPG41820012,euMonitoringSiteCode,NO INTERNATIONAL NAME,ATGK100204,euGroundWaterBodyCode,NO INTERNATIONAL NAME,groundWaterBody,,,,,,,AT1000,euRBDCode,DANUBE,F,48.06688,13.86271
AT,ATPG41821022,euMonitoringSiteCode,ATPG41821022,euMonitoringSiteCode,NO INTERNATIONAL NAME,ATGK100202,euGroundWaterBodyCode,NO INTERNATIONAL NAME,groundWaterBody,,,,,,,AT1000,euRBDCode,DANUBE,F,48.07083,13.97281
AT,ATPG41822012,euMonitoringSiteCode,ATPG41822012,euMonitoringSiteCode,NO INTERNATIONAL NAME,ATGK100202,euGroundWaterBodyCode,NO INTERNATIONAL NAME,groundWaterBody,,,,,,,AT1000,euRBDCode,DANUBE,F,48.1273,14.00979
AT,ATPG41822022,euMonitoringSiteCode,ATPG41822022,euMonitoringSiteCode,NO INTERNATIONAL NAME,ATGK100202,euGroundWaterBodyCode,NO INTERNATIONAL NAME,groundWaterBody,,,,,,,AT1000,euRBDCode,DANUBE,F,48.09479,14.02951
AT,ATPG41823022,euMonitoringSiteCode,ATPG41823022,euMonitoringSiteCode,NO INTERNATIONAL NAME,ATGK100202,euGroundWaterBodyCode,NO INTERNATIONAL NAME,groundWaterBody,,,,,,,AT1000,euRBDCode,DANUBE,F,48.14953,14.05309
AT,ATPG41823032,euMonitoringSiteCode,ATPG41823032,euMonitoringSiteCode,NO INTERNATIONAL NAME,ATGK100202,euGroundWaterBodyCode,NO INTERNATIONAL NAME,groundWaterBody,,,,,,,AT1000,euRBDCode,DANUBE,F,48.14586,14.06514
AT,ATPG41824022,euMonitoringSiteCode,ATPG41824022,euMonitoringSiteCode,NO INTERNATIONAL NAME,ATGK100202,euGroundWaterBodyCode,NO INTERNATIONAL NAME,groundWaterBody,,,,,,,AT1000,euRBDCode,DANUBE,F,48.15168,14.13648
AT,ATPG41824032,euMonitoringSiteCode,ATPG41824032,euMonitoringSiteCode,NO INTERNATIONAL NAME,ATGK100045,euGroundWaterBodyCode,NO INTERNATIONAL NAME,groundWaterBody,,,,,,,AT1000,euRBDCode,DANUBE,F,48.18129,14.14769
AT,ATPG51103072,euMonitoringSiteCode,ATPG51103072,euMonitoringSiteCode,NO INTERNATIONAL NAME,ATGK100005,euGroundWaterBodyCode,NO INTERNATIONAL NAME,groundWaterBody,,,,,,,AT1000,euRBDCode,DANUBE,F,47.34167,12.80179
AT,ATPG51103362,euMonitoringSiteCode,ATPG51103362,euMonitoringSiteCode,NO INTERNATIONAL NAME,ATGK100010,euGroundWaterBodyCode,NO INTERNATIONAL NAME,groundWaterBody,,,,,,,AT1000,euRBDCode,DANUBE,F,47.28593,12.50747
AT,ATPG51103372,euMonitoringSiteCode,ATPG51103372,euMonitoringSiteCode,NO INTERNATIONAL NAME,ATGK100010,euGroundWaterBodyCode,NO INTERNATIONAL NAME,groundWaterBody,,,,,,,AT1000,euRBDCode,DANUBE,F,47.27036,12.7536
AT,ATPG51103472,euMonitoringSiteCode,ATPG51103472,euMonitoringSiteCode,NO INTERNATIONAL NAME,ATGK100010,euGroundWaterBodyCode,NO INTERNATIONAL NAME,groundWaterBody,,,,,,,AT1000,euRBDCode,DANUBE,F,47.28505,12.81427
AT,ATPG51103582,euMonitoringSiteCode,ATPG51103582,euMonitoringSiteCode,NO INTERNATIONAL NAME,ATGK100010,euGroundWaterBodyCode,NO INTERNATIONAL NAME,groundWaterBody,,,,,,,AT1000,euRBDCode,DANUBE,F,47.29091,12.72692
AT,ATPG51103902,euMonitoringSiteCode,ATPG51103902,euMonitoringSiteCode,NO INTERNATIONAL NAME,ATGK100010,euGroundWaterBodyCode,NO INTERNATIONAL NAME,groundWaterBody,,,,,,,AT1000,euRBDCode,DANUBE,F,47.29023,12.76925
AT,ATPG51113472,euMonitoringSiteCode,ATPG51113472,euMonitoringSiteCode,NO INTERNATIONAL NAME,ATGK100010,euGroundWaterBodyCode,NO INTERNATIONAL NAME,groundWaterBody,,,,,,,AT1000,euRBDCode,DANUBE,F,47.28774,12.81292
AT,ATPG51200332,euMonitoringSiteCode,ATPG51200332,euMonitoringSiteCode,NO INTERNATIONAL NAME,ATGK100005,euGroundWaterBodyCode,NO INTERNATIONAL NAME,groundWaterBody,,,,,,,AT1000,euRBDCode,DANUBE,F,47.50882,12.75893
AT,ATPG51200432,euMonitoringSiteCode,ATPG51200432,euMonitoringSiteCode,NO INTERNATIONAL NAME,ATGK100005,euGroundWaterBodyCode,NO INTERNATIONAL NAME,groundWaterBody,,,,,,,AT1000,euRBDCode,DANUBE,F,47.48305,12.8269
AT,ATPG51200512,euMonitoringSiteCode,ATPG51200512,euMonitoringSiteCode,NO INTERNATIONAL NAME,ATGK100005,euGroundWaterBodyCode,NO INTERNATIONAL NAME,groundWaterBody,,,,,,,AT1000,euRBDCode,DANUBE,F,47.46326,12.8271
AT,ATPG51200552,euMonitoringSiteCode,ATPG51200552,euMonitoringSiteCode,NO INTERNATIONAL NAME,ATGK100009,euGroundWaterBodyCode,NO INTERNATIONAL NAME,groundWaterBody,,,,,,,AT1000,euRBDCode,DANUBE,F,47.45871,12.81653
AT,ATPG51200592,euMonitoringSiteCode,ATPG51200592,euMonitoringSiteCode,NO INTERNATIONAL NAME,ATGK100005,euGroundWaterBodyCode,NO INTERNATIONAL NAME,groundWaterBody,,,,,,,AT1000,euRBDCode,DANUBE,F,47.45786,12.82715
AT,ATPG51200632,euMonitoringSiteCode,ATPG51200632,euMonitoringSiteCode,NO INTERNATIONAL NAME,ATGK100005,euGroundWaterBodyCode,NO INTERNATIONAL NAME,groundWaterBody,,,,,,,AT1000,euRBDCode,DANUBE,F,47.45429,12.83249
AT,ATPG51200912,euMonitoringSiteCode,ATPG51200912,euMonitoringSiteCode,NO INTERNATIONAL NAME,ATGK100005,euGroundWaterBodyCode,NO INTERNATIONAL NAME,groundWaterBody,,,,,,,AT1000,euRBDCode,DANUBE,F,47.44254,12.82199
AT,ATPG51201052,euMonitoringSiteCode,ATPG51201052,euMonitoringSiteCode,NO INTERNATIONAL NAME,ATGK100005,euGroundWaterBodyCode,NO INTERNATIONAL NAME,groundWaterBody,,,,,,,AT1000,euRBDCode,DANUBE,F,47.43355,12.8234
AT,ATPG51201662,euMonitoringSiteCode,ATPG51201662,euMonitoringSiteCode,NO INTERNATIONAL NAME,ATGK100005,euGroundWaterBodyCode,NO INTERNATIONAL NAME,groundWaterBody,,,,,,,AT1000,euRBDCode,DANUBE,F,47.42376,12.84736
AT,ATPG51202022,euMonitoringSiteCode,ATPG51202022,euMonitoringSiteCode,NO INTERNATIONAL NAME,ATGK100005,euGroundWaterBodyCode,NO INTERNATIONAL NAME,groundWaterBody,,,,,,,AT1000,euRBDCode,DANUBE,F,47.41481,12.85938
AT,ATPG51202072,euMonitoringSiteCode,ATPG51202072,euMonitoringSiteCode,NO INTERNATIONAL NAME,ATGK100005,euGroundWaterBodyCode,NO INTERNATIONAL NAME,groundWaterBody,,,,,,,AT1000,euRBDCode,DANUBE,F,47.41038,12.87665
AT,ATPG51202092,euMonitoringSiteCode,ATPG51202092,euMonitoringSiteCode,NO INTERNATIONAL NAME,ATGK100005,euGroundWaterBodyCode,NO INTERNATIONAL NAME,groundWaterBody,,,,,,,AT1000,euRBDCode,DANUBE,F,47.40649,12.80776
AT,ATPG51202392,euMonitoringSiteCode,ATPG51202392,euMonitoringSiteCode,NO INTERNATIONAL NAME,ATGK100005,euGroundWaterBodyCode,NO INTERNATIONAL NAME,groundWaterBody,,,,,,,AT1000,euRBDCode,DANUBE,F,47.36237,12.80291
AT,ATPG51202412,euMonitoringSiteCode,ATPG51202412,euMonitoringSiteCode,NO INTERNATIONAL NAME,ATGK100005,euGroundWaterBodyCode,NO INTERNATIONAL NAME,groundWaterBody,,,,,,,AT1000,euRBDCode,DANUBE,F,47.36231,12.78834
AT,ATPG51202492,euMonitoringSiteCode,ATPG51202492,euMonitoringSiteCode,NO INTERNATIONAL NAME,ATGK100005,euGroundWaterBodyCode,NO INTERNATIONAL NAME,groundWaterBody,,,,,,,AT1000,euRBDCode,DANUBE,F,47.39764,12.84098
AT,ATPG51211112,euMonitoringSiteCode,ATPG51211112,euMonitoringSiteCode,NO INTERNATIONAL NAME,ATGK100005,euGroundWaterBodyCode,NO INTERNATIONAL NAME,groundWaterBody,,,,,,,AT1000,euRBDCode,DANUBE,F,47.39033,12.8172
AT,ATPG51211932,euMonitoringSiteCode,ATPG51211932,euMonitoringSiteCode,NO INTERNATIONAL NAME,ATGK100005,euGroundWaterBodyCode,NO INTERNATIONAL NAME,groundWaterBody,,,,,,,AT1000,euRBDCode,DANUBE,F,47.44153,12.7968
AT,ATPG52100472,euMonitoringSiteCode,ATPG52100472,euMonitoringSiteCode,NO INTERNATIONAL NAME,ATGK100009,euGroundWaterBodyCode,NO INTERNATIONAL NAME,groundWaterBody,,,,,,,AT1000,euRBDCode,DANUBE,F,47.50026,13.17327
AT,ATPG52100482,euMonitoringSiteCode,ATPG52100482,euMonitoringSiteCode,NO INTERNATIONAL NAME,ATGK100010,euGroundWaterBodyCode,NO INTERNATIONAL NAME,groundWaterBody,,,,,,,AT1000,euRBDCode,DANUBE,F,47.47599,13.19193
AT,ATPG52100492,euMonitoringSiteCode,ATPG52100492,euMonitoringSiteCode,NO INTERNATIONAL NAME,ATGK100010,euGroundWaterBodyCode,NO INTERNATIONAL NAME,groundWaterBody,,,,,,,AT1000,euRBDCode,DANUBE,F,47.42115,13.22522
AT,ATPG52100512,euMonitoringSiteCode,ATPG52100512,euMonitoringSiteCode,NO INTERNATIONAL NAME,ATGK100010,euGroundWaterBodyCode,NO INTERNATIONAL NAME,groundWaterBody,,,,,,,AT1000,euRBDCode,DANUBE,F,47.37074,13.20811
AT,ATPG52100522,euMonitoringSiteCode,ATPG52100522,euMonitoringSiteCode,NO INTERNATIONAL NAME,ATGK100010,euGroundWaterBodyCode,NO INTERNATIONAL NAME,groundWaterBody,,,,,,,AT1000,euRBDCode,DANUBE,F,47.33654,13.19496
AT,ATPG52100532,euMonitoringSiteCode,ATPG52100532,euMonitoringSiteCode,NO INTERNATIONAL NAME,ATGK100010,euGroundWaterBodyCode,NO INTERNATIONAL NAME,groundWaterBody,,,,,,,AT1000,euRBDCode,DANUBE,F,47.37165,13.2134
AT,ATPG52100542,euMonitoringSiteCode,ATPG52100542,euMonitoringSiteCode,NO INTERNATIONAL NAME,ATGK100010,euGroundWaterBodyCode,NO INTERNATIONAL NAME,groundWaterBody,,,,,,,AT1000,euRBDCode,DANUBE,F,47.32753,13.18836
AT,ATPG52111652,euMonitoringSiteCode,ATPG52111652,euMonitoringSiteCode,NO INTERNATIONAL NAME,ATGK100010,euGroundWaterBodyCode,NO INTERNATIONAL NAME,groundWaterBody,,,,,,,AT1000,euRBDCode,DANUBE,F,47.41304,13.21728
AT,ATPG52207112,euMonitoringSiteCode,ATPG52207112,euMonitoringSiteCode,NO INTERNATIONAL NAME,ATGK100055,euGroundWaterBodyCode,NO INTERNATIONAL NAME,groundWaterBody,,,,,,,AT1000,euRBDCode,DANUBE,F,47.39406,13.51811
AT,ATPG52207412,euMonitoringSiteCode,ATPG52207412,euMonitoringSiteCode,NO INTERNATIONAL NAME,ATGK100055,euGroundWaterBodyCode,NO INTERNATIONAL NAME,groundWaterBody,,,,,,,AT1000,euRBDCode,DANUBE,F,47.38609,13.40415
AT,ATPG52207532,euMonitoringSiteCode,ATPG52207532,euMonitoringSiteCode,NO INTERNATIONAL NAME,ATGK100055,euGroundWaterBodyCode,NO INTERNATIONAL NAME,groundWaterBody,,,,,,,AT1000,euRBDCode,DANUBE,F,47.37797,13.43593
AT,ATPG52208032,euMonitoringSiteCode,ATPG52208032,euMonitoringSiteCode,NO INTERNATIONAL NAME,ATGK100055,euGroundWaterBodyCode,NO INTERNATIONAL NAME,groundWaterBody,,,,,,,AT1000,euRBDCode,DANUBE,F,47.36718,13.42134
AT,ATPG52209992,euMonitoringSiteCode,ATPG52209992,euMonitoringSiteCode,NO INTERNATIONAL NAME,ATGK100055,euGroundWaterBodyCode,NO INTERNATIONAL NAME,groundWaterBody,,,,,,,AT1000,euRBDCode,DANUBE,F,47.36,13.38955
AT,ATPG52217562,euMonitoringSiteCode,ATPG52217562,euMonitoringSiteCode,NO INTERNATIONAL NAME,ATGK100055,euGroundWaterBodyCode,NO INTERNATIONAL NAME,groundWaterBody,,,,,,,AT1000,euRBDCode,DANUBE,F,47.37798,13.41738
AT,ATPG53100022,euMonitoringSiteCode,ATPG53100022,euMonitoringSiteCode,NO INTERNATIONAL NAME,ATGK100006,euGroundWaterBodyCode,NO INTERNATIONAL NAME,groundWaterBody,,,,,,,AT1000,euRBDCode,DANUBE,F,47.61268,13.14365
AT,ATPG53100032,euMonitoringSiteCode,ATPG53100032,euMonitoringSiteCode,NO INTERNATIONAL NAME,ATGK100006,euGroundWaterBodyCode,NO INTERNATIONAL NAME,groundWaterBody,,,,,,,AT1000,euRBDCode,DANUBE,F,47.60552,13.16762
AT,ATPG53100062,euMonitoringSiteCode,ATPG53100062,euMonitoringSiteCode,NO INTERNATIONAL NAME,ATGK100006,euGroundWaterBodyCode,NO INTERNATIONAL NAME,groundWaterBody,,,,,,,AT1000,euRBDCode,DANUBE,F,47.61719,13.15029
AT,ATPG53100072,euMonitoringSiteCode,ATPG53100072,euMonitoringSiteCode,NO INTERNATIONAL NAME,ATGK100006,euGroundWaterBodyCode,NO INTERNATIONAL NAME,groundWaterBody,,,,,,,AT1000,euRBDCode,DANUBE,F,47.6451,13.16084
AT,ATPG53100082,euMonitoringSiteCode,ATPG53100082,euMonitoringSiteCode,NO INTERNATIONAL NAME,ATGK100006,euGroundWaterBodyCode,NO INTERNATIONAL NAME,groundWaterBody,,,,,,,AT1000,euRBDCode,DANUBE,F,47.65675,13.1315
AT,ATPG53100172,euMonitoringSiteCode,ATPG53100172,euMonitoringSiteCode,NO INTERNATIONAL NAME,ATGK100006,euGroundWaterBodyCode,NO INTERNATIONAL NAME,groundWaterBody,,,,,,,AT1000,euRBDCode,DANUBE,F,47.57683,13.26079
AT,ATPG53100192,euMonitoringSiteCode,ATPG53100192,euMonitoringSiteCode,NO INTERNATIONAL NAME,ATGK100006,euGroundWaterBodyCode,NO INTERNATIONAL NAME,groundWaterBody,,,,,,,AT1000,euRBDCode,DANUBE,F,47.58214,13.17568
AT,ATPG53100202,euMonitoringSiteCode,ATPG53100202,euMonitoringSiteCode,NO INTERNATIONAL NAME,ATGK100006,euGroundWaterBodyCode,NO INTERNATIONAL NAME,groundWaterBody,,,,,,,AT1000,euRBDCode,DANUBE,F,47.59383,13.17298
AT,ATPG53100212,euMonitoringSiteCode,ATPG53100212,euMonitoringSiteCode,NO INTERNATIONAL NAME,ATGK100006,euGroundWaterBodyCode,NO INTERNATIONAL NAME,groundWaterBody,,,,,,,AT1000,euRBDCode,DANUBE,F,47.58391,13.15174
AT,ATPG53100222,euMonitoringSiteCode,ATPG53100222,euMonitoringSiteCode,NO INTERNATIONAL NAME,ATGK100006,euGroundWaterBodyCode,NO INTERNATIONAL NAME,groundWaterBody,,,,,,,AT1000,euRBDCode,DANUBE,F,47.59741,13.15435
AT,ATPG53100662,euMonitoringSiteCode,ATPG53100662,euMonitoringSiteCode,NO INTERNATIONAL NAME,ATGK100006,euGroundWaterBodyCode,NO INTERNATIONAL NAME,groundWaterBody,,,,,,,AT1000,euRBDCode,DANUBE,F,47.63518,13.14357
AT,ATPG53106902,euMonitoringSiteCode,ATPG53106902,euMonitoringSiteCode,NO INTERNATIONAL NAME,ATGK100009,euGroundWaterBodyCode,NO INTERNATIONAL NAME,groundWaterBody,,,,,,,AT1000,euRBDCode,DANUBE,F,47.77478,13.29387
AT,ATPG53116922,euMonitoringSiteCode,ATPG53116922,euMonitoringSiteCode,NO INTERNATIONAL NAME,ATGK100006,euGroundWaterBodyCode,NO INTERNATIONAL NAME,groundWaterBody,,,,,,,AT1000,euRBDCode,DANUBE,F,47.65496,13.1395
AT,ATPG53200102,euMonitoringSiteCode,ATPG53200102,euMonitoringSiteCode,NO INTERNATIONAL NAME,ATGK100006,euGroundWaterBodyCode,NO INTERNATIONAL NAME,groundWaterBody,,,,,,,AT1000,euRBDCode,DANUBE,F,47.66483,13.12348
AT,ATPG53200112,euMonitoringSiteCode,ATPG53200112,euMonitoringSiteCode,NO INTERNATIONAL NAME,ATGK100006,euGroundWaterBodyCode,NO INTERNATIONAL NAME,groundWaterBody,,,,,,,AT1000,euRBDCode,DANUBE,F,47.66214,13.12749
AT,ATPG53200132,euMonitoringSiteCode,ATPG53200132,euMonitoringSiteCode,NO INTERNATIONAL NAME,ATGK100006,euGroundWaterBodyCode,NO INTERNATIONAL NAME,groundWaterBody,,,,,,,AT1000,euRBDCode,DANUBE,F,47.70343,13.08067
AT,ATPG53200142,euMonitoringSiteCode,ATPG53200142,euMonitoringSiteCode,NO INTERNATIONAL NAME,ATGK100006,euGroundWaterBodyCode,NO INTERNATIONAL NAME,groundWaterBody,,,,,,,AT1000,euRBDCode,DANUBE,F,47.69713,13.07937
AT,ATPG53200232,euMonitoringSiteCode,ATPG53200232,euMonitoringSiteCode,NO INTERNATIONAL NAME,ATGK100006,euGroundWaterBodyCode,NO INTERNATIONAL NAME,groundWaterBody,,,,,,,AT1000,euRBDCode,DANUBE,F,47.66572,13.11682
AT,ATPG53200302,euMonitoringSiteCode,ATPG53200302,euMonitoringSiteCode,NO INTERNATIONAL NAME,ATGK100006,euGroundWaterBodyCode,NO INTERNATIONAL NAME,groundWaterBody,,,,,,,AT1000,euRBDCode,DANUBE,F,47.71066,13.09397
AT,ATPG53211102,euMonitoringSiteCode,ATPG53211102,euMonitoringSiteCode,NO INTERNATIONAL NAME,ATGK100006,euGroundWaterBodyCode,NO INTERNATIONAL NAME,groundWaterBody,,,,,,,AT1000,euRBDCode,DANUBE,F,47.66483,13.12348
AT,ATPG54100152,euMonitoringSiteCode,ATPG54100152,euMonitoringSiteCode,NO INTERNATIONAL NAME,ATGK100006,euGroundWaterBodyCode,NO INTERNATIONAL NAME,groundWaterBody,,,,,,,AT1000,euRBDCode,DANUBE,F,47.73219,13.0672
AT,ATPG54100282,euMonitoringSiteCode,ATPG54100282,euMonitoringSiteCode,NO INTERNATIONAL NAME,ATGK100006,euGroundWaterBodyCode,NO INTERNATIONAL NAME,groundWaterBody,,,,,,,AT1000,euRBDCode,DANUBE,F,47.73483,13.04318
AT,ATPG54100292,euMonitoringSiteCode,ATPG54100292,euMonitoringSiteCode,NO INTERNATIONAL NAME,ATGK100006,euGroundWaterBodyCode,NO INTERNATIONAL NAME,groundWaterBody,,,,,,,AT1000,euRBDCode,DANUBE,F,47.74835,13.05244
AT,ATPG54100312,euMonitoringSiteCode,ATPG54100312,euMonitoringSiteCode,NO INTERNATIONAL NAME,ATGK100006,euGroundWaterBodyCode,NO INTERNATIONAL NAME,groundWaterBody,,,,,,,AT1000,euRBDCode,DANUBE,F,47.79139,12.99747
AT,ATPG54100322,euMonitoringSiteCode,ATPG54100322,euMonitoringSiteCode,NO INTERNATIONAL NAME,ATGK100006,euGroundWaterBodyCode,NO INTERNATIONAL NAME,groundWaterBody,,,,,,,AT1000,euRBDCode,DANUBE,F,47.79415,13.02148
AT,ATPG54100332,euMonitoringSiteCode,ATPG54100332,euMonitoringSiteCode,NO INTERNATIONAL NAME,ATGK100006,euGroundWaterBodyCode,NO INTERNATIONAL NAME,groundWaterBody,,,,,,,AT1000,euRBDCode,DANUBE,F,47.77331,12.97089
AT,ATPG54100342,euMonitoringSiteCode,ATPG54100342,euMonitoringSiteCode,NO INTERNATIONAL NAME,ATGK100006,euGroundWaterBodyCode,NO INTERNATIONAL NAME,groundWaterBody,,,,,,,AT1000,euRBDCode,DANUBE,F,47.78229,12.96549
AT,ATPG54100362,euMonitoringSiteCode,ATPG54100362,euMonitoringSiteCode,NO INTERNATIONAL NAME,ATGK100006,euGroundWaterBodyCode,NO INTERNATIONAL NAME,groundWaterBody,,,,,,,AT1000,euRBDCode,DANUBE,F,47.83096,12.99454
AT,ATPG54100372,euMonitoringSiteCode,ATPG54100372,euMonitoringSiteCode,SCHMEIKAL,ATGK100006,euGroundWaterBodyCode,NO INTERNATIONAL NAME,groundWaterBody,,,,,,,AT1000,euRBDCode,DANUBE,N,,
AT,ATPG54100382,euMonitoringSiteCode,ATPG54100382,euMonitoringSiteCode,NO INTERNATIONAL NAME,ATGK100006,euGroundWaterBodyCode,NO INTERNATIONAL NAME,groundWaterBody,,,,,,,AT1000,euRBDCode,DANUBE,F,47.79766,12.98942
AT,ATPG54100392,euMonitoringSiteCode,ATPG54100392,euMonitoringSiteCode,NO INTERNATIONAL NAME,ATGK100006,euGroundWaterBodyCode,NO INTERNATIONAL NAME,groundWaterBody,,,,,,,AT1000,euRBDCode,DANUBE,F,47.81926,12.99194
AT,ATPG54100402,euMonitoringSiteCode,ATPG54100402,euMonitoringSiteCode,NO INTERNATIONAL NAME,ATGK100006,euGroundWaterBodyCode,NO INTERNATIONAL NAME,groundWaterBody,,,,,,,AT1000,euRBDCode,DANUBE,F,47.8068,13.03877
AT,ATPG54100552,euMonitoringSiteCode,ATPG54100552,euMonitoringSiteCode,NO INTERNATIONAL NAME,ATGK100006,euGroundWaterBodyCode,NO INTERNATIONAL NAME,groundWaterBody,,,,,,,AT1000,euRBDCode,DANUBE,F,47.79159,13.0749
AT,ATPG54100602,euMonitoringSiteCode,ATPG54100602,euMonitoringSiteCode,NO INTERNATIONAL NAME,ATGK100006,euGroundWaterBodyCode,NO INTERNATIONAL NAME,groundWaterBody,,,,,,,AT1000,euRBDCode,DANUBE,F,47.8203,13.04136
AT,ATPG54100612,euMonitoringSiteCode,ATPG54100612,euMonitoringSiteCode,NO INTERNATIONAL NAME,ATGK100006,euGroundWaterBodyCode,NO INTERNATIONAL NAME,groundWaterBody,,,,,,,AT1000,euRBDCode,DANUBE,F,47.81842,13.01199
AT,ATPG54100622,euMonitoringSiteCode,ATPG54100622,euMonitoringSiteCode,NO INTERNATIONAL NAME,ATGK100006,euGroundWaterBodyCode,NO INTERNATIONAL NAME,groundWaterBody,,,,,,,AT1000,euRBDCode,DANUBE,F,47.82293,13.01597
AT,ATPG54100642,euMonitoringSiteCode,ATPG54100642,euMonitoringSiteCode,NO INTERNATIONAL NAME,ATGK100006,euGroundWaterBodyCode,NO INTERNATIONAL NAME,groundWaterBody,,,,,,,AT1000,euRBDCode,DANUBE,F,47.78885,13.0589
AT,ATPG54100672,euMonitoringSiteCode,ATPG54100672,euMonitoringSiteCode,NO INTERNATIONAL NAME,ATGK100006,euGroundWaterBodyCode,NO INTERNATIONAL NAME,groundWaterBody,,,,,,,AT1000,euRBDCode,DANUBE,F,47.81937,13.02935
AT,ATPG54100682,euMonitoringSiteCode,ATPG54100682,euMonitoringSiteCode,NO INTERNATIONAL NAME,ATGK100006,euGroundWaterBodyCode,NO INTERNATIONAL NAME,groundWaterBody,,,,,,,AT1000,euRBDCode,DANUBE,F,47.77897,13.06429
AT,ATPG54100702,euMonitoringSiteCode,ATPG54100702,euMonitoringSiteCode,NO INTERNATIONAL NAME,ATGK100006,euGroundWaterBodyCode,NO INTERNATIONAL NAME,groundWaterBody,,,,,,,AT1000,euRBDCode,DANUBE,F,47.8419,13.04391
AT,ATPG54100712,euMonitoringSiteCode,ATPG54100712,euMonitoringSiteCode,NO INTERNATIONAL NAME,ATGK100006,euGroundWaterBodyCode,NO INTERNATIONAL NAME,groundWaterBody,,,,,,,AT1000,euRBDCode,DANUBE,F,47.84183,13.01986
AT,ATPG54100882,euMonitoringSiteCode,ATPG54100882,euMonitoringSiteCode,NO INTERNATIONAL NAME,ATGK100006,euGroundWaterBodyCode,NO INTERNATIONAL NAME,groundWaterBody,,,,,,,AT1000,euRBDCode,DANUBE,F,47.87959,13.00893
AT,ATPG54100932,euMonitoringSiteCode,ATPG54100932,euMonitoringSiteCode,NO INTERNATIONAL NAME,ATGK100006,euGroundWaterBodyCode,NO INTERNATIONAL NAME,groundWaterBody,,,,,,,AT1000,euRBDCode,DANUBE,F,47.89748,12.97404
AT,ATPG54100962,euMonitoringSiteCode,ATPG54100962,euMonitoringSiteCode,PEGEL 3 88,ATGK100006,euGroundWaterBodyCode,NO INTERNATIONAL NAME,groundWaterBody,,,,,,,AT1000,euRBDCode,DANUBE,F,47.9106,12.965
AT,ATPG54100992,euMonitoringSiteCode,ATPG54100992,euMonitoringSiteCode,NO INTERNATIONAL NAME,ATGK100006,euGroundWaterBodyCode,NO INTERNATIONAL NAME,groundWaterBody,,,,,,,AT1000,euRBDCode,DANUBE,F,47.92355,12.96716
AT,ATPG54101052,euMonitoringSiteCode,ATPG54101052,euMonitoringSiteCode,NO INTERNATIONAL NAME,ATGK100006,euGroundWaterBodyCode,NO INTERNATIONAL NAME,groundWaterBody,,,,,,,AT1000,euRBDCode,DANUBE,F,47.94595,12.94022
AT,ATPG54101082,euMonitoringSiteCode,ATPG54101082,euMonitoringSiteCode,NO INTERNATIONAL NAME,ATGK100014,euGroundWaterBodyCode,NO INTERNATIONAL NAME,groundWaterBody,,,,,,,AT1000,euRBDCode,DANUBE,F,47.96849,12.95479
AT,ATPG54101132,euMonitoringSiteCode,ATPG54101132,euMonitoringSiteCode,NO INTERNATIONAL NAME,ATGK100014,euGroundWaterBodyCode,NO INTERNATIONAL NAME,groundWaterBody,,,,,,,AT1000,euRBDCode,DANUBE,F,48.00184,12.97465
AT,ATPG54101152,euMonitoringSiteCode,ATPG54101152,euMonitoringSiteCode,NO INTERNATIONAL NAME,ATGK100006,euGroundWaterBodyCode,NO INTERNATIONAL NAME,groundWaterBody,,,,,,,AT1000,euRBDCode,DANUBE,F,47.96913,12.88244
AT,ATPG54101182,euMonitoringSiteCode,ATPG54101182,euMonitoringSiteCode,NO INTERNATIONAL NAME,ATGK100006,euGroundWaterBodyCode,NO INTERNATIONAL NAME,groundWaterBody,,,,,,,AT1000,euRBDCode,DANUBE,F,47.97989,12.87431
AT,ATPG54104382,euMonitoringSiteCode,ATPG54104382,euMonitoringSiteCode,NO INTERNATIONAL NAME,ATGK100014,euGroundWaterBodyCode,NO INTERNATIONAL NAME,groundWaterBody,,,,,,,AT1000,euRBDCode,DANUBE,F,47.96452,13.18388
AT,ATPG54104572,euMonitoringSiteCode,ATPG54104572,euMonitoringSiteCode,NO INTERNATIONAL NAME,ATGK100014,euGroundWaterBodyCode,NO INTERNATIONAL NAME,groundWaterBody,,,,,,,AT1000,euRBDCode,DANUBE,F,47.93567,13.14112
AT,ATPG54104632,euMonitoringSiteCode,ATPG54104632,euMonitoringSiteCode,NO INTERNATIONAL NAME,ATGK100014,euGroundWaterBodyCode,NO INTERNATIONAL NAME,groundWaterBody,,,,,,,AT1000,euRBDCode,DANUBE,F,47.93035,13.1987
AT,ATPG54104642,euMonitoringSiteCode,ATPG54104642,euMonitoringSiteCode,NO INTERNATIONAL NAME,ATGK100014,euGroundWaterBodyCode,NO INTERNATIONAL NAME,groundWaterBody,,,,,,,AT1000,euRBDCode,DANUBE,F,47.94478,13.23348
AT,ATPG54104822,euMonitoringSiteCode,ATPG54104822,euMonitoringSiteCode,NO INTERNATIONAL NAME,ATGK100014,euGroundWaterBodyCode,NO INTERNATIONAL NAME,groundWaterBody,,,,,,,AT1000,euRBDCode,DANUBE,F,47.91405,13.12782
AT,ATPG54105242,euMonitoringSiteCode,ATPG54105242,euMonitoringSiteCode,NO INTERNATIONAL NAME,ATGK100014,euGroundWaterBodyCode,NO INTERNATIONAL NAME,groundWaterBody,,,,,,,AT1000,euRBDCode,DANUBE,F,47.89337,13.13459
AT,ATPG54105272,euMonitoringSiteCode,ATPG54105272,euMonitoringSiteCode,NO INTERNATIONAL NAME,ATGK100014,euGroundWaterBodyCode,NO INTERNATIONAL NAME,groundWaterBody,,,,,,,AT1000,euRBDCode,DANUBE,F,47.90248,13.21617
AT,ATPG54105452,euMonitoringSiteCode,ATPG54105452,euMonitoringSiteCode,NO INTERNATIONAL NAME,ATGK100014,euGroundWaterBodyCode,NO INTERNATIONAL NAME,groundWaterBody,,,,,,,AT1000,euRBDCode,DANUBE,F,47.87794,13.06912
AT,ATPG54105592,euMonitoringSiteCode,ATPG54105592,euMonitoringSiteCode,NO INTERNATIONAL NAME,ATGK100014,euGroundWaterBodyCode,NO INTERNATIONAL NAME,groundWaterBody,,,,,,,AT1000,euRBDCode,DANUBE,F,47.86466,13.18818
AT,ATPG54105792,euMonitoringSiteCode,ATPG54105792,euMonitoringSiteCode,NO INTERNATIONAL NAME,ATGK100014,euGroundWaterBodyCode,NO INTERNATIONAL NAME,groundWaterBody,,,,,,,AT1000,euRBDCode,DANUBE,F,47.85282,13.09732
AT,ATPG54105982,euMonitoringSiteCode,ATPG54105982,euMonitoringSiteCode,NO INTERNATIONAL NAME,ATGK100006,euGroundWaterBodyCode,NO INTERNATIONAL NAME,groundWaterBody,,,,,,,AT1000,euRBDCode,DANUBE,F,47.83119,13.08272
AT,ATPG54106692,euMonitoringSiteCode,ATPG54106692,euMonitoringSiteCode,NO INTERNATIONAL NAME,ATGK100014,euGroundWaterBodyCode,NO INTERNATIONAL NAME,groundWaterBody,,,,,,,AT1000,euRBDCode,DANUBE,F,47.915,13.15458
AT,ATPG54106932,euMonitoringSiteCode,ATPG54106932,euMonitoringSiteCode,NO INTERNATIONAL NAME,ATGK100006,euGroundWaterBodyCode,NO INTERNATIONAL NAME,groundWaterBody,,,,,,,AT1000,euRBDCode,DANUBE,F,47.78506,12.98683
AT,ATPG54106942,euMonitoringSiteCode,ATPG54106942,euMonitoringSiteCode,NO INTERNATIONAL NAME,ATGK100006,euGroundWaterBodyCode,NO INTERNATIONAL NAME,groundWaterBody,,,,,,,AT1000,euRBDCode,DANUBE,F,47.77608,12.99223
AT,ATPG54106952,euMonitoringSiteCode,ATPG54106952,euMonitoringSiteCode,NO INTERNATIONAL NAME,ATGK100006,euGroundWaterBodyCode,NO INTERNATIONAL NAME,groundWaterBody,,,,,,,AT1000,euRBDCode,DANUBE,F,47.80041,13.00542
AT,ATPG54106962,euMonitoringSiteCode,ATPG54106962,euMonitoringSiteCode,NO INTERNATIONAL NAME,ATGK100006,euGroundWaterBodyCode,NO INTERNATIONAL NAME,groundWaterBody,,,,,,,AT1000,euRBDCode,DANUBE,F,47.78953,12.97745
AT,ATPG54111052,euMonitoringSiteCode,ATPG54111052,euMonitoringSiteCode,NO INTERNATIONAL NAME,ATGK100006,euGroundWaterBodyCode,NO INTERNATIONAL NAME,groundWaterBody,,,,,,,AT1000,euRBDCode,DANUBE,F,47.94327,12.94694
AT,ATPG54111152,euMonitoringSiteCode,ATPG54111152,euMonitoringSiteCode,NO INTERNATIONAL NAME,ATGK100006,euGroundWaterBodyCode,NO INTERNATIONAL NAME,groundWaterBody,,,,,,,AT1000,euRBDCode,DANUBE,F,47.73218,13.06453
AT,ATPG54111362,euMonitoringSiteCode,ATPG54111362,euMonitoringSiteCode,NO INTERNATIONAL NAME,ATGK100006,euGroundWaterBodyCode,NO INTERNATIONAL NAME,groundWaterBody,,,,,,,AT1000,euRBDCode,DANUBE,F,47.84179,13.00516
AT,ATPG54111372,euMonitoringSiteCode,ATPG54111372,euMonitoringSiteCode,NO INTERNATIONAL NAME,ATGK100006,euGroundWaterBodyCode,NO INTERNATIONAL NAME,groundWaterBody,,,,,,,AT1000,euRBDCode,DANUBE,F,47.81479,12.99999
AT,ATPG54111622,euMonitoringSiteCode,ATPG54111622,euMonitoringSiteCode,NO INTERNATIONAL NAME,ATGK100006,euGroundWaterBodyCode,NO INTERNATIONAL NAME,groundWaterBody,,,,,,,AT1000,euRBDCode,DANUBE,F,47.82562,13.01194
AT,ATPG54111962,euMonitoringSiteCode,ATPG54111962,euMonitoringSiteCode,NO INTERNATIONAL NAME,ATGK100006,euGroundWaterBodyCode,NO INTERNATIONAL NAME,groundWaterBody,,,,,,,AT1000,euRBDCode,DANUBE,F,47.91094,12.96324
AT,ATPG54205822,euMonitoringSiteCode,ATPG54205822,euMonitoringSiteCode,NO INTERNATIONAL NAME,ATGK100054,euGroundWaterBodyCode,NO INTERNATIONAL NAME,groundWaterBody,,,,,,,AT1000,euRBDCode,DANUBE,F,47.85478,13.20157
AT,ATPG54206382,euMonitoringSiteCode,ATPG54206382,euMonitoringSiteCode,NO INTERNATIONAL NAME,ATGK100189,euGroundWaterBodyCode,NO INTERNATIONAL NAME,groundWaterBody,,,,,,,AT1000,euRBDCode,DANUBE,F,47.73788,13.41527
AT,ATPG54206552,euMonitoringSiteCode,ATPG54206552,euMonitoringSiteCode,NO INTERNATIONAL NAME,ATGK100189,euGroundWaterBodyCode,NO INTERNATIONAL NAME,groundWaterBody,,,,,,,AT1000,euRBDCode,DANUBE,F,47.71892,13.48324
AT,ATPG54206612,euMonitoringSiteCode,ATPG54206612,euMonitoringSiteCode,NO INTERNATIONAL NAME,ATGK100189,euGroundWaterBodyCode,NO INTERNATIONAL NAME,groundWaterBody,,,,,,,AT1000,euRBDCode,DANUBE,F,47.71342,13.54854
AT,ATPG54206772,euMonitoringSiteCode,ATPG54206772,euMonitoringSiteCode,NO INTERNATIONAL NAME,ATGK100054,euGroundWaterBodyCode,NO INTERNATIONAL NAME,groundWaterBody,,,,,,,AT1000,euRBDCode,DANUBE,F,47.85028,13.20025
AT,ATPG54304002,euMonitoringSiteCode,ATPG54304002,euMonitoringSiteCode,NO INTERNATIONAL NAME,ATGK100014,euGroundWaterBodyCode,NO INTERNATIONAL NAME,groundWaterBody,,,,,,,AT1000,euRBDCode,DANUBE,F,48.00303,13.08591
AT,ATPG54304022,euMonitoringSiteCode,ATPG54304022,euMonitoringSiteCode,NO INTERNATIONAL NAME,ATGK100014,euGroundWaterBodyCode,NO INTERNATIONAL NAME,groundWaterBody,,,,,,,AT1000,euRBDCode,DANUBE,F,47.99853,13.08191
AT,ATPG54304032,euMonitoringSiteCode,ATPG54304032,euMonitoringSiteCode,NO INTERNATIONAL NAME,ATGK100014,euGroundWaterBodyCode,NO INTERNATIONAL NAME,groundWaterBody,,,,,,,AT1000,euRBDCode,DANUBE,F,47.98583,13.04043
AT,ATPG54304252,euMonitoringSiteCode,ATPG54304252,euMonitoringSiteCode,NO INTERNATIONAL NAME,ATGK100014,euGroundWaterBodyCode,NO INTERNATIONAL NAME,groundWaterBody,,,,,,,AT1000,euRBDCode,DANUBE,F,47.9916,13.30174
AT,ATPG54304302,euMonitoringSiteCode,ATPG54304302,euMonitoringSiteCode,NO INTERNATIONAL NAME,ATGK100014,euGroundWaterBodyCode,NO INTERNATIONAL NAME,groundWaterBody,,,,,,,AT1000,euRBDCode,DANUBE,F,47.9907,13.29504
AT,ATPG54304342,euMonitoringSiteCode,ATPG54304342,euMonitoringSiteCode,NO INTERNATIONAL NAME,ATGK100014,euGroundWaterBodyCode,NO INTERNATIONAL NAME,groundWaterBody,,,,,,,AT1000,euRBDCode,DANUBE,F,47.97243,13.07936
AT,ATPG54304412,euMonitoringSiteCode,ATPG54304412,euMonitoringSiteCode,NO INTERNATIONAL NAME,ATGK100014,euGroundWaterBodyCode,NO INTERNATIONAL NAME,groundWaterBody,,,,,,,AT1000,euRBDCode,DANUBE,F,47.97086,13.21735
AT,ATPG54304482,euMonitoringSiteCode,ATPG54304482,euMonitoringSiteCode,NO INTERNATIONAL NAME,ATGK100014,euGroundWaterBodyCode,NO INTERNATIONAL NAME,groundWaterBody,,,,,,,AT1000,euRBDCode,DANUBE,F,47.96911,13.28835
AT,ATPG54304492,euMonitoringSiteCode,ATPG54304492,euMonitoringSiteCode,NO INTERNATIONAL NAME,ATGK100014,euGroundWaterBodyCode,NO INTERNATIONAL NAME,groundWaterBody,,,,,,,AT1000,euRBDCode,DANUBE,F,47.93095,13.0394
AT,ATPG54304832,euMonitoringSiteCode,ATPG54304832,euMonitoringSiteCode,NO INTERNATIONAL NAME,ATGK100014,euGroundWaterBodyCode,NO INTERNATIONAL NAME,groundWaterBody,,,,,,,AT1000,euRBDCode,DANUBE,F,47.9068,13.09975
AT,ATPG54304952,euMonitoringSiteCode,ATPG54304952,euMonitoringSiteCode,NO INTERNATIONAL NAME,ATGK100014,euGroundWaterBodyCode,NO INTERNATIONAL NAME,groundWaterBody,,,,,,,AT1000,euRBDCode,DANUBE,F,47.90312,13.06097
AT,ATPG54305122,euMonitoringSiteCode,ATPG54305122,euMonitoringSiteCode,NO INTERNATIONAL NAME,ATGK100014,euGroundWaterBodyCode,NO INTERNATIONAL NAME,groundWaterBody,,,,,,,AT1000,euRBDCode,DANUBE,F,47.89334,13.11586
AT,ATPG55009082,euMonitoringSiteCode,ATPG55009082,euMonitoringSiteCode,NO INTERNATIONAL NAME,ATGK100185,euGroundWaterBodyCode,NO INTERNATIONAL NAME,groundWaterBody,,,,,,,AT1000,euRBDCode,DANUBE,F,47.12692,13.80328
AT,ATPG55009102,euMonitoringSiteCode,ATPG55009102,euMonitoringSiteCode,NO INTERNATIONAL NAME,ATGK100185,euGroundWaterBodyCode,NO INTERNATIONAL NAME,groundWaterBody,,,,,,,AT1000,euRBDCode,DANUBE,F,47.14309,13.8087
AT,ATPG55009172,euMonitoringSiteCode,ATPG55009172,euMonitoringSiteCode,NO INTERNATIONAL NAME,ATGK100185,euGroundWaterBodyCode,NO INTERNATIONAL NAME,groundWaterBody,,,,,,,AT1000,euRBDCode,DANUBE,F,47.1233,13.80852
AT,ATPG55009272,euMonitoringSiteCode,ATPG55009272,euMonitoringSiteCode,NO INTERNATIONAL NAME,ATGK100185,euGroundWaterBodyCode,NO INTERNATIONAL NAME,groundWaterBody,,,,,,,AT1000,euRBDCode,DANUBE,F,47.14232,13.77836
AT,ATPG55009362,euMonitoringSiteCode,ATPG55009362,euMonitoringSiteCode,NO INTERNATIONAL NAME,ATGK100185,euGroundWaterBodyCode,NO INTERNATIONAL NAME,groundWaterBody,,,,,,,AT1000,euRBDCode,DANUBE,F,47.09327,13.6462
AT,ATPG55009902,euMonitoringSiteCode,ATPG55009902,euMonitoringSiteCode,NO INTERNATIONAL NAME,ATGK100185,euGroundWaterBodyCode,NO INTERNATIONAL NAME,groundWaterBody,,,,,,,AT1000,euRBDCode,DANUBE,F,47.13364,13.68467
AT,ATPG55009912,euMonitoringSiteCode,ATPG55009912,euMonitoringSiteCode,NO INTERNATIONAL NAME,ATGK100185,euGroundWaterBodyCode,NO INTERNATIONAL NAME,groundWaterBody,,,,,,,AT1000,euRBDCode,DANUBE,F,47.14789,13.73224
AT,ATPG55009922,euMonitoringSiteCode,ATPG55009922,euMonitoringSiteCode,NO INTERNATIONAL NAME,ATGK100185,euGroundWaterBodyCode,NO INTERNATIONAL NAME,groundWaterBody,,,,,,,AT1000,euRBDCode,DANUBE,F,47.14065,13.74406
AT,ATPG60104012,euMonitoringSiteCode,ATPG60104012,euMonitoringSiteCode,NO INTERNATIONAL NAME,ATGK100097,euGroundWaterBodyCode,NO INTERNATIONAL NAME,groundWaterBody,,,,,,,AT1000,euRBDCode,DANUBE,F,47.0753,15.43097
AT,ATPG60104472,euMonitoringSiteCode,ATPG60104472,euMonitoringSiteCode,NO INTERNATIONAL NAME,ATGK100097,euGroundWaterBodyCode,NO INTERNATIONAL NAME,groundWaterBody,,,,,,,AT1000,euRBDCode,DANUBE,F,47.07654,15.41258
AT,ATPG60105462,euMonitoringSiteCode,ATPG60105462,euMonitoringSiteCode,NO INTERNATIONAL NAME,ATGK100097,euGroundWaterBodyCode,NO INTERNATIONAL NAME,groundWaterBody,,,,,,,AT1000,euRBDCode,DANUBE,F,47.04635,15.43905
AT,ATPG60105482,euMonitoringSiteCode,ATPG60105482,euMonitoringSiteCode,NO INTERNATIONAL NAME,ATGK100097,euGroundWaterBodyCode,NO INTERNATIONAL NAME,groundWaterBody,,,,,,,AT1000,euRBDCode,DANUBE,F,47.04939,15.42073
AT,ATPG60106042,euMonitoringSiteCode,ATPG60106042,euMonitoringSiteCode,NO INTERNATIONAL NAME,ATGK100097,euGroundWaterBodyCode,NO INTERNATIONAL NAME,groundWaterBody,,,,,,,AT1000,euRBDCode,DANUBE,F,47.05989,15.43695
AT,ATPG60106062,euMonitoringSiteCode,ATPG60106062,euMonitoringSiteCode,NO INTERNATIONAL NAME,ATGK100097,euGroundWaterBodyCode,NO INTERNATIONAL NAME,groundWaterBody,,,,,,,AT1000,euRBDCode,DANUBE,F,47.05148,15.45374
AT,ATPG60107252,euMonitoringSiteCode,ATPG60107252,euMonitoringSiteCode,NO INTERNATIONAL NAME,ATGK100097,euGroundWaterBodyCode,NO INTERNATIONAL NAME,groundWaterBody,,,,,,,AT1000,euRBDCode,DANUBE,F,47.01778,15.47477
AT,ATPG60107402,euMonitoringSiteCode,ATPG60107402,euMonitoringSiteCode,NO INTERNATIONAL NAME,ATGK100097,euGroundWaterBodyCode,NO INTERNATIONAL NAME,groundWaterBody,,,,,,,AT1000,euRBDCode,DANUBE,F,47.03594,15.46629
AT,ATPG60107442,euMonitoringSiteCode,ATPG60107442,euMonitoringSiteCode,NO INTERNATIONAL NAME,ATGK100097,euGroundWaterBodyCode,NO INTERNATIONAL NAME,groundWaterBody,,,,,,,AT1000,euRBDCode,DANUBE,F,47.02782,15.46728
AT,ATPG60112172,euMonitoringSiteCode,ATPG60112172,euMonitoringSiteCode,GOTZ JUDENDORF,ATGK100097,euGroundWaterBodyCode,NO INTERNATIONAL NAME,groundWaterBody,,,,,,,AT1000,euRBDCode,DANUBE,F,47.1127,15.374
AT,ATPG60112392,euMonitoringSiteCode,ATPG60112392,euMonitoringSiteCode,NO INTERNATIONAL NAME,ATGK100097,euGroundWaterBodyCode,NO INTERNATIONAL NAME,groundWaterBody,,,,,,,AT1000,euRBDCode,DANUBE,F,47.10355,15.41232
AT,ATPG60113132,euMonitoringSiteCode,ATPG60113132,euMonitoringSiteCode,NO INTERNATIONAL NAME,ATGK100097,euGroundWaterBodyCode,NO INTERNATIONAL NAME,groundWaterBody,,,,,,,AT1000,euRBDCode,DANUBE,F,47.09737,15.40548
AT,ATPG60113552,euMonitoringSiteCode,ATPG60113552,euMonitoringSiteCode,NO INTERNATIONAL NAME,ATGK100097,euGroundWaterBodyCode,NO INTERNATIONAL NAME,groundWaterBody,,,,,,,AT1000,euRBDCode,DANUBE,F,47.11598,15.37193
AT,ATPG60114122,euMonitoringSiteCode,ATPG60114122,euMonitoringSiteCode,NO INTERNATIONAL NAME,ATGK100097,euGroundWaterBodyCode,NO INTERNATIONAL NAME,groundWaterBody,,,,,,,AT1000,euRBDCode,DANUBE,F,47.07768,15.39945
AT,ATPG60115032,euMonitoringSiteCode,ATPG60115032,euMonitoringSiteCode,NO INTERNATIONAL NAME,ATGK100097,euGroundWaterBodyCode,NO INTERNATIONAL NAME,groundWaterBody,,,,,,,AT1000,euRBDCode,DANUBE,F,47.05609,15.39861
AT,ATPG60116142,euMonitoringSiteCode,ATPG60116142,euMonitoringSiteCode,NO INTERNATIONAL NAME,ATGK100097,euGroundWaterBodyCode,NO INTERNATIONAL NAME,groundWaterBody,,,,,,,AT1000,euRBDCode,DANUBE,F,47.0171,15.4142
AT,ATPG60116242,euMonitoringSiteCode,ATPG60116242,euMonitoringSiteCode,NO INTERNATIONAL NAME,ATGK100097,euGroundWaterBodyCode,NO INTERNATIONAL NAME,groundWaterBody,,,,,,,AT1000,euRBDCode,DANUBE,F,47.03871,15.41373
AT,ATPG60117282,euMonitoringSiteCode,ATPG60117282,euMonitoringSiteCode,NO INTERNATIONAL NAME,ATGK100097,euGroundWaterBodyCode,NO INTERNATIONAL NAME,groundWaterBody,,,,,,,AT1000,euRBDCode,DANUBE,F,47.01567,15.4431
AT,ATPG60117292,euMonitoringSiteCode,ATPG60117292,euMonitoringSiteCode,NO INTERNATIONAL NAME,ATGK100097,euGroundWaterBodyCode,NO INTERNATIONAL NAME,groundWaterBody,,,,,,,AT1000,euRBDCode,DANUBE,F,47.03358,15.44776
AT,ATPG60204072,euMonitoringSiteCode,ATPG60204072,euMonitoringSiteCode,NO INTERNATIONAL NAME,ATGK100099,euGroundWaterBodyCode,NO INTERNATIONAL NAME,groundWaterBody,,,,,,,AT1000,euRBDCode,DANUBE,F,47.41114,15.27195
AT,ATPG60204132,euMonitoringSiteCode,ATPG60204132,euMonitoringSiteCode,NO INTERNATIONAL NAME,ATGK100100,euGroundWaterBodyCode,NO INTERNATIONAL NAME,groundWaterBody,,,,,,,AT1000,euRBDCode,DANUBE,F,47.40189,15.2862
AT,ATPG60207122,euMonitoringSiteCode,ATPG60207122,euMonitoringSiteCode,NO INTERNATIONAL NAME,ATGK100156,euGroundWaterBodyCode,NO INTERNATIONAL NAME,groundWaterBody,,,,,,,AT1000,euRBDCode,DANUBE,F,47.47311,15.38308
AT,ATPG60207152,euMonitoringSiteCode,ATPG60207152,euMonitoringSiteCode,NO INTERNATIONAL NAME,ATGK100156,euGroundWaterBodyCode,NO INTERNATIONAL NAME,groundWaterBody,,,,,,,AT1000,euRBDCode,DANUBE,F,47.46712,15.36559
AT,ATPG60209112,euMonitoringSiteCode,ATPG60209112,euMonitoringSiteCode,NO INTERNATIONAL NAME,ATGK100156,euGroundWaterBodyCode,NO INTERNATIONAL NAME,groundWaterBody,,,,,,,AT1000,euRBDCode,DANUBE,F,47.44929,15.30387
AT,ATPG60209142,euMonitoringSiteCode,ATPG60209142,euMonitoringSiteCode,NO INTERNATIONAL NAME,ATGK100156,euGroundWaterBodyCode,NO INTERNATIONAL NAME,groundWaterBody,,,,,,,AT1000,euRBDCode,DANUBE,F,47.43531,15.27947
AT,ATPG60209162,euMonitoringSiteCode,ATPG60209162,euMonitoringSiteCode,NO INTERNATIONAL NAME,ATGK100156,euGroundWaterBodyCode,NO INTERNATIONAL NAME,groundWaterBody,,,,,,,AT1000,euRBDCode,DANUBE,F,47.44426,15.28246
AT,ATPG60211182,euMonitoringSiteCode,ATPG60211182,euMonitoringSiteCode,NO INTERNATIONAL NAME,ATGK100099,euGroundWaterBodyCode,NO INTERNATIONAL NAME,groundWaterBody,,,,,,,AT1000,euRBDCode,DANUBE,F,47.40083,15.24241
AT,ATPG60213022,euMonitoringSiteCode,ATPG60213022,euMonitoringSiteCode,NO INTERNATIONAL NAME,ATGK100100,euGroundWaterBodyCode,NO INTERNATIONAL NAME,groundWaterBody,,,,,,,AT1000,euRBDCode,DANUBE,F,47.36048,15.33897
AT,ATPG60213132,euMonitoringSiteCode,ATPG60213132,euMonitoringSiteCode,NO INTERNATIONAL NAME,ATGK100100,euGroundWaterBodyCode,NO INTERNATIONAL NAME,groundWaterBody,,,,,,,AT1000,euRBDCode,DANUBE,F,47.34399,15.35556
AT,ATPG60220012,euMonitoringSiteCode,ATPG60220012,euMonitoringSiteCode,NO INTERNATIONAL NAME,ATGK100117,euGroundWaterBodyCode,NO INTERNATIONAL NAME,groundWaterBody,,,,,,,AT1000,euRBDCode,DANUBE,F,47.53138,15.06907
AT,ATPG60302142,euMonitoringSiteCode,ATPG60302142,euMonitoringSiteCode,NO INTERNATIONAL NAME,ATGK100104,euGroundWaterBodyCode,NO INTERNATIONAL NAME,groundWaterBody,,,,,,,AT1000,euRBDCode,DANUBE,F,46.8108,15.21869
AT,ATPG60303122,euMonitoringSiteCode,ATPG60303122,euMonitoringSiteCode,NO INTERNATIONAL NAME,ATGK100196,euGroundWaterBodyCode,NO INTERNATIONAL NAME,groundWaterBody,,,,,,,AT1000,euRBDCode,DANUBE,F,46.69318,15.2551
AT,ATPG60305072,euMonitoringSiteCode,ATPG60305072,euMonitoringSiteCode,NO INTERNATIONAL NAME,ATGK100104,euGroundWaterBodyCode,NO INTERNATIONAL NAME,groundWaterBody,,,,,,,AT1000,euRBDCode,DANUBE,F,46.82026,15.24525
AT,ATPG60312062,euMonitoringSiteCode,ATPG60312062,euMonitoringSiteCode,NO INTERNATIONAL NAME,ATGK100104,euGroundWaterBodyCode,NO INTERNATIONAL NAME,groundWaterBody,,,,,,,AT1000,euRBDCode,DANUBE,F,46.82152,15.27677
AT,ATPG60312082,euMonitoringSiteCode,ATPG60312082,euMonitoringSiteCode,NO INTERNATIONAL NAME,ATGK100104,euGroundWaterBodyCode,NO INTERNATIONAL NAME,groundWaterBody,,,,,,,AT1000,euRBDCode,DANUBE,F,46.81904,15.31601
AT,ATPG60312092,euMonitoringSiteCode,ATPG60312092,euMonitoringSiteCode,NO INTERNATIONAL NAME,ATGK100104,euGroundWaterBodyCode,NO INTERNATIONAL NAME,groundWaterBody,,,,,,,AT1000,euRBDCode,DANUBE,F,46.83373,15.35066
AT,ATPG60315072,euMonitoringSiteCode,ATPG60315072,euMonitoringSiteCode,NO INTERNATIONAL NAME,ATGK100195,euGroundWaterBodyCode,NO INTERNATIONAL NAME,groundWaterBody,,,,,,,AT1000,euRBDCode,DANUBE,F,46.76637,15.23808
AT,ATPG60322132,euMonitoringSiteCode,ATPG60322132,euMonitoringSiteCode,NO INTERNATIONAL NAME,ATGK100196,euGroundWaterBodyCode,NO INTERNATIONAL NAME,groundWaterBody,,,,,,,AT1000,euRBDCode,DANUBE,F,46.70153,15.29334
AT,ATPG60322142,euMonitoringSiteCode,ATPG60322142,euMonitoringSiteCode,NO INTERNATIONAL NAME,ATGK100196,euGroundWaterBodyCode,NO INTERNATIONAL NAME,groundWaterBody,,,,,,,AT1000,euRBDCode,DANUBE,F,46.69563,15.3219
AT,ATPG60323022,euMonitoringSiteCode,ATPG60323022,euMonitoringSiteCode,NO INTERNATIONAL NAME,ATGK100195,euGroundWaterBodyCode,NO INTERNATIONAL NAME,groundWaterBody,,,,,,,AT1000,euRBDCode,DANUBE,F,46.72403,15.29286
AT,ATPG60324032,euMonitoringSiteCode,ATPG60324032,euMonitoringSiteCode,NO INTERNATIONAL NAME,ATGK100104,euGroundWaterBodyCode,NO INTERNATIONAL NAME,groundWaterBody,,,,,,,AT1000,euRBDCode,DANUBE,F,46.8482,15.44566
AT,ATPG60324112,euMonitoringSiteCode,ATPG60324112,euMonitoringSiteCode,NO INTERNATIONAL NAME,ATGK100104,euGroundWaterBodyCode,NO INTERNATIONAL NAME,groundWaterBody,,,,,,,AT1000,euRBDCode,DANUBE,F,46.85032,15.42869
AT,ATPG60327102,euMonitoringSiteCode,ATPG60327102,euMonitoringSiteCode,NO INTERNATIONAL NAME,ATGK100195,euGroundWaterBodyCode,NO INTERNATIONAL NAME,groundWaterBody,,,,,,,AT1000,euRBDCode,DANUBE,F,46.75107,15.29123
AT,ATPG60329092,euMonitoringSiteCode,ATPG60329092,euMonitoringSiteCode,NO INTERNATIONAL NAME,ATGK100195,euGroundWaterBodyCode,NO INTERNATIONAL NAME,groundWaterBody,,,,,,,AT1000,euRBDCode,DANUBE,F,46.75858,15.27317
AT,ATPG60336042,euMonitoringSiteCode,ATPG60336042,euMonitoringSiteCode,NO INTERNATIONAL NAME,ATGK100195,euGroundWaterBodyCode,NO INTERNATIONAL NAME,groundWaterBody,,,,,,,AT1000,euRBDCode,DANUBE,F,46.73871,15.32874
AT,ATPG60341102,euMonitoringSiteCode,ATPG60341102,euMonitoringSiteCode,NO INTERNATIONAL NAME,ATGK100104,euGroundWaterBodyCode,NO INTERNATIONAL NAME,groundWaterBody,,,,,,,AT1000,euRBDCode,DANUBE,F,46.83823,15.40067
AT,ATPG60343012,euMonitoringSiteCode,ATPG60343012,euMonitoringSiteCode,NO INTERNATIONAL NAME,ATGK100195,euGroundWaterBodyCode,NO INTERNATIONAL NAME,groundWaterBody,,,,,,,AT1000,euRBDCode,DANUBE,F,46.71585,15.24545
AT,ATPG60410172,euMonitoringSiteCode,ATPG60410172,euMonitoringSiteCode,NO INTERNATIONAL NAME,ATGK100131,euGroundWaterBodyCode,NO INTERNATIONAL NAME,groundWaterBody,,,,,,,AT1000,euRBDCode,DANUBE,F,46.94206,16.02904
AT,ATPG60411182,euMonitoringSiteCode,ATPG60411182,euMonitoringSiteCode,NO INTERNATIONAL NAME,ATGK100131,euGroundWaterBodyCode,NO INTERNATIONAL NAME,groundWaterBody,,,,,,,AT1000,euRBDCode,DANUBE,F,46.95125,15.9046
AT,ATPG60412072,euMonitoringSiteCode,ATPG60412072,euMonitoringSiteCode,NO INTERNATIONAL NAME,ATGK100131,euGroundWaterBodyCode,NO INTERNATIONAL NAME,groundWaterBody,,,,,,,AT1000,euRBDCode,DANUBE,F,46.98152,15.7982
AT,ATPG60417162,euMonitoringSiteCode,ATPG60417162,euMonitoringSiteCode,NO INTERNATIONAL NAME,ATGK100131,euGroundWaterBodyCode,NO INTERNATIONAL NAME,groundWaterBody,,,,,,,AT1000,euRBDCode,DANUBE,F,46.96333,15.84733
AT,ATPG60424012,euMonitoringSiteCode,ATPG60424012,euMonitoringSiteCode,NO INTERNATIONAL NAME,ATGK100183,euGroundWaterBodyCode,NO INTERNATIONAL NAME,groundWaterBody,,,,,,,AT1000,euRBDCode,DANUBE,F,46.87606,15.96399
AT,ATPG60424022,euMonitoringSiteCode,ATPG60424022,euMonitoringSiteCode,NO INTERNATIONAL NAME,ATGK100183,euGroundWaterBodyCode,NO INTERNATIONAL NAME,groundWaterBody,,,,,,,AT1000,euRBDCode,DANUBE,F,46.85086,16.00212
AT,ATPG60424032,euMonitoringSiteCode,ATPG60424032,euMonitoringSiteCode,NO INTERNATIONAL NAME,ATGK100183,euGroundWaterBodyCode,NO INTERNATIONAL NAME,groundWaterBody,,,,,,,AT1000,euRBDCode,DANUBE,F,46.86013,15.99077
AT,ATPG60431102,euMonitoringSiteCode,ATPG60431102,euMonitoringSiteCode,NO INTERNATIONAL NAME,ATGK100131,euGroundWaterBodyCode,NO INTERNATIONAL NAME,groundWaterBody,,,,,,,AT1000,euRBDCode,DANUBE,F,46.95392,15.94549
AT,ATPG60452062,euMonitoringSiteCode,ATPG60452062,euMonitoringSiteCode,NO INTERNATIONAL NAME,ATGK100131,euGroundWaterBodyCode,NO INTERNATIONAL NAME,groundWaterBody,,,,,,,AT1000,euRBDCode,DANUBE,F,47.01103,15.76535
AT,ATPG60503062,euMonitoringSiteCode,ATPG60503062,euMonitoringSiteCode,NO INTERNATIONAL NAME,ATGK100129,euGroundWaterBodyCode,NO INTERNATIONAL NAME,groundWaterBody,,,,,,,AT1000,euRBDCode,DANUBE,F,47.1429,16.10127
AT,ATPG60503152,euMonitoringSiteCode,ATPG60503152,euMonitoringSiteCode,NO INTERNATIONAL NAME,ATGK100129,euGroundWaterBodyCode,NO INTERNATIONAL NAME,groundWaterBody,,,,,,,AT1000,euRBDCode,DANUBE,F,47.11775,16.09864
AT,ATPG60504142,euMonitoringSiteCode,ATPG60504142,euMonitoringSiteCode,NO INTERNATIONAL NAME,ATGK100126,euGroundWaterBodyCode,NO INTERNATIONAL NAME,groundWaterBody,,,,,,,AT1000,euRBDCode,DANUBE,F,47.05298,16.09658
AT,ATPG60505182,euMonitoringSiteCode,ATPG60505182,euMonitoringSiteCode,NO INTERNATIONAL NAME,ATGK100126,euGroundWaterBodyCode,NO INTERNATIONAL NAME,groundWaterBody,,,,,,,AT1000,euRBDCode,DANUBE,F,47.15056,15.88919
AT,ATPG60505202,euMonitoringSiteCode,ATPG60505202,euMonitoringSiteCode,NO INTERNATIONAL NAME,ATGK100126,euGroundWaterBodyCode,NO INTERNATIONAL NAME,groundWaterBody,,,,,,,AT1000,euRBDCode,DANUBE,F,47.14255,15.88485
AT,ATPG60505212,euMonitoringSiteCode,ATPG60505212,euMonitoringSiteCode,NO INTERNATIONAL NAME,ATGK100126,euGroundWaterBodyCode,NO INTERNATIONAL NAME,groundWaterBody,,,,,,,AT1000,euRBDCode,DANUBE,F,47.16185,15.8673
AT,ATPG60506152,euMonitoringSiteCode,ATPG60506152,euMonitoringSiteCode,NO INTERNATIONAL NAME,ATGK100126,euGroundWaterBodyCode,NO INTERNATIONAL NAME,groundWaterBody,,,,,,,AT1000,euRBDCode,DANUBE,F,47.07217,16.00929
AT,ATPG60506162,euMonitoringSiteCode,ATPG60506162,euMonitoringSiteCode,NO INTERNATIONAL NAME,ATGK100126,euGroundWaterBodyCode,NO INTERNATIONAL NAME,groundWaterBody,,,,,,,AT1000,euRBDCode,DANUBE,F,47.06318,16.00883
AT,ATPG60506172,euMonitoringSiteCode,ATPG60506172,euMonitoringSiteCode,NO INTERNATIONAL NAME,ATGK100126,euGroundWaterBodyCode,NO INTERNATIONAL NAME,groundWaterBody,,,,,,,AT1000,euRBDCode,DANUBE,F,47.07924,16.01492
AT,ATPG60510042,euMonitoringSiteCode,ATPG60510042,euMonitoringSiteCode,NO INTERNATIONAL NAME,ATGK100174,euGroundWaterBodyCode,NO INTERNATIONAL NAME,groundWaterBody,,,,,,,AT1000,euRBDCode,DANUBE,F,47.08278,15.90043
AT,ATPG60603062,euMonitoringSiteCode,ATPG60603062,euMonitoringSiteCode,NO INTERNATIONAL NAME,ATGK100100,euGroundWaterBodyCode,NO INTERNATIONAL NAME,groundWaterBody,,,,,,,AT1000,euRBDCode,DANUBE,F,47.17978,15.32686
AT,ATPG60604092,euMonitoringSiteCode,ATPG60604092,euMonitoringSiteCode,NO INTERNATIONAL NAME,ATGK100103,euGroundWaterBodyCode,NO INTERNATIONAL NAME,groundWaterBody,,,,,,,AT1000,euRBDCode,DANUBE,F,46.94074,15.35602
AT,ATPG60608082,euMonitoringSiteCode,ATPG60608082,euMonitoringSiteCode,NO INTERNATIONAL NAME,ATGK100097,euGroundWaterBodyCode,NO INTERNATIONAL NAME,groundWaterBody,,,,,,,AT1000,euRBDCode,DANUBE,F,46.99797,15.42661
AT,ATPG60608222,euMonitoringSiteCode,ATPG60608222,euMonitoringSiteCode,NO INTERNATIONAL NAME,ATGK100097,euGroundWaterBodyCode,NO INTERNATIONAL NAME,groundWaterBody,,,,,,,AT1000,euRBDCode,DANUBE,F,46.98022,15.46142
AT,ATPG60608492,euMonitoringSiteCode,ATPG60608492,euMonitoringSiteCode,NO INTERNATIONAL NAME,ATGK100097,euGroundWaterBodyCode,NO INTERNATIONAL NAME,groundWaterBody,,,,,,,AT1000,euRBDCode,DANUBE,F,46.99366,15.46459
AT,ATPG60609312,euMonitoringSiteCode,ATPG60609312,euMonitoringSiteCode,NO INTERNATIONAL NAME,ATGK100097,euGroundWaterBodyCode,NO INTERNATIONAL NAME,groundWaterBody,,,,,,,AT1000,euRBDCode,DANUBE,F,46.96499,15.50552
AT,ATPG60610032,euMonitoringSiteCode,ATPG60610032,euMonitoringSiteCode,NO INTERNATIONAL NAME,ATGK100100,euGroundWaterBodyCode,NO INTERNATIONAL NAME,groundWaterBody,,,,,,,AT1000,euRBDCode,DANUBE,F,47.28354,15.31225
AT,ATPG60610052,euMonitoringSiteCode,ATPG60610052,euMonitoringSiteCode,NO INTERNATIONAL NAME,ATGK100100,euGroundWaterBodyCode,NO INTERNATIONAL NAME,groundWaterBody,,,,,,,AT1000,euRBDCode,DANUBE,F,47.23921,15.32513
AT,ATPG60611072,euMonitoringSiteCode,ATPG60611072,euMonitoringSiteCode,NO INTERNATIONAL NAME,ATGK100097,euGroundWaterBodyCode,NO INTERNATIONAL NAME,groundWaterBody,,,,,,,AT1000,euRBDCode,DANUBE,F,46.99959,15.48456
AT,ATPG60611522,euMonitoringSiteCode,ATPG60611522,euMonitoringSiteCode,NO INTERNATIONAL NAME,ATGK100097,euGroundWaterBodyCode,NO INTERNATIONAL NAME,groundWaterBody,,,,,,,AT1000,euRBDCode,DANUBE,F,46.986,15.48928
AT,ATPG60613072,euMonitoringSiteCode,ATPG60613072,euMonitoringSiteCode,NO INTERNATIONAL NAME,ATGK100100,euGroundWaterBodyCode,NO INTERNATIONAL NAME,groundWaterBody,,,,,,,AT1000,euRBDCode,DANUBE,F,47.17169,15.32655
AT,ATPG60613082,euMonitoringSiteCode,ATPG60613082,euMonitoringSiteCode,NO INTERNATIONAL NAME,ATGK100100,euGroundWaterBodyCode,NO INTERNATIONAL NAME,groundWaterBody,,,,,,,AT1000,euRBDCode,DANUBE,F,47.15464,15.32327
AT,ATPG60613102,euMonitoringSiteCode,ATPG60613102,euMonitoringSiteCode,NO INTERNATIONAL NAME,ATGK100100,euGroundWaterBodyCode,NO INTERNATIONAL NAME,groundWaterBody,,,,,,,AT1000,euRBDCode,DANUBE,F,47.12729,15.34335
AT,ATPG60613162,euMonitoringSiteCode,ATPG60613162,euMonitoringSiteCode,NO INTERNATIONAL NAME,ATGK100097,euGroundWaterBodyCode,NO INTERNATIONAL NAME,groundWaterBody,,,,,,,AT1000,euRBDCode,DANUBE,F,47.11034,15.3849
AT,ATPG60622092,euMonitoringSiteCode,ATPG60622092,euMonitoringSiteCode,NO INTERNATIONAL NAME,ATGK100100,euGroundWaterBodyCode,NO INTERNATIONAL NAME,groundWaterBody,,,,,,,AT1000,euRBDCode,DANUBE,F,47.12284,15.34054
AT,ATPG60624372,euMonitoringSiteCode,ATPG60624372,euMonitoringSiteCode,NO INTERNATIONAL NAME,ATGK100097,euGroundWaterBodyCode,NO INTERNATIONAL NAME,groundWaterBody,,,,,,,AT1000,euRBDCode,DANUBE,F,46.95856,15.4645
AT,ATPG60624452,euMonitoringSiteCode,ATPG60624452,euMonitoringSiteCode,NO INTERNATIONAL NAME,ATGK100097,euGroundWaterBodyCode,NO INTERNATIONAL NAME,groundWaterBody,,,,,,,AT1000,euRBDCode,DANUBE,F,46.9464,15.48899
AT,ATPG60624502,euMonitoringSiteCode,ATPG60624502,euMonitoringSiteCode,NO INTERNATIONAL NAME,ATGK100097,euGroundWaterBodyCode,NO INTERNATIONAL NAME,groundWaterBody,,,,,,,AT1000,euRBDCode,DANUBE,F,46.96806,15.48592
AT,ATPG60629032,euMonitoringSiteCode,ATPG60629032,euMonitoringSiteCode,NO INTERNATIONAL NAME,ATGK100103,euGroundWaterBodyCode,NO INTERNATIONAL NAME,groundWaterBody,,,,,,,AT1000,euRBDCode,DANUBE,F,46.98297,15.30896
AT,ATPG60629122,euMonitoringSiteCode,ATPG60629122,euMonitoringSiteCode,NO INTERNATIONAL NAME,ATGK100103,euGroundWaterBodyCode,NO INTERNATIONAL NAME,groundWaterBody,,,,,,,AT1000,euRBDCode,DANUBE,F,46.96178,15.3371
AT,ATPG60632122,euMonitoringSiteCode,ATPG60632122,euMonitoringSiteCode,NO INTERNATIONAL NAME,ATGK100100,euGroundWaterBodyCode,NO INTERNATIONAL NAME,groundWaterBody,,,,,,,AT1000,euRBDCode,DANUBE,F,47.21368,15.34399
AT,ATPG60652092,euMonitoringSiteCode,ATPG60652092,euMonitoringSiteCode,NO INTERNATIONAL NAME,ATGK100097,euGroundWaterBodyCode,NO INTERNATIONAL NAME,groundWaterBody,,,,,,,AT1000,euRBDCode,DANUBE,F,46.98844,15.4065
AT,ATPG60652362,euMonitoringSiteCode,ATPG60652362,euMonitoringSiteCode,NO INTERNATIONAL NAME,ATGK100097,euGroundWaterBodyCode,NO INTERNATIONAL NAME,groundWaterBody,,,,,,,AT1000,euRBDCode,DANUBE,F,46.98346,15.43261
AT,ATPG60652532,euMonitoringSiteCode,ATPG60652532,euMonitoringSiteCode,NO INTERNATIONAL NAME,ATGK100097,euGroundWaterBodyCode,NO INTERNATIONAL NAME,groundWaterBody,,,,,,,AT1000,euRBDCode,DANUBE,F,46.97035,15.41106
AT,ATPG60655192,euMonitoringSiteCode,ATPG60655192,euMonitoringSiteCode,NO INTERNATIONAL NAME,ATGK100097,euGroundWaterBodyCode,NO INTERNATIONAL NAME,groundWaterBody,,,,,,,AT1000,euRBDCode,DANUBE,F,46.91782,15.47732
AT,ATPG60655322,euMonitoringSiteCode,ATPG60655322,euMonitoringSiteCode,KONRAD,ATGK100097,euGroundWaterBodyCode,NO INTERNATIONAL NAME,groundWaterBody,,,,,,,AT1000,euRBDCode,DANUBE,F,46.9254,15.492
AT,ATPG60655392,euMonitoringSiteCode,ATPG60655392,euMonitoringSiteCode,NO INTERNATIONAL NAME,ATGK100097,euGroundWaterBodyCode,NO INTERNATIONAL NAME,groundWaterBody,,,,,,,AT1000,euRBDCode,DANUBE,F,46.92296,15.49066
AT,ATPG60655512,euMonitoringSiteCode,ATPG60655512,euMonitoringSiteCode,NO INTERNATIONAL NAME,ATGK100097,euGroundWaterBodyCode,NO INTERNATIONAL NAME,groundWaterBody,,,,,,,AT1000,euRBDCode,DANUBE,F,46.93813,15.49785
AT,ATPG60656302,euMonitoringSiteCode,ATPG60656302,euMonitoringSiteCode,NO INTERNATIONAL NAME,ATGK100097,euGroundWaterBodyCode,NO INTERNATIONAL NAME,groundWaterBody,,,,,,,AT1000,euRBDCode,DANUBE,F,46.94359,15.44681
AT,ATPG60656342,euMonitoringSiteCode,ATPG60656342,euMonitoringSiteCode,NO INTERNATIONAL NAME,ATGK100097,euGroundWaterBodyCode,NO INTERNATIONAL NAME,groundWaterBody,,,,,,,AT1000,euRBDCode,DANUBE,F,46.91376,15.45351
AT,ATPG60658132,euMonitoringSiteCode,ATPG60658132,euMonitoringSiteCode,NO INTERNATIONAL NAME,ATGK100103,euGroundWaterBodyCode,NO INTERNATIONAL NAME,groundWaterBody,,,,,,,AT1000,euRBDCode,DANUBE,F,46.90559,15.40853
AT,ATPG60658142,euMonitoringSiteCode,ATPG60658142,euMonitoringSiteCode,NO INTERNATIONAL NAME,ATGK100103,euGroundWaterBodyCode,NO INTERNATIONAL NAME,groundWaterBody,,,,,,,AT1000,euRBDCode,DANUBE,F,46.92313,15.38426
AT,ATPG60701222,euMonitoringSiteCode,ATPG60701222,euMonitoringSiteCode,NO INTERNATIONAL NAME,ATGK100126,euGroundWaterBodyCode,NO INTERNATIONAL NAME,groundWaterBody,,,,,,,AT1000,euRBDCode,DANUBE,F,47.1765,15.85611
AT,ATPG60710032,euMonitoringSiteCode,ATPG60710032,euMonitoringSiteCode,NO INTERNATIONAL NAME,ATGK100133,euGroundWaterBodyCode,NO INTERNATIONAL NAME,groundWaterBody,,,,,,,AT1000,euRBDCode,DANUBE,F,47.27803,15.98398
AT,ATPG60714252,euMonitoringSiteCode,ATPG60714252,euMonitoringSiteCode,NO INTERNATIONAL NAME,ATGK100126,euGroundWaterBodyCode,NO INTERNATIONAL NAME,groundWaterBody,,,,,,,AT1000,euRBDCode,DANUBE,F,47.20136,15.83088
AT,ATPG60717022,euMonitoringSiteCode,ATPG60717022,euMonitoringSiteCode,NO INTERNATIONAL NAME,ATGK100129,euGroundWaterBodyCode,NO INTERNATIONAL NAME,groundWaterBody,,,,,,,AT1000,euRBDCode,DANUBE,F,47.35621,16.02898
AT,ATPG60717092,euMonitoringSiteCode,ATPG60717092,euMonitoringSiteCode,NO INTERNATIONAL NAME,ATGK100129,euGroundWaterBodyCode,NO INTERNATIONAL NAME,groundWaterBody,,,,,,,AT1000,euRBDCode,DANUBE,F,47.37004,16.0151
AT,ATPG60717122,euMonitoringSiteCode,ATPG60717122,euMonitoringSiteCode,NO INTERNATIONAL NAME,ATGK100129,euGroundWaterBodyCode,NO INTERNATIONAL NAME,groundWaterBody,,,,,,,AT1000,euRBDCode,DANUBE,F,47.33968,16.0427
AT,ATPG60718072,euMonitoringSiteCode,ATPG60718072,euMonitoringSiteCode,NO INTERNATIONAL NAME,ATGK100129,euGroundWaterBodyCode,NO INTERNATIONAL NAME,groundWaterBody,,,,,,,AT1000,euRBDCode,DANUBE,F,47.18985,16.09579
AT,ATPG60720082,euMonitoringSiteCode,ATPG60720082,euMonitoringSiteCode,NO INTERNATIONAL NAME,ATGK100129,euGroundWaterBodyCode,NO INTERNATIONAL NAME,groundWaterBody,,,,,,,AT1000,euRBDCode,DANUBE,F,47.16638,16.09853
AT,ATPG60721012,euMonitoringSiteCode,ATPG60721012,euMonitoringSiteCode,NO INTERNATIONAL NAME,ATGK100181,euGroundWaterBodyCode,NO INTERNATIONAL NAME,groundWaterBody,,,,,,,AT1000,euRBDCode,DANUBE,F,47.43224,16.08726
AT,ATPG60721022,euMonitoringSiteCode,ATPG60721022,euMonitoringSiteCode,NO INTERNATIONAL NAME,ATGK100130,euGroundWaterBodyCode,NO INTERNATIONAL NAME,groundWaterBody,,,,,,,AT1000,euRBDCode,DANUBE,F,47.40126,16.10288
AT,ATPG60721042,euMonitoringSiteCode,ATPG60721042,euMonitoringSiteCode,NO INTERNATIONAL NAME,ATGK100130,euGroundWaterBodyCode,NO INTERNATIONAL NAME,groundWaterBody,,,,,,,AT1000,euRBDCode,DANUBE,F,47.42219,16.09337
AT,ATPG60727142,euMonitoringSiteCode,ATPG60727142,euMonitoringSiteCode,NO INTERNATIONAL NAME,ATGK100129,euGroundWaterBodyCode,NO INTERNATIONAL NAME,groundWaterBody,,,,,,,AT1000,euRBDCode,DANUBE,F,47.25867,16.07955
AT,ATPG60728012,euMonitoringSiteCode,ATPG60728012,euMonitoringSiteCode,NO INTERNATIONAL NAME,ATGK100129,euGroundWaterBodyCode,NO INTERNATIONAL NAME,groundWaterBody,,,,,,,AT1000,euRBDCode,DANUBE,F,47.39298,15.99638
AT,ATPG60732132,euMonitoringSiteCode,ATPG60732132,euMonitoringSiteCode,NO INTERNATIONAL NAME,ATGK100129,euGroundWaterBodyCode,NO INTERNATIONAL NAME,groundWaterBody,,,,,,,AT1000,euRBDCode,DANUBE,F,47.306,16.05818
AT,ATPG60750042,euMonitoringSiteCode,ATPG60750042,euMonitoringSiteCode,NO INTERNATIONAL NAME,ATGK100129,euGroundWaterBodyCode,NO INTERNATIONAL NAME,groundWaterBody,,,,,,,AT1000,euRBDCode,DANUBE,F,47.20825,16.07958
AT,ATPG60803132,euMonitoringSiteCode,ATPG60803132,euMonitoringSiteCode,NO INTERNATIONAL NAME,ATGK100096,euGroundWaterBodyCode,NO INTERNATIONAL NAME,groundWaterBody,,,,,,,AT1000,euRBDCode,DANUBE,F,47.13634,14.73831
AT,ATPG60804022,euMonitoringSiteCode,ATPG60804022,euMonitoringSiteCode,NO INTERNATIONAL NAME,ATGK100096,euGroundWaterBodyCode,NO INTERNATIONAL NAME,groundWaterBody,,,,,,,AT1000,euRBDCode,DANUBE,F,47.18294,14.68015
AT,ATPG60804062,euMonitoringSiteCode,ATPG60804062,euMonitoringSiteCode,NO INTERNATIONAL NAME,ATGK100096,euGroundWaterBodyCode,NO INTERNATIONAL NAME,groundWaterBody,,,,,,,AT1000,euRBDCode,DANUBE,F,47.19164,14.70545
AT,ATPG60804072,euMonitoringSiteCode,ATPG60804072,euMonitoringSiteCode,NO INTERNATIONAL NAME,ATGK100096,euGroundWaterBodyCode,NO INTERNATIONAL NAME,groundWaterBody,,,,,,,AT1000,euRBDCode,DANUBE,F,47.19061,14.71599
AT,ATPG60804102,euMonitoringSiteCode,ATPG60804102,euMonitoringSiteCode,NO INTERNATIONAL NAME,ATGK100096,euGroundWaterBodyCode,NO INTERNATIONAL NAME,groundWaterBody,,,,,,,AT1000,euRBDCode,DANUBE,F,47.20141,14.63969
AT,ATPG60804222,euMonitoringSiteCode,ATPG60804222,euMonitoringSiteCode,NO INTERNATIONAL NAME,ATGK100096,euGroundWaterBodyCode,NO INTERNATIONAL NAME,groundWaterBody,,,,,,,AT1000,euRBDCode,DANUBE,F,47.20897,14.68609
AT,ATPG60804262,euMonitoringSiteCode,ATPG60804262,euMonitoringSiteCode,NO INTERNATIONAL NAME,ATGK100096,euGroundWaterBodyCode,NO INTERNATIONAL NAME,groundWaterBody,,,,,,,AT1000,euRBDCode,DANUBE,F,47.19665,14.66201
AT,ATPG60806072,euMonitoringSiteCode,ATPG60806072,euMonitoringSiteCode,NO INTERNATIONAL NAME,ATGK100096,euGroundWaterBodyCode,NO INTERNATIONAL NAME,groundWaterBody,,,,,,,AT1000,euRBDCode,DANUBE,F,47.18962,14.64732
AT,ATPG60809022,euMonitoringSiteCode,ATPG60809022,euMonitoringSiteCode,NO INTERNATIONAL NAME,ATGK100096,euGroundWaterBodyCode,NO INTERNATIONAL NAME,groundWaterBody,,,,,,,AT1000,euRBDCode,DANUBE,F,47.17204,14.68911
AT,ATPG60809042,euMonitoringSiteCode,ATPG60809042,euMonitoringSiteCode,NO INTERNATIONAL NAME,ATGK100096,euGroundWaterBodyCode,NO INTERNATIONAL NAME,groundWaterBody,,,,,,,AT1000,euRBDCode,DANUBE,F,47.16634,14.71404
AT,ATPG60809062,euMonitoringSiteCode,ATPG60809062,euMonitoringSiteCode,NO INTERNATIONAL NAME,ATGK100096,euGroundWaterBodyCode,NO INTERNATIONAL NAME,groundWaterBody,,,,,,,AT1000,euRBDCode,DANUBE,F,47.17127,14.75244
AT,ATPG60809232,euMonitoringSiteCode,ATPG60809232,euMonitoringSiteCode,NO INTERNATIONAL NAME,ATGK100096,euGroundWaterBodyCode,NO INTERNATIONAL NAME,groundWaterBody,,,,,,,AT1000,euRBDCode,DANUBE,F,47.17923,14.76321
AT,ATPG60811012,euMonitoringSiteCode,ATPG60811012,euMonitoringSiteCode,NO INTERNATIONAL NAME,ATGK100096,euGroundWaterBodyCode,NO INTERNATIONAL NAME,groundWaterBody,,,,,,,AT1000,euRBDCode,DANUBE,F,47.25576,14.52471
AT,ATPG60814012,euMonitoringSiteCode,ATPG60814012,euMonitoringSiteCode,NO INTERNATIONAL NAME,ATGK100096,euGroundWaterBodyCode,NO INTERNATIONAL NAME,groundWaterBody,,,,,,,AT1000,euRBDCode,DANUBE,F,47.21905,14.59125
AT,ATPG60814022,euMonitoringSiteCode,ATPG60814022,euMonitoringSiteCode,NO INTERNATIONAL NAME,ATGK100096,euGroundWaterBodyCode,NO INTERNATIONAL NAME,groundWaterBody,,,,,,,AT1000,euRBDCode,DANUBE,F,47.22099,14.57809
AT,ATPG60814052,euMonitoringSiteCode,ATPG60814052,euMonitoringSiteCode,NO INTERNATIONAL NAME,ATGK100096,euGroundWaterBodyCode,NO INTERNATIONAL NAME,groundWaterBody,,,,,,,AT1000,euRBDCode,DANUBE,F,47.23937,14.54284
AT,ATPG60814082,euMonitoringSiteCode,ATPG60814082,euMonitoringSiteCode,NO INTERNATIONAL NAME,ATGK100096,euGroundWaterBodyCode,NO INTERNATIONAL NAME,groundWaterBody,,,,,,,AT1000,euRBDCode,DANUBE,F,47.21429,14.61491
AT,ATPG60818032,euMonitoringSiteCode,ATPG60818032,euMonitoringSiteCode,NO INTERNATIONAL NAME,ATGK100101,euGroundWaterBodyCode,NO INTERNATIONAL NAME,groundWaterBody,,,,,,,AT1000,euRBDCode,DANUBE,F,47.2073,14.51174
AT,ATPG60819022,euMonitoringSiteCode,ATPG60819022,euMonitoringSiteCode,NO INTERNATIONAL NAME,ATGK100116,euGroundWaterBodyCode,NO INTERNATIONAL NAME,groundWaterBody,,,,,,,AT1000,euRBDCode,DANUBE,F,47.32736,14.47471
AT,ATPG60821102,euMonitoringSiteCode,ATPG60821102,euMonitoringSiteCode,NO INTERNATIONAL NAME,ATGK100101,euGroundWaterBodyCode,NO INTERNATIONAL NAME,groundWaterBody,,,,,,,AT1000,euRBDCode,DANUBE,F,47.18737,14.60766
AT,ATPG60821132,euMonitoringSiteCode,ATPG60821132,euMonitoringSiteCode,NO INTERNATIONAL NAME,ATGK100101,euGroundWaterBodyCode,NO INTERNATIONAL NAME,groundWaterBody,,,,,,,AT1000,euRBDCode,DANUBE,F,47.20411,14.55789
AT,ATPG60822052,euMonitoringSiteCode,ATPG60822052,euMonitoringSiteCode,NO INTERNATIONAL NAME,ATGK100101,euGroundWaterBodyCode,NO INTERNATIONAL NAME,groundWaterBody,,,,,,,AT1000,euRBDCode,DANUBE,F,47.18831,14.4308
AT,ATPG60822092,euMonitoringSiteCode,ATPG60822092,euMonitoringSiteCode,NO INTERNATIONAL NAME,ATGK100101,euGroundWaterBodyCode,NO INTERNATIONAL NAME,groundWaterBody,,,,,,,AT1000,euRBDCode,DANUBE,F,47.17483,14.4292
AT,ATPG60823122,euMonitoringSiteCode,ATPG60823122,euMonitoringSiteCode,NO INTERNATIONAL NAME,ATGK100096,euGroundWaterBodyCode,NO INTERNATIONAL NAME,groundWaterBody,,,,,,,AT1000,euRBDCode,DANUBE,F,47.15795,14.73757
AT,ATPG60824032,euMonitoringSiteCode,ATPG60824032,euMonitoringSiteCode,NO INTERNATIONAL NAME,ATGK100096,euGroundWaterBodyCode,NO INTERNATIONAL NAME,groundWaterBody,,,,,,,AT1000,euRBDCode,DANUBE,F,47.19125,14.73713
AT,ATPG60824042,euMonitoringSiteCode,ATPG60824042,euMonitoringSiteCode,NO INTERNATIONAL NAME,ATGK100096,euGroundWaterBodyCode,NO INTERNATIONAL NAME,groundWaterBody,,,,,,,AT1000,euRBDCode,DANUBE,F,47.18906,14.76875
AT,ATPG60824112,euMonitoringSiteCode,ATPG60824112,euMonitoringSiteCode,NO INTERNATIONAL NAME,ATGK100096,euGroundWaterBodyCode,NO INTERNATIONAL NAME,groundWaterBody,,,,,,,AT1000,euRBDCode,DANUBE,F,47.18203,14.75536
AT,ATPG60824202,euMonitoringSiteCode,ATPG60824202,euMonitoringSiteCode,NO INTERNATIONAL NAME,ATGK100096,euGroundWaterBodyCode,NO INTERNATIONAL NAME,groundWaterBody,,,,,,,AT1000,euRBDCode,DANUBE,F,47.19716,14.76897
AT,ATPG60901132,euMonitoringSiteCode,ATPG60901132,euMonitoringSiteCode,NO INTERNATIONAL NAME,ATGK100096,euGroundWaterBodyCode,NO INTERNATIONAL NAME,groundWaterBody,,,,,,,AT1000,euRBDCode,DANUBE,F,47.19991,14.83507
AT,ATPG60903112,euMonitoringSiteCode,ATPG60903112,euMonitoringSiteCode,NO INTERNATIONAL NAME,ATGK100096,euGroundWaterBodyCode,NO INTERNATIONAL NAME,groundWaterBody,,,,,,,AT1000,euRBDCode,DANUBE,F,47.21611,14.7642
AT,ATPG60905192,euMonitoringSiteCode,ATPG60905192,euMonitoringSiteCode,NO INTERNATIONAL NAME,ATGK100096,euGroundWaterBodyCode,NO INTERNATIONAL NAME,groundWaterBody,,,,,,,AT1000,euRBDCode,DANUBE,F,47.19416,14.79266
AT,ATPG60905242,euMonitoringSiteCode,ATPG60905242,euMonitoringSiteCode,NO INTERNATIONAL NAME,ATGK100096,euGroundWaterBodyCode,NO INTERNATIONAL NAME,groundWaterBody,,,,,,,AT1000,euRBDCode,DANUBE,F,47.18239,14.79761
AT,ATPG60907172,euMonitoringSiteCode,ATPG60907172,euMonitoringSiteCode,NO INTERNATIONAL NAME,ATGK100096,euGroundWaterBodyCode,NO INTERNATIONAL NAME,groundWaterBody,,,,,,,AT1000,euRBDCode,DANUBE,F,47.21523,14.83286
AT,ATPG60907322,euMonitoringSiteCode,ATPG60907322,euMonitoringSiteCode,NO INTERNATIONAL NAME,ATGK100096,euGroundWaterBodyCode,NO INTERNATIONAL NAME,groundWaterBody,,,,,,,AT1000,euRBDCode,DANUBE,F,47.20461,14.81935
AT,ATPG60909042,euMonitoringSiteCode,ATPG60909042,euMonitoringSiteCode,NO INTERNATIONAL NAME,ATGK100099,euGroundWaterBodyCode,NO INTERNATIONAL NAME,groundWaterBody,,,,,,,AT1000,euRBDCode,DANUBE,F,47.23278,14.93245
AT,ATPG60910122,euMonitoringSiteCode,ATPG60910122,euMonitoringSiteCode,NO INTERNATIONAL NAME,ATGK100099,euGroundWaterBodyCode,NO INTERNATIONAL NAME,groundWaterBody,,,,,,,AT1000,euRBDCode,DANUBE,F,47.27782,14.92984
AT,ATPG60910162,euMonitoringSiteCode,ATPG60910162,euMonitoringSiteCode,NO INTERNATIONAL NAME,ATGK100099,euGroundWaterBodyCode,NO INTERNATIONAL NAME,groundWaterBody,,,,,,,AT1000,euRBDCode,DANUBE,F,47.25749,14.90279
AT,ATPG60910172,euMonitoringSiteCode,ATPG60910172,euMonitoringSiteCode,NO INTERNATIONAL NAME,ATGK100099,euGroundWaterBodyCode,NO INTERNATIONAL NAME,groundWaterBody,,,,,,,AT1000,euRBDCode,DANUBE,F,47.27172,14.91511
AT,ATPG60911022,euMonitoringSiteCode,ATPG60911022,euMonitoringSiteCode,NO INTERNATIONAL NAME,ATGK100099,euGroundWaterBodyCode,NO INTERNATIONAL NAME,groundWaterBody,,,,,,,AT1000,euRBDCode,DANUBE,F,47.27225,14.87678
AT,ATPG60912152,euMonitoringSiteCode,ATPG60912152,euMonitoringSiteCode,NO INTERNATIONAL NAME,ATGK100099,euGroundWaterBodyCode,NO INTERNATIONAL NAME,groundWaterBody,,,,,,,AT1000,euRBDCode,DANUBE,F,47.23655,14.8546
AT,ATPG60913012,euMonitoringSiteCode,ATPG60913012,euMonitoringSiteCode,NO INTERNATIONAL NAME,ATGK100116,euGroundWaterBodyCode,NO INTERNATIONAL NAME,groundWaterBody,,,,,,,AT1000,euRBDCode,DANUBE,F,47.27187,14.76703
AT,ATPG60914212,euMonitoringSiteCode,ATPG60914212,euMonitoringSiteCode,NO INTERNATIONAL NAME,ATGK100096,euGroundWaterBodyCode,NO INTERNATIONAL NAME,groundWaterBody,,,,,,,AT1000,euRBDCode,DANUBE,F,47.2175,14.79726
AT,ATPG61001012,euMonitoringSiteCode,ATPG61001012,euMonitoringSiteCode,NO INTERNATIONAL NAME,ATGK100183,euGroundWaterBodyCode,NO INTERNATIONAL NAME,groundWaterBody,,,,,,,AT1000,euRBDCode,DANUBE,F,46.9024,15.57651
AT,ATPG61002192,euMonitoringSiteCode,ATPG61002192,euMonitoringSiteCode,NO INTERNATIONAL NAME,ATGK100196,euGroundWaterBodyCode,NO INTERNATIONAL NAME,groundWaterBody,,,,,,,AT1000,euRBDCode,DANUBE,F,46.67429,15.40741
AT,ATPG61010012,euMonitoringSiteCode,ATPG61010012,euMonitoringSiteCode,NO INTERNATIONAL NAME,ATGK100078,euGroundWaterBodyCode,NO INTERNATIONAL NAME,groundWaterBody,,,,,,,AT1000,euRBDCode,DANUBE,F,46.64922,15.54238
AT,ATPG61011032,euMonitoringSiteCode,ATPG61011032,euMonitoringSiteCode,NO INTERNATIONAL NAME,ATGK100195,euGroundWaterBodyCode,NO INTERNATIONAL NAME,groundWaterBody,,,,,,,AT1000,euRBDCode,DANUBE,F,46.73841,15.34575
AT,ATPG61011052,euMonitoringSiteCode,ATPG61011052,euMonitoringSiteCode,NO INTERNATIONAL NAME,ATGK100195,euGroundWaterBodyCode,NO INTERNATIONAL NAME,groundWaterBody,,,,,,,AT1000,euRBDCode,DANUBE,F,46.75053,15.3724
AT,ATPG61012022,euMonitoringSiteCode,ATPG61012022,euMonitoringSiteCode,NO INTERNATIONAL NAME,ATGK100098,euGroundWaterBodyCode,NO INTERNATIONAL NAME,groundWaterBody,,,,,,,AT1000,euRBDCode,DANUBE,F,46.80716,15.52138
AT,ATPG61012112,euMonitoringSiteCode,ATPG61012112,euMonitoringSiteCode,NO INTERNATIONAL NAME,ATGK100098,euGroundWaterBodyCode,NO INTERNATIONAL NAME,groundWaterBody,,,,,,,AT1000,euRBDCode,DANUBE,F,46.82319,15.52991
AT,ATPG61012182,euMonitoringSiteCode,ATPG61012182,euMonitoringSiteCode,NO INTERNATIONAL NAME,ATGK100098,euGroundWaterBodyCode,NO INTERNATIONAL NAME,groundWaterBody,,,,,,,AT1000,euRBDCode,DANUBE,F,46.82502,15.57457
AT,ATPG61012192,euMonitoringSiteCode,ATPG61012192,euMonitoringSiteCode,NO INTERNATIONAL NAME,ATGK100098,euGroundWaterBodyCode,NO INTERNATIONAL NAME,groundWaterBody,,,,,,,AT1000,euRBDCode,DANUBE,F,46.83026,15.58266
AT,ATPG61012202,euMonitoringSiteCode,ATPG61012202,euMonitoringSiteCode,NO INTERNATIONAL NAME,ATGK100098,euGroundWaterBodyCode,NO INTERNATIONAL NAME,groundWaterBody,,,,,,,AT1000,euRBDCode,DANUBE,F,46.80652,15.55413
AT,ATPG61012272,euMonitoringSiteCode,ATPG61012272,euMonitoringSiteCode,NO INTERNATIONAL NAME,ATGK100098,euGroundWaterBodyCode,NO INTERNATIONAL NAME,groundWaterBody,,,,,,,AT1000,euRBDCode,DANUBE,F,46.82898,15.55638
AT,ATPG61012292,euMonitoringSiteCode,ATPG61012292,euMonitoringSiteCode,NO INTERNATIONAL NAME,ATGK100098,euGroundWaterBodyCode,NO INTERNATIONAL NAME,groundWaterBody,,,,,,,AT1000,euRBDCode,DANUBE,F,46.81916,15.55203
AT,ATPG61013022,euMonitoringSiteCode,ATPG61013022,euMonitoringSiteCode,NO INTERNATIONAL NAME,ATGK100123,euGroundWaterBodyCode,NO INTERNATIONAL NAME,groundWaterBody,,,,,,,AT1000,euRBDCode,DANUBE,F,46.73472,15.44903
AT,ATPG61016082,euMonitoringSiteCode,ATPG61016082,euMonitoringSiteCode,NO INTERNATIONAL NAME,ATGK100195,euGroundWaterBodyCode,NO INTERNATIONAL NAME,groundWaterBody,,,,,,,AT1000,euRBDCode,DANUBE,F,46.77323,15.50689
AT,ATPG61016112,euMonitoringSiteCode,ATPG61016112,euMonitoringSiteCode,NO INTERNATIONAL NAME,ATGK100195,euGroundWaterBodyCode,NO INTERNATIONAL NAME,groundWaterBody,,,,,,,AT1000,euRBDCode,DANUBE,F,46.75991,15.49718
AT,ATPG61017042,euMonitoringSiteCode,ATPG61017042,euMonitoringSiteCode,NO INTERNATIONAL NAME,ATGK100104,euGroundWaterBodyCode,NO INTERNATIONAL NAME,groundWaterBody,,,,,,,AT1000,euRBDCode,DANUBE,F,46.86632,15.48706
AT,ATPG61017122,euMonitoringSiteCode,ATPG61017122,euMonitoringSiteCode,NO INTERNATIONAL NAME,ATGK100104,euGroundWaterBodyCode,NO INTERNATIONAL NAME,groundWaterBody,,,,,,,AT1000,euRBDCode,DANUBE,F,46.864,15.46728
AT,ATPG61020012,euMonitoringSiteCode,ATPG61020012,euMonitoringSiteCode,NO INTERNATIONAL NAME,ATGK100098,euGroundWaterBodyCode,NO INTERNATIONAL NAME,groundWaterBody,,,,,,,AT1000,euRBDCode,DANUBE,F,46.83814,15.50167
AT,ATPG61020152,euMonitoringSiteCode,ATPG61020152,euMonitoringSiteCode,NO INTERNATIONAL NAME,ATGK100098,euGroundWaterBodyCode,NO INTERNATIONAL NAME,groundWaterBody,,,,,,,AT1000,euRBDCode,DANUBE,F,46.83871,15.51874
AT,ATPG61021132,euMonitoringSiteCode,ATPG61021132,euMonitoringSiteCode,OBB LEBRING,ATGK100098,euGroundWaterBodyCode,NO INTERNATIONAL NAME,groundWaterBody,,,,,,,AT1000,euRBDCode,DANUBE,F,46.8555,15.533
AT,ATPG61021282,euMonitoringSiteCode,ATPG61021282,euMonitoringSiteCode,NO INTERNATIONAL NAME,ATGK100098,euGroundWaterBodyCode,NO INTERNATIONAL NAME,groundWaterBody,,,,,,,AT1000,euRBDCode,DANUBE,F,46.84098,15.54113
AT,ATPG61022232,euMonitoringSiteCode,ATPG61022232,euMonitoringSiteCode,NO INTERNATIONAL NAME,ATGK100098,euGroundWaterBodyCode,NO INTERNATIONAL NAME,groundWaterBody,,,,,,,AT1000,euRBDCode,DANUBE,F,46.77172,15.53827
AT,ATPG61024152,euMonitoringSiteCode,ATPG61024152,euMonitoringSiteCode,NO INTERNATIONAL NAME,ATGK100196,euGroundWaterBodyCode,NO INTERNATIONAL NAME,groundWaterBody,,,,,,,AT1000,euRBDCode,DANUBE,F,46.69299,15.3689
AT,ATPG61025032,euMonitoringSiteCode,ATPG61025032,euMonitoringSiteCode,NO INTERNATIONAL NAME,ATGK100098,euGroundWaterBodyCode,NO INTERNATIONAL NAME,groundWaterBody,,,,,,,AT1000,euRBDCode,DANUBE,F,46.74649,15.58568
AT,ATPG61025262,euMonitoringSiteCode,ATPG61025262,euMonitoringSiteCode,NO INTERNATIONAL NAME,ATGK100098,euGroundWaterBodyCode,NO INTERNATIONAL NAME,groundWaterBody,,,,,,,AT1000,euRBDCode,DANUBE,F,46.74897,15.59627
AT,ATPG61026062,euMonitoringSiteCode,ATPG61026062,euMonitoringSiteCode,NO INTERNATIONAL NAME,ATGK100195,euGroundWaterBodyCode,NO INTERNATIONAL NAME,groundWaterBody,,,,,,,AT1000,euRBDCode,DANUBE,F,46.75903,15.40023
AT,ATPG61027162,euMonitoringSiteCode,ATPG61027162,euMonitoringSiteCode,NO INTERNATIONAL NAME,ATGK100098,euGroundWaterBodyCode,NO INTERNATIONAL NAME,groundWaterBody,,,,,,,AT1000,euRBDCode,DANUBE,F,46.84838,15.57687
AT,ATPG61027282,euMonitoringSiteCode,ATPG61027282,euMonitoringSiteCode,NO INTERNATIONAL NAME,ATGK100098,euGroundWaterBodyCode,NO INTERNATIONAL NAME,groundWaterBody,,,,,,,AT1000,euRBDCode,DANUBE,F,46.84452,15.58982
AT,ATPG61031082,euMonitoringSiteCode,ATPG61031082,euMonitoringSiteCode,NO INTERNATIONAL NAME,ATGK100098,euGroundWaterBodyCode,NO INTERNATIONAL NAME,groundWaterBody,,,,,,,AT1000,euRBDCode,DANUBE,F,46.88189,15.56646
AT,ATPG61031142,euMonitoringSiteCode,ATPG61031142,euMonitoringSiteCode,NO INTERNATIONAL NAME,ATGK100098,euGroundWaterBodyCode,NO INTERNATIONAL NAME,groundWaterBody,,,,,,,AT1000,euRBDCode,DANUBE,F,46.86385,15.56833
AT,ATPG61032162,euMonitoringSiteCode,ATPG61032162,euMonitoringSiteCode,NO INTERNATIONAL NAME,ATGK100196,euGroundWaterBodyCode,NO INTERNATIONAL NAME,groundWaterBody,,,,,,,AT1000,euRBDCode,DANUBE,F,46.6972,15.38475
AT,ATPG61032172,euMonitoringSiteCode,ATPG61032172,euMonitoringSiteCode,NO INTERNATIONAL NAME,ATGK100196,euGroundWaterBodyCode,NO INTERNATIONAL NAME,groundWaterBody,,,,,,,AT1000,euRBDCode,DANUBE,F,46.70421,15.39549
AT,ATPG61032182,euMonitoringSiteCode,ATPG61032182,euMonitoringSiteCode,NO INTERNATIONAL NAME,ATGK100196,euGroundWaterBodyCode,NO INTERNATIONAL NAME,groundWaterBody,,,,,,,AT1000,euRBDCode,DANUBE,F,46.72283,15.41061
AT,ATPG61036022,euMonitoringSiteCode,ATPG61036022,euMonitoringSiteCode,NO INTERNATIONAL NAME,ATGK100183,euGroundWaterBodyCode,NO INTERNATIONAL NAME,groundWaterBody,,,,,,,AT1000,euRBDCode,DANUBE,F,46.77839,15.65517
AT,ATPG61036322,euMonitoringSiteCode,ATPG61036322,euMonitoringSiteCode,NO INTERNATIONAL NAME,ATGK100098,euGroundWaterBodyCode,NO INTERNATIONAL NAME,groundWaterBody,,,,,,,AT1000,euRBDCode,DANUBE,F,46.75858,15.61108
AT,ATPG61038052,euMonitoringSiteCode,ATPG61038052,euMonitoringSiteCode,NO INTERNATIONAL NAME,ATGK100098,euGroundWaterBodyCode,NO INTERNATIONAL NAME,groundWaterBody,,,,,,,AT1000,euRBDCode,DANUBE,F,46.77799,15.5857
AT,ATPG61038062,euMonitoringSiteCode,ATPG61038062,euMonitoringSiteCode,NO INTERNATIONAL NAME,ATGK100098,euGroundWaterBodyCode,NO INTERNATIONAL NAME,groundWaterBody,,,,,,,AT1000,euRBDCode,DANUBE,F,46.76632,15.5839
AT,ATPG61040092,euMonitoringSiteCode,ATPG61040092,euMonitoringSiteCode,NO INTERNATIONAL NAME,ATGK100098,euGroundWaterBodyCode,NO INTERNATIONAL NAME,groundWaterBody,,,,,,,AT1000,euRBDCode,DANUBE,F,46.88217,15.55203
AT,ATPG61040102,euMonitoringSiteCode,ATPG61040102,euMonitoringSiteCode,NO INTERNATIONAL NAME,ATGK100098,euGroundWaterBodyCode,NO INTERNATIONAL NAME,groundWaterBody,,,,,,,AT1000,euRBDCode,DANUBE,F,46.89165,15.52748
AT,ATPG61040302,euMonitoringSiteCode,ATPG61040302,euMonitoringSiteCode,NO INTERNATIONAL NAME,ATGK100098,euGroundWaterBodyCode,NO INTERNATIONAL NAME,groundWaterBody,,,,,,,AT1000,euRBDCode,DANUBE,F,46.89745,15.5067
AT,ATPG61045212,euMonitoringSiteCode,ATPG61045212,euMonitoringSiteCode,NO INTERNATIONAL NAME,ATGK100098,euGroundWaterBodyCode,NO INTERNATIONAL NAME,groundWaterBody,,,,,,,AT1000,euRBDCode,DANUBE,F,46.80243,15.57887
AT,ATPG61045242,euMonitoringSiteCode,ATPG61045242,euMonitoringSiteCode,NO INTERNATIONAL NAME,ATGK100098,euGroundWaterBodyCode,NO INTERNATIONAL NAME,groundWaterBody,,,,,,,AT1000,euRBDCode,DANUBE,F,46.78097,15.57141
AT,ATPG61045252,euMonitoringSiteCode,ATPG61045252,euMonitoringSiteCode,NO INTERNATIONAL NAME,ATGK100098,euGroundWaterBodyCode,NO INTERNATIONAL NAME,groundWaterBody,,,,,,,AT1000,euRBDCode,DANUBE,F,46.76139,15.56012
AT,ATPG61045312,euMonitoringSiteCode,ATPG61045312,euMonitoringSiteCode,NO INTERNATIONAL NAME,ATGK100098,euGroundWaterBodyCode,NO INTERNATIONAL NAME,groundWaterBody,,,,,,,AT1000,euRBDCode,DANUBE,F,46.78121,15.55963
AT,ATPG61046052,euMonitoringSiteCode,ATPG61046052,euMonitoringSiteCode,NO INTERNATIONAL NAME,ATGK100103,euGroundWaterBodyCode,NO INTERNATIONAL NAME,groundWaterBody,,,,,,,AT1000,euRBDCode,DANUBE,F,46.89232,15.44478
AT,ATPG61046332,euMonitoringSiteCode,ATPG61046332,euMonitoringSiteCode,NO INTERNATIONAL NAME,ATGK100097,euGroundWaterBodyCode,NO INTERNATIONAL NAME,groundWaterBody,,,,,,,AT1000,euRBDCode,DANUBE,F,46.89358,15.47372
AT,ATPG61047542,euMonitoringSiteCode,ATPG61047542,euMonitoringSiteCode,NO INTERNATIONAL NAME,ATGK100097,euGroundWaterBodyCode,NO INTERNATIONAL NAME,groundWaterBody,,,,,,,AT1000,euRBDCode,DANUBE,F,46.88858,15.49978
AT,ATPG61103092,euMonitoringSiteCode,ATPG61103092,euMonitoringSiteCode,NO INTERNATIONAL NAME,ATGK100099,euGroundWaterBodyCode,NO INTERNATIONAL NAME,groundWaterBody,,,,,,,AT1000,euRBDCode,DANUBE,F,47.43887,14.99573
AT,ATPG61105092,euMonitoringSiteCode,ATPG61105092,euMonitoringSiteCode,NO INTERNATIONAL NAME,ATGK100037,euGroundWaterBodyCode,NO INTERNATIONAL NAME,groundWaterBody,,,,,,,AT1000,euRBDCode,DANUBE,F,47.42446,14.72609
AT,ATPG61106052,euMonitoringSiteCode,ATPG61106052,euMonitoringSiteCode,NO INTERNATIONAL NAME,ATGK100037,euGroundWaterBodyCode,NO INTERNATIONAL NAME,groundWaterBody,,,,,,,AT1000,euRBDCode,DANUBE,F,47.38887,14.90404
AT,ATPG61106102,euMonitoringSiteCode,ATPG61106102,euMonitoringSiteCode,NO INTERNATIONAL NAME,ATGK100037,euGroundWaterBodyCode,NO INTERNATIONAL NAME,groundWaterBody,,,,,,,AT1000,euRBDCode,DANUBE,F,47.38196,14.94756
AT,ATPG61107112,euMonitoringSiteCode,ATPG61107112,euMonitoringSiteCode,NO INTERNATIONAL NAME,ATGK100099,euGroundWaterBodyCode,NO INTERNATIONAL NAME,groundWaterBody,,,,,,,AT1000,euRBDCode,DANUBE,F,47.30548,14.94655
AT,ATPG61108012,euMonitoringSiteCode,ATPG61108012,euMonitoringSiteCode,NO INTERNATIONAL NAME,ATGK100099,euGroundWaterBodyCode,NO INTERNATIONAL NAME,groundWaterBody,,,,,,,AT1000,euRBDCode,DANUBE,F,47.37368,15.08245
AT,ATPG61108022,euMonitoringSiteCode,ATPG61108022,euMonitoringSiteCode,NO INTERNATIONAL NAME,ATGK100099,euGroundWaterBodyCode,NO INTERNATIONAL NAME,groundWaterBody,,,,,,,AT1000,euRBDCode,DANUBE,F,47.38663,15.11865
AT,ATPG61108032,euMonitoringSiteCode,ATPG61108032,euMonitoringSiteCode,NO INTERNATIONAL NAME,ATGK100099,euGroundWaterBodyCode,NO INTERNATIONAL NAME,groundWaterBody,,,,,,,AT1000,euRBDCode,DANUBE,F,47.35776,15.0647
AT,ATPG61108042,euMonitoringSiteCode,ATPG61108042,euMonitoringSiteCode,NO INTERNATIONAL NAME,ATGK100099,euGroundWaterBodyCode,NO INTERNATIONAL NAME,groundWaterBody,,,,,,,AT1000,euRBDCode,DANUBE,F,47.34036,15.08399
AT,ATPG61108072,euMonitoringSiteCode,ATPG61108072,euMonitoringSiteCode,NO INTERNATIONAL NAME,ATGK100099,euGroundWaterBodyCode,NO INTERNATIONAL NAME,groundWaterBody,,,,,,,AT1000,euRBDCode,DANUBE,F,47.3812,15.06149
AT,ATPG61108092,euMonitoringSiteCode,ATPG61108092,euMonitoringSiteCode,NO INTERNATIONAL NAME,ATGK100099,euGroundWaterBodyCode,NO INTERNATIONAL NAME,groundWaterBody,,,,,,,AT1000,euRBDCode,DANUBE,F,47.35563,15.08582
AT,ATPG61109022,euMonitoringSiteCode,ATPG61109022,euMonitoringSiteCode,NO INTERNATIONAL NAME,ATGK100037,euGroundWaterBodyCode,NO INTERNATIONAL NAME,groundWaterBody,,,,,,,AT1000,euRBDCode,DANUBE,F,47.39609,14.83534
AT,ATPG61109042,euMonitoringSiteCode,ATPG61109042,euMonitoringSiteCode,NO INTERNATIONAL NAME,ATGK100037,euGroundWaterBodyCode,NO INTERNATIONAL NAME,groundWaterBody,,,,,,,AT1000,euRBDCode,DANUBE,F,47.40478,14.78919
AT,ATPG61110082,euMonitoringSiteCode,ATPG61110082,euMonitoringSiteCode,NO INTERNATIONAL NAME,ATGK100099,euGroundWaterBodyCode,NO INTERNATIONAL NAME,groundWaterBody,,,,,,,AT1000,euRBDCode,DANUBE,F,47.39418,15.15337
AT,ATPG61113022,euMonitoringSiteCode,ATPG61113022,euMonitoringSiteCode,NO INTERNATIONAL NAME,ATGK100099,euGroundWaterBodyCode,NO INTERNATIONAL NAME,groundWaterBody,,,,,,,AT1000,euRBDCode,DANUBE,F,47.32407,15.03051
AT,ATPG61113032,euMonitoringSiteCode,ATPG61113032,euMonitoringSiteCode,NO INTERNATIONAL NAME,ATGK100099,euGroundWaterBodyCode,NO INTERNATIONAL NAME,groundWaterBody,,,,,,,AT1000,euRBDCode,DANUBE,F,47.32005,15.05817
AT,ATPG61113102,euMonitoringSiteCode,ATPG61113102,euMonitoringSiteCode,NO INTERNATIONAL NAME,ATGK100099,euGroundWaterBodyCode,NO INTERNATIONAL NAME,groundWaterBody,,,,,,,AT1000,euRBDCode,DANUBE,F,47.33171,15.0003
AT,ATPG61114032,euMonitoringSiteCode,ATPG61114032,euMonitoringSiteCode,NO INTERNATIONAL NAME,ATGK100099,euGroundWaterBodyCode,NO INTERNATIONAL NAME,groundWaterBody,,,,,,,AT1000,euRBDCode,DANUBE,F,47.39237,15.03668
AT,ATPG61115042,euMonitoringSiteCode,ATPG61115042,euMonitoringSiteCode,NO INTERNATIONAL NAME,ATGK100099,euGroundWaterBodyCode,NO INTERNATIONAL NAME,groundWaterBody,,,,,,,AT1000,euRBDCode,DANUBE,F,47.32315,14.96959
AT,ATPG61116012,euMonitoringSiteCode,ATPG61116012,euMonitoringSiteCode,NO INTERNATIONAL NAME,ATGK100037,euGroundWaterBodyCode,NO INTERNATIONAL NAME,groundWaterBody,,,,,,,AT1000,euRBDCode,DANUBE,F,47.35686,15.00375
AT,ATPG61116082,euMonitoringSiteCode,ATPG61116082,euMonitoringSiteCode,NO INTERNATIONAL NAME,ATGK100037,euGroundWaterBodyCode,NO INTERNATIONAL NAME,groundWaterBody,,,,,,,AT1000,euRBDCode,DANUBE,F,47.37058,14.98828
AT,ATPG61116092,euMonitoringSiteCode,ATPG61116092,euMonitoringSiteCode,NO INTERNATIONAL NAME,ATGK100037,euGroundWaterBodyCode,NO INTERNATIONAL NAME,groundWaterBody,,,,,,,AT1000,euRBDCode,DANUBE,F,47.3751,14.9871
AT,ATPG61117082,euMonitoringSiteCode,ATPG61117082,euMonitoringSiteCode,NO INTERNATIONAL NAME,ATGK100099,euGroundWaterBodyCode,NO INTERNATIONAL NAME,groundWaterBody,,,,,,,AT1000,euRBDCode,DANUBE,F,47.41422,15.02014
AT,ATPG61117102,euMonitoringSiteCode,ATPG61117102,euMonitoringSiteCode,NO INTERNATIONAL NAME,ATGK100099,euGroundWaterBodyCode,NO INTERNATIONAL NAME,groundWaterBody,,,,,,,AT1000,euRBDCode,DANUBE,F,47.43144,15.01141
AT,ATPG61201132,euMonitoringSiteCode,ATPG61201132,euMonitoringSiteCode,NO INTERNATIONAL NAME,ATGK100039,euGroundWaterBodyCode,NO INTERNATIONAL NAME,groundWaterBody,,,,,,,AT1000,euRBDCode,DANUBE,F,47.57195,14.39757
AT,ATPG61201142,euMonitoringSiteCode,ATPG61201142,euMonitoringSiteCode,NO INTERNATIONAL NAME,ATGK100039,euGroundWaterBodyCode,NO INTERNATIONAL NAME,groundWaterBody,,,,,,,AT1000,euRBDCode,DANUBE,F,47.5787,14.44558
AT,ATPG61201152,euMonitoringSiteCode,ATPG61201152,euMonitoringSiteCode,NO INTERNATIONAL NAME,ATGK100039,euGroundWaterBodyCode,NO INTERNATIONAL NAME,groundWaterBody,,,,,,,AT1000,euRBDCode,DANUBE,F,47.58699,14.51624
AT,ATPG61202102,euMonitoringSiteCode,ATPG61202102,euMonitoringSiteCode,NO INTERNATIONAL NAME,ATGK100040,euGroundWaterBodyCode,NO INTERNATIONAL NAME,groundWaterBody,,,,,,,AT1000,euRBDCode,DANUBE,F,47.41752,13.81115
AT,ATPG61202112,euMonitoringSiteCode,ATPG61202112,euMonitoringSiteCode,SONDE 3004 19A AICH,ATGK100040,euGroundWaterBodyCode,NO INTERNATIONAL NAME,groundWaterBody,,,,,,,AT1000,euRBDCode,DANUBE,F,47.4234,13.813
AT,ATPG61203092,euMonitoringSiteCode,ATPG61203092,euMonitoringSiteCode,NO INTERNATIONAL NAME,ATGK100039,euGroundWaterBodyCode,NO INTERNATIONAL NAME,groundWaterBody,,,,,,,AT1000,euRBDCode,DANUBE,F,47.53889,14.14842
AT,ATPG61203102,euMonitoringSiteCode,ATPG61203102,euMonitoringSiteCode,NO INTERNATIONAL NAME,ATGK100039,euGroundWaterBodyCode,NO INTERNATIONAL NAME,groundWaterBody,,,,,,,AT1000,euRBDCode,DANUBE,F,47.55387,14.19251
AT,ATPG61205092,euMonitoringSiteCode,ATPG61205092,euMonitoringSiteCode,NO INTERNATIONAL NAME,ATGK100043,euGroundWaterBodyCode,NO INTERNATIONAL NAME,groundWaterBody,,,,,,,AT1000,euRBDCode,DANUBE,F,47.71675,14.6645
AT,ATPG61205102,euMonitoringSiteCode,ATPG61205102,euMonitoringSiteCode,NO INTERNATIONAL NAME,ATGK100189,euGroundWaterBodyCode,NO INTERNATIONAL NAME,groundWaterBody,,,,,,,AT1000,euRBDCode,DANUBE,F,47.73848,14.65304
AT,ATPG61206122,euMonitoringSiteCode,ATPG61206122,euMonitoringSiteCode,NO INTERNATIONAL NAME,ATGK100039,euGroundWaterBodyCode,NO INTERNATIONAL NAME,groundWaterBody,,,,,,,AT1000,euRBDCode,DANUBE,F,47.57793,14.33253
AT,ATPG61210062,euMonitoringSiteCode,ATPG61210062,euMonitoringSiteCode,NO INTERNATIONAL NAME,ATGK100041,euGroundWaterBodyCode,NO INTERNATIONAL NAME,groundWaterBody,,,,,,,AT1000,euRBDCode,DANUBE,F,47.48693,14.53391
AT,ATPG61213122,euMonitoringSiteCode,ATPG61213122,euMonitoringSiteCode,NO INTERNATIONAL NAME,ATGK100040,euGroundWaterBodyCode,NO INTERNATIONAL NAME,groundWaterBody,,,,,,,AT1000,euRBDCode,DANUBE,F,47.43239,13.90411
AT,ATPG61218072,euMonitoringSiteCode,ATPG61218072,euMonitoringSiteCode,NO INTERNATIONAL NAME,ATGK100039,euGroundWaterBodyCode,NO INTERNATIONAL NAME,groundWaterBody,,,,,,,AT1000,euRBDCode,DANUBE,F,47.52301,14.10301
AT,ATPG61221082,euMonitoringSiteCode,ATPG61221082,euMonitoringSiteCode,NO INTERNATIONAL NAME,ATGK100043,euGroundWaterBodyCode,NO INTERNATIONAL NAME,groundWaterBody,,,,,,,AT1000,euRBDCode,DANUBE,F,47.65093,14.75073
AT,ATPG61223112,euMonitoringSiteCode,ATPG61223112,euMonitoringSiteCode,NO INTERNATIONAL NAME,ATGK100039,euGroundWaterBodyCode,NO INTERNATIONAL NAME,groundWaterBody,,,,,,,AT1000,euRBDCode,DANUBE,F,47.55631,14.22578
AT,ATPG61225132,euMonitoringSiteCode,ATPG61225132,euMonitoringSiteCode,NO INTERNATIONAL NAME,ATGK100040,euGroundWaterBodyCode,NO INTERNATIONAL NAME,groundWaterBody,,,,,,,AT1000,euRBDCode,DANUBE,F,47.47237,13.99876
AT,ATPG61227052,euMonitoringSiteCode,ATPG61227052,euMonitoringSiteCode,NO INTERNATIONAL NAME,ATGK100040,euGroundWaterBodyCode,NO INTERNATIONAL NAME,groundWaterBody,,,,,,,AT1000,euRBDCode,DANUBE,F,47.4911,14.02688
AT,ATPG61232112,euMonitoringSiteCode,ATPG61232112,euMonitoringSiteCode,NO INTERNATIONAL NAME,ATGK100040,euGroundWaterBodyCode,NO INTERNATIONAL NAME,groundWaterBody,,,,,,,AT1000,euRBDCode,DANUBE,F,47.38757,13.6148
AT,ATPG61238092,euMonitoringSiteCode,ATPG61238092,euMonitoringSiteCode,NO INTERNATIONAL NAME,ATGK100041,euGroundWaterBodyCode,NO INTERNATIONAL NAME,groundWaterBody,,,,,,,AT1000,euRBDCode,DANUBE,F,47.51425,14.40968
AT,ATPG61238102,euMonitoringSiteCode,ATPG61238102,euMonitoringSiteCode,NO INTERNATIONAL NAME,ATGK100041,euGroundWaterBodyCode,NO INTERNATIONAL NAME,groundWaterBody,,,,,,,AT1000,euRBDCode,DANUBE,F,47.52573,14.33419
AT,ATPG61242122,euMonitoringSiteCode,ATPG61242122,euMonitoringSiteCode,NO INTERNATIONAL NAME,ATGK100040,euGroundWaterBodyCode,NO INTERNATIONAL NAME,groundWaterBody,,,,,,,AT1000,euRBDCode,DANUBE,F,47.40259,13.7103
AT,ATPG61244082,euMonitoringSiteCode,ATPG61244082,euMonitoringSiteCode,NO INTERNATIONAL NAME,ATGK100039,euGroundWaterBodyCode,NO INTERNATIONAL NAME,groundWaterBody,,,,,,,AT1000,euRBDCode,DANUBE,F,47.52565,14.11234
AT,ATPG61246072,euMonitoringSiteCode,ATPG61246072,euMonitoringSiteCode,NO INTERNATIONAL NAME,ATGK100041,euGroundWaterBodyCode,NO INTERNATIONAL NAME,groundWaterBody,,,,,,,AT1000,euRBDCode,DANUBE,F,47.47272,14.59995
AT,ATPG61247082,euMonitoringSiteCode,ATPG61247082,euMonitoringSiteCode,NO INTERNATIONAL NAME,ATGK100041,euGroundWaterBodyCode,NO INTERNATIONAL NAME,groundWaterBody,,,,,,,AT1000,euRBDCode,DANUBE,F,47.49747,14.47042
AT,ATPG61305092,euMonitoringSiteCode,ATPG61305092,euMonitoringSiteCode,NO INTERNATIONAL NAME,ATGK100156,euGroundWaterBodyCode,NO INTERNATIONAL NAME,groundWaterBody,,,,,,,AT1000,euRBDCode,DANUBE,F,47.50605,15.45211
AT,ATPG61305102,euMonitoringSiteCode,ATPG61305102,euMonitoringSiteCode,NO INTERNATIONAL NAME,ATGK100156,euGroundWaterBodyCode,NO INTERNATIONAL NAME,groundWaterBody,,,,,,,AT1000,euRBDCode,DANUBE,F,47.49405,15.41975
AT,ATPG61306042,euMonitoringSiteCode,ATPG61306042,euMonitoringSiteCode,NO INTERNATIONAL NAME,ATGK100156,euGroundWaterBodyCode,NO INTERNATIONAL NAME,groundWaterBody,,,,,,,AT1000,euRBDCode,DANUBE,F,47.55127,15.58289
AT,ATPG61306052,euMonitoringSiteCode,ATPG61306052,euMonitoringSiteCode,NO INTERNATIONAL NAME,ATGK100156,euGroundWaterBodyCode,NO INTERNATIONAL NAME,groundWaterBody,,,,,,,AT1000,euRBDCode,DANUBE,F,47.54364,15.55864
AT,ATPG61306062,euMonitoringSiteCode,ATPG61306062,euMonitoringSiteCode,NO INTERNATIONAL NAME,ATGK100156,euGroundWaterBodyCode,NO INTERNATIONAL NAME,groundWaterBody,,,,,,,AT1000,euRBDCode,DANUBE,F,47.55035,15.53765
AT,ATPG61307032,euMonitoringSiteCode,ATPG61307032,euMonitoringSiteCode,NO INTERNATIONAL NAME,ATGK100156,euGroundWaterBodyCode,NO INTERNATIONAL NAME,groundWaterBody,,,,,,,AT1000,euRBDCode,DANUBE,F,47.56408,15.61801
AT,ATPG61310032,euMonitoringSiteCode,ATPG61310032,euMonitoringSiteCode,NO INTERNATIONAL NAME,ATGK100117,euGroundWaterBodyCode,NO INTERNATIONAL NAME,groundWaterBody,,,,,,,AT1000,euRBDCode,DANUBE,F,47.67823,15.43773
AT,ATPG61311012,euMonitoringSiteCode,ATPG61311012,euMonitoringSiteCode,NO INTERNATIONAL NAME,ATGK100156,euGroundWaterBodyCode,NO INTERNATIONAL NAME,groundWaterBody,,,,,,,AT1000,euRBDCode,DANUBE,F,47.60271,15.66627
AT,ATPG61403072,euMonitoringSiteCode,ATPG61403072,euMonitoringSiteCode,NO INTERNATIONAL NAME,ATGK100101,euGroundWaterBodyCode,NO INTERNATIONAL NAME,groundWaterBody,,,,,,,AT1000,euRBDCode,DANUBE,F,47.13567,14.27938
AT,ATPG61408012,euMonitoringSiteCode,ATPG61408012,euMonitoringSiteCode,NO INTERNATIONAL NAME,ATGK100101,euGroundWaterBodyCode,NO INTERNATIONAL NAME,groundWaterBody,,,,,,,AT1000,euRBDCode,DANUBE,F,47.11122,14.18536
AT,ATPG61413022,euMonitoringSiteCode,ATPG61413022,euMonitoringSiteCode,NO INTERNATIONAL NAME,ATGK100101,euGroundWaterBodyCode,NO INTERNATIONAL NAME,groundWaterBody,,,,,,,AT1000,euRBDCode,DANUBE,F,47.15267,14.39313
AT,ATPG61417112,euMonitoringSiteCode,ATPG61417112,euMonitoringSiteCode,NO INTERNATIONAL NAME,ATGK100101,euGroundWaterBodyCode,NO INTERNATIONAL NAME,groundWaterBody,,,,,,,AT1000,euRBDCode,DANUBE,F,47.07599,13.92005
AT,ATPG61421022,euMonitoringSiteCode,ATPG61421022,euMonitoringSiteCode,NO INTERNATIONAL NAME,ATGK100101,euGroundWaterBodyCode,NO INTERNATIONAL NAME,groundWaterBody,,,,,,,AT1000,euRBDCode,DANUBE,F,47.10187,14.10746
AT,ATPG61424012,euMonitoringSiteCode,ATPG61424012,euMonitoringSiteCode,NO INTERNATIONAL NAME,ATGK100071,euGroundWaterBodyCode,NO INTERNATIONAL NAME,groundWaterBody,,,,,,,AT1000,euRBDCode,DANUBE,F,47.05062,14.43191
AT,ATPG61432062,euMonitoringSiteCode,ATPG61432062,euMonitoringSiteCode,NO INTERNATIONAL NAME,ATGK100101,euGroundWaterBodyCode,NO INTERNATIONAL NAME,groundWaterBody,,,,,,,AT1000,euRBDCode,DANUBE,F,47.13674,14.3638
AT,ATPG61433082,euMonitoringSiteCode,ATPG61433082,euMonitoringSiteCode,NO INTERNATIONAL NAME,ATGK100101,euGroundWaterBodyCode,NO INTERNATIONAL NAME,groundWaterBody,,,,,,,AT1000,euRBDCode,DANUBE,F,47.12788,14.24101
AT,ATPG61504082,euMonitoringSiteCode,ATPG61504082,euMonitoringSiteCode,NO INTERNATIONAL NAME,ATGK100102,euGroundWaterBodyCode,NO INTERNATIONAL NAME,groundWaterBody,,,,,,,AT1000,euRBDCode,DANUBE,F,46.72467,15.76934
AT,ATPG61505102,euMonitoringSiteCode,ATPG61505102,euMonitoringSiteCode,NO INTERNATIONAL NAME,ATGK100102,euGroundWaterBodyCode,NO INTERNATIONAL NAME,groundWaterBody,,,,,,,AT1000,euRBDCode,DANUBE,F,46.72869,15.79178
AT,ATPG61505122,euMonitoringSiteCode,ATPG61505122,euMonitoringSiteCode,NO INTERNATIONAL NAME,ATGK100102,euGroundWaterBodyCode,NO INTERNATIONAL NAME,groundWaterBody,,,,,,,AT1000,euRBDCode,DANUBE,F,46.72786,15.82971
AT,ATPG61505142,euMonitoringSiteCode,ATPG61505142,euMonitoringSiteCode,NO INTERNATIONAL NAME,ATGK100102,euGroundWaterBodyCode,NO INTERNATIONAL NAME,groundWaterBody,,,,,,,AT1000,euRBDCode,DANUBE,F,46.73009,15.85076
AT,ATPG61506132,euMonitoringSiteCode,ATPG61506132,euMonitoringSiteCode,NO INTERNATIONAL NAME,ATGK100102,euGroundWaterBodyCode,NO INTERNATIONAL NAME,groundWaterBody,,,,,,,AT1000,euRBDCode,DANUBE,F,46.72939,15.88215
AT,ATPG61506152,euMonitoringSiteCode,ATPG61506152,euMonitoringSiteCode,NO INTERNATIONAL NAME,ATGK100102,euGroundWaterBodyCode,NO INTERNATIONAL NAME,groundWaterBody,,,,,,,AT1000,euRBDCode,DANUBE,F,46.7169,15.91689
AT,ATPG61506212,euMonitoringSiteCode,ATPG61506212,euMonitoringSiteCode,NO INTERNATIONAL NAME,ATGK100102,euGroundWaterBodyCode,NO INTERNATIONAL NAME,groundWaterBody,,,,,,,AT1000,euRBDCode,DANUBE,F,46.7183,15.97325
AT,ATPG61506222,euMonitoringSiteCode,ATPG61506222,euMonitoringSiteCode,NO INTERNATIONAL NAME,ATGK100102,euGroundWaterBodyCode,NO INTERNATIONAL NAME,groundWaterBody,,,,,,,AT1000,euRBDCode,DANUBE,F,46.71,15.94274
AT,ATPG61506232,euMonitoringSiteCode,ATPG61506232,euMonitoringSiteCode,NO INTERNATIONAL NAME,ATGK100102,euGroundWaterBodyCode,NO INTERNATIONAL NAME,groundWaterBody,,,,,,,AT1000,euRBDCode,DANUBE,F,46.73971,15.94288
AT,ATPG61506242,euMonitoringSiteCode,ATPG61506242,euMonitoringSiteCode,NO INTERNATIONAL NAME,ATGK100102,euGroundWaterBodyCode,NO INTERNATIONAL NAME,groundWaterBody,,,,,,,AT1000,euRBDCode,DANUBE,F,46.7514,15.90415
AT,ATPG61508072,euMonitoringSiteCode,ATPG61508072,euMonitoringSiteCode,NO INTERNATIONAL NAME,ATGK100183,euGroundWaterBodyCode,NO INTERNATIONAL NAME,groundWaterBody,,,,,,,AT1000,euRBDCode,DANUBE,F,46.79762,15.89065
AT,ATPG61508082,euMonitoringSiteCode,ATPG61508082,euMonitoringSiteCode,NO INTERNATIONAL NAME,ATGK100183,euGroundWaterBodyCode,NO INTERNATIONAL NAME,groundWaterBody,,,,,,,AT1000,euRBDCode,DANUBE,F,46.77328,15.8921
AT,ATPG61509102,euMonitoringSiteCode,ATPG61509102,euMonitoringSiteCode,NO INTERNATIONAL NAME,ATGK100183,euGroundWaterBodyCode,NO INTERNATIONAL NAME,groundWaterBody,,,,,,,AT1000,euRBDCode,DANUBE,F,46.77381,15.98648
AT,ATPG61510032,euMonitoringSiteCode,ATPG61510032,euMonitoringSiteCode,NO INTERNATIONAL NAME,ATGK100183,euGroundWaterBodyCode,NO INTERNATIONAL NAME,groundWaterBody,,,,,,,AT1000,euRBDCode,DANUBE,F,46.80322,15.71655
AT,ATPG61511032,euMonitoringSiteCode,ATPG61511032,euMonitoringSiteCode,NO INTERNATIONAL NAME,ATGK100102,euGroundWaterBodyCode,NO INTERNATIONAL NAME,groundWaterBody,,,,,,,AT1000,euRBDCode,DANUBE,F,46.72042,15.67228
AT,ATPG61511062,euMonitoringSiteCode,ATPG61511062,euMonitoringSiteCode,NO INTERNATIONAL NAME,ATGK100102,euGroundWaterBodyCode,NO INTERNATIONAL NAME,groundWaterBody,,,,,,,AT1000,euRBDCode,DANUBE,F,46.72377,15.72741
AT,ATPG61511312,euMonitoringSiteCode,ATPG61511312,euMonitoringSiteCode,NO INTERNATIONAL NAME,ATGK100102,euGroundWaterBodyCode,NO INTERNATIONAL NAME,groundWaterBody,,,,,,,AT1000,euRBDCode,DANUBE,F,46.7016,15.75389
AT,ATPG61512292,euMonitoringSiteCode,ATPG61512292,euMonitoringSiteCode,NO INTERNATIONAL NAME,ATGK100102,euGroundWaterBodyCode,NO INTERNATIONAL NAME,groundWaterBody,,,,,,,AT1000,euRBDCode,DANUBE,F,46.71178,15.65489
AT,ATPG61512302,euMonitoringSiteCode,ATPG61512302,euMonitoringSiteCode,NO INTERNATIONAL NAME,ATGK100102,euGroundWaterBodyCode,NO INTERNATIONAL NAME,groundWaterBody,,,,,,,AT1000,euRBDCode,DANUBE,F,46.70786,15.71361
AT,ATPG61513162,euMonitoringSiteCode,ATPG61513162,euMonitoringSiteCode,NO INTERNATIONAL NAME,ATGK100102,euGroundWaterBodyCode,NO INTERNATIONAL NAME,groundWaterBody,,,,,,,AT1000,euRBDCode,DANUBE,F,46.67499,16.01558
AT,ATPG61514172,euMonitoringSiteCode,ATPG61514172,euMonitoringSiteCode,NO INTERNATIONAL NAME,ATGK100102,euGroundWaterBodyCode,NO INTERNATIONAL NAME,groundWaterBody,,,,,,,AT1000,euRBDCode,DANUBE,F,46.67821,16.03144
AT,ATPG61514182,euMonitoringSiteCode,ATPG61514182,euMonitoringSiteCode,NO INTERNATIONAL NAME,ATGK100102,euGroundWaterBodyCode,NO INTERNATIONAL NAME,groundWaterBody,,,,,,,AT1000,euRBDCode,DANUBE,F,46.68862,15.97178
AT,ATPG61514192,euMonitoringSiteCode,ATPG61514192,euMonitoringSiteCode,NO INTERNATIONAL NAME,ATGK100102,euGroundWaterBodyCode,NO INTERNATIONAL NAME,groundWaterBody,,,,,,,AT1000,euRBDCode,DANUBE,F,46.69811,15.98926
AT,ATPG61514202,euMonitoringSiteCode,ATPG61514202,euMonitoringSiteCode,NO INTERNATIONAL NAME,ATGK100102,euGroundWaterBodyCode,NO INTERNATIONAL NAME,groundWaterBody,,,,,,,AT1000,euRBDCode,DANUBE,F,46.70047,16.00378
AT,ATPG61515112,euMonitoringSiteCode,ATPG61515112,euMonitoringSiteCode,NO INTERNATIONAL NAME,ATGK100102,euGroundWaterBodyCode,NO INTERNATIONAL NAME,groundWaterBody,,,,,,,AT1000,euRBDCode,DANUBE,F,46.74068,15.81983
AT,ATPG61516042,euMonitoringSiteCode,ATPG61516042,euMonitoringSiteCode,NO INTERNATIONAL NAME,ATGK100183,euGroundWaterBodyCode,NO INTERNATIONAL NAME,groundWaterBody,,,,,,,AT1000,euRBDCode,DANUBE,F,46.80423,15.79526
AT,ATPG61516112,euMonitoringSiteCode,ATPG61516112,euMonitoringSiteCode,NO INTERNATIONAL NAME,ATGK100183,euGroundWaterBodyCode,NO INTERNATIONAL NAME,groundWaterBody,,,,,,,AT1000,euRBDCode,DANUBE,F,46.76886,15.76611
AT,ATPG61517052,euMonitoringSiteCode,ATPG61517052,euMonitoringSiteCode,NO INTERNATIONAL NAME,ATGK100183,euGroundWaterBodyCode,NO INTERNATIONAL NAME,groundWaterBody,,,,,,,AT1000,euRBDCode,DANUBE,F,46.76427,15.85237
AT,ATPG61517062,euMonitoringSiteCode,ATPG61517062,euMonitoringSiteCode,NO INTERNATIONAL NAME,ATGK100183,euGroundWaterBodyCode,NO INTERNATIONAL NAME,groundWaterBody,,,,,,,AT1000,euRBDCode,DANUBE,F,46.81295,15.84942
AT,ATPG61518092,euMonitoringSiteCode,ATPG61518092,euMonitoringSiteCode,NO INTERNATIONAL NAME,ATGK100183,euGroundWaterBodyCode,NO INTERNATIONAL NAME,groundWaterBody,,,,,,,AT1000,euRBDCode,DANUBE,F,46.77589,15.93547
AT,ATPG61520052,euMonitoringSiteCode,ATPG61520052,euMonitoringSiteCode,NO INTERNATIONAL NAME,ATGK100102,euGroundWaterBodyCode,NO INTERNATIONAL NAME,groundWaterBody,,,,,,,AT1000,euRBDCode,DANUBE,F,46.73298,15.71735
AT,ATPG61520062,euMonitoringSiteCode,ATPG61520062,euMonitoringSiteCode,NO INTERNATIONAL NAME,ATGK100102,euGroundWaterBodyCode,NO INTERNATIONAL NAME,groundWaterBody,,,,,,,AT1000,euRBDCode,DANUBE,F,46.73277,15.68461
AT,ATPG61601072,euMonitoringSiteCode,ATPG61601072,euMonitoringSiteCode,NO INTERNATIONAL NAME,ATGK100103,euGroundWaterBodyCode,NO INTERNATIONAL NAME,groundWaterBody,,,,,,,AT1000,euRBDCode,DANUBE,F,47.09139,15.12059
AT,ATPG61601162,euMonitoringSiteCode,ATPG61601162,euMonitoringSiteCode,NO INTERNATIONAL NAME,ATGK100103,euGroundWaterBodyCode,NO INTERNATIONAL NAME,groundWaterBody,,,,,,,AT1000,euRBDCode,DANUBE,F,47.08412,15.12561
AT,ATPG61611022,euMonitoringSiteCode,ATPG61611022,euMonitoringSiteCode,NO INTERNATIONAL NAME,ATGK100103,euGroundWaterBodyCode,NO INTERNATIONAL NAME,groundWaterBody,,,,,,,AT1000,euRBDCode,DANUBE,F,47.01159,15.21397
AT,ATPG61622152,euMonitoringSiteCode,ATPG61622152,euMonitoringSiteCode,NO INTERNATIONAL NAME,ATGK100103,euGroundWaterBodyCode,NO INTERNATIONAL NAME,groundWaterBody,,,,,,,AT1000,euRBDCode,DANUBE,F,46.99793,15.27663
AT,ATPG61625012,euMonitoringSiteCode,ATPG61625012,euMonitoringSiteCode,NO INTERNATIONAL NAME,ATGK100103,euGroundWaterBodyCode,NO INTERNATIONAL NAME,groundWaterBody,,,,,,,AT1000,euRBDCode,DANUBE,F,47.03943,15.16229
AT,ATPG61625112,euMonitoringSiteCode,ATPG61625112,euMonitoringSiteCode,NO INTERNATIONAL NAME,ATGK100103,euGroundWaterBodyCode,NO INTERNATIONAL NAME,groundWaterBody,,,,,,,AT1000,euRBDCode,DANUBE,F,47.05249,15.13377
AT,ATPG61713152,euMonitoringSiteCode,ATPG61713152,euMonitoringSiteCode,NO INTERNATIONAL NAME,ATGK100131,euGroundWaterBodyCode,NO INTERNATIONAL NAME,groundWaterBody,,,,,,,AT1000,euRBDCode,DANUBE,F,47.09423,15.70457
AT,ATPG61718232,euMonitoringSiteCode,ATPG61718232,euMonitoringSiteCode,NO INTERNATIONAL NAME,ATGK100126,euGroundWaterBodyCode,NO INTERNATIONAL NAME,groundWaterBody,,,,,,,AT1000,euRBDCode,DANUBE,F,47.18584,15.84071
AT,ATPG61721022,euMonitoringSiteCode,ATPG61721022,euMonitoringSiteCode,NO INTERNATIONAL NAME,ATGK100174,euGroundWaterBodyCode,NO INTERNATIONAL NAME,groundWaterBody,,,,,,,AT1000,euRBDCode,DANUBE,F,47.14214,15.78059
AT,ATPG61723012,euMonitoringSiteCode,ATPG61723012,euMonitoringSiteCode,NO INTERNATIONAL NAME,ATGK100131,euGroundWaterBodyCode,NO INTERNATIONAL NAME,groundWaterBody,,,,,,,AT1000,euRBDCode,DANUBE,F,47.19618,15.6497
AT,ATPG61729132,euMonitoringSiteCode,ATPG61729132,euMonitoringSiteCode,NO INTERNATIONAL NAME,ATGK100131,euGroundWaterBodyCode,NO INTERNATIONAL NAME,groundWaterBody,,,,,,,AT1000,euRBDCode,DANUBE,F,47.16323,15.63242
AT,ATPG61739012,euMonitoringSiteCode,ATPG61739012,euMonitoringSiteCode,NO INTERNATIONAL NAME,ATGK100187,euGroundWaterBodyCode,NO INTERNATIONAL NAME,groundWaterBody,,,,,,,AT1000,euRBDCode,DANUBE,F,47.17002,15.73964
AT,ATPG61746052,euMonitoringSiteCode,ATPG61746052,euMonitoringSiteCode,NO INTERNATIONAL NAME,ATGK100131,euGroundWaterBodyCode,NO INTERNATIONAL NAME,groundWaterBody,,,,,,,AT1000,euRBDCode,DANUBE,F,47.04448,15.75898
AT,ATPG61747142,euMonitoringSiteCode,ATPG61747142,euMonitoringSiteCode,NO INTERNATIONAL NAME,ATGK100131,euGroundWaterBodyCode,NO INTERNATIONAL NAME,groundWaterBody,,,,,,,AT1000,euRBDCode,DANUBE,F,47.14999,15.66351
AT,ATPG61748032,euMonitoringSiteCode,ATPG61748032,euMonitoringSiteCode,NO INTERNATIONAL NAME,ATGK100174,euGroundWaterBodyCode,NO INTERNATIONAL NAME,groundWaterBody,,,,,,,AT1000,euRBDCode,DANUBE,F,47.10429,15.82368
AT,ATPG68472012,euMonitoringSiteCode,ATPG68472012,euMonitoringSiteCode,NO INTERNATIONAL NAME,ATGK100102,euGroundWaterBodyCode,NO INTERNATIONAL NAME,groundWaterBody,,,,,,,AT1000,euRBDCode,DANUBE,F,46.72041,15.62909
AT,ATPG70201022,euMonitoringSiteCode,ATPG70201022,euMonitoringSiteCode,NO INTERNATIONAL NAME,ATGK100004,euGroundWaterBodyCode,NO INTERNATIONAL NAME,groundWaterBody,,,,,,,AT1000,euRBDCode,DANUBE,F,47.45573,10.6643
AT,ATPG70201032,euMonitoringSiteCode,ATPG70201032,euMonitoringSiteCode,NO INTERNATIONAL NAME,ATGK100004,euGroundWaterBodyCode,NO INTERNATIONAL NAME,groundWaterBody,,,,,,,AT1000,euRBDCode,DANUBE,F,47.52984,10.67649
AT,ATPG70201042,euMonitoringSiteCode,ATPG70201042,euMonitoringSiteCode,NO INTERNATIONAL NAME,ATGK100004,euGroundWaterBodyCode,NO INTERNATIONAL NAME,groundWaterBody,,,,,,,AT1000,euRBDCode,DANUBE,F,47.4389,10.63729
AT,ATPG70201052,euMonitoringSiteCode,ATPG70201052,euMonitoringSiteCode,NO INTERNATIONAL NAME,ATGK100004,euGroundWaterBodyCode,NO INTERNATIONAL NAME,groundWaterBody,,,,,,,AT1000,euRBDCode,DANUBE,F,47.49442,10.70219
AT,ATPG70201062,euMonitoringSiteCode,ATPG70201062,euMonitoringSiteCode,NO INTERNATIONAL NAME,ATGK100004,euGroundWaterBodyCode,NO INTERNATIONAL NAME,groundWaterBody,,,,,,,AT1000,euRBDCode,DANUBE,F,47.50831,10.71876
AT,ATPG70201072,euMonitoringSiteCode,ATPG70201072,euMonitoringSiteCode,NO INTERNATIONAL NAME,ATGK100004,euGroundWaterBodyCode,NO INTERNATIONAL NAME,groundWaterBody,,,,,,,AT1000,euRBDCode,DANUBE,F,47.49512,10.7327
AT,ATPG70211022,euMonitoringSiteCode,ATPG70211022,euMonitoringSiteCode,NO INTERNATIONAL NAME,ATGK100009,euGroundWaterBodyCode,NO INTERNATIONAL NAME,groundWaterBody,,,,,,,AT1000,euRBDCode,DANUBE,F,47.28904,10.43719
AT,ATPG70212012,euMonitoringSiteCode,ATPG70212012,euMonitoringSiteCode,NO INTERNATIONAL NAME,ATGK100009,euGroundWaterBodyCode,NO INTERNATIONAL NAME,groundWaterBody,,,,,,,AT1000,euRBDCode,DANUBE,F,47.37848,10.5582
AT,ATPG70213022,euMonitoringSiteCode,ATPG70213022,euMonitoringSiteCode,NO INTERNATIONAL NAME,ATGK100009,euGroundWaterBodyCode,NO INTERNATIONAL NAME,groundWaterBody,,,,,,,AT1000,euRBDCode,DANUBE,F,47.44491,10.74182
AT,ATPG70215032,euMonitoringSiteCode,ATPG70215032,euMonitoringSiteCode,NO INTERNATIONAL NAME,ATGK100009,euGroundWaterBodyCode,NO INTERNATIONAL NAME,groundWaterBody,,,,,,,AT1000,euRBDCode,DANUBE,F,47.51216,10.46609
AT,ATPG70221022,euMonitoringSiteCode,ATPG70221022,euMonitoringSiteCode,NO INTERNATIONAL NAME,ATGK100009,euGroundWaterBodyCode,NO INTERNATIONAL NAME,groundWaterBody,,,,,,,AT1000,euRBDCode,DANUBE,F,47.40153,10.89777
AT,ATPG70222012,euMonitoringSiteCode,ATPG70222012,euMonitoringSiteCode,NO INTERNATIONAL NAME,ATGK100009,euGroundWaterBodyCode,NO INTERNATIONAL NAME,groundWaterBody,,,,,,,AT1000,euRBDCode,DANUBE,F,47.38076,11.16246
AT,ATPG70223022,euMonitoringSiteCode,ATPG70223022,euMonitoringSiteCode,NO INTERNATIONAL NAME,ATGK100009,euGroundWaterBodyCode,NO INTERNATIONAL NAME,groundWaterBody,,,,,,,AT1000,euRBDCode,DANUBE,F,47.32282,11.19265
AT,ATPG70224012,euMonitoringSiteCode,ATPG70224012,euMonitoringSiteCode,NO INTERNATIONAL NAME,ATGK100009,euGroundWaterBodyCode,NO INTERNATIONAL NAME,groundWaterBody,,,,,,,AT1000,euRBDCode,DANUBE,F,47.3862,11.26164
AT,ATPG70226012,euMonitoringSiteCode,ATPG70226012,euMonitoringSiteCode,NO INTERNATIONAL NAME,ATGK100009,euGroundWaterBodyCode,NO INTERNATIONAL NAME,groundWaterBody,,,,,,,AT1000,euRBDCode,DANUBE,F,47.43925,11.70262
AT,ATPG70310022,euMonitoringSiteCode,ATPG70310022,euMonitoringSiteCode,NO INTERNATIONAL NAME,ATGK100009,euGroundWaterBodyCode,NO INTERNATIONAL NAME,groundWaterBody,,,,,,,AT1000,euRBDCode,DANUBE,F,47.21893,10.74101
AT,ATPG70311012,euMonitoringSiteCode,ATPG70311012,euMonitoringSiteCode,NO INTERNATIONAL NAME,ATGK100010,euGroundWaterBodyCode,NO INTERNATIONAL NAME,groundWaterBody,,,,,,,AT1000,euRBDCode,DANUBE,F,47.14366,10.56524
AT,ATPG70312052,euMonitoringSiteCode,ATPG70312052,euMonitoringSiteCode,NO INTERNATIONAL NAME,ATGK100010,euGroundWaterBodyCode,NO INTERNATIONAL NAME,groundWaterBody,,,,,,,AT1000,euRBDCode,DANUBE,F,46.98064,10.56321
AT,ATPG70312062,euMonitoringSiteCode,ATPG70312062,euMonitoringSiteCode,NO INTERNATIONAL NAME,ATGK100010,euGroundWaterBodyCode,NO INTERNATIONAL NAME,groundWaterBody,,,,,,,AT1000,euRBDCode,DANUBE,F,46.86265,10.71243
AT,ATPG70316022,euMonitoringSiteCode,ATPG70316022,euMonitoringSiteCode,NO INTERNATIONAL NAME,ATGK100010,euGroundWaterBodyCode,NO INTERNATIONAL NAME,groundWaterBody,,,,,,,AT1000,euRBDCode,DANUBE,F,47.17051,10.91368
AT,ATPG70316032,euMonitoringSiteCode,ATPG70316032,euMonitoringSiteCode,NO INTERNATIONAL NAME,ATGK100010,euGroundWaterBodyCode,NO INTERNATIONAL NAME,groundWaterBody,,,,,,,AT1000,euRBDCode,DANUBE,F,47.14182,10.91895
AT,ATPG70321012,euMonitoringSiteCode,ATPG70321012,euMonitoringSiteCode,NO INTERNATIONAL NAME,ATGK100002,euGroundWaterBodyCode,NO INTERNATIONAL NAME,groundWaterBody,,,,,,,AT1000,euRBDCode,DANUBE,F,47.26218,11.27179
AT,ATPG70321022,euMonitoringSiteCode,ATPG70321022,euMonitoringSiteCode,NO INTERNATIONAL NAME,ATGK100002,euGroundWaterBodyCode,NO INTERNATIONAL NAME,groundWaterBody,,,,,,,AT1000,euRBDCode,DANUBE,F,47.26201,11.31279
AT,ATPG70321032,euMonitoringSiteCode,ATPG70321032,euMonitoringSiteCode,NO INTERNATIONAL NAME,ATGK100002,euGroundWaterBodyCode,NO INTERNATIONAL NAME,groundWaterBody,,,,,,,AT1000,euRBDCode,DANUBE,F,47.2568,11.32356
AT,ATPG70321042,euMonitoringSiteCode,ATPG70321042,euMonitoringSiteCode,NO INTERNATIONAL NAME,ATGK100002,euGroundWaterBodyCode,NO INTERNATIONAL NAME,groundWaterBody,,,,,,,AT1000,euRBDCode,DANUBE,F,47.25916,11.3552
AT,ATPG70321052,euMonitoringSiteCode,ATPG70321052,euMonitoringSiteCode,NO INTERNATIONAL NAME,ATGK100002,euGroundWaterBodyCode,NO INTERNATIONAL NAME,groundWaterBody,,,,,,,AT1000,euRBDCode,DANUBE,F,47.25948,11.3737
AT,ATPG70321072,euMonitoringSiteCode,ATPG70321072,euMonitoringSiteCode,NO INTERNATIONAL NAME,ATGK100002,euGroundWaterBodyCode,NO INTERNATIONAL NAME,groundWaterBody,,,,,,,AT1000,euRBDCode,DANUBE,F,47.25869,11.38034
AT,ATPG70321082,euMonitoringSiteCode,ATPG70321082,euMonitoringSiteCode,NO INTERNATIONAL NAME,ATGK100002,euGroundWaterBodyCode,NO INTERNATIONAL NAME,groundWaterBody,,,,,,,AT1000,euRBDCode,DANUBE,F,47.26487,11.42639
AT,ATPG70321102,euMonitoringSiteCode,ATPG70321102,euMonitoringSiteCode,KUHL- UND NUTZWASSERBRUNNEN FA TIROL MILCH REGGENMBH,ATGK100002,euGroundWaterBodyCode,NO INTERNATIONAL NAME,groundWaterBody,,,,,,,AT1000,euRBDCode,DANUBE,F,47.2695,11.432
AT,ATPG70321112,euMonitoringSiteCode,ATPG70321112,euMonitoringSiteCode,NO INTERNATIONAL NAME,ATGK100002,euGroundWaterBodyCode,NO INTERNATIONAL NAME,groundWaterBody,,,,,,,AT1000,euRBDCode,DANUBE,F,47.27542,11.41146
AT,ATPG70321122,euMonitoringSiteCode,ATPG70321122,euMonitoringSiteCode,GWPA-ENTNAHME OSTERREICHISCHE FERNWARMEGES MBH WOHNAL ULFISWIESE,ATGK100002,euGroundWaterBodyCode,NO INTERNATIONAL NAME,groundWaterBody,,,,,,,AT1000,euRBDCode,DANUBE,F,47.2643,11.35
AT,ATPG70321132,euMonitoringSiteCode,ATPG70321132,euMonitoringSiteCode,NO INTERNATIONAL NAME,ATGK100002,euGroundWaterBodyCode,NO INTERNATIONAL NAME,groundWaterBody,,,,,,,AT1000,euRBDCode,DANUBE,F,47.26349,11.34579
AT,ATPG70321142,euMonitoringSiteCode,ATPG70321142,euMonitoringSiteCode,NO INTERNATIONAL NAME,ATGK100002,euGroundWaterBodyCode,NO INTERNATIONAL NAME,groundWaterBody,,,,,,,AT1000,euRBDCode,DANUBE,F,47.26943,11.43019
AT,ATPG70322022,euMonitoringSiteCode,ATPG70322022,euMonitoringSiteCode,NO INTERNATIONAL NAME,ATGK100002,euGroundWaterBodyCode,NO INTERNATIONAL NAME,groundWaterBody,,,,,,,AT1000,euRBDCode,DANUBE,F,47.27472,11.47761
AT,ATPG70322032,euMonitoringSiteCode,ATPG70322032,euMonitoringSiteCode,NO INTERNATIONAL NAME,ATGK100002,euGroundWaterBodyCode,NO INTERNATIONAL NAME,groundWaterBody,,,,,,,AT1000,euRBDCode,DANUBE,F,47.27763,11.49073
AT,ATPG70322042,euMonitoringSiteCode,ATPG70322042,euMonitoringSiteCode,NO INTERNATIONAL NAME,ATGK100002,euGroundWaterBodyCode,NO INTERNATIONAL NAME,groundWaterBody,,,,,,,AT1000,euRBDCode,DANUBE,F,47.28157,11.51176
AT,ATPG70322052,euMonitoringSiteCode,ATPG70322052,euMonitoringSiteCode,NO INTERNATIONAL NAME,ATGK100002,euGroundWaterBodyCode,NO INTERNATIONAL NAME,groundWaterBody,,,,,,,AT1000,euRBDCode,DANUBE,F,47.28945,11.55514
AT,ATPG70323012,euMonitoringSiteCode,ATPG70323012,euMonitoringSiteCode,NO INTERNATIONAL NAME,ATGK100002,euGroundWaterBodyCode,NO INTERNATIONAL NAME,groundWaterBody,,,,,,,AT1000,euRBDCode,DANUBE,F,47.29068,11.57626
AT,ATPG70323022,euMonitoringSiteCode,ATPG70323022,euMonitoringSiteCode,NO INTERNATIONAL NAME,ATGK100002,euGroundWaterBodyCode,NO INTERNATIONAL NAME,groundWaterBody,,,,,,,AT1000,euRBDCode,DANUBE,F,47.30639,11.60352
AT,ATPG70323032,euMonitoringSiteCode,ATPG70323032,euMonitoringSiteCode,NO INTERNATIONAL NAME,ATGK100002,euGroundWaterBodyCode,NO INTERNATIONAL NAME,groundWaterBody,,,,,,,AT1000,euRBDCode,DANUBE,F,47.30959,11.6365
AT,ATPG70323052,euMonitoringSiteCode,ATPG70323052,euMonitoringSiteCode,NO INTERNATIONAL NAME,ATGK100002,euGroundWaterBodyCode,NO INTERNATIONAL NAME,groundWaterBody,,,,,,,AT1000,euRBDCode,DANUBE,F,47.32895,11.66764
AT,ATPG70323062,euMonitoringSiteCode,ATPG70323062,euMonitoringSiteCode,NO INTERNATIONAL NAME,ATGK100002,euGroundWaterBodyCode,NO INTERNATIONAL NAME,groundWaterBody,,,,,,,AT1000,euRBDCode,DANUBE,F,47.29552,11.59859
AT,ATPG70323072,euMonitoringSiteCode,ATPG70323072,euMonitoringSiteCode,NO INTERNATIONAL NAME,ATGK100002,euGroundWaterBodyCode,NO INTERNATIONAL NAME,groundWaterBody,,,,,,,AT1000,euRBDCode,DANUBE,F,47.31158,11.64967
AT,ATPG70324022,euMonitoringSiteCode,ATPG70324022,euMonitoringSiteCode,NO INTERNATIONAL NAME,ATGK100002,euGroundWaterBodyCode,NO INTERNATIONAL NAME,groundWaterBody,,,,,,,AT1000,euRBDCode,DANUBE,F,47.34374,11.69498
AT,ATPG70324032,euMonitoringSiteCode,ATPG70324032,euMonitoringSiteCode,NO INTERNATIONAL NAME,ATGK100002,euGroundWaterBodyCode,NO INTERNATIONAL NAME,groundWaterBody,,,,,,,AT1000,euRBDCode,DANUBE,F,47.34389,11.70557
AT,ATPG70324042,euMonitoringSiteCode,ATPG70324042,euMonitoringSiteCode,NO INTERNATIONAL NAME,ATGK100002,euGroundWaterBodyCode,NO INTERNATIONAL NAME,groundWaterBody,,,,,,,AT1000,euRBDCode,DANUBE,F,47.37028,11.72595
AT,ATPG70324052,euMonitoringSiteCode,ATPG70324052,euMonitoringSiteCode,NO INTERNATIONAL NAME,ATGK100002,euGroundWaterBodyCode,NO INTERNATIONAL NAME,groundWaterBody,,,,,,,AT1000,euRBDCode,DANUBE,F,47.37985,11.76673
AT,ATPG70324062,euMonitoringSiteCode,ATPG70324062,euMonitoringSiteCode,NO INTERNATIONAL NAME,ATGK100002,euGroundWaterBodyCode,NO INTERNATIONAL NAME,groundWaterBody,,,,,,,AT1000,euRBDCode,DANUBE,F,47.38978,11.76909
AT,ATPG70324072,euMonitoringSiteCode,ATPG70324072,euMonitoringSiteCode,NO INTERNATIONAL NAME,ATGK100002,euGroundWaterBodyCode,NO INTERNATIONAL NAME,groundWaterBody,,,,,,,AT1000,euRBDCode,DANUBE,F,47.36037,11.72493
AT,ATPG70324082,euMonitoringSiteCode,ATPG70324082,euMonitoringSiteCode,NO INTERNATIONAL NAME,ATGK100002,euGroundWaterBodyCode,NO INTERNATIONAL NAME,groundWaterBody,,,,,,,AT1000,euRBDCode,DANUBE,F,47.37028,11.72595
AT,ATPG70325032,euMonitoringSiteCode,ATPG70325032,euMonitoringSiteCode,NO INTERNATIONAL NAME,ATGK100010,euGroundWaterBodyCode,NO INTERNATIONAL NAME,groundWaterBody,,,,,,,AT1000,euRBDCode,DANUBE,F,47.28871,11.88451
AT,ATPG70325092,euMonitoringSiteCode,ATPG70325092,euMonitoringSiteCode,NO INTERNATIONAL NAME,ATGK100010,euGroundWaterBodyCode,NO INTERNATIONAL NAME,groundWaterBody,,,,,,,AT1000,euRBDCode,DANUBE,F,47.19758,11.86588
AT,ATPG70325112,euMonitoringSiteCode,ATPG70325112,euMonitoringSiteCode,NO INTERNATIONAL NAME,ATGK100010,euGroundWaterBodyCode,NO INTERNATIONAL NAME,groundWaterBody,,,,,,,AT1000,euRBDCode,DANUBE,F,47.23653,11.88594
AT,ATPG70325122,euMonitoringSiteCode,ATPG70325122,euMonitoringSiteCode,NO INTERNATIONAL NAME,ATGK100010,euGroundWaterBodyCode,NO INTERNATIONAL NAME,groundWaterBody,,,,,,,AT1000,euRBDCode,DANUBE,F,47.33873,11.85533
AT,ATPG70325212,euMonitoringSiteCode,ATPG70325212,euMonitoringSiteCode,NO INTERNATIONAL NAME,ATGK100010,euGroundWaterBodyCode,NO INTERNATIONAL NAME,groundWaterBody,,,,,,,AT1000,euRBDCode,DANUBE,F,47.22769,12.04867
AT,ATPG70326012,euMonitoringSiteCode,ATPG70326012,euMonitoringSiteCode,NO INTERNATIONAL NAME,ATGK100002,euGroundWaterBodyCode,NO INTERNATIONAL NAME,groundWaterBody,,,,,,,AT1000,euRBDCode,DANUBE,F,47.24304,10.85352
AT,ATPG70326022,euMonitoringSiteCode,ATPG70326022,euMonitoringSiteCode,NO INTERNATIONAL NAME,ATGK100002,euGroundWaterBodyCode,NO INTERNATIONAL NAME,groundWaterBody,,,,,,,AT1000,euRBDCode,DANUBE,F,47.26866,10.91448
AT,ATPG70326032,euMonitoringSiteCode,ATPG70326032,euMonitoringSiteCode,GWPA-ENTNAHME DABLANDER HERBERT,ATGK100002,euGroundWaterBodyCode,NO INTERNATIONAL NAME,groundWaterBody,,,,,,,AT1000,euRBDCode,DANUBE,F,47.2659,10.929
AT,ATPG70326042,euMonitoringSiteCode,ATPG70326042,euMonitoringSiteCode,NO INTERNATIONAL NAME,ATGK100002,euGroundWaterBodyCode,NO INTERNATIONAL NAME,groundWaterBody,,,,,,,AT1000,euRBDCode,DANUBE,F,47.27186,10.93814
AT,ATPG70326052,euMonitoringSiteCode,ATPG70326052,euMonitoringSiteCode,NO INTERNATIONAL NAME,ATGK100002,euGroundWaterBodyCode,NO INTERNATIONAL NAME,groundWaterBody,,,,,,,AT1000,euRBDCode,DANUBE,F,47.27053,10.96068
AT,ATPG70326062,euMonitoringSiteCode,ATPG70326062,euMonitoringSiteCode,NO INTERNATIONAL NAME,ATGK100002,euGroundWaterBodyCode,NO INTERNATIONAL NAME,groundWaterBody,,,,,,,AT1000,euRBDCode,DANUBE,F,47.28282,10.98923
AT,ATPG70326072,euMonitoringSiteCode,ATPG70326072,euMonitoringSiteCode,NO INTERNATIONAL NAME,ATGK100002,euGroundWaterBodyCode,NO INTERNATIONAL NAME,groundWaterBody,,,,,,,AT1000,euRBDCode,DANUBE,F,47.28775,11.01018
AT,ATPG70326082,euMonitoringSiteCode,ATPG70326082,euMonitoringSiteCode,NO INTERNATIONAL NAME,ATGK100002,euGroundWaterBodyCode,NO INTERNATIONAL NAME,groundWaterBody,,,,,,,AT1000,euRBDCode,DANUBE,F,47.2918,11.03249
AT,ATPG70326092,euMonitoringSiteCode,ATPG70326092,euMonitoringSiteCode,NO INTERNATIONAL NAME,ATGK100002,euGroundWaterBodyCode,NO INTERNATIONAL NAME,groundWaterBody,,,,,,,AT1000,euRBDCode,DANUBE,F,47.29207,11.04571
AT,ATPG70326102,euMonitoringSiteCode,ATPG70326102,euMonitoringSiteCode,NO INTERNATIONAL NAME,ATGK100002,euGroundWaterBodyCode,NO INTERNATIONAL NAME,groundWaterBody,,,,,,,AT1000,euRBDCode,DANUBE,F,47.26441,10.92657
AT,ATPG70327012,euMonitoringSiteCode,ATPG70327012,euMonitoringSiteCode,NO INTERNATIONAL NAME,ATGK100002,euGroundWaterBodyCode,NO INTERNATIONAL NAME,groundWaterBody,,,,,,,AT1000,euRBDCode,DANUBE,F,47.30251,11.07305
AT,ATPG70327022,euMonitoringSiteCode,ATPG70327022,euMonitoringSiteCode,NO INTERNATIONAL NAME,ATGK100002,euGroundWaterBodyCode,NO INTERNATIONAL NAME,groundWaterBody,,,,,,,AT1000,euRBDCode,DANUBE,F,47.30807,11.08075
AT,ATPG70327032,euMonitoringSiteCode,ATPG70327032,euMonitoringSiteCode,NO INTERNATIONAL NAME,ATGK100002,euGroundWaterBodyCode,NO INTERNATIONAL NAME,groundWaterBody,,,,,,,AT1000,euRBDCode,DANUBE,F,47.30206,11.09557
AT,ATPG70327052,euMonitoringSiteCode,ATPG70327052,euMonitoringSiteCode,NO INTERNATIONAL NAME,ATGK100002,euGroundWaterBodyCode,NO INTERNATIONAL NAME,groundWaterBody,,,,,,,AT1000,euRBDCode,DANUBE,F,47.28447,11.16378
AT,ATPG70327062,euMonitoringSiteCode,ATPG70327062,euMonitoringSiteCode,NO INTERNATIONAL NAME,ATGK100002,euGroundWaterBodyCode,NO INTERNATIONAL NAME,groundWaterBody,,,,,,,AT1000,euRBDCode,DANUBE,F,47.277,11.19715
AT,ATPG70327072,euMonitoringSiteCode,ATPG70327072,euMonitoringSiteCode,NO INTERNATIONAL NAME,ATGK100002,euGroundWaterBodyCode,NO INTERNATIONAL NAME,groundWaterBody,,,,,,,AT1000,euRBDCode,DANUBE,F,47.26855,11.22658
AT,ATPG70327082,euMonitoringSiteCode,ATPG70327082,euMonitoringSiteCode,NO INTERNATIONAL NAME,ATGK100002,euGroundWaterBodyCode,NO INTERNATIONAL NAME,groundWaterBody,,,,,,,AT1000,euRBDCode,DANUBE,F,47.27081,11.25162
AT,ATPG70328022,euMonitoringSiteCode,ATPG70328022,euMonitoringSiteCode,NO INTERNATIONAL NAME,ATGK100010,euGroundWaterBodyCode,NO INTERNATIONAL NAME,groundWaterBody,,,,,,,AT1000,euRBDCode,DANUBE,F,47.10515,11.299
AT,ATPG70331012,euMonitoringSiteCode,ATPG70331012,euMonitoringSiteCode,NO INTERNATIONAL NAME,ATGK100002,euGroundWaterBodyCode,NO INTERNATIONAL NAME,groundWaterBody,,,,,,,AT1000,euRBDCode,DANUBE,F,47.39109,11.79953
AT,ATPG70331022,euMonitoringSiteCode,ATPG70331022,euMonitoringSiteCode,NO INTERNATIONAL NAME,ATGK100002,euGroundWaterBodyCode,NO INTERNATIONAL NAME,groundWaterBody,,,,,,,AT1000,euRBDCode,DANUBE,F,47.43623,11.87912
AT,ATPG70331032,euMonitoringSiteCode,ATPG70331032,euMonitoringSiteCode,NO INTERNATIONAL NAME,ATGK100002,euGroundWaterBodyCode,NO INTERNATIONAL NAME,groundWaterBody,,,,,,,AT1000,euRBDCode,DANUBE,F,47.41864,11.84115
AT,ATPG70331042,euMonitoringSiteCode,ATPG70331042,euMonitoringSiteCode,NO INTERNATIONAL NAME,ATGK100002,euGroundWaterBodyCode,NO INTERNATIONAL NAME,groundWaterBody,,,,,,,AT1000,euRBDCode,DANUBE,F,47.40503,11.83226
AT,ATPG70331052,euMonitoringSiteCode,ATPG70331052,euMonitoringSiteCode,NO INTERNATIONAL NAME,ATGK100002,euGroundWaterBodyCode,NO INTERNATIONAL NAME,groundWaterBody,,,,,,,AT1000,euRBDCode,DANUBE,F,47.42985,11.87266
AT,ATPG70331072,euMonitoringSiteCode,ATPG70331072,euMonitoringSiteCode,GWPA-ENTNAHME UNTERLADSTATTER JOSEF,ATGK100002,euGroundWaterBodyCode,NO INTERNATIONAL NAME,groundWaterBody,,,,,,,AT1000,euRBDCode,DANUBE,F,47.3988,11.824
AT,ATPG70331082,euMonitoringSiteCode,ATPG70331082,euMonitoringSiteCode,NO INTERNATIONAL NAME,ATGK100002,euGroundWaterBodyCode,NO INTERNATIONAL NAME,groundWaterBody,,,,,,,AT1000,euRBDCode,DANUBE,F,47.44434,11.88022
AT,ATPG70331092,euMonitoringSiteCode,ATPG70331092,euMonitoringSiteCode,NO INTERNATIONAL NAME,ATGK100002,euGroundWaterBodyCode,NO INTERNATIONAL NAME,groundWaterBody,,,,,,,AT1000,euRBDCode,DANUBE,F,47.39767,11.82054
AT,ATPG70332012,euMonitoringSiteCode,ATPG70332012,euMonitoringSiteCode,NO INTERNATIONAL NAME,ATGK100002,euGroundWaterBodyCode,NO INTERNATIONAL NAME,groundWaterBody,,,,,,,AT1000,euRBDCode,DANUBE,F,47.44659,11.91598
AT,ATPG70332022,euMonitoringSiteCode,ATPG70332022,euMonitoringSiteCode,NO INTERNATIONAL NAME,ATGK100002,euGroundWaterBodyCode,NO INTERNATIONAL NAME,groundWaterBody,,,,,,,AT1000,euRBDCode,DANUBE,F,47.46134,11.94477
AT,ATPG70332032,euMonitoringSiteCode,ATPG70332032,euMonitoringSiteCode,NO INTERNATIONAL NAME,ATGK100002,euGroundWaterBodyCode,NO INTERNATIONAL NAME,groundWaterBody,,,,,,,AT1000,euRBDCode,DANUBE,F,47.46709,11.97381
AT,ATPG70332042,euMonitoringSiteCode,ATPG70332042,euMonitoringSiteCode,NO INTERNATIONAL NAME,ATGK100002,euGroundWaterBodyCode,NO INTERNATIONAL NAME,groundWaterBody,,,,,,,AT1000,euRBDCode,DANUBE,F,47.47806,11.98813
AT,ATPG70332052,euMonitoringSiteCode,ATPG70332052,euMonitoringSiteCode,NO INTERNATIONAL NAME,ATGK100002,euGroundWaterBodyCode,NO INTERNATIONAL NAME,groundWaterBody,,,,,,,AT1000,euRBDCode,DANUBE,F,47.47299,12.01613
AT,ATPG70332062,euMonitoringSiteCode,ATPG70332062,euMonitoringSiteCode,WVA WORGL - HORIZONTALFILTERBRUNNEN LAHNTAL I,ATGK100002,euGroundWaterBodyCode,NO INTERNATIONAL NAME,groundWaterBody,,,,,,,AT1000,euRBDCode,DANUBE,N,,
AT,ATPG70332072,euMonitoringSiteCode,ATPG70332072,euMonitoringSiteCode,NO INTERNATIONAL NAME,ATGK100002,euGroundWaterBodyCode,NO INTERNATIONAL NAME,groundWaterBody,,,,,,,AT1000,euRBDCode,DANUBE,F,47.50249,12.07914
AT,ATPG70332082,euMonitoringSiteCode,ATPG70332082,euMonitoringSiteCode,NO INTERNATIONAL NAME,ATGK100002,euGroundWaterBodyCode,NO INTERNATIONAL NAME,groundWaterBody,,,,,,,AT1000,euRBDCode,DANUBE,F,47.48976,12.06749
AT,ATPG70332092,euMonitoringSiteCode,ATPG70332092,euMonitoringSiteCode,NO INTERNATIONAL NAME,ATGK100002,euGroundWaterBodyCode,NO INTERNATIONAL NAME,groundWaterBody,,,,,,,AT1000,euRBDCode,DANUBE,F,47.52137,12.07736
AT,ATPG70332102,euMonitoringSiteCode,ATPG70332102,euMonitoringSiteCode,NO INTERNATIONAL NAME,ATGK100002,euGroundWaterBodyCode,NO INTERNATIONAL NAME,groundWaterBody,,,,,,,AT1000,euRBDCode,DANUBE,F,47.48048,12.04249
AT,ATPG70333012,euMonitoringSiteCode,ATPG70333012,euMonitoringSiteCode,NO INTERNATIONAL NAME,ATGK100002,euGroundWaterBodyCode,NO INTERNATIONAL NAME,groundWaterBody,,,,,,,AT1000,euRBDCode,DANUBE,F,47.55147,12.11518
AT,ATPG70333022,euMonitoringSiteCode,ATPG70333022,euMonitoringSiteCode,NO INTERNATIONAL NAME,ATGK100002,euGroundWaterBodyCode,NO INTERNATIONAL NAME,groundWaterBody,,,,,,,AT1000,euRBDCode,DANUBE,F,47.53518,12.10626
AT,ATPG70333032,euMonitoringSiteCode,ATPG70333032,euMonitoringSiteCode,NO INTERNATIONAL NAME,ATGK100002,euGroundWaterBodyCode,NO INTERNATIONAL NAME,groundWaterBody,,,,,,,AT1000,euRBDCode,DANUBE,F,47.53051,12.09042
AT,ATPG70333042,euMonitoringSiteCode,ATPG70333042,euMonitoringSiteCode,NO INTERNATIONAL NAME,ATGK100002,euGroundWaterBodyCode,NO INTERNATIONAL NAME,groundWaterBody,,,,,,,AT1000,euRBDCode,DANUBE,F,47.59077,12.17413
AT,ATPG70333062,euMonitoringSiteCode,ATPG70333062,euMonitoringSiteCode,NO INTERNATIONAL NAME,ATGK100002,euGroundWaterBodyCode,NO INTERNATIONAL NAME,groundWaterBody,,,,,,,AT1000,euRBDCode,DANUBE,F,47.64618,12.22616
AT,ATPG70333072,euMonitoringSiteCode,ATPG70333072,euMonitoringSiteCode,NO INTERNATIONAL NAME,ATGK100002,euGroundWaterBodyCode,NO INTERNATIONAL NAME,groundWaterBody,,,,,,,AT1000,euRBDCode,DANUBE,F,47.6486,12.19815
AT,ATPG70333082,euMonitoringSiteCode,ATPG70333082,euMonitoringSiteCode,NO INTERNATIONAL NAME,ATGK100002,euGroundWaterBodyCode,NO INTERNATIONAL NAME,groundWaterBody,,,,,,,AT1000,euRBDCode,DANUBE,F,47.55881,12.12831
AT,ATPG70333092,euMonitoringSiteCode,ATPG70333092,euMonitoringSiteCode,NO INTERNATIONAL NAME,ATGK100002,euGroundWaterBodyCode,NO INTERNATIONAL NAME,groundWaterBody,,,,,,,AT1000,euRBDCode,DANUBE,F,47.60453,12.20043
AT,ATPG70335052,euMonitoringSiteCode,ATPG70335052,euMonitoringSiteCode,NO INTERNATIONAL NAME,ATGK100001,euGroundWaterBodyCode,NO INTERNATIONAL NAME,groundWaterBody,,,,,,,AT1000,euRBDCode,DANUBE,F,47.44435,12.39754
AT,ATPG70335062,euMonitoringSiteCode,ATPG70335062,euMonitoringSiteCode,NO INTERNATIONAL NAME,ATGK100001,euGroundWaterBodyCode,NO INTERNATIONAL NAME,groundWaterBody,,,,,,,AT1000,euRBDCode,DANUBE,F,47.46315,12.38659
AT,ATPG70335072,euMonitoringSiteCode,ATPG70335072,euMonitoringSiteCode,NO INTERNATIONAL NAME,ATGK100001,euGroundWaterBodyCode,NO INTERNATIONAL NAME,groundWaterBody,,,,,,,AT1000,euRBDCode,DANUBE,F,47.4992,12.39258
AT,ATPG70335082,euMonitoringSiteCode,ATPG70335082,euMonitoringSiteCode,NO INTERNATIONAL NAME,ATGK100001,euGroundWaterBodyCode,NO INTERNATIONAL NAME,groundWaterBody,,,,,,,AT1000,euRBDCode,DANUBE,F,47.50556,12.40043
AT,ATPG70335092,euMonitoringSiteCode,ATPG70335092,euMonitoringSiteCode,NO INTERNATIONAL NAME,ATGK100001,euGroundWaterBodyCode,NO INTERNATIONAL NAME,groundWaterBody,,,,,,,AT1000,euRBDCode,DANUBE,F,47.52288,12.42802
AT,ATPG70335102,euMonitoringSiteCode,ATPG70335102,euMonitoringSiteCode,NO INTERNATIONAL NAME,ATGK100001,euGroundWaterBodyCode,NO INTERNATIONAL NAME,groundWaterBody,,,,,,,AT1000,euRBDCode,DANUBE,F,47.53558,12.44109
AT,ATPG70335112,euMonitoringSiteCode,ATPG70335112,euMonitoringSiteCode,NO INTERNATIONAL NAME,ATGK100001,euGroundWaterBodyCode,NO INTERNATIONAL NAME,groundWaterBody,,,,,,,AT1000,euRBDCode,DANUBE,F,47.55903,12.44866
AT,ATPG70335122,euMonitoringSiteCode,ATPG70335122,euMonitoringSiteCode,NO INTERNATIONAL NAME,ATGK100001,euGroundWaterBodyCode,NO INTERNATIONAL NAME,groundWaterBody,,,,,,,AT1000,euRBDCode,DANUBE,F,47.58626,12.48012
AT,ATPG70335172,euMonitoringSiteCode,ATPG70335172,euMonitoringSiteCode,NO INTERNATIONAL NAME,ATGK100009,euGroundWaterBodyCode,NO INTERNATIONAL NAME,groundWaterBody,,,,,,,AT1000,euRBDCode,DANUBE,F,47.49594,12.5586
AT,ATPG70335182,euMonitoringSiteCode,ATPG70335182,euMonitoringSiteCode,NO INTERNATIONAL NAME,ATGK100010,euGroundWaterBodyCode,NO INTERNATIONAL NAME,groundWaterBody,,,,,,,AT1000,euRBDCode,DANUBE,F,47.47177,12.34131
AT,ATPG70337042,euMonitoringSiteCode,ATPG70337042,euMonitoringSiteCode,NO INTERNATIONAL NAME,ATGK100010,euGroundWaterBodyCode,NO INTERNATIONAL NAME,groundWaterBody,,,,,,,AT1000,euRBDCode,DANUBE,F,47.48995,12.08475
AT,ATPG70337052,euMonitoringSiteCode,ATPG70337052,euMonitoringSiteCode,NO INTERNATIONAL NAME,ATGK100010,euGroundWaterBodyCode,NO INTERNATIONAL NAME,groundWaterBody,,,,,,,AT1000,euRBDCode,DANUBE,F,47.49088,12.08738
AT,ATPG71501012,euMonitoringSiteCode,ATPG71501012,euMonitoringSiteCode,NO INTERNATIONAL NAME,ATGK100059,euGroundWaterBodyCode,NO INTERNATIONAL NAME,groundWaterBody,,,,,,,AT1000,euRBDCode,DANUBE,F,46.80787,12.75603
AT,ATPG71501022,euMonitoringSiteCode,ATPG71501022,euMonitoringSiteCode,NO INTERNATIONAL NAME,ATGK100059,euGroundWaterBodyCode,NO INTERNATIONAL NAME,groundWaterBody,,,,,,,AT1000,euRBDCode,DANUBE,F,46.82227,12.75718
AT,ATPG71501032,euMonitoringSiteCode,ATPG71501032,euMonitoringSiteCode,NO INTERNATIONAL NAME,ATGK100186,euGroundWaterBodyCode,NO INTERNATIONAL NAME,groundWaterBody,,,,,,,AT1000,euRBDCode,DANUBE,F,46.83216,12.75445
AT,ATPG71501042,euMonitoringSiteCode,ATPG71501042,euMonitoringSiteCode,NO INTERNATIONAL NAME,ATGK100059,euGroundWaterBodyCode,NO INTERNATIONAL NAME,groundWaterBody,,,,,,,AT1000,euRBDCode,DANUBE,F,46.82952,12.76628
AT,ATPG71501072,euMonitoringSiteCode,ATPG71501072,euMonitoringSiteCode,NO INTERNATIONAL NAME,ATGK100059,euGroundWaterBodyCode,NO INTERNATIONAL NAME,groundWaterBody,,,,,,,AT1000,euRBDCode,DANUBE,F,46.82701,12.80564
AT,ATPG71501082,euMonitoringSiteCode,ATPG71501082,euMonitoringSiteCode,NO INTERNATIONAL NAME,ATGK100059,euGroundWaterBodyCode,NO INTERNATIONAL NAME,groundWaterBody,,,,,,,AT1000,euRBDCode,DANUBE,F,46.81972,12.78605
AT,ATPG71501092,euMonitoringSiteCode,ATPG71501092,euMonitoringSiteCode,NO INTERNATIONAL NAME,ATGK100059,euGroundWaterBodyCode,NO INTERNATIONAL NAME,groundWaterBody,,,,,,,AT1000,euRBDCode,DANUBE,F,46.81816,12.83849
AT,ATPG71501102,euMonitoringSiteCode,ATPG71501102,euMonitoringSiteCode,NO INTERNATIONAL NAME,ATGK100059,euGroundWaterBodyCode,NO INTERNATIONAL NAME,groundWaterBody,,,,,,,AT1000,euRBDCode,DANUBE,F,46.79132,12.87543
AT,ATPG71501112,euMonitoringSiteCode,ATPG71501112,euMonitoringSiteCode,NO INTERNATIONAL NAME,ATGK100059,euGroundWaterBodyCode,NO INTERNATIONAL NAME,groundWaterBody,,,,,,,AT1000,euRBDCode,DANUBE,F,46.78693,12.90167
AT,ATPG80103152,euMonitoringSiteCode,ATPG80103152,euMonitoringSiteCode,NO INTERNATIONAL NAME,ATGK100150,euGroundWaterBodyCode,NO INTERNATIONAL NAME,groundWaterBody,,,,,,,AT2000,euRBDCode,RHINE,F,47.14462,9.84716
AT,ATPG80103252,euMonitoringSiteCode,ATPG80103252,euMonitoringSiteCode,NO INTERNATIONAL NAME,ATGK100150,euGroundWaterBodyCode,NO INTERNATIONAL NAME,groundWaterBody,,,,,,,AT2000,euRBDCode,RHINE,F,47.13825,9.84494
AT,ATPG80103353,euMonitoringSiteCode,ATPG80103353,euMonitoringSiteCode,NO INTERNATIONAL NAME,ATGK100154,euGroundWaterBodyCode,NO INTERNATIONAL NAME,groundWaterBody,,,,,,,AT2000,euRBDCode,RHINE,F,47.14349,9.89872
AT,ATPG80106152,euMonitoringSiteCode,ATPG80106152,euMonitoringSiteCode,NO INTERNATIONAL NAME,ATGK100150,euGroundWaterBodyCode,NO INTERNATIONAL NAME,groundWaterBody,,,,,,,AT2000,euRBDCode,RHINE,F,47.15771,9.80405
AT,ATPG80110152,euMonitoringSiteCode,ATPG80110152,euMonitoringSiteCode,NO INTERNATIONAL NAME,ATGK100152,euGroundWaterBodyCode,NO INTERNATIONAL NAME,groundWaterBody,,,,,,,AT2000,euRBDCode,RHINE,F,46.96738,10.06536
AT,ATPG80111252,euMonitoringSiteCode,ATPG80111252,euMonitoringSiteCode,NO INTERNATIONAL NAME,ATGK100154,euGroundWaterBodyCode,NO INTERNATIONAL NAME,groundWaterBody,,,,,,,AT2000,euRBDCode,RHINE,F,47.12932,9.96695
AT,ATPG80112152,euMonitoringSiteCode,ATPG80112152,euMonitoringSiteCode,NO INTERNATIONAL NAME,ATGK100154,euGroundWaterBodyCode,NO INTERNATIONAL NAME,groundWaterBody,,,,,,,AT2000,euRBDCode,RHINE,F,47.13037,10.09621
AT,ATPG80114152,euMonitoringSiteCode,ATPG80114152,euMonitoringSiteCode,NO INTERNATIONAL NAME,ATGK100154,euGroundWaterBodyCode,NO INTERNATIONAL NAME,groundWaterBody,,,,,,,AT2000,euRBDCode,RHINE,F,47.1329,9.84662
AT,ATPG80114252,euMonitoringSiteCode,ATPG80114252,euMonitoringSiteCode,NO INTERNATIONAL NAME,ATGK100154,euGroundWaterBodyCode,NO INTERNATIONAL NAME,groundWaterBody,,,,,,,AT2000,euRBDCode,RHINE,F,47.12922,9.84422
AT,ATPG80115152,euMonitoringSiteCode,ATPG80115152,euMonitoringSiteCode,NO INTERNATIONAL NAME,ATGK100150,euGroundWaterBodyCode,NO INTERNATIONAL NAME,groundWaterBody,,,,,,,AT2000,euRBDCode,RHINE,F,47.17478,9.77385
AT,ATPG80116152,euMonitoringSiteCode,ATPG80116152,euMonitoringSiteCode,NO INTERNATIONAL NAME,ATGK100150,euGroundWaterBodyCode,NO INTERNATIONAL NAME,groundWaterBody,,,,,,,AT2000,euRBDCode,RHINE,F,47.19419,9.70382
AT,ATPG80116252,euMonitoringSiteCode,ATPG80116252,euMonitoringSiteCode,NO INTERNATIONAL NAME,ATGK100150,euGroundWaterBodyCode,NO INTERNATIONAL NAME,groundWaterBody,,,,,,,AT2000,euRBDCode,RHINE,F,47.18965,9.70281
AT,ATPG80117152,euMonitoringSiteCode,ATPG80117152,euMonitoringSiteCode,NO INTERNATIONAL NAME,ATGK100150,euGroundWaterBodyCode,NO INTERNATIONAL NAME,groundWaterBody,,,,,,,AT2000,euRBDCode,RHINE,F,47.16816,9.76372
AT,ATPG80117252,euMonitoringSiteCode,ATPG80117252,euMonitoringSiteCode,NO INTERNATIONAL NAME,ATGK100150,euGroundWaterBodyCode,NO INTERNATIONAL NAME,groundWaterBody,,,,,,,AT2000,euRBDCode,RHINE,F,47.16134,9.80512
AT,ATPG80122252,euMonitoringSiteCode,ATPG80122252,euMonitoringSiteCode,NO INTERNATIONAL NAME,ATGK100152,euGroundWaterBodyCode,NO INTERNATIONAL NAME,groundWaterBody,,,,,,,AT2000,euRBDCode,RHINE,F,47.07791,9.90429
AT,ATPG80122352,euMonitoringSiteCode,ATPG80122352,euMonitoringSiteCode,NO INTERNATIONAL NAME,ATGK100152,euGroundWaterBodyCode,NO INTERNATIONAL NAME,groundWaterBody,,,,,,,AT2000,euRBDCode,RHINE,F,47.08229,9.90005
AT,ATPG80126152,euMonitoringSiteCode,ATPG80126152,euMonitoringSiteCode,NO INTERNATIONAL NAME,ATGK100150,euGroundWaterBodyCode,NO INTERNATIONAL NAME,groundWaterBody,,,,,,,AT2000,euRBDCode,RHINE,F,47.19149,9.76083
AT,ATPG80128152,euMonitoringSiteCode,ATPG80128152,euMonitoringSiteCode,NO INTERNATIONAL NAME,ATGK100152,euGroundWaterBodyCode,NO INTERNATIONAL NAME,groundWaterBody,,,,,,,AT2000,euRBDCode,RHINE,F,47.05815,9.93588
AT,ATPG80207152,euMonitoringSiteCode,ATPG80207152,euMonitoringSiteCode,NO INTERNATIONAL NAME,ATGK100149,euGroundWaterBodyCode,NO INTERNATIONAL NAME,groundWaterBody,,,,,,,AT2000,euRBDCode,RHINE,F,47.50413,9.70635
AT,ATPG80207252,euMonitoringSiteCode,ATPG80207252,euMonitoringSiteCode,NO INTERNATIONAL NAME,ATGK100149,euGroundWaterBodyCode,NO INTERNATIONAL NAME,groundWaterBody,,,,,,,AT2000,euRBDCode,RHINE,F,47.50578,9.73017
AT,ATPG80207352,euMonitoringSiteCode,ATPG80207352,euMonitoringSiteCode,NO INTERNATIONAL NAME,ATGK100149,euGroundWaterBodyCode,NO INTERNATIONAL NAME,groundWaterBody,,,,,,,AT2000,euRBDCode,RHINE,F,47.49372,9.71903
AT,ATPG80215152,euMonitoringSiteCode,ATPG80215152,euMonitoringSiteCode,NO INTERNATIONAL NAME,ATGK100149,euGroundWaterBodyCode,NO INTERNATIONAL NAME,groundWaterBody,,,,,,,AT2000,euRBDCode,RHINE,F,47.49215,9.69788
AT,ATPG80215352,euMonitoringSiteCode,ATPG80215352,euMonitoringSiteCode,NO INTERNATIONAL NAME,ATGK100149,euGroundWaterBodyCode,NO INTERNATIONAL NAME,groundWaterBody,,,,,,,AT2000,euRBDCode,RHINE,F,47.49583,9.70028
AT,ATPG80217252,euMonitoringSiteCode,ATPG80217252,euMonitoringSiteCode,NO INTERNATIONAL NAME,ATGK100149,euGroundWaterBodyCode,NO INTERNATIONAL NAME,groundWaterBody,,,,,,,AT2000,euRBDCode,RHINE,F,47.45968,9.64035
AT,ATPG80218152,euMonitoringSiteCode,ATPG80218152,euMonitoringSiteCode,NO INTERNATIONAL NAME,ATGK100153,euGroundWaterBodyCode,NO INTERNATIONAL NAME,groundWaterBody,,,,,,,AT2000,euRBDCode,RHINE,F,47.55118,9.74169
AT,ATPG80218352,euMonitoringSiteCode,ATPG80218352,euMonitoringSiteCode,NO INTERNATIONAL NAME,ATGK100153,euGroundWaterBodyCode,NO INTERNATIONAL NAME,groundWaterBody,,,,,,,AT2000,euRBDCode,RHINE,F,47.53966,9.7478
AT,ATPG80224152,euMonitoringSiteCode,ATPG80224152,euMonitoringSiteCode,NO INTERNATIONAL NAME,ATGK100149,euGroundWaterBodyCode,NO INTERNATIONAL NAME,groundWaterBody,,,,,,,AT2000,euRBDCode,RHINE,F,47.47708,9.70556
AT,ATPG80224252,euMonitoringSiteCode,ATPG80224252,euMonitoringSiteCode,NO INTERNATIONAL NAME,ATGK100149,euGroundWaterBodyCode,NO INTERNATIONAL NAME,groundWaterBody,,,,,,,AT2000,euRBDCode,RHINE,F,47.46912,9.7101
AT,ATPG80224352,euMonitoringSiteCode,ATPG80224352,euMonitoringSiteCode,NO INTERNATIONAL NAME,ATGK100149,euGroundWaterBodyCode,NO INTERNATIONAL NAME,groundWaterBody,,,,,,,AT2000,euRBDCode,RHINE,F,47.4808,9.70929
AT,ATPG80224452,euMonitoringSiteCode,ATPG80224452,euMonitoringSiteCode,NO INTERNATIONAL NAME,ATGK100149,euGroundWaterBodyCode,NO INTERNATIONAL NAME,groundWaterBody,,,,,,,AT2000,euRBDCode,RHINE,F,47.47089,9.73787
AT,ATPG80227152,euMonitoringSiteCode,ATPG80227152,euMonitoringSiteCode,NO INTERNATIONAL NAME,ATGK100151,euGroundWaterBodyCode,NO INTERNATIONAL NAME,groundWaterBody,,,,,,,AT2000,euRBDCode,RHINE,F,47.35817,9.87943
AT,ATPG80230152,euMonitoringSiteCode,ATPG80230152,euMonitoringSiteCode,NO INTERNATIONAL NAME,ATGK100151,euGroundWaterBodyCode,NO INTERNATIONAL NAME,groundWaterBody,,,,,,,AT2000,euRBDCode,RHINE,F,47.38408,9.87243
AT,ATPG80240252,euMonitoringSiteCode,ATPG80240252,euMonitoringSiteCode,NO INTERNATIONAL NAME,ATGK100149,euGroundWaterBodyCode,NO INTERNATIONAL NAME,groundWaterBody,,,,,,,AT2000,euRBDCode,RHINE,F,47.47944,9.7519
AT,ATPG80240352,euMonitoringSiteCode,ATPG80240352,euMonitoringSiteCode,NO INTERNATIONAL NAME,ATGK100149,euGroundWaterBodyCode,NO INTERNATIONAL NAME,groundWaterBody,,,,,,,AT2000,euRBDCode,RHINE,F,47.46832,9.74203
AT,ATPG80240452,euMonitoringSiteCode,ATPG80240452,euMonitoringSiteCode,NO INTERNATIONAL NAME,ATGK100149,euGroundWaterBodyCode,NO INTERNATIONAL NAME,groundWaterBody,,,,,,,AT2000,euRBDCode,RHINE,F,47.47948,9.75323
AT,ATPG80301652,euMonitoringSiteCode,ATPG80301652,euMonitoringSiteCode,NO INTERNATIONAL NAME,ATGK100149,euGroundWaterBodyCode,NO INTERNATIONAL NAME,groundWaterBody,,,,,,,AT2000,euRBDCode,RHINE,F,47.40279,9.74915
AT,ATPG80301752,euMonitoringSiteCode,ATPG80301752,euMonitoringSiteCode,NO INTERNATIONAL NAME,ATGK100149,euGroundWaterBodyCode,NO INTERNATIONAL NAME,groundWaterBody,,,,,,,AT2000,euRBDCode,RHINE,F,47.43164,9.74984
AT,ATPG80301852,euMonitoringSiteCode,ATPG80301852,euMonitoringSiteCode,NO INTERNATIONAL NAME,ATGK100149,euGroundWaterBodyCode,NO INTERNATIONAL NAME,groundWaterBody,,,,,,,AT2000,euRBDCode,RHINE,F,47.41471,9.72711
AT,ATPG80301952,euMonitoringSiteCode,ATPG80301952,euMonitoringSiteCode,NO INTERNATIONAL NAME,ATGK100149,euGroundWaterBodyCode,NO INTERNATIONAL NAME,groundWaterBody,,,,,,,AT2000,euRBDCode,RHINE,F,47.41799,9.74546
AT,ATPG80303452,euMonitoringSiteCode,ATPG80303452,euMonitoringSiteCode,NO INTERNATIONAL NAME,ATGK100149,euGroundWaterBodyCode,NO INTERNATIONAL NAME,groundWaterBody,,,,,,,AT2000,euRBDCode,RHINE,F,47.42497,9.65341
AT,ATPG80303552,euMonitoringSiteCode,ATPG80303552,euMonitoringSiteCode,NO INTERNATIONAL NAME,ATGK100149,euGroundWaterBodyCode,NO INTERNATIONAL NAME,groundWaterBody,,,,,,,AT2000,euRBDCode,RHINE,F,47.43918,9.6471
AT,ATPG80401152,euMonitoringSiteCode,ATPG80401152,euMonitoringSiteCode,NO INTERNATIONAL NAME,ATGK100149,euGroundWaterBodyCode,NO INTERNATIONAL NAME,groundWaterBody,,,,,,,AT2000,euRBDCode,RHINE,F,47.34969,9.63745
AT,ATPG80401252,euMonitoringSiteCode,ATPG80401252,euMonitoringSiteCode,NO INTERNATIONAL NAME,ATGK100149,euGroundWaterBodyCode,NO INTERNATIONAL NAME,groundWaterBody,,,,,,,AT2000,euRBDCode,RHINE,F,47.35727,9.64885
AT,ATPG80401352,euMonitoringSiteCode,ATPG80401352,euMonitoringSiteCode,NO INTERNATIONAL NAME,ATGK100149,euGroundWaterBodyCode,NO INTERNATIONAL NAME,groundWaterBody,,,,,,,AT2000,euRBDCode,RHINE,F,47.36347,9.64577
AT,ATPG80401452,euMonitoringSiteCode,ATPG80401452,euMonitoringSiteCode,NO INTERNATIONAL NAME,ATGK100149,euGroundWaterBodyCode,NO INTERNATIONAL NAME,groundWaterBody,,,,,,,AT2000,euRBDCode,RHINE,F,47.35902,9.6474
AT,ATPG80404152,euMonitoringSiteCode,ATPG80404152,euMonitoringSiteCode,NO INTERNATIONAL NAME,ATGK100149,euGroundWaterBodyCode,NO INTERNATIONAL NAME,groundWaterBody,,,,,,,AT2000,euRBDCode,RHINE,F,47.2703,9.60595
AT,ATPG80404252,euMonitoringSiteCode,ATPG80404252,euMonitoringSiteCode,NO INTERNATIONAL NAME,ATGK100149,euGroundWaterBodyCode,NO INTERNATIONAL NAME,groundWaterBody,,,,,,,AT2000,euRBDCode,RHINE,F,47.23784,9.57782
AT,ATPG80404352,euMonitoringSiteCode,ATPG80404352,euMonitoringSiteCode,NO INTERNATIONAL NAME,ATGK100149,euGroundWaterBodyCode,NO INTERNATIONAL NAME,groundWaterBody,,,,,,,AT2000,euRBDCode,RHINE,F,47.25172,9.61652
AT,ATPG80404452,euMonitoringSiteCode,ATPG80404452,euMonitoringSiteCode,NO INTERNATIONAL NAME,ATGK100149,euGroundWaterBodyCode,NO INTERNATIONAL NAME,groundWaterBody,,,,,,,AT2000,euRBDCode,RHINE,F,47.28765,9.55839
AT,ATPG80404552,euMonitoringSiteCode,ATPG80404552,euMonitoringSiteCode,NO INTERNATIONAL NAME,ATGK100149,euGroundWaterBodyCode,NO INTERNATIONAL NAME,groundWaterBody,,,,,,,AT2000,euRBDCode,RHINE,F,47.26944,9.54393
AT,ATPG80404652,euMonitoringSiteCode,ATPG80404652,euMonitoringSiteCode,NO INTERNATIONAL NAME,ATGK100149,euGroundWaterBodyCode,NO INTERNATIONAL NAME,groundWaterBody,,,,,,,AT2000,euRBDCode,RHINE,F,47.26167,9.56289
AT,ATPG80404752,euMonitoringSiteCode,ATPG80404752,euMonitoringSiteCode,NO INTERNATIONAL NAME,ATGK100149,euGroundWaterBodyCode,NO INTERNATIONAL NAME,groundWaterBody,,,,,,,AT2000,euRBDCode,RHINE,F,47.2625,9.58798
AT,ATPG80404762,euMonitoringSiteCode,ATPG80404762,euMonitoringSiteCode,NO INTERNATIONAL NAME,ATGK100149,euGroundWaterBodyCode,NO INTERNATIONAL NAME,groundWaterBody,,,,,,,AT2000,euRBDCode,RHINE,F,47.2713,9.53992
AT,ATPG80404772,euMonitoringSiteCode,ATPG80404772,euMonitoringSiteCode,NO INTERNATIONAL NAME,ATGK100149,euGroundWaterBodyCode,NO INTERNATIONAL NAME,groundWaterBody,,,,,,,AT2000,euRBDCode,RHINE,F,47.2606,9.55768
AT,ATPG80404782,euMonitoringSiteCode,ATPG80404782,euMonitoringSiteCode,NO INTERNATIONAL NAME,ATGK100149,euGroundWaterBodyCode,NO INTERNATIONAL NAME,groundWaterBody,,,,,,,AT2000,euRBDCode,RHINE,F,47.26952,9.58218
AT,ATPG80405152,euMonitoringSiteCode,ATPG80405152,euMonitoringSiteCode,NO INTERNATIONAL NAME,ATGK100150,euGroundWaterBodyCode,NO INTERNATIONAL NAME,groundWaterBody,,,,,,,AT2000,euRBDCode,RHINE,F,47.22493,9.6237
AT,ATPG80405252,euMonitoringSiteCode,ATPG80405252,euMonitoringSiteCode,NO INTERNATIONAL NAME,ATGK100150,euGroundWaterBodyCode,NO INTERNATIONAL NAME,groundWaterBody,,,,,,,AT2000,euRBDCode,RHINE,F,47.22288,9.64368
AT,ATPG80405352,euMonitoringSiteCode,ATPG80405352,euMonitoringSiteCode,NO INTERNATIONAL NAME,ATGK100150,euGroundWaterBodyCode,NO INTERNATIONAL NAME,groundWaterBody,,,,,,,AT2000,euRBDCode,RHINE,F,47.21736,9.64009
AT,ATPG80410152,euMonitoringSiteCode,ATPG80410152,euMonitoringSiteCode,NO INTERNATIONAL NAME,ATGK100149,euGroundWaterBodyCode,NO INTERNATIONAL NAME,groundWaterBody,,,,,,,AT2000,euRBDCode,RHINE,F,47.32602,9.60202
AT,ATPG80412152,euMonitoringSiteCode,ATPG80412152,euMonitoringSiteCode,NO INTERNATIONAL NAME,ATGK100149,euGroundWaterBodyCode,NO INTERNATIONAL NAME,groundWaterBody,,,,,,,AT2000,euRBDCode,RHINE,F,47.35213,9.62933
AT,ATPG80412252,euMonitoringSiteCode,ATPG80412252,euMonitoringSiteCode,NO INTERNATIONAL NAME,ATGK100149,euGroundWaterBodyCode,NO INTERNATIONAL NAME,groundWaterBody,,,,,,,AT2000,euRBDCode,RHINE,F,47.34134,9.60226
AT,ATPG80413152,euMonitoringSiteCode,ATPG80413152,euMonitoringSiteCode,NO INTERNATIONAL NAME,ATGK100149,euGroundWaterBodyCode,NO INTERNATIONAL NAME,groundWaterBody,,,,,,,AT2000,euRBDCode,RHINE,F,47.30349,9.57447
AT,ATPG80413252,euMonitoringSiteCode,ATPG80413252,euMonitoringSiteCode,NO INTERNATIONAL NAME,ATGK100149,euGroundWaterBodyCode,NO INTERNATIONAL NAME,groundWaterBody,,,,,,,AT2000,euRBDCode,RHINE,F,47.2937,9.57782
AT,ATPG80413352,euMonitoringSiteCode,ATPG80413352,euMonitoringSiteCode,NO INTERNATIONAL NAME,ATGK100149,euGroundWaterBodyCode,NO INTERNATIONAL NAME,groundWaterBody,,,,,,,AT2000,euRBDCode,RHINE,F,47.30461,9.58102
AT,ATPG80414152,euMonitoringSiteCode,ATPG80414152,euMonitoringSiteCode,NO INTERNATIONAL NAME,ATGK100149,euGroundWaterBodyCode,NO INTERNATIONAL NAME,groundWaterBody,,,,,,,AT2000,euRBDCode,RHINE,F,47.28241,9.61833
AT,ATPG90100012,euMonitoringSiteCode,ATPG90100012,euMonitoringSiteCode,NO INTERNATIONAL NAME,ATGK100024,euGroundWaterBodyCode,NO INTERNATIONAL NAME,groundWaterBody,,,,,,,AT1000,euRBDCode,DANUBE,F,48.20933,16.36951
AT,ATPG90200062,euMonitoringSiteCode,ATPG90200062,euMonitoringSiteCode,NO INTERNATIONAL NAME,ATGK100024,euGroundWaterBodyCode,NO INTERNATIONAL NAME,groundWaterBody,,,,,,,AT1000,euRBDCode,DANUBE,F,48.21618,16.41706
AT,ATPG90200132,euMonitoringSiteCode,ATPG90200132,euMonitoringSiteCode,NO INTERNATIONAL NAME,ATGK100024,euGroundWaterBodyCode,NO INTERNATIONAL NAME,groundWaterBody,,,,,,,AT1000,euRBDCode,DANUBE,F,48.20294,16.40685
AT,ATPG90200142,euMonitoringSiteCode,ATPG90200142,euMonitoringSiteCode,NO INTERNATIONAL NAME,ATGK100024,euGroundWaterBodyCode,NO INTERNATIONAL NAME,groundWaterBody,,,,,,,AT1000,euRBDCode,DANUBE,F,48.19306,16.43993
AT,ATPG90200152,euMonitoringSiteCode,ATPG90200152,euMonitoringSiteCode,NO INTERNATIONAL NAME,ATGK100024,euGroundWaterBodyCode,NO INTERNATIONAL NAME,groundWaterBody,,,,,,,AT1000,euRBDCode,DANUBE,F,48.2208,16.37827
AT,ATPG90300012,euMonitoringSiteCode,ATPG90300012,euMonitoringSiteCode,NO INTERNATIONAL NAME,ATGK100024,euGroundWaterBodyCode,NO INTERNATIONAL NAME,groundWaterBody,,,,,,,AT1000,euRBDCode,DANUBE,F,48.2033,16.3934
AT,ATPG90900012,euMonitoringSiteCode,ATPG90900012,euMonitoringSiteCode,NO INTERNATIONAL NAME,ATGK100024,euGroundWaterBodyCode,NO INTERNATIONAL NAME,groundWaterBody,,,,,,,AT1000,euRBDCode,DANUBE,F,48.22852,16.35851
AT,ATPG90900022,euMonitoringSiteCode,ATPG90900022,euMonitoringSiteCode,NO INTERNATIONAL NAME,ATGK100024,euGroundWaterBodyCode,NO INTERNATIONAL NAME,groundWaterBody,,,,,,,AT1000,euRBDCode,DANUBE,F,48.22672,16.3584
AT,ATPG91100012,euMonitoringSiteCode,ATPG91100012,euMonitoringSiteCode,AMTSHAUS RINNBOCKSTRASSE,ATGK100024,euGroundWaterBodyCode,NO INTERNATIONAL NAME,groundWaterBody,,,,,,,AT1000,euRBDCode,DANUBE,F,48.1848,16.408
AT,ATPG91100052,euMonitoringSiteCode,ATPG91100052,euMonitoringSiteCode,NO INTERNATIONAL NAME,ATGK100024,euGroundWaterBodyCode,NO INTERNATIONAL NAME,groundWaterBody,,,,,,,AT1000,euRBDCode,DANUBE,F,48.17778,16.43901
AT,ATPG91100082,euMonitoringSiteCode,ATPG91100082,euMonitoringSiteCode,NO INTERNATIONAL NAME,ATGK100024,euGroundWaterBodyCode,NO INTERNATIONAL NAME,groundWaterBody,,,,,,,AT1000,euRBDCode,DANUBE,F,48.14833,16.46282
AT,ATPG91100112,euMonitoringSiteCode,ATPG91100112,euMonitoringSiteCode,NO INTERNATIONAL NAME,ATGK100024,euGroundWaterBodyCode,NO INTERNATIONAL NAME,groundWaterBody,,,,,,,AT1000,euRBDCode,DANUBE,F,48.1625,16.47174
AT,ATPG91100122,euMonitoringSiteCode,ATPG91100122,euMonitoringSiteCode,NO INTERNATIONAL NAME,ATGK100024,euGroundWaterBodyCode,NO INTERNATIONAL NAME,groundWaterBody,,,,,,,AT1000,euRBDCode,DANUBE,F,48.15696,16.44315
AT,ATPG91100132,euMonitoringSiteCode,ATPG91100132,euMonitoringSiteCode,NO INTERNATIONAL NAME,ATGK100024,euGroundWaterBodyCode,NO INTERNATIONAL NAME,groundWaterBody,,,,,,,AT1000,euRBDCode,DANUBE,F,48.17925,16.41756
AT,ATPG91100142,euMonitoringSiteCode,ATPG91100142,euMonitoringSiteCode,NO INTERNATIONAL NAME,ATGK100024,euGroundWaterBodyCode,NO INTERNATIONAL NAME,groundWaterBody,,,,,,,AT1000,euRBDCode,DANUBE,F,48.17152,16.43729
AT,ATPG92000012,euMonitoringSiteCode,ATPG92000012,euMonitoringSiteCode,NO INTERNATIONAL NAME,ATGK100024,euGroundWaterBodyCode,NO INTERNATIONAL NAME,groundWaterBody,,,,,,,AT1000,euRBDCode,DANUBE,F,48.2364,16.36705
AT,ATPG92000022,euMonitoringSiteCode,ATPG92000022,euMonitoringSiteCode,NO INTERNATIONAL NAME,ATGK100024,euGroundWaterBodyCode,NO INTERNATIONAL NAME,groundWaterBody,,,,,,,AT1000,euRBDCode,DANUBE,F,48.24248,16.37549
AT,ATPG92000032,euMonitoringSiteCode,ATPG92000032,euMonitoringSiteCode,NO INTERNATIONAL NAME,ATGK100024,euGroundWaterBodyCode,NO INTERNATIONAL NAME,groundWaterBody,,,,,,,AT1000,euRBDCode,DANUBE,F,48.23553,16.36566
AT,ATPG92100022,euMonitoringSiteCode,ATPG92100022,euMonitoringSiteCode,NO INTERNATIONAL NAME,ATGK100020,euGroundWaterBodyCode,NO INTERNATIONAL NAME,groundWaterBody,,,,,,,AT1000,euRBDCode,DANUBE,F,48.30113,16.40457
AT,ATPG92100032,euMonitoringSiteCode,ATPG92100032,euMonitoringSiteCode,NO INTERNATIONAL NAME,ATGK100020,euGroundWaterBodyCode,NO INTERNATIONAL NAME,groundWaterBody,,,,,,,AT1000,euRBDCode,DANUBE,F,48.29882,16.38959
AT,ATPG92100042,euMonitoringSiteCode,ATPG92100042,euMonitoringSiteCode,NO INTERNATIONAL NAME,ATGK100020,euGroundWaterBodyCode,NO INTERNATIONAL NAME,groundWaterBody,,,,,,,AT1000,euRBDCode,DANUBE,F,48.29398,16.43653
AT,ATPG92100072,euMonitoringSiteCode,ATPG92100072,euMonitoringSiteCode,NO INTERNATIONAL NAME,ATGK100020,euGroundWaterBodyCode,NO INTERNATIONAL NAME,groundWaterBody,,,,,,,AT1000,euRBDCode,DANUBE,F,48.28499,16.40227
AT,ATPG92100092,euMonitoringSiteCode,ATPG92100092,euMonitoringSiteCode,VOLKSSCHULE LAVANTGASSE,ATGK100020,euGroundWaterBodyCode,NO INTERNATIONAL NAME,groundWaterBody,,,,,,,AT1000,euRBDCode,DANUBE,F,48.2831,16.45
AT,ATPG92100232,euMonitoringSiteCode,ATPG92100232,euMonitoringSiteCode,NO INTERNATIONAL NAME,ATGK100020,euGroundWaterBodyCode,NO INTERNATIONAL NAME,groundWaterBody,,,,,,,AT1000,euRBDCode,DANUBE,F,48.25888,16.40207
AT,ATPG92100242,euMonitoringSiteCode,ATPG92100242,euMonitoringSiteCode,NO INTERNATIONAL NAME,ATGK100020,euGroundWaterBodyCode,NO INTERNATIONAL NAME,groundWaterBody,,,,,,,AT1000,euRBDCode,DANUBE,F,48.28303,16.37383
AT,ATPG92100252,euMonitoringSiteCode,ATPG92100252,euMonitoringSiteCode,NO INTERNATIONAL NAME,ATGK100020,euGroundWaterBodyCode,NO INTERNATIONAL NAME,groundWaterBody,,,,,,,AT1000,euRBDCode,DANUBE,F,48.26937,16.37977
AT,ATPG92100262,euMonitoringSiteCode,ATPG92100262,euMonitoringSiteCode,NO INTERNATIONAL NAME,ATGK100020,euGroundWaterBodyCode,NO INTERNATIONAL NAME,groundWaterBody,,,,,,,AT1000,euRBDCode,DANUBE,F,48.27636,16.42199
AT,ATPG92100272,euMonitoringSiteCode,ATPG92100272,euMonitoringSiteCode,NO INTERNATIONAL NAME,ATGK100020,euGroundWaterBodyCode,NO INTERNATIONAL NAME,groundWaterBody,,,,,,,AT1000,euRBDCode,DANUBE,F,48.26486,16.44827
AT,ATPG92100282,euMonitoringSiteCode,ATPG92100282,euMonitoringSiteCode,NO INTERNATIONAL NAME,ATGK100020,euGroundWaterBodyCode,NO INTERNATIONAL NAME,groundWaterBody,,,,,,,AT1000,euRBDCode,DANUBE,F,48.27392,16.44612
AT,ATPG92100292,euMonitoringSiteCode,ATPG92100292,euMonitoringSiteCode,NO INTERNATIONAL NAME,ATGK100020,euGroundWaterBodyCode,NO INTERNATIONAL NAME,groundWaterBody,,,,,,,AT1000,euRBDCode,DANUBE,F,48.29028,16.44035
AT,ATPG92200032,euMonitoringSiteCode,ATPG92200032,euMonitoringSiteCode,BAHNHOF KAGRAN,ATGK100020,euGroundWaterBodyCode,NO INTERNATIONAL NAME,groundWaterBody,,,,,,,AT1000,euRBDCode,DANUBE,F,48.2473,16.437
AT,ATPG92200072,euMonitoringSiteCode,ATPG92200072,euMonitoringSiteCode,NO INTERNATIONAL NAME,ATGK100020,euGroundWaterBodyCode,NO INTERNATIONAL NAME,groundWaterBody,,,,,,,AT1000,euRBDCode,DANUBE,F,48.26349,16.46572
AT,ATPG92200122,euMonitoringSiteCode,ATPG92200122,euMonitoringSiteCode,NO INTERNATIONAL NAME,ATGK100020,euGroundWaterBodyCode,NO INTERNATIONAL NAME,groundWaterBody,,,,,,,AT1000,euRBDCode,DANUBE,F,48.23498,16.45456
AT,ATPG92200162,euMonitoringSiteCode,ATPG92200162,euMonitoringSiteCode,SONDE SUSSENBRUNN KURZRIED,ATGK100020,euGroundWaterBodyCode,NO INTERNATIONAL NAME,groundWaterBody,,,,,,,AT1000,euRBDCode,DANUBE,F,48.2676,16.492
AT,ATPG92200272,euMonitoringSiteCode,ATPG92200272,euMonitoringSiteCode,NO INTERNATIONAL NAME,ATGK100020,euGroundWaterBodyCode,NO INTERNATIONAL NAME,groundWaterBody,,,,,,,AT1000,euRBDCode,DANUBE,F,48.23435,16.51112
AT,ATPG92200302,euMonitoringSiteCode,ATPG92200302,euMonitoringSiteCode,NO INTERNATIONAL NAME,ATGK100020,euGroundWaterBodyCode,NO INTERNATIONAL NAME,groundWaterBody,,,,,,,AT1000,euRBDCode,DANUBE,F,48.21221,16.49765
AT,ATPG92200332,euMonitoringSiteCode,ATPG92200332,euMonitoringSiteCode,NO INTERNATIONAL NAME,ATGK100020,euGroundWaterBodyCode,NO INTERNATIONAL NAME,groundWaterBody,,,,,,,AT1000,euRBDCode,DANUBE,F,48.21133,16.52992
AT,ATPG92200382,euMonitoringSiteCode,ATPG92200382,euMonitoringSiteCode,NO INTERNATIONAL NAME,ATGK100020,euGroundWaterBodyCode,NO INTERNATIONAL NAME,groundWaterBody,,,,,,,AT1000,euRBDCode,DANUBE,F,48.18058,16.53476
AT,ATPG92200462,euMonitoringSiteCode,ATPG92200462,euMonitoringSiteCode,NO INTERNATIONAL NAME,ATGK100020,euGroundWaterBodyCode,NO INTERNATIONAL NAME,groundWaterBody,,,,,,,AT1000,euRBDCode,DANUBE,F,48.26338,16.53582
AT,ATPG92200472,euMonitoringSiteCode,ATPG92200472,euMonitoringSiteCode,NO INTERNATIONAL NAME,ATGK100020,euGroundWaterBodyCode,NO INTERNATIONAL NAME,groundWaterBody,,,,,,,AT1000,euRBDCode,DANUBE,F,48.24054,16.54789
AT,ATPG92200492,euMonitoringSiteCode,ATPG92200492,euMonitoringSiteCode,NO INTERNATIONAL NAME,ATGK100020,euGroundWaterBodyCode,NO INTERNATIONAL NAME,groundWaterBody,,,,,,,AT1000,euRBDCode,DANUBE,F,48.20208,16.47279
AT,ATPG92200512,euMonitoringSiteCode,ATPG92200512,euMonitoringSiteCode,NO INTERNATIONAL NAME,ATGK100020,euGroundWaterBodyCode,NO INTERNATIONAL NAME,groundWaterBody,,,,,,,AT1000,euRBDCode,DANUBE,F,48.19552,16.51548
AT,ATPG92200522,euMonitoringSiteCode,ATPG92200522,euMonitoringSiteCode,NO INTERNATIONAL NAME,ATGK100020,euGroundWaterBodyCode,NO INTERNATIONAL NAME,groundWaterBody,,,,,,,AT1000,euRBDCode,DANUBE,F,48.22829,16.53501
AT,ATPG92200532,euMonitoringSiteCode,ATPG92200532,euMonitoringSiteCode,SONDE ZSCHOKKEGASSE,ATGK100020,euGroundWaterBodyCode,NO INTERNATIONAL NAME,groundWaterBody,,,,,,,AT1000,euRBDCode,DANUBE,F,48.2205,16.465
AT,ATPG92200542,euMonitoringSiteCode,ATPG92200542,euMonitoringSiteCode,NO INTERNATIONAL NAME,ATGK100020,euGroundWaterBodyCode,NO INTERNATIONAL NAME,groundWaterBody,,,,,,,AT1000,euRBDCode,DANUBE,F,48.22943,16.49331
AT,ATPG92200552,euMonitoringSiteCode,ATPG92200552,euMonitoringSiteCode,NO INTERNATIONAL NAME,ATGK100020,euGroundWaterBodyCode,NO INTERNATIONAL NAME,groundWaterBody,,,,,,,AT1000,euRBDCode,DANUBE,F,48.23807,16.47362
AT,ATPG92200562,euMonitoringSiteCode,ATPG92200562,euMonitoringSiteCode,NO INTERNATIONAL NAME,ATGK100020,euGroundWaterBodyCode,NO INTERNATIONAL NAME,groundWaterBody,,,,,,,AT1000,euRBDCode,DANUBE,F,48.28984,16.49024
AT,ATPG92200572,euMonitoringSiteCode,ATPG92200572,euMonitoringSiteCode,NO INTERNATIONAL NAME,ATGK100020,euGroundWaterBodyCode,NO INTERNATIONAL NAME,groundWaterBody,,,,,,,AT1000,euRBDCode,DANUBE,F,48.25046,16.5148
AT,ATPG92200592,euMonitoringSiteCode,ATPG92200592,euMonitoringSiteCode,NO INTERNATIONAL NAME,ATGK100020,euGroundWaterBodyCode,NO INTERNATIONAL NAME,groundWaterBody,,,,,,,AT1000,euRBDCode,DANUBE,F,48.22175,16.44434
AT,ATPG92200602,euMonitoringSiteCode,ATPG92200602,euMonitoringSiteCode,NO INTERNATIONAL NAME,ATGK100020,euGroundWaterBodyCode,NO INTERNATIONAL NAME,groundWaterBody,,,,,,,AT1000,euRBDCode,DANUBE,F,48.26553,16.49011
AT,ATPG92200612,euMonitoringSiteCode,ATPG92200612,euMonitoringSiteCode,NO INTERNATIONAL NAME,ATGK100020,euGroundWaterBodyCode,NO INTERNATIONAL NAME,groundWaterBody,,,,,,,AT1000,euRBDCode,DANUBE,F,48.24882,16.44192
AT,ATPG92200622,euMonitoringSiteCode,ATPG92200622,euMonitoringSiteCode,NO INTERNATIONAL NAME,ATGK100020,euGroundWaterBodyCode,NO INTERNATIONAL NAME,groundWaterBody,,,,,,,AT1000,euRBDCode,DANUBE,F,48.22035,16.46311
AT,ATPG92200632,euMonitoringSiteCode,ATPG92200632,euMonitoringSiteCode,NO INTERNATIONAL NAME,ATGK100020,euGroundWaterBodyCode,NO INTERNATIONAL NAME,groundWaterBody,,,,,,,AT1000,euRBDCode,DANUBE,F,48.23948,16.45483
AT,ATPG92200642,euMonitoringSiteCode,ATPG92200642,euMonitoringSiteCode,NO INTERNATIONAL NAME,ATGK100020,euGroundWaterBodyCode,NO INTERNATIONAL NAME,groundWaterBody,,,,,,,AT1000,euRBDCode,DANUBE,F,48.2526,16.4691
AT,ATPG92200652,euMonitoringSiteCode,ATPG92200652,euMonitoringSiteCode,NO INTERNATIONAL NAME,ATGK100020,euGroundWaterBodyCode,NO INTERNATIONAL NAME,groundWaterBody,,,,,,,AT1000,euRBDCode,DANUBE,F,48.24796,16.44052
AT,ATPG92300102,euMonitoringSiteCode,ATPG92300102,euMonitoringSiteCode,NO INTERNATIONAL NAME,ATGK100024,euGroundWaterBodyCode,NO INTERNATIONAL NAME,groundWaterBody,,,,,,,AT1000,euRBDCode,DANUBE,F,48.14779,16.31211
AT,ATPG92300112,euMonitoringSiteCode,ATPG92300112,euMonitoringSiteCode,NO INTERNATIONAL NAME,ATGK100024,euGroundWaterBodyCode,NO INTERNATIONAL NAME,groundWaterBody,,,,,,,AT1000,euRBDCode,DANUBE,F,48.13521,16.31139
AT,ATSE10101000,euMonitoringSiteCode,ATSE10101000,euMonitoringSiteCode,NO INTERNATIONAL NAME,ATOK10500200,euSurfaceWaterBodyCode,NO INTERNATIONAL NAME,lakeWaterBody,Natural,Inapplicable,PP_A1,AT1001,euSubUnitCode,DANUBE,AT1000,euRBDCode,DANUBE,F,47.89954,16.80296
AT,ATSE10102000,euMonitoringSiteCode,ATSE10102000,euMonitoringSiteCode,NO INTERNATIONAL NAME,ATOK10500200,euSurfaceWaterBodyCode,NO INTERNATIONAL NAME,lakeWaterBody,Natural,Inapplicable,PP_A1,AT1001,euSubUnitCode,DANUBE,AT1000,euRBDCode,DANUBE,F,47.85315,16.76457
AT,ATSE10103000,euMonitoringSiteCode,ATSE10103000,euMonitoringSiteCode,NO INTERNATIONAL NAME,ATOK10500200,euSurfaceWaterBodyCode,NO INTERNATIONAL NAME,lakeWaterBody,Natural,Inapplicable,PP_A1,AT1001,euSubUnitCode,DANUBE,AT1000,euRBDCode,DANUBE,F,47.75396,16.72378
AT,ATSE10104000,euMonitoringSiteCode,ATSE10104000,euMonitoringSiteCode,NO INTERNATIONAL NAME,ATOK10500200,euSurfaceWaterBodyCode,NO INTERNATIONAL NAME,lakeWaterBody,Natural,Inapplicable,PP_A1,AT1001,euSubUnitCode,DANUBE,AT1000,euRBDCode,DANUBE,F,47.68376,16.75959
AT,ATSE20101000,euMonitoringSiteCode,ATSE20101000,euMonitoringSiteCode,NO INTERNATIONAL NAME,ATOK9506600,euSurfaceWaterBodyCode,NO INTERNATIONAL NAME,lakeWaterBody,Natural,Inapplicable,PP_C1a,AT1001,euSubUnitCode,DANUBE,AT1000,euRBDCode,DANUBE,F,46.63092,14.12236
AT,ATSE20201000,euMonitoringSiteCode,ATSE20201000,euMonitoringSiteCode,NO INTERNATIONAL NAME,ATOK9506400,euSurfaceWaterBodyCode,NO INTERNATIONAL NAME,lakeWaterBody,Natural,Inapplicable,PP_D3,AT1001,euSubUnitCode,DANUBE,AT1000,euRBDCode,DANUBE,F,46.77862,13.60787
AT,ATSE20301000,euMonitoringSiteCode,ATSE20301000,euMonitoringSiteCode,NO INTERNATIONAL NAME,ATOK9506000,euSurfaceWaterBodyCode,NO INTERNATIONAL NAME,lakeWaterBody,Natural,Inapplicable,PP_C1b,AT1001,euSubUnitCode,DANUBE,AT1000,euRBDCode,DANUBE,F,46.58114,13.92674
AT,ATSE20401000,euMonitoringSiteCode,ATSE20401000,euMonitoringSiteCode,NO INTERNATIONAL NAME,ATOK9505600,euSurfaceWaterBodyCode,NO INTERNATIONAL NAME,lakeWaterBody,Natural,Inapplicable,PP_C1a,AT1001,euSubUnitCode,DANUBE,AT1000,euRBDCode,DANUBE,F,46.66115,13.92918
AT,ATSE20501000,euMonitoringSiteCode,ATSE20501000,euMonitoringSiteCode,NO INTERNATIONAL NAME,ATOK9506500,euSurfaceWaterBodyCode,NO INTERNATIONAL NAME,lakeWaterBody,Natural,Inapplicable,PP_E2,AT1001,euSubUnitCode,DANUBE,AT1000,euRBDCode,DANUBE,F,46.70096,13.37749
AT,ATSE20601000,euMonitoringSiteCode,ATSE20601000,euMonitoringSiteCode,NO INTERNATIONAL NAME,ATOK9506300,euSurfaceWaterBodyCode,NO INTERNATIONAL NAME,lakeWaterBody,Natural,Inapplicable,PP_C1b,AT1001,euSubUnitCode,DANUBE,AT1000,euRBDCode,DANUBE,F,46.5868,14.15743
AT,ATSE20701000,euMonitoringSiteCode,ATSE20701000,euMonitoringSiteCode,NO INTERNATIONAL NAME,ATOK9505900,euSurfaceWaterBodyCode,NO INTERNATIONAL NAME,lakeWaterBody,Natural,Inapplicable,PP_C1a,AT1001,euSubUnitCode,DANUBE,AT1000,euRBDCode,DANUBE,F,46.60457,14.58546
AT,ATSE40101000,euMonitoringSiteCode,ATSE40101000,euMonitoringSiteCode,NO INTERNATIONAL NAME,ATOK4500300,euSurfaceWaterBodyCode,NO INTERNATIONAL NAME,lakeWaterBody,Natural,Inapplicable,PP_D1,AT1001,euSubUnitCode,DANUBE,AT1000,euRBDCode,DANUBE,F,47.81239,13.52968
AT,ATSE40201000,euMonitoringSiteCode,ATSE40201000,euMonitoringSiteCode,NO INTERNATIONAL NAME,ATOK4500500,euSurfaceWaterBodyCode,NO INTERNATIONAL NAME,lakeWaterBody,Natural,Inapplicable,PP_D1,AT1001,euSubUnitCode,DANUBE,AT1000,euRBDCode,DANUBE,F,47.85169,13.80288
AT,ATSE40301000,euMonitoringSiteCode,ATSE40301000,euMonitoringSiteCode,NO INTERNATIONAL NAME,ATOK4500200,euSurfaceWaterBodyCode,NO INTERNATIONAL NAME,lakeWaterBody,Natural,Inapplicable,PP_D1,AT1001,euSubUnitCode,DANUBE,AT1000,euRBDCode,DANUBE,F,47.8077,13.38747
AT,ATSE40401000,euMonitoringSiteCode,ATSE40401000,euMonitoringSiteCode,NO INTERNATIONAL NAME,ATOK4501200,euSurfaceWaterBodyCode,NO INTERNATIONAL NAME,lakeWaterBody,Natural,Inapplicable,PP_D1,AT1001,euSubUnitCode,DANUBE,AT1000,euRBDCode,DANUBE,F,47.57469,13.65937
AT,ATSE40501000,euMonitoringSiteCode,ATSE40501000,euMonitoringSiteCode,NO INTERNATIONAL NAME,ATOK4500100,euSurfaceWaterBodyCode,NO INTERNATIONAL NAME,lakeWaterBody,Natural,Inapplicable,PP_B2,AT1001,euSubUnitCode,DANUBE,AT1000,euRBDCode,DANUBE,F,47.9076,13.3064
AT,ATSE50101000,euMonitoringSiteCode,ATSE50101000,euMonitoringSiteCode,NO INTERNATIONAL NAME,ATOK4500400,euSurfaceWaterBodyCode,NO INTERNATIONAL NAME,lakeWaterBody,Natural,Inapplicable,PP_D1,AT1001,euSubUnitCode,DANUBE,AT1000,euRBDCode,DANUBE,F,47.75555,13.39144
AT,ATSE50102000,euMonitoringSiteCode,ATSE50102000,euMonitoringSiteCode,NO INTERNATIONAL NAME,ATOK4500400,euSurfaceWaterBodyCode,NO INTERNATIONAL NAME,lakeWaterBody,Natural,Inapplicable,PP_D1,AT1001,euSubUnitCode,DANUBE,AT1000,euRBDCode,DANUBE,F,47.72916,13.46002
AT,ATSE50201000,euMonitoringSiteCode,ATSE50201000,euMonitoringSiteCode,NO INTERNATIONAL NAME,ATOK3500600,euSurfaceWaterBodyCode,NO INTERNATIONAL NAME,lakeWaterBody,Natural,Inapplicable,PP_B2,AT1001,euSubUnitCode,DANUBE,AT1000,euRBDCode,DANUBE,F,47.96551,13.08707
AT,ATSE50301000,euMonitoringSiteCode,ATSE50301000,euMonitoringSiteCode,NO INTERNATIONAL NAME,ATOK3500800,euSurfaceWaterBodyCode,NO INTERNATIONAL NAME,lakeWaterBody,Natural,Inapplicable,PP_D3,AT1001,euSubUnitCode,DANUBE,AT1000,euRBDCode,DANUBE,F,47.32259,12.80875
AT,ATSE50401000,euMonitoringSiteCode,ATSE50401000,euMonitoringSiteCode,NO INTERNATIONAL NAME,ATOK3500700,euSurfaceWaterBodyCode,NO INTERNATIONAL NAME,lakeWaterBody,Natural,Inapplicable,PP_B2,AT1001,euSubUnitCode,DANUBE,AT1000,euRBDCode,DANUBE,F,47.91023,13.17286
AT,ATSE50501000,euMonitoringSiteCode,ATSE50501000,euMonitoringSiteCode,NO INTERNATIONAL NAME,ATOK3500500,euSurfaceWaterBodyCode,NO INTERNATIONAL NAME,lakeWaterBody,Natural,Inapplicable,PP_B2,AT1001,euSubUnitCode,DANUBE,AT1000,euRBDCode,DANUBE,F,47.98691,13.13176
AT,ATSE50601000,euMonitoringSiteCode,ATSE50601000,euMonitoringSiteCode,NO INTERNATIONAL NAME,ATOK4500000,euSurfaceWaterBodyCode,NO INTERNATIONAL NAME,lakeWaterBody,Natural,Inapplicable,PP_D1,AT1001,euSubUnitCode,DANUBE,AT1000,euRBDCode,DANUBE,F,47.79944,13.28595
AT,ATSE50701000,euMonitoringSiteCode,ATSE50701000,euMonitoringSiteCode,NO INTERNATIONAL NAME,ATOK3501400,euSurfaceWaterBodyCode,NO INTERNATIONAL NAME,lakeWaterBody,Natural,Inapplicable,PP_B2,AT1001,euSubUnitCode,DANUBE,AT1000,euRBDCode,DANUBE,F,47.98772,13.09207
AT,ATSE60101000,euMonitoringSiteCode,ATSE60101000,euMonitoringSiteCode,NO INTERNATIONAL NAME,ATOK4501100,euSurfaceWaterBodyCode,NO INTERNATIONAL NAME,lakeWaterBody,Natural,Inapplicable,PP_E1,AT1001,euSubUnitCode,DANUBE,AT1000,euRBDCode,DANUBE,F,47.63935,13.78066
AT,ATSE60201000,euMonitoringSiteCode,ATSE60201000,euMonitoringSiteCode,NO INTERNATIONAL NAME,ATOK4501000,euSurfaceWaterBodyCode,NO INTERNATIONAL NAME,lakeWaterBody,Natural,Inapplicable,PP_E1,AT1001,euSubUnitCode,DANUBE,AT1000,euRBDCode,DANUBE,F,47.63264,13.8681
AT,ATSE60301000,euMonitoringSiteCode,ATSE60301000,euMonitoringSiteCode,NO INTERNATIONAL NAME,ATOK4501800,euSurfaceWaterBodyCode,NO INTERNATIONAL NAME,lakeWaterBody,Natural,Inapplicable,PP_D2a,AT1001,euSubUnitCode,DANUBE,AT1000,euRBDCode,DANUBE,F,47.79383,15.26698
AT,ATSE70101000,euMonitoringSiteCode,ATSE70101000,euMonitoringSiteCode,NO INTERNATIONAL NAME,ATOK3500300,euSurfaceWaterBodyCode,NO INTERNATIONAL NAME,lakeWaterBody,HMWB,Reservoir in former lake,PP_E1,AT1001,euSubUnitCode,DANUBE,AT1000,euRBDCode,DANUBE,F,47.46364,11.7076
AT,ATSE70201000,euMonitoringSiteCode,ATSE70201000,euMonitoringSiteCode,NO INTERNATIONAL NAME,ATOK3500200,euSurfaceWaterBodyCode,NO INTERNATIONAL NAME,lakeWaterBody,HMWB,Reservoir in former lake,PP_E1,AT1001,euSubUnitCode,DANUBE,AT1000,euRBDCode,DANUBE,F,47.48251,10.83959
AT,ATSE70301000,euMonitoringSiteCode,ATSE70301000,euMonitoringSiteCode,NO INTERNATIONAL NAME,ATOK3500000,euSurfaceWaterBodyCode,NO INTERNATIONAL NAME,lakeWaterBody,HMWB,Reservoir in former lake,PP_E1,AT1001,euSubUnitCode,DANUBE,AT1000,euRBDCode,DANUBE,F,47.45661,10.7785
AT,ATSE80101000,euMonitoringSiteCode,ATSE80101000,euMonitoringSiteCode,NO INTERNATIONAL NAME,ATOK1500100,euSurfaceWaterBodyCode,NO INTERNATIONAL NAME,lakeWaterBody,Natural,Inapplicable,PP_B1,AT2100,euSubUnitCode,RHINE,AT2000,euRBDCode,RHINE,F,47.51889,9.73854
AT,ATSE90101000,euMonitoringSiteCode,ATSE90101000,euMonitoringSiteCode,NO INTERNATIONAL NAME,ATOK4501900,euSurfaceWaterBodyCode,NO INTERNATIONAL NAME,lakeWaterBody,Natural,Inapplicable,PP_A3,AT1001,euSubUnitCode,DANUBE,AT1000,euRBDCode,DANUBE,F,48.2167,16.43422
AT,ATSE90102000,euMonitoringSiteCode,ATSE90102000,euMonitoringSiteCode,NO INTERNATIONAL NAME,ATOK4501900,euSurfaceWaterBodyCode,NO INTERNATIONAL NAME,lakeWaterBody,Natural,Inapplicable,PP_A3,AT1001,euSubUnitCode,DANUBE,AT1000,euRBDCode,DANUBE,F,48.24906,16.40588
AT,ATTG10003862,euMonitoringSiteCode,ATTG10003862,euMonitoringSiteCode,NO INTERNATIONAL NAME,ATGK100193,euGroundWaterBodyCode,NO INTERNATIONAL NAME,groundWaterBody,,,,,,,AT1000,euRBDCode,DANUBE,F,47.57769,16.52068
AT,ATTG10003872,euMonitoringSiteCode,ATTG10003872,euMonitoringSiteCode,GEMEINDEBRUNNEN WVA LORETTO,ATGK100193,euGroundWaterBodyCode,NO INTERNATIONAL NAME,groundWaterBody,,,,,,,AT1000,euRBDCode,DANUBE,N,,
AT,ATTG10003882,euMonitoringSiteCode,ATTG10003882,euMonitoringSiteCode,NO INTERNATIONAL NAME,ATGK100168,euGroundWaterBodyCode,NO INTERNATIONAL NAME,groundWaterBody,,,,,,,AT1000,euRBDCode,DANUBE,F,47.29705,16.09345
AT,ATTG10003902,euMonitoringSiteCode,ATTG10003902,euMonitoringSiteCode,NO INTERNATIONAL NAME,ATGK100168,euGroundWaterBodyCode,NO INTERNATIONAL NAME,groundWaterBody,,,,,,,AT1000,euRBDCode,DANUBE,F,47.27773,16.21945
AT,ATTG10003942,euMonitoringSiteCode,ATTG10003942,euMonitoringSiteCode,NO INTERNATIONAL NAME,ATGK100193,euGroundWaterBodyCode,NO INTERNATIONAL NAME,groundWaterBody,,,,,,,AT1000,euRBDCode,DANUBE,F,47.73359,16.48344
AT,ATTG10004042,euMonitoringSiteCode,ATTG10004042,euMonitoringSiteCode,NO INTERNATIONAL NAME,ATGK100168,euGroundWaterBodyCode,NO INTERNATIONAL NAME,groundWaterBody,,,,,,,AT1000,euRBDCode,DANUBE,F,46.983,16.23109
AT,ATTG10004072,euMonitoringSiteCode,ATTG10004072,euMonitoringSiteCode,NO INTERNATIONAL NAME,ATGK100193,euGroundWaterBodyCode,NO INTERNATIONAL NAME,groundWaterBody,,,,,,,AT1000,euRBDCode,DANUBE,F,47.91101,16.54771
AT,ATTG40401012,euMonitoringSiteCode,ATTG40401012,euMonitoringSiteCode,NO INTERNATIONAL NAME,ATGK100157,euGroundWaterBodyCode,NO INTERNATIONAL NAME,groundWaterBody,,,,,,,AT1000,euRBDCode,DANUBE,F,48.24794,13.23018
AT,ATTG40508022,euMonitoringSiteCode,ATTG40508022,euMonitoringSiteCode,NO INTERNATIONAL NAME,ATGK100160,euGroundWaterBodyCode,NO INTERNATIONAL NAME,groundWaterBody,,,,,,,AT1000,euRBDCode,DANUBE,F,48.29954,13.93383
AT,ATTG40802012,euMonitoringSiteCode,ATTG40802012,euMonitoringSiteCode,NO INTERNATIONAL NAME,ATGK100160,euGroundWaterBodyCode,NO INTERNATIONAL NAME,groundWaterBody,,,,,,,AT1000,euRBDCode,DANUBE,F,48.22765,13.91819
AT,ATTG40809022,euMonitoringSiteCode,ATTG40809022,euMonitoringSiteCode,NO INTERNATIONAL NAME,ATGK100160,euGroundWaterBodyCode,NO INTERNATIONAL NAME,groundWaterBody,,,,,,,AT1000,euRBDCode,DANUBE,F,48.17564,13.63651
AT,ATTG40823012,euMonitoringSiteCode,ATTG40823012,euMonitoringSiteCode,NO INTERNATIONAL NAME,ATGK100160,euGroundWaterBodyCode,NO INTERNATIONAL NAME,groundWaterBody,,,,,,,AT1000,euRBDCode,DANUBE,F,48.19443,13.6716
AT,ATTG40829012,euMonitoringSiteCode,ATTG40829012,euMonitoringSiteCode,NO INTERNATIONAL NAME,ATGK100160,euGroundWaterBodyCode,NO INTERNATIONAL NAME,groundWaterBody,,,,,,,AT1000,euRBDCode,DANUBE,F,48.24458,13.74465
AT,ATTG41118012,euMonitoringSiteCode,ATTG41118012,euMonitoringSiteCode,NO INTERNATIONAL NAME,ATGK100160,euGroundWaterBodyCode,NO INTERNATIONAL NAME,groundWaterBody,,,,,,,AT1000,euRBDCode,DANUBE,F,48.2731,14.55476
AT,ATTG41230012,euMonitoringSiteCode,ATTG41230012,euMonitoringSiteCode,NO INTERNATIONAL NAME,ATGK100157,euGroundWaterBodyCode,NO INTERNATIONAL NAME,groundWaterBody,,,,,,,AT1000,euRBDCode,DANUBE,F,48.27135,13.41608
AT,ATTG41421021,euMonitoringSiteCode,ATTG41421021,euMonitoringSiteCode,NO INTERNATIONAL NAME,ATGK100160,euGroundWaterBodyCode,NO INTERNATIONAL NAME,groundWaterBody,,,,,,,AT1000,euRBDCode,DANUBE,F,48.36521,13.7186
AT,ATTG41426032,euMonitoringSiteCode,ATTG41426032,euMonitoringSiteCode,NO INTERNATIONAL NAME,ATGK100157,euGroundWaterBodyCode,NO INTERNATIONAL NAME,groundWaterBody,,,,,,,AT1000,euRBDCode,DANUBE,F,48.43402,13.53392
AT,ATTG60502082,euMonitoringSiteCode,ATTG60502082,euMonitoringSiteCode,NO INTERNATIONAL NAME,ATGK100168,euGroundWaterBodyCode,NO INTERNATIONAL NAME,groundWaterBody,,,,,,,AT1000,euRBDCode,DANUBE,F,47.12593,16.05817
AT,ATTG60505062,euMonitoringSiteCode,ATTG60505062,euMonitoringSiteCode,NO INTERNATIONAL NAME,ATGK100168,euGroundWaterBodyCode,NO INTERNATIONAL NAME,groundWaterBody,,,,,,,AT1000,euRBDCode,DANUBE,F,47.15874,15.88563
AT,ATTG60506092,euMonitoringSiteCode,ATTG60506092,euMonitoringSiteCode,NO INTERNATIONAL NAME,ATGK100168,euGroundWaterBodyCode,NO INTERNATIONAL NAME,groundWaterBody,,,,,,,AT1000,euRBDCode,DANUBE,F,47.07216,15.97107
AT,ATTG60626112,euMonitoringSiteCode,ATTG60626112,euMonitoringSiteCode,NO INTERNATIONAL NAME,ATGK100168,euGroundWaterBodyCode,NO INTERNATIONAL NAME,groundWaterBody,,,,,,,AT1000,euRBDCode,DANUBE,F,47.14234,15.55104
AT,ATTG60702052,euMonitoringSiteCode,ATTG60702052,euMonitoringSiteCode,NO INTERNATIONAL NAME,ATGK100168,euGroundWaterBodyCode,NO INTERNATIONAL NAME,groundWaterBody,,,,,,,AT1000,euRBDCode,DANUBE,F,47.21652,15.99676
AT,ATTG60707012,euMonitoringSiteCode,ATTG60707012,euMonitoringSiteCode,NO INTERNATIONAL NAME,ATGK100168,euGroundWaterBodyCode,NO INTERNATIONAL NAME,groundWaterBody,,,,,,,AT1000,euRBDCode,DANUBE,F,47.34368,15.98727
AT,ATTG60717132,euMonitoringSiteCode,ATTG60717132,euMonitoringSiteCode,NO INTERNATIONAL NAME,ATGK100168,euGroundWaterBodyCode,NO INTERNATIONAL NAME,groundWaterBody,,,,,,,AT1000,euRBDCode,DANUBE,F,47.37357,16.01793
AT,ATTG60727032,euMonitoringSiteCode,ATTG60727032,euMonitoringSiteCode,NO INTERNATIONAL NAME,ATGK100168,euGroundWaterBodyCode,NO INTERNATIONAL NAME,groundWaterBody,,,,,,,AT1000,euRBDCode,DANUBE,F,47.24476,16.059
AT,ATTG60748072,euMonitoringSiteCode,ATTG60748072,euMonitoringSiteCode,NO INTERNATIONAL NAME,ATGK100168,euGroundWaterBodyCode,NO INTERNATIONAL NAME,groundWaterBody,,,,,,,AT1000,euRBDCode,DANUBE,F,47.13025,16.02805
AT,ATTG61746102,euMonitoringSiteCode,ATTG61746102,euMonitoringSiteCode,NO INTERNATIONAL NAME,ATGK100168,euGroundWaterBodyCode,NO INTERNATIONAL NAME,groundWaterBody,,,,,,,AT1000,euRBDCode,DANUBE,F,47.06285,15.74137
