day,psr_type,mwh
2023-01-01,Hydro Pumped Storage,4344.6
2023-01-01,Hydro Pumped Storage Consumption,18269.7
2023-01-01,Hydro Run-of-river and poundage,57017.0
2023-01-01,Hydro Water Reservoir,3442.9
2023-01-02,Hydro Pumped Storage,23628.4
2023-01-02,Hydro Pumped Storage Consumption,7878.0
2023-01-02,Hydro Run-of-river and poundage,56882.8
2023-01-02,Hydro Water Reservoir,6230.6
2023-01-03,Hydro Pumped Storage,34016.5
2023-01-03,Hydro Pumped Storage Consumption,1023.6
2023-01-03,Hydro Run-of-river and poundage,57698.2
2023-01-03,Hydro Water Reservoir,4177.1
2023-01-04,Hydro Pumped Storage,20411.0
2023-01-04,Hydro Pumped Storage Consumption,4681.8
2023-01-04,Hydro Run-of-river and poundage,53074.7
2023-01-04,Hydro Water Reservoir,3017.4
2023-01-05,Hydro Pumped Storage,15648.2
2023-01-05,Hydro Pumped Storage Consumption,8435.3
2023-01-05,Hydro Run-of-river and poundage,55118.9
2023-01-05,Hydro Water Reservoir,2950.4
2023-01-06,Hydro Pumped Storage,7277.7
2023-01-06,Hydro Pumped Storage Consumption,9348.6
2023-01-06,Hydro Run-of-river and poundage,57416.2
2023-01-06,Hydro Water Reservoir,2052.8
2023-01-07,Hydro Pumped Storage,13450.5
2023-01-07,Hydro Pumped Storage Consumption,5304.4
2023-01-07,Hydro Run-of-river and poundage,56281.7
2023-01-07,Hydro Water Reservoir,2738.0
2023-01-08,Hydro Pumped Storage,2358.8
2023-01-08,Hydro Pumped Storage Consumption,15786.5
2023-01-08,Hydro Run-of-river and poundage,53977.3
2023-01-08,Hydro Water Reservoir,2690.0
2023-01-09,Hydro Pumped Storage,26190.8
2023-01-09,Hydro Pumped Storage Consumption,9085.1
2023-01-09,Hydro Run-of-river and poundage,52747.4
2023-01-09,Hydro Water Reservoir,6231.2
2023-01-10,Hydro Pumped Storage,14391.4
2023-01-10,Hydro Pumped Storage Consumption,8707.6
2023-01-10,Hydro Run-of-river and poundage,54109.4
2023-01-10,Hydro Water Reservoir,5755.3
2023-01-11,Hydro Pumped Storage,30210.9
2023-01-11,Hydro Pumped Storage Consumption,7551.1
2023-01-11,Hydro Run-of-river and poundage,55656.9
2023-01-11,Hydro Water Reservoir,8573.3
2023-01-12,Hydro Pumped Storage,22348.4
2023-01-12,Hydro Pumped Storage Consumption,1336.2
2023-01-12,Hydro Run-of-river and poundage,60380.4
2023-01-12,Hydro Water Reservoir,7060.2
2023-01-13,Hydro Pumped Storage,9202.4
2023-01-13,Hydro Pumped Storage Consumption,8591.2
2023-01-13,Hydro Run-of-river and poundage,58596.1
2023-01-13,Hydro Water Reservoir,6867.2
2023-01-14,Hydro Pumped Storage,712.3
2023-01-14,Hydro Pumped Storage Consumption,19378.7
2023-01-14,Hydro Run-of-river and poundage,55235.0
2023-01-14,Hydro Water Reservoir,4174.8
2023-01-15,Hydro Pumped Storage,791.9
2023-01-15,Hydro Pumped Storage Consumption,21693.7
2023-01-15,Hydro Run-of-river and poundage,51120.1
2023-01-15,Hydro Water Reservoir,2986.8
2023-01-16,Hydro Pumped Storage,14642.4
2023-01-16,Hydro Pumped Storage Consumption,10544.2
2023-01-16,Hydro Run-of-river and poundage,53922.3
2023-01-16,Hydro Water Reservoir,3914.3
2023-01-17,Hydro Pumped Storage,19646.4
2023-01-17,Hydro Pumped Storage Consumption,9153.8
2023-01-17,Hydro Run-of-river and poundage,54310.5
2023-01-17,Hydro Water Reservoir,4327.5
2023-01-18,Hydro Pumped Storage,25240.4
2023-01-18,Hydro Pumped Storage Consumption,197.9
2023-01-18,Hydro Run-of-river and poundage,55049.5
2023-01-18,Hydro Water Reservoir,8100.6
2023-01-19,Hydro Pumped Storage,31179.7
2023-01-19,Hydro Pumped Storage Consumption,3813.4
2023-01-19,Hydro Run-of-river and poundage,52683.3
2023-01-19,Hydro Water Reservoir,12078.8
2023-01-20,Hydro Pumped Storage,29842.7
2023-01-20,Hydro Pumped Storage Consumption,273.7
2023-01-20,Hydro Run-of-river and poundage,53954.2
2023-01-20,Hydro Water Reservoir,13968.0
2023-01-21,Hydro Pumped Storage,4138.2
2023-01-21,Hydro Pumped Storage Consumption,12742.3
2023-01-21,Hydro Run-of-river and poundage,47851.3
2023-01-21,Hydro Water Reservoir,6578.6
2023-01-22,Hydro Pumped Storage,11006.9
2023-01-22,Hydro Pumped Storage Consumption,6861.2
2023-01-22,Hydro Run-of-river and poundage,42838.4
2023-01-22,Hydro Water Reservoir,10229.8
2023-01-23,Hydro Pumped Storage,35579.8
2023-01-23,Hydro Pumped Storage Consumption,5342.8
2023-01-23,Hydro Run-of-river and poundage,48480.0
2023-01-23,Hydro Water Reservoir,17707.8
2023-01-24,Hydro Pumped Storage,31243.6
2023-01-24,Hydro Pumped Storage Consumption,4959.7
2023-01-24,Hydro Run-of-river and poundage,51822.9
2023-01-24,Hydro Water Reservoir,17706.0
2023-01-25,Hydro Pumped Storage,31677.1
2023-01-25,Hydro Pumped Storage Consumption,5340.7
2023-01-25,Hydro Run-of-river and poundage,51054.4
2023-01-25,Hydro Water Reservoir,16565.3
2023-01-26,Hydro Pumped Storage,22352.3
2023-01-26,Hydro Pumped Storage Consumption,2457.7
2023-01-26,Hydro Run-of-river and poundage,49948.0
2023-01-26,Hydro Water Reservoir,13947.3
2023-01-27,Hydro Pumped Storage,22065.5
2023-01-27,Hydro Pumped Storage Consumption,7515.9
2023-01-27,Hydro Run-of-river and poundage,48673.4
2023-01-27,Hydro Water Reservoir,13612.4
2023-01-28,Hydro Pumped Storage,5782.6
2023-01-28,Hydro Pumped Storage Consumption,7030.4
2023-01-28,Hydro Run-of-river and poundage,44092.4
2023-01-28,Hydro Water Reservoir,7640.8
2023-01-29,Hydro Pumped Storage,6622.0
2023-01-29,Hydro Pumped Storage Consumption,6762.0
2023-01-29,Hydro Run-of-river and poundage,40370.7
2023-01-29,Hydro Water Reservoir,5712.7
2023-01-30,Hydro Pumped Storage,22716.0
2023-01-30,Hydro Pumped Storage Consumption,7050.6
2023-01-30,Hydro Run-of-river and poundage,43589.0
2023-01-30,Hydro Water Reservoir,12436.0
2023-01-31,Hydro Pumped Storage,10655.4
2023-01-31,Hydro Pumped Storage Consumption,7073.7
2023-01-31,Hydro Run-of-river and poundage,42663.5
2023-01-31,Hydro Water Reservoir,6442.1
2023-02-01,Hydro Pumped Storage,12035.2
2023-02-01,Hydro Pumped Storage Consumption,8501.0
2023-02-01,Hydro Run-of-river and poundage,41522.9
2023-02-01,Hydro Water Reservoir,7016.2
2023-02-02,Hydro Pumped Storage,20297.6
2023-02-02,Hydro Pumped Storage Consumption,5225.3
2023-02-02,Hydro Run-of-river and poundage,46288.7
2023-02-02,Hydro Water Reservoir,10654.4
2023-02-03,Hydro Pumped Storage,14078.2
2023-02-03,Hydro Pumped Storage Consumption,8324.7
2023-02-03,Hydro Run-of-river and poundage,57117.0
2023-02-03,Hydro Water Reservoir,6481.0
2023-02-04,Hydro Pumped Storage,1674.7
2023-02-04,Hydro Pumped Storage Consumption,13218.7
2023-02-04,Hydro Run-of-river and poundage,73654.3
2023-02-04,Hydro Water Reservoir,4399.5
2023-02-05,Hydro Pumped Storage,4573.7
2023-02-05,Hydro Pumped Storage Consumption,12450.6
2023-02-05,Hydro Run-of-river and poundage,67264.5
2023-02-05,Hydro Water Reservoir,4960.8
2023-02-06,Hydro Pumped Storage,19429.1
2023-02-06,Hydro Pumped Storage Consumption,1162.9
2023-02-06,Hydro Run-of-river and poundage,62497.5
2023-02-06,Hydro Water Reservoir,13211.3
2023-02-07,Hydro Pumped Storage,24037.6
2023-02-07,Hydro Pumped Storage Consumption,3585.2
2023-02-07,Hydro Run-of-river and poundage,60346.5
2023-02-07,Hydro Water Reservoir,12940.1
2023-02-08,Hydro Pumped Storage,21875.4
2023-02-08,Hydro Pumped Storage Consumption,1696.7
2023-02-08,Hydro Run-of-river and poundage,55658.7
2023-02-08,Hydro Water Reservoir,11201.7
2023-02-09,Hydro Pumped Storage,17664.7
2023-02-09,Hydro Pumped Storage Consumption,3412.1
2023-02-09,Hydro Run-of-river and poundage,51999.4
2023-02-09,Hydro Water Reservoir,9393.0
2023-02-10,Hydro Pumped Storage,13932.4
2023-02-10,Hydro Pumped Storage Consumption,944.2
2023-02-10,Hydro Run-of-river and poundage,50042.6
2023-02-10,Hydro Water Reservoir,9273.9
2023-02-11,Hydro Pumped Storage,2637.5
2023-02-11,Hydro Pumped Storage Consumption,3327.2
2023-02-11,Hydro Run-of-river and poundage,46990.8
2023-02-11,Hydro Water Reservoir,5955.0
2023-02-12,Hydro Pumped Storage,3680.7
2023-02-12,Hydro Pumped Storage Consumption,12388.9
2023-02-12,Hydro Run-of-river and poundage,42716.5
2023-02-12,Hydro Water Reservoir,5587.7
2023-02-13,Hydro Pumped Storage,19771.8
2023-02-13,Hydro Pumped Storage Consumption,2949.4
2023-02-13,Hydro Run-of-river and poundage,45280.3
2023-02-13,Hydro Water Reservoir,12155.9
2023-02-14,Hydro Pumped Storage,16358.8
2023-02-14,Hydro Pumped Storage Consumption,966.5
2023-02-14,Hydro Run-of-river and poundage,46255.2
2023-02-14,Hydro Water Reservoir,11725.8
2023-02-15,Hydro Pumped Storage,28578.7
2023-02-15,Hydro Pumped Storage Consumption,8.1
2023-02-15,Hydro Run-of-river and poundage,47034.7
2023-02-15,Hydro Water Reservoir,14147.6
2023-02-16,Hydro Pumped Storage,23634.4
2023-02-16,Hydro Pumped Storage Consumption,0.0
2023-02-16,Hydro Run-of-river and poundage,49541.4
2023-02-16,Hydro Water Reservoir,13800.3
2023-02-17,Hydro Pumped Storage,10737.6
2023-02-17,Hydro Pumped Storage Consumption,1207.6
2023-02-17,Hydro Run-of-river and poundage,49132.9
2023-02-17,Hydro Water Reservoir,7476.1
2023-02-18,Hydro Pumped Storage,879.4
2023-02-18,Hydro Pumped Storage Consumption,24148.7
2023-02-18,Hydro Run-of-river and poundage,61872.7
2023-02-18,Hydro Water Reservoir,2790.7
2023-02-19,Hydro Pumped Storage,1334.3
2023-02-19,Hydro Pumped Storage Consumption,19997.0
2023-02-19,Hydro Run-of-river and poundage,76802.5
2023-02-19,Hydro Water Reservoir,3677.8
2023-02-20,Hydro Pumped Storage,5070.8
2023-02-20,Hydro Pumped Storage Consumption,14049.2
2023-02-20,Hydro Run-of-river and poundage,78271.1
2023-02-20,Hydro Water Reservoir,6034.6
2023-02-21,Hydro Pumped Storage,14807.0
2023-02-21,Hydro Pumped Storage Consumption,12847.3
2023-02-21,Hydro Run-of-river and poundage,71830.9
2023-02-21,Hydro Water Reservoir,8048.3
2023-02-22,Hydro Pumped Storage,23117.0
2023-02-22,Hydro Pumped Storage Consumption,803.8
2023-02-22,Hydro Run-of-river and poundage,70582.1
2023-02-22,Hydro Water Reservoir,12234.7
2023-02-23,Hydro Pumped Storage,27724.5
2023-02-23,Hydro Pumped Storage Consumption,0.0
2023-02-23,Hydro Run-of-river and poundage,67974.2
2023-02-23,Hydro Water Reservoir,15052.7
2023-02-24,Hydro Pumped Storage,13051.4
2023-02-24,Hydro Pumped Storage Consumption,944.9
2023-02-24,Hydro Run-of-river and poundage,66298.6
2023-02-24,Hydro Water Reservoir,9816.8
2023-02-25,Hydro Pumped Storage,974.2
2023-02-25,Hydro Pumped Storage Consumption,20076.8
2023-02-25,Hydro Run-of-river and poundage,70071.4
2023-02-25,Hydro Water Reservoir,5018.4
2023-02-26,Hydro Pumped Storage,2414.0
2023-02-26,Hydro Pumped Storage Consumption,20489.1
2023-02-26,Hydro Run-of-river and poundage,62704.5
2023-02-26,Hydro Water Reservoir,6369.8
2023-02-27,Hydro Pumped Storage,23878.8
2023-02-27,Hydro Pumped Storage Consumption,650.5
2023-02-27,Hydro Run-of-river and poundage,61633.3
2023-02-27,Hydro Water Reservoir,11781.9
2023-02-28,Hydro Pumped Storage,27687.7
2023-02-28,Hydro Pumped Storage Consumption,0.7
2023-02-28,Hydro Run-of-river and poundage,61511.1
2023-02-28,Hydro Water Reservoir,13266.0
2023-03-01,Hydro Pumped Storage,31788.9
2023-03-01,Hydro Pumped Storage Consumption,0.0
2023-03-01,Hydro Run-of-river and poundage,59772.3
2023-03-01,Hydro Water Reservoir,13409.9
2023-03-02,Hydro Pumped Storage,31839.9
2023-03-02,Hydro Pumped Storage Consumption,0.0
2023-03-02,Hydro Run-of-river and poundage,57187.2
2023-03-02,Hydro Water Reservoir,11318.7
2023-03-03,Hydro Pumped Storage,27529.8
2023-03-03,Hydro Pumped Storage Consumption,0.0
2023-03-03,Hydro Run-of-river and poundage,56872.8
2023-03-03,Hydro Water Reservoir,12898.8
2023-03-04,Hydro Pumped Storage,5489.8
2023-03-04,Hydro Pumped Storage Consumption,12839.2
2023-03-04,Hydro Run-of-river and poundage,54877.6
2023-03-04,Hydro Water Reservoir,5768.3
2023-03-05,Hydro Pumped Storage,12302.9
2023-03-05,Hydro Pumped Storage Consumption,9861.5
2023-03-05,Hydro Run-of-river and poundage,49645.9
2023-03-05,Hydro Water Reservoir,6420.8
2023-03-06,Hydro Pumped Storage,26814.0
2023-03-06,Hydro Pumped Storage Consumption,14.8
2023-03-06,Hydro Run-of-river and poundage,51939.0
2023-03-06,Hydro Water Reservoir,9863.3
2023-03-07,Hydro Pumped Storage,11108.0
2023-03-07,Hydro Pumped Storage Consumption,2565.9
2023-03-07,Hydro Run-of-river and poundage,50363.7
2023-03-07,Hydro Water Reservoir,8570.7
2023-03-08,Hydro Pumped Storage,18889.0
2023-03-08,Hydro Pumped Storage Consumption,4480.7
2023-03-08,Hydro Run-of-river and poundage,51284.1
2023-03-08,Hydro Water Reservoir,10252.7
2023-03-09,Hydro Pumped Storage,18946.4
2023-03-09,Hydro Pumped Storage Consumption,5520.8
2023-03-09,Hydro Run-of-river and poundage,53376.6
2023-03-09,Hydro Water Reservoir,11499.5
2023-03-10,Hydro Pumped Storage,11990.9
2023-03-10,Hydro Pumped Storage Consumption,1293.4
2023-03-10,Hydro Run-of-river and poundage,57526.9
2023-03-10,Hydro Water Reservoir,9298.3
2023-03-11,Hydro Pumped Storage,8904.9
2023-03-11,Hydro Pumped Storage Consumption,8964.2
2023-03-11,Hydro Run-of-river and poundage,61463.5
2023-03-11,Hydro Water Reservoir,6561.1
2023-03-12,Hydro Pumped Storage,2006.1
2023-03-12,Hydro Pumped Storage Consumption,24257.6
2023-03-12,Hydro Run-of-river and poundage,58198.8
2023-03-12,Hydro Water Reservoir,3360.8
2023-03-13,Hydro Pumped Storage,8391.2
2023-03-13,Hydro Pumped Storage Consumption,14172.6
2023-03-13,Hydro Run-of-river and poundage,55216.9
2023-03-13,Hydro Water Reservoir,4401.2
2023-03-14,Hydro Pumped Storage,12812.2
2023-03-14,Hydro Pumped Storage Consumption,7348.2
2023-03-14,Hydro Run-of-river and poundage,58399.3
2023-03-14,Hydro Water Reservoir,7202.1
2023-03-15,Hydro Pumped Storage,14088.9
2023-03-15,Hydro Pumped Storage Consumption,2508.1
2023-03-15,Hydro Run-of-river and poundage,69005.8
2023-03-15,Hydro Water Reservoir,8668.0
2023-03-16,Hydro Pumped Storage,9636.5
2023-03-16,Hydro Pumped Storage Consumption,4459.5
2023-03-16,Hydro Run-of-river and poundage,69417.2
2023-03-16,Hydro Water Reservoir,3592.5
2023-03-17,Hydro Pumped Storage,11400.2
2023-03-17,Hydro Pumped Storage Consumption,9979.7
2023-03-17,Hydro Run-of-river and poundage,64187.7
2023-03-17,Hydro Water Reservoir,4920.1
2023-03-18,Hydro Pumped Storage,12193.6
2023-03-18,Hydro Pumped Storage Consumption,6678.1
2023-03-18,Hydro Run-of-river and poundage,62219.9
2023-03-18,Hydro Water Reservoir,5775.2
2023-03-19,Hydro Pumped Storage,15861.1
2023-03-19,Hydro Pumped Storage Consumption,2687.1
2023-03-19,Hydro Run-of-river and poundage,63504.3
2023-03-19,Hydro Water Reservoir,8500.9
2023-03-20,Hydro Pumped Storage,28267.5
2023-03-20,Hydro Pumped Storage Consumption,0.0
2023-03-20,Hydro Run-of-river and poundage,64123.9
2023-03-20,Hydro Water Reservoir,12929.6
2023-03-21,Hydro Pumped Storage,21521.8
2023-03-21,Hydro Pumped Storage Consumption,202.1
2023-03-21,Hydro Run-of-river and poundage,66457.9
2023-03-21,Hydro Water Reservoir,11202.9
2023-03-22,Hydro Pumped Storage,14225.9
2023-03-22,Hydro Pumped Storage Consumption,4743.3
2023-03-22,Hydro Run-of-river and poundage,66601.9
2023-03-22,Hydro Water Reservoir,9481.8
2023-03-23,Hydro Pumped Storage,16575.1
2023-03-23,Hydro Pumped Storage Consumption,6830.4
2023-03-23,Hydro Run-of-river and poundage,68216.8
2023-03-23,Hydro Water Reservoir,9644.3
2023-03-24,Hydro Pumped Storage,9958.4
2023-03-24,Hydro Pumped Storage Consumption,11775.9
2023-03-24,Hydro Run-of-river and poundage,71519.1
2023-03-24,Hydro Water Reservoir,8664.6
2023-03-25,Hydro Pumped Storage,1508.2
2023-03-25,Hydro Pumped Storage Consumption,29756.4
2023-03-25,Hydro Run-of-river and poundage,79825.0
2023-03-25,Hydro Water Reservoir,4851.6
2023-03-26,Hydro Pumped Storage,4030.0
2023-03-26,Hydro Pumped Storage Consumption,8219.4
2023-03-26,Hydro Run-of-river and poundage,72761.6
2023-03-26,Hydro Water Reservoir,6136.8
2023-03-27,Hydro Pumped Storage,27221.3
2023-03-27,Hydro Pumped Storage Consumption,820.3
2023-03-27,Hydro Run-of-river and poundage,73272.4
2023-03-27,Hydro Water Reservoir,11493.3
2023-03-28,Hydro Pumped Storage,20359.3
2023-03-28,Hydro Pumped Storage Consumption,292.3
2023-03-28,Hydro Run-of-river and poundage,76523.6
2023-03-28,Hydro Water Reservoir,10139.1
2023-03-29,Hydro Pumped Storage,23164.1
2023-03-29,Hydro Pumped Storage Consumption,45.8
2023-03-29,Hydro Run-of-river and poundage,73078.8
2023-03-29,Hydro Water Reservoir,13083.0
2023-03-30,Hydro Pumped Storage,14280.4
2023-03-30,Hydro Pumped Storage Consumption,1793.9
2023-03-30,Hydro Run-of-river and poundage,74716.7
2023-03-30,Hydro Water Reservoir,9202.2
2023-03-31,Hydro Pumped Storage,13876.5
2023-03-31,Hydro Pumped Storage Consumption,9133.0
2023-03-31,Hydro Run-of-river and poundage,94243.7
2023-03-31,Hydro Water Reservoir,10067.2
2023-04-01,Hydro Pumped Storage,1001.6
2023-04-01,Hydro Pumped Storage Consumption,23239.9
2023-04-01,Hydro Run-of-river and poundage,97587.2
2023-04-01,Hydro Water Reservoir,3746.8
2023-04-02,Hydro Pumped Storage,4344.3
2023-04-02,Hydro Pumped Storage Consumption,19986.0
2023-04-02,Hydro Run-of-river and poundage,90593.3
2023-04-02,Hydro Water Reservoir,6177.9
2023-04-03,Hydro Pumped Storage,18629.2
2023-04-03,Hydro Pumped Storage Consumption,5395.8
2023-04-03,Hydro Run-of-river and poundage,91382.3
2023-04-03,Hydro Water Reservoir,8777.7
2023-04-04,Hydro Pumped Storage,18040.2
2023-04-04,Hydro Pumped Storage Consumption,5102.6
2023-04-04,Hydro Run-of-river and poundage,84957.7
2023-04-04,Hydro Water Reservoir,9649.0
2023-04-05,Hydro Pumped Storage,22415.8
2023-04-05,Hydro Pumped Storage Consumption,6305.1
2023-04-05,Hydro Run-of-river and poundage,81923.3
2023-04-05,Hydro Water Reservoir,9991.3
2023-04-06,Hydro Pumped Storage,18987.1
2023-04-06,Hydro Pumped Storage Consumption,7303.4
2023-04-06,Hydro Run-of-river and poundage,77536.6
2023-04-06,Hydro Water Reservoir,8563.5
2023-04-07,Hydro Pumped Storage,15077.1
2023-04-07,Hydro Pumped Storage Consumption,4559.1
2023-04-07,Hydro Run-of-river and poundage,71730.5
2023-04-07,Hydro Water Reservoir,7517.7
2023-04-08,Hydro Pumped Storage,20308.4
2023-04-08,Hydro Pumped Storage Consumption,3912.7
2023-04-08,Hydro Run-of-river and poundage,68628.1
2023-04-08,Hydro Water Reservoir,6936.5
2023-04-09,Hydro Pumped Storage,5571.7
2023-04-09,Hydro Pumped Storage Consumption,11682.1
2023-04-09,Hydro Run-of-river and poundage,65203.2
2023-04-09,Hydro Water Reservoir,3208.2
2023-04-10,Hydro Pumped Storage,2172.9
2023-04-10,Hydro Pumped Storage Consumption,18244.8
2023-04-10,Hydro Run-of-river and poundage,61980.3
2023-04-10,Hydro Water Reservoir,2741.9
2023-04-11,Hydro Pumped Storage,22063.9
2023-04-11,Hydro Pumped Storage Consumption,5473.5
2023-04-11,Hydro Run-of-river and poundage,62022.7
2023-04-11,Hydro Water Reservoir,8037.3
2023-04-12,Hydro Pumped Storage,21575.3
2023-04-12,Hydro Pumped Storage Consumption,3278.2
2023-04-12,Hydro Run-of-river and poundage,64888.7
2023-04-12,Hydro Water Reservoir,7255.3
2023-04-13,Hydro Pumped Storage,25185.0
2023-04-13,Hydro Pumped Storage Consumption,13.6
2023-04-13,Hydro Run-of-river and poundage,68054.7
2023-04-13,Hydro Water Reservoir,9659.4
2023-04-14,Hydro Pumped Storage,15342.7
2023-04-14,Hydro Pumped Storage Consumption,1954.6
2023-04-14,Hydro Run-of-river and poundage,86279.1
2023-04-14,Hydro Water Reservoir,9768.8
2023-04-15,Hydro Pumped Storage,4757.0
2023-04-15,Hydro Pumped Storage Consumption,4690.2
2023-04-15,Hydro Run-of-river and poundage,93999.6
2023-04-15,Hydro Water Reservoir,5130.2
2023-04-16,Hydro Pumped Storage,9463.4
2023-04-16,Hydro Pumped Storage Consumption,4272.1
2023-04-16,Hydro Run-of-river and poundage,94179.5
2023-04-16,Hydro Water Reservoir,5622.0
2023-04-17,Hydro Pumped Storage,14908.5
2023-04-17,Hydro Pumped Storage Consumption,6295.4
2023-04-17,Hydro Run-of-river and poundage,90830.3
2023-04-17,Hydro Water Reservoir,6429.0
2023-04-18,Hydro Pumped Storage,14602.6
2023-04-18,Hydro Pumped Storage Consumption,1647.6
2023-04-18,Hydro Run-of-river and poundage,90640.3
2023-04-18,Hydro Water Reservoir,6033.4
2023-04-19,Hydro Pumped Storage,10031.3
2023-04-19,Hydro Pumped Storage Consumption,2285.7
2023-04-19,Hydro Run-of-river and poundage,93060.1
2023-04-19,Hydro Water Reservoir,5824.5
2023-04-20,Hydro Pumped Storage,17350.8
2023-04-20,Hydro Pumped Storage Consumption,758.3
2023-04-20,Hydro Run-of-river and poundage,96967.1
2023-04-20,Hydro Water Reservoir,7320.2
2023-04-21,Hydro Pumped Storage,14978.5
2023-04-21,Hydro Pumped Storage Consumption,4788.4
2023-04-21,Hydro Run-of-river and poundage,95372.0
2023-04-21,Hydro Water Reservoir,7659.6
2023-04-22,Hydro Pumped Storage,8061.5
2023-04-22,Hydro Pumped Storage Consumption,10097.5
2023-04-22,Hydro Run-of-river and poundage,98397.4
2023-04-22,Hydro Water Reservoir,4878.8
2023-04-23,Hydro Pumped Storage,5263.2
2023-04-23,Hydro Pumped Storage Consumption,11570.3
2023-04-23,Hydro Run-of-river and poundage,96895.7
2023-04-23,Hydro Water Reservoir,5740.0
2023-04-24,Hydro Pumped Storage,8838.1
2023-04-24,Hydro Pumped Storage Consumption,5214.2
2023-04-24,Hydro Run-of-river and poundage,104305.6
2023-04-24,Hydro Water Reservoir,9196.7
2023-04-25,Hydro Pumped Storage,12110.4
2023-04-25,Hydro Pumped Storage Consumption,3370.1
2023-04-25,Hydro Run-of-river and poundage,104087.6
2023-04-25,Hydro Water Reservoir,9536.5
2023-04-26,Hydro Pumped Storage,12575.0
2023-04-26,Hydro Pumped Storage Consumption,180.0
2023-04-26,Hydro Run-of-river and poundage,98838.9
2023-04-26,Hydro Water Reservoir,9575.7
2023-04-27,Hydro Pumped Storage,13536.9
2023-04-27,Hydro Pumped Storage Consumption,1588.4
2023-04-27,Hydro Run-of-river and poundage,92534.9
2023-04-27,Hydro Water Reservoir,9999.2
2023-04-28,Hydro Pumped Storage,15391.5
2023-04-28,Hydro Pumped Storage Consumption,1545.8
2023-04-28,Hydro Run-of-river and poundage,89564.6
2023-04-28,Hydro Water Reservoir,11371.0
2023-04-29,Hydro Pumped Storage,6803.1
2023-04-29,Hydro Pumped Storage Consumption,6734.2
2023-04-29,Hydro Run-of-river and poundage,109663.1
2023-04-29,Hydro Water Reservoir,10801.8
2023-04-30,Hydro Pumped Storage,5647.4
2023-04-30,Hydro Pumped Storage Consumption,21390.1
2023-04-30,Hydro Run-of-river and poundage,116575.5
2023-04-30,Hydro Water Reservoir,9576.1
2023-05-01,Hydro Pumped Storage,4443.1
2023-05-01,Hydro Pumped Storage Consumption,11340.5
2023-05-01,Hydro Run-of-river and poundage,118895.1
2023-05-01,Hydro Water Reservoir,8715.8
2023-05-02,Hydro Pumped Storage,12777.1
2023-05-02,Hydro Pumped Storage Consumption,1637.0
2023-05-02,Hydro Run-of-river and poundage,118611.2
2023-05-02,Hydro Water Reservoir,11710.3
2023-05-03,Hydro Pumped Storage,17241.7
2023-05-03,Hydro Pumped Storage Consumption,4632.0
2023-05-03,Hydro Run-of-river and poundage,118128.8
2023-05-03,Hydro Water Reservoir,14889.6
2023-05-04,Hydro Pumped Storage,17772.1
2023-05-04,Hydro Pumped Storage Consumption,4158.7
2023-05-04,Hydro Run-of-river and poundage,118445.4
2023-05-04,Hydro Water Reservoir,14545.8
2023-05-05,Hydro Pumped Storage,19207.4
2023-05-05,Hydro Pumped Storage Consumption,137.5
2023-05-05,Hydro Run-of-river and poundage,118499.4
2023-05-05,Hydro Water Reservoir,12852.6
2023-05-06,Hydro Pumped Storage,11840.9
2023-05-06,Hydro Pumped Storage Consumption,4720.3
2023-05-06,Hydro Run-of-river and poundage,124083.1
2023-05-06,Hydro Water Reservoir,14386.0
2023-05-07,Hydro Pumped Storage,2882.3
2023-05-07,Hydro Pumped Storage Consumption,11152.7
2023-05-07,Hydro Run-of-river and poundage,125933.7
2023-05-07,Hydro Water Reservoir,10670.5
2023-05-08,Hydro Pumped Storage,17400.3
2023-05-08,Hydro Pumped Storage Consumption,629.6
2023-05-08,Hydro Run-of-river and poundage,126844.8
2023-05-08,Hydro Water Reservoir,17185.5
2023-05-09,Hydro Pumped Storage,17243.4
2023-05-09,Hydro Pumped Storage Consumption,5151.3
2023-05-09,Hydro Run-of-river and poundage,129885.6
2023-05-09,Hydro Water Reservoir,18208.3
2023-05-10,Hydro Pumped Storage,19323.0
2023-05-10,Hydro Pumped Storage Consumption,1545.9
2023-05-10,Hydro Run-of-river and poundage,128516.7
2023-05-10,Hydro Water Reservoir,20932.3
2023-05-11,Hydro Pumped Storage,24561.9
2023-05-11,Hydro Pumped Storage Consumption,0.0
2023-05-11,Hydro Run-of-river and poundage,130525.1
2023-05-11,Hydro Water Reservoir,24768.4
2023-05-12,Hydro Pumped Storage,17459.4
2023-05-12,Hydro Pumped Storage Consumption,322.1
2023-05-12,Hydro Run-of-river and poundage,129063.1
2023-05-12,Hydro Water Reservoir,21238.0
2023-05-13,Hydro Pumped Storage,8868.2
2023-05-13,Hydro Pumped Storage Consumption,10230.8
2023-05-13,Hydro Run-of-river and poundage,130818.6
2023-05-13,Hydro Water Reservoir,17149.4
2023-05-14,Hydro Pumped Storage,9375.1
2023-05-14,Hydro Pumped Storage Consumption,11830.1
2023-05-14,Hydro Run-of-river and poundage,132234.3
2023-05-14,Hydro Water Reservoir,17779.4
2023-05-15,Hydro Pumped Storage,13825.2
2023-05-15,Hydro Pumped Storage Consumption,466.5
2023-05-15,Hydro Run-of-river and poundage,132936.2
2023-05-15,Hydro Water Reservoir,19058.9
2023-05-16,Hydro Pumped Storage,6184.5
2023-05-16,Hydro Pumped Storage Consumption,8983.6
2023-05-16,Hydro Run-of-river and poundage,129485.9
2023-05-16,Hydro Water Reservoir,17839.7
2023-05-17,Hydro Pumped Storage,10690.7
2023-05-17,Hydro Pumped Storage Consumption,10755.0
2023-05-17,Hydro Run-of-river and poundage,118829.5
2023-05-17,Hydro Water Reservoir,16145.1
2023-05-18,Hydro Pumped Storage,7137.5
2023-05-18,Hydro Pumped Storage Consumption,10334.0
2023-05-18,Hydro Run-of-river and poundage,122301.0
2023-05-18,Hydro Water Reservoir,14746.3
2023-05-19,Hydro Pumped Storage,9837.0
2023-05-19,Hydro Pumped Storage Consumption,11616.0
2023-05-19,Hydro Run-of-river and poundage,131473.6
2023-05-19,Hydro Water Reservoir,12149.3
2023-05-20,Hydro Pumped Storage,481.9
2023-05-20,Hydro Pumped Storage Consumption,19392.4
2023-05-20,Hydro Run-of-river and poundage,133193.3
2023-05-20,Hydro Water Reservoir,8028.6
2023-05-21,Hydro Pumped Storage,3926.6
2023-05-21,Hydro Pumped Storage Consumption,24041.2
2023-05-21,Hydro Run-of-river and poundage,130821.7
2023-05-21,Hydro Water Reservoir,9404.5
2023-05-22,Hydro Pumped Storage,20200.4
2023-05-22,Hydro Pumped Storage Consumption,4836.4
2023-05-22,Hydro Run-of-river and poundage,133777.4
2023-05-22,Hydro Water Reservoir,16150.7
2023-05-23,Hydro Pumped Storage,17717.7
2023-05-23,Hydro Pumped Storage Consumption,2031.6
2023-05-23,Hydro Run-of-river and poundage,133749.9
2023-05-23,Hydro Water Reservoir,15775.4
2023-05-24,Hydro Pumped Storage,22045.2
2023-05-24,Hydro Pumped Storage Consumption,962.2
2023-05-24,Hydro Run-of-river and poundage,134003.2
2023-05-24,Hydro Water Reservoir,18753.4
2023-05-25,Hydro Pumped Storage,19075.9
2023-05-25,Hydro Pumped Storage Consumption,8973.8
2023-05-25,Hydro Run-of-river and poundage,138980.0
2023-05-25,Hydro Water Reservoir,16157.1
2023-05-26,Hydro Pumped Storage,20278.8
2023-05-26,Hydro Pumped Storage Consumption,10673.9
2023-05-26,Hydro Run-of-river and poundage,138688.9
2023-05-26,Hydro Water Reservoir,17086.5
2023-05-27,Hydro Pumped Storage,16272.6
2023-05-27,Hydro Pumped Storage Consumption,13110.4
2023-05-27,Hydro Run-of-river and poundage,131905.9
2023-05-27,Hydro Water Reservoir,16531.5
2023-05-28,Hydro Pumped Storage,5139.2
2023-05-28,Hydro Pumped Storage Consumption,20805.1
2023-05-28,Hydro Run-of-river and poundage,129822.2
2023-05-28,Hydro Water Reservoir,12646.2
2023-05-29,Hydro Pumped Storage,6051.8
2023-05-29,Hydro Pumped Storage Consumption,22092.3
2023-05-29,Hydro Run-of-river and poundage,122923.5
2023-05-29,Hydro Water Reservoir,12336.0
2023-05-30,Hydro Pumped Storage,24982.6
2023-05-30,Hydro Pumped Storage Consumption,3525.9
2023-05-30,Hydro Run-of-river and poundage,124292.6
2023-05-30,Hydro Water Reservoir,17151.8
2023-05-31,Hydro Pumped Storage,14932.7
2023-05-31,Hydro Pumped Storage Consumption,5174.9
2023-05-31,Hydro Run-of-river and poundage,124848.1
2023-05-31,Hydro Water Reservoir,17738.8
2023-06-01,Hydro Pumped Storage,19242.6
2023-06-01,Hydro Pumped Storage Consumption,4337.3
2023-06-01,Hydro Run-of-river and poundage,117451.5
2023-06-01,Hydro Water Reservoir,17806.9
2023-06-02,Hydro Pumped Storage,20508.5
2023-06-02,Hydro Pumped Storage Consumption,4910.0
2023-06-02,Hydro Run-of-river and poundage,118161.2
2023-06-02,Hydro Water Reservoir,17848.9
2023-06-03,Hydro Pumped Storage,8805.9
2023-06-03,Hydro Pumped Storage Consumption,13523.8
2023-06-03,Hydro Run-of-river and poundage,116101.8
2023-06-03,Hydro Water Reservoir,13874.5
2023-06-04,Hydro Pumped Storage,10191.7
2023-06-04,Hydro Pumped Storage Consumption,17633.0
2023-06-04,Hydro Run-of-river and poundage,115696.6
2023-06-04,Hydro Water Reservoir,14291.5
2023-06-05,Hydro Pumped Storage,19578.3
2023-06-05,Hydro Pumped Storage Consumption,450.2
2023-06-05,Hydro Run-of-river and poundage,114362.3
2023-06-05,Hydro Water Reservoir,19895.9
2023-06-06,Hydro Pumped Storage,32252.2
2023-06-06,Hydro Pumped Storage Consumption,0.0
2023-06-06,Hydro Run-of-river and poundage,119537.1
2023-06-06,Hydro Water Reservoir,21701.6
2023-06-07,Hydro Pumped Storage,22107.3
2023-06-07,Hydro Pumped Storage Consumption,351.7
2023-06-07,Hydro Run-of-river and poundage,120992.7
2023-06-07,Hydro Water Reservoir,22188.8
2023-06-08,Hydro Pumped Storage,11404.3
2023-06-08,Hydro Pumped Storage Consumption,663.0
2023-06-08,Hydro Run-of-river and poundage,113849.4
2023-06-08,Hydro Water Reservoir,16175.2
2023-06-09,Hydro Pumped Storage,8513.5
2023-06-09,Hydro Pumped Storage Consumption,3735.1
2023-06-09,Hydro Run-of-river and poundage,124121.9
2023-06-09,Hydro Water Reservoir,15458.4
2023-06-10,Hydro Pumped Storage,9133.6
2023-06-10,Hydro Pumped Storage Consumption,11240.1
2023-06-10,Hydro Run-of-river and poundage,110661.8
2023-06-10,Hydro Water Reservoir,13743.9
2023-06-11,Hydro Pumped Storage,6744.9
2023-06-11,Hydro Pumped Storage Consumption,23036.0
2023-06-11,Hydro Run-of-river and poundage,110392.1
2023-06-11,Hydro Water Reservoir,12015.6
2023-06-12,Hydro Pumped Storage,21567.4
2023-06-12,Hydro Pumped Storage Consumption,2173.3
2023-06-12,Hydro Run-of-river and poundage,115275.1
2023-06-12,Hydro Water Reservoir,18334.4
2023-06-13,Hydro Pumped Storage,13316.5
2023-06-13,Hydro Pumped Storage Consumption,6976.6
2023-06-13,Hydro Run-of-river and poundage,110316.8
2023-06-13,Hydro Water Reservoir,16113.0
2023-06-14,Hydro Pumped Storage,18955.1
2023-06-14,Hydro Pumped Storage Consumption,1343.2
2023-06-14,Hydro Run-of-river and poundage,102848.4
2023-06-14,Hydro Water Reservoir,17388.0
2023-06-15,Hydro Pumped Storage,21635.4
2023-06-15,Hydro Pumped Storage Consumption,0.0
2023-06-15,Hydro Run-of-river and poundage,99039.5
2023-06-15,Hydro Water Reservoir,17457.1
2023-06-16,Hydro Pumped Storage,17553.2
2023-06-16,Hydro Pumped Storage Consumption,638.7
2023-06-16,Hydro Run-of-river and poundage,99594.0
2023-06-16,Hydro Water Reservoir,17050.2
2023-06-17,Hydro Pumped Storage,8712.2
2023-06-17,Hydro Pumped Storage Consumption,11844.0
2023-06-17,Hydro Run-of-river and poundage,92499.6
2023-06-17,Hydro Water Reservoir,15239.4
2023-06-18,Hydro Pumped Storage,5334.0
2023-06-18,Hydro Pumped Storage Consumption,17327.3
2023-06-18,Hydro Run-of-river and poundage,87292.6
2023-06-18,Hydro Water Reservoir,14933.4
2023-06-19,Hydro Pumped Storage,10801.2
2023-06-19,Hydro Pumped Storage Consumption,7901.5
2023-06-19,Hydro Run-of-river and poundage,87749.9
2023-06-19,Hydro Water Reservoir,17562.0
2023-06-20,Hydro Pumped Storage,12127.7
2023-06-20,Hydro Pumped Storage Consumption,1897.6
2023-06-20,Hydro Run-of-river and poundage,91100.5
2023-06-20,Hydro Water Reservoir,17839.4
2023-06-21,Hydro Pumped Storage,10335.5
2023-06-21,Hydro Pumped Storage Consumption,902.1
2023-06-21,Hydro Run-of-river and poundage,88928.8
2023-06-21,Hydro Water Reservoir,16092.3
2023-06-22,Hydro Pumped Storage,10640.8
2023-06-22,Hydro Pumped Storage Consumption,1146.3
2023-06-22,Hydro Run-of-river and poundage,93910.7
2023-06-22,Hydro Water Reservoir,16992.8
2023-06-23,Hydro Pumped Storage,7552.2
2023-06-23,Hydro Pumped Storage Consumption,2376.6
2023-06-23,Hydro Run-of-river and poundage,93023.2
2023-06-23,Hydro Water Reservoir,15155.7
2023-06-24,Hydro Pumped Storage,5574.8
2023-06-24,Hydro Pumped Storage Consumption,13765.9
2023-06-24,Hydro Run-of-river and poundage,93210.7
2023-06-24,Hydro Water Reservoir,13236.6
2023-06-25,Hydro Pumped Storage,10072.4
2023-06-25,Hydro Pumped Storage Consumption,18012.9
2023-06-25,Hydro Run-of-river and poundage,91543.8
2023-06-25,Hydro Water Reservoir,13456.3
2023-06-26,Hydro Pumped Storage,10038.4
2023-06-26,Hydro Pumped Storage Consumption,1568.1
2023-06-26,Hydro Run-of-river and poundage,85579.6
2023-06-26,Hydro Water Reservoir,15884.3
2023-06-27,Hydro Pumped Storage,12576.3
2023-06-27,Hydro Pumped Storage Consumption,1069.4
2023-06-27,Hydro Run-of-river and poundage,75296.5
2023-06-27,Hydro Water Reservoir,13637.1
2023-06-28,Hydro Pumped Storage,13817.3
2023-06-28,Hydro Pumped Storage Consumption,2084.9
2023-06-28,Hydro Run-of-river and poundage,86322.8
2023-06-28,Hydro Water Reservoir,14894.8
2023-06-29,Hydro Pumped Storage,14420.6
2023-06-29,Hydro Pumped Storage Consumption,219.1
2023-06-29,Hydro Run-of-river and poundage,88203.1
2023-06-29,Hydro Water Reservoir,14823.1
2023-06-30,Hydro Pumped Storage,14312.0
2023-06-30,Hydro Pumped Storage Consumption,288.9
2023-06-30,Hydro Run-of-river and poundage,84044.0
2023-06-30,Hydro Water Reservoir,15195.2
2023-07-01,Hydro Pumped Storage,266.0
2023-07-01,Hydro Pumped Storage Consumption,17857.3
2023-07-01,Hydro Run-of-river and poundage,89233.3
2023-07-01,Hydro Water Reservoir,10311.7
2023-07-02,Hydro Pumped Storage,1946.0
2023-07-02,Hydro Pumped Storage Consumption,30415.9
2023-07-02,Hydro Run-of-river and poundage,86382.1
2023-07-02,Hydro Water Reservoir,9195.6
2023-07-03,Hydro Pumped Storage,14557.7
2023-07-03,Hydro Pumped Storage Consumption,4112.9
2023-07-03,Hydro Run-of-river and poundage,83422.6
2023-07-03,Hydro Water Reservoir,16090.0
2023-07-04,Hydro Pumped Storage,12991.7
2023-07-04,Hydro Pumped Storage Consumption,7069.9
2023-07-04,Hydro Run-of-river and poundage,85916.3
2023-07-04,Hydro Water Reservoir,13835.0
2023-07-05,Hydro Pumped Storage,4957.0
2023-07-05,Hydro Pumped Storage Consumption,9051.9
2023-07-05,Hydro Run-of-river and poundage,89554.3
2023-07-05,Hydro Water Reservoir,12432.1
2023-07-06,Hydro Pumped Storage,23192.7
2023-07-06,Hydro Pumped Storage Consumption,2754.7
2023-07-06,Hydro Run-of-river and poundage,96738.3
2023-07-06,Hydro Water Reservoir,17477.6
2023-07-07,Hydro Pumped Storage,13268.5
2023-07-07,Hydro Pumped Storage Consumption,8751.8
2023-07-07,Hydro Run-of-river and poundage,92009.6
2023-07-07,Hydro Water Reservoir,16556.8
2023-07-08,Hydro Pumped Storage,8538.1
2023-07-08,Hydro Pumped Storage Consumption,13702.1
2023-07-08,Hydro Run-of-river and poundage,84523.1
2023-07-08,Hydro Water Reservoir,11650.1
2023-07-09,Hydro Pumped Storage,6709.1
2023-07-09,Hydro Pumped Storage Consumption,11924.2
2023-07-09,Hydro Run-of-river and poundage,82015.0
2023-07-09,Hydro Water Reservoir,13242.8
2023-07-10,Hydro Pumped Storage,23385.0
2023-07-10,Hydro Pumped Storage Consumption,85.5
2023-07-10,Hydro Run-of-river and poundage,78610.6
2023-07-10,Hydro Water Reservoir,19310.9
2023-07-11,Hydro Pumped Storage,13769.2
2023-07-11,Hydro Pumped Storage Consumption,124.0
2023-07-11,Hydro Run-of-river and poundage,80881.0
2023-07-11,Hydro Water Reservoir,18247.6
2023-07-12,Hydro Pumped Storage,10367.4
2023-07-12,Hydro Pumped Storage Consumption,3035.9
2023-07-12,Hydro Run-of-river and poundage,80146.2
2023-07-12,Hydro Water Reservoir,16065.7
2023-07-13,Hydro Pumped Storage,6082.7
2023-07-13,Hydro Pumped Storage Consumption,3526.8
2023-07-13,Hydro Run-of-river and poundage,90357.9
2023-07-13,Hydro Water Reservoir,16199.0
2023-07-14,Hydro Pumped Storage,9945.2
2023-07-14,Hydro Pumped Storage Consumption,8332.5
2023-07-14,Hydro Run-of-river and poundage,103263.8
2023-07-14,Hydro Water Reservoir,13236.8
2023-07-15,Hydro Pumped Storage,1910.7
2023-07-15,Hydro Pumped Storage Consumption,17036.2
2023-07-15,Hydro Run-of-river and poundage,85382.0
2023-07-15,Hydro Water Reservoir,9293.4
2023-07-16,Hydro Pumped Storage,9631.3
2023-07-16,Hydro Pumped Storage Consumption,23638.8
2023-07-16,Hydro Run-of-river and poundage,77605.7
2023-07-16,Hydro Water Reservoir,8453.1
2023-07-17,Hydro Pumped Storage,8794.7
2023-07-17,Hydro Pumped Storage Consumption,1202.4
2023-07-17,Hydro Run-of-river and poundage,78418.2
2023-07-17,Hydro Water Reservoir,12514.4
2023-07-18,Hydro Pumped Storage,13729.7
2023-07-18,Hydro Pumped Storage Consumption,77.3
2023-07-18,Hydro Run-of-river and poundage,80193.6
2023-07-18,Hydro Water Reservoir,14215.7
2023-07-19,Hydro Pumped Storage,12054.0
2023-07-19,Hydro Pumped Storage Consumption,0.0
2023-07-19,Hydro Run-of-river and poundage,84759.4
2023-07-19,Hydro Water Reservoir,19305.2
2023-07-20,Hydro Pumped Storage,14006.4
2023-07-20,Hydro Pumped Storage Consumption,453.0
2023-07-20,Hydro Run-of-river and poundage,87280.2
2023-07-20,Hydro Water Reservoir,18680.2
2023-07-21,Hydro Pumped Storage,13663.6
2023-07-21,Hydro Pumped Storage Consumption,0.0
2023-07-21,Hydro Run-of-river and poundage,88277.0
2023-07-21,Hydro Water Reservoir,19597.4
2023-07-22,Hydro Pumped Storage,5977.9
2023-07-22,Hydro Pumped Storage Consumption,8344.3
2023-07-22,Hydro Run-of-river and poundage,90497.9
2023-07-22,Hydro Water Reservoir,13455.4
2023-07-23,Hydro Pumped Storage,1535.1
2023-07-23,Hydro Pumped Storage Consumption,17865.5
2023-07-23,Hydro Run-of-river and poundage,80963.5
2023-07-23,Hydro Water Reservoir,9914.3
2023-07-24,Hydro Pumped Storage,13684.0
2023-07-24,Hydro Pumped Storage Consumption,1362.2
2023-07-24,Hydro Run-of-river and poundage,79640.0
2023-07-24,Hydro Water Reservoir,17818.6
2023-07-25,Hydro Pumped Storage,26214.2
2023-07-25,Hydro Pumped Storage Consumption,0.0
2023-07-25,Hydro Run-of-river and poundage,86041.6
2023-07-25,Hydro Water Reservoir,22332.9
2023-07-26,Hydro Pumped Storage,19149.4
2023-07-26,Hydro Pumped Storage Consumption,171.7
2023-07-26,Hydro Run-of-river and poundage,97235.7
2023-07-26,Hydro Water Reservoir,19590.0
2023-07-27,Hydro Pumped Storage,13538.5
2023-07-27,Hydro Pumped Storage Consumption,5926.9
2023-07-27,Hydro Run-of-river and poundage,102122.0
2023-07-27,Hydro Water Reservoir,17547.0
2023-07-28,Hydro Pumped Storage,21406.7
2023-07-28,Hydro Pumped Storage Consumption,24.1
2023-07-28,Hydro Run-of-river and poundage,95294.5
2023-07-28,Hydro Water Reservoir,17755.1
2023-07-29,Hydro Pumped Storage,6281.1
2023-07-29,Hydro Pumped Storage Consumption,8039.4
2023-07-29,Hydro Run-of-river and poundage,93300.7
2023-07-29,Hydro Water Reservoir,13977.6
2023-07-30,Hydro Pumped Storage,1382.7
2023-07-30,Hydro Pumped Storage Consumption,18570.8
2023-07-30,Hydro Run-of-river and poundage,96515.6
2023-07-30,Hydro Water Reservoir,10092.4
2023-07-31,Hydro Pumped Storage,7743.4
2023-07-31,Hydro Pumped Storage Consumption,13140.6
2023-07-31,Hydro Run-of-river and poundage,94984.0
2023-07-31,Hydro Water Reservoir,12360.5
2023-08-01,Hydro Pumped Storage,19267.5
2023-08-01,Hydro Pumped Storage Consumption,1666.2
2023-08-01,Hydro Run-of-river and poundage,92694.4
2023-08-01,Hydro Water Reservoir,14757.5
2023-08-02,Hydro Pumped Storage,9769.6
2023-08-02,Hydro Pumped Storage Consumption,9273.6
2023-08-02,Hydro Run-of-river and poundage,109179.3
2023-08-02,Hydro Water Reservoir,14970.0
2023-08-03,Hydro Pumped Storage,14857.9
2023-08-03,Hydro Pumped Storage Consumption,8413.6
2023-08-03,Hydro Run-of-river and poundage,103357.9
2023-08-03,Hydro Water Reservoir,14888.6
2023-08-04,Hydro Pumped Storage,40601.1
2023-08-04,Hydro Pumped Storage Consumption,0.0
2023-08-04,Hydro Run-of-river and poundage,107841.6
2023-08-04,Hydro Water Reservoir,23182.2
2023-08-05,Hydro Pumped Storage,13057.1
2023-08-05,Hydro Pumped Storage Consumption,3767.8
2023-08-05,Hydro Run-of-river and poundage,118916.7
2023-08-05,Hydro Water Reservoir,20253.9
2023-08-06,Hydro Pumped Storage,2525.7
2023-08-06,Hydro Pumped Storage Consumption,18180.3
2023-08-06,Hydro Run-of-river and poundage,118804.3
2023-08-06,Hydro Water Reservoir,11252.8
2023-08-07,Hydro Pumped Storage,457.1
2023-08-07,Hydro Pumped Storage Consumption,23878.6
2023-08-07,Hydro Run-of-river and poundage,121969.9
2023-08-07,Hydro Water Reservoir,9184.5
2023-08-08,Hydro Pumped Storage,14930.9
2023-08-08,Hydro Pumped Storage Consumption,12294.1
2023-08-08,Hydro Run-of-river and poundage,124851.9
2023-08-08,Hydro Water Reservoir,9929.9
2023-08-09,Hydro Pumped Storage,36444.3
2023-08-09,Hydro Pumped Storage Consumption,0.0
2023-08-09,Hydro Run-of-river and poundage,122914.0
2023-08-09,Hydro Water Reservoir,19828.7
2023-08-10,Hydro Pumped Storage,17011.4
2023-08-10,Hydro Pumped Storage Consumption,3882.4
2023-08-10,Hydro Run-of-river and poundage,134530.5
2023-08-10,Hydro Water Reservoir,19491.2
2023-08-11,Hydro Pumped Storage,20615.4
2023-08-11,Hydro Pumped Storage Consumption,8222.9
2023-08-11,Hydro Run-of-river and poundage,127635.7
2023-08-11,Hydro Water Reservoir,17112.4
2023-08-12,Hydro Pumped Storage,9510.7
2023-08-12,Hydro Pumped Storage Consumption,17075.5
2023-08-12,Hydro Run-of-river and poundage,113999.1
2023-08-12,Hydro Water Reservoir,11243.9
2023-08-13,Hydro Pumped Storage,10591.0
2023-08-13,Hydro Pumped Storage Consumption,23518.2
2023-08-13,Hydro Run-of-river and poundage,105179.5
2023-08-13,Hydro Water Reservoir,11740.3
2023-08-14,Hydro Pumped Storage,20014.9
2023-08-14,Hydro Pumped Storage Consumption,3862.1
2023-08-14,Hydro Run-of-river and poundage,101117.7
2023-08-14,Hydro Water Reservoir,15786.3
2023-08-15,Hydro Pumped Storage,12792.4
2023-08-15,Hydro Pumped Storage Consumption,11996.3
2023-08-15,Hydro Run-of-river and poundage,97201.7
2023-08-15,Hydro Water Reservoir,16126.6
2023-08-16,Hydro Pumped Storage,20994.4
2023-08-16,Hydro Pumped Storage Consumption,25.9
2023-08-16,Hydro Run-of-river and poundage,105422.8
2023-08-16,Hydro Water Reservoir,19171.7
2023-08-17,Hydro Pumped Storage,30039.6
2023-08-17,Hydro Pumped Storage Consumption,0.0
2023-08-17,Hydro Run-of-river and poundage,102443.2
2023-08-17,Hydro Water Reservoir,21307.7
2023-08-18,Hydro Pumped Storage,20495.4
2023-08-18,Hydro Pumped Storage Consumption,788.4
2023-08-18,Hydro Run-of-river and poundage,102101.5
2023-08-18,Hydro Water Reservoir,19443.4
2023-08-19,Hydro Pumped Storage,15415.2
2023-08-19,Hydro Pumped Storage Consumption,9783.5
2023-08-19,Hydro Run-of-river and poundage,94770.0
2023-08-19,Hydro Water Reservoir,16441.9
2023-08-20,Hydro Pumped Storage,13988.4
2023-08-20,Hydro Pumped Storage Consumption,11569.6
2023-08-20,Hydro Run-of-river and poundage,89107.0
2023-08-20,Hydro Water Reservoir,15587.5
2023-08-21,Hydro Pumped Storage,27040.1
2023-08-21,Hydro Pumped Storage Consumption,61.5
2023-08-21,Hydro Run-of-river and poundage,86998.3
2023-08-21,Hydro Water Reservoir,21801.3
2023-08-22,Hydro Pumped Storage,23526.8
2023-08-22,Hydro Pumped Storage Consumption,0.0
2023-08-22,Hydro Run-of-river and poundage,84160.0
2023-08-22,Hydro Water Reservoir,22328.8
2023-08-23,Hydro Pumped Storage,24821.4
2023-08-23,Hydro Pumped Storage Consumption,209.7
2023-08-23,Hydro Run-of-river and poundage,80500.2
2023-08-23,Hydro Water Reservoir,20899.1
2023-08-24,Hydro Pumped Storage,17728.7
2023-08-24,Hydro Pumped Storage Consumption,838.4
2023-08-24,Hydro Run-of-river and poundage,79418.5
2023-08-24,Hydro Water Reservoir,20068.9
2023-08-25,Hydro Pumped Storage,17488.2
2023-08-25,Hydro Pumped Storage Consumption,1628.7
2023-08-25,Hydro Run-of-river and poundage,79765.6
2023-08-25,Hydro Water Reservoir,15540.8
2023-08-26,Hydro Pumped Storage,6333.3
2023-08-26,Hydro Pumped Storage Consumption,8629.9
2023-08-26,Hydro Run-of-river and poundage,78157.2
2023-08-26,Hydro Water Reservoir,12728.0
2023-08-27,Hydro Pumped Storage,4315.6
2023-08-27,Hydro Pumped Storage Consumption,5300.4
2023-08-27,Hydro Run-of-river and poundage,79745.9
2023-08-27,Hydro Water Reservoir,13040.3
2023-08-28,Hydro Pumped Storage,5402.3
2023-08-28,Hydro Pumped Storage Consumption,4427.7
2023-08-28,Hydro Run-of-river and poundage,86585.3
2023-08-28,Hydro Water Reservoir,14144.3
2023-08-29,Hydro Pumped Storage,13561.4
2023-08-29,Hydro Pumped Storage Consumption,137.7
2023-08-29,Hydro Run-of-river and poundage,93217.2
2023-08-29,Hydro Water Reservoir,17399.1
2023-08-30,Hydro Pumped Storage,12209.1
2023-08-30,Hydro Pumped Storage Consumption,147.8
2023-08-30,Hydro Run-of-river and poundage,105951.9
2023-08-30,Hydro Water Reservoir,23641.2
2023-08-31,Hydro Pumped Storage,8532.8
2023-08-31,Hydro Pumped Storage Consumption,2750.5
2023-08-31,Hydro Run-of-river and poundage,111680.7
2023-08-31,Hydro Water Reservoir,24937.8
2023-09-01,Hydro Pumped Storage,10501.7
2023-09-01,Hydro Pumped Storage Consumption,5689.8
2023-09-01,Hydro Run-of-river and poundage,117727.9
2023-09-01,Hydro Water Reservoir,17555.1
2023-09-02,Hydro Pumped Storage,5349.4
2023-09-02,Hydro Pumped Storage Consumption,12218.1
2023-09-02,Hydro Run-of-river and poundage,117022.1
2023-09-02,Hydro Water Reservoir,14312.2
2023-09-03,Hydro Pumped Storage,10430.5
2023-09-03,Hydro Pumped Storage Consumption,11457.3
2023-09-03,Hydro Run-of-river and poundage,103228.7
2023-09-03,Hydro Water Reservoir,13673.0
2023-09-04,Hydro Pumped Storage,18197.3
2023-09-04,Hydro Pumped Storage Consumption,6905.5
2023-09-04,Hydro Run-of-river and poundage,99846.3
2023-09-04,Hydro Water Reservoir,14879.2
2023-09-05,Hydro Pumped Storage,12864.4
2023-09-05,Hydro Pumped Storage Consumption,12116.2
2023-09-05,Hydro Run-of-river and poundage,96582.3
2023-09-05,Hydro Water Reservoir,15690.2
2023-09-06,Hydro Pumped Storage,21765.6
2023-09-06,Hydro Pumped Storage Consumption,4068.0
2023-09-06,Hydro Run-of-river and poundage,94930.9
2023-09-06,Hydro Water Reservoir,18634.4
2023-09-07,Hydro Pumped Storage,12289.4
2023-09-07,Hydro Pumped Storage Consumption,1926.3
2023-09-07,Hydro Run-of-river and poundage,90548.3
2023-09-07,Hydro Water Reservoir,17704.0
2023-09-08,Hydro Pumped Storage,19359.6
2023-09-08,Hydro Pumped Storage Consumption,2264.9
2023-09-08,Hydro Run-of-river and poundage,84731.0
2023-09-08,Hydro Water Reservoir,17153.4
2023-09-09,Hydro Pumped Storage,10200.7
2023-09-09,Hydro Pumped Storage Consumption,3233.8
2023-09-09,Hydro Run-of-river and poundage,81006.4
2023-09-09,Hydro Water Reservoir,11366.0
2023-09-10,Hydro Pumped Storage,8137.7
2023-09-10,Hydro Pumped Storage Consumption,6910.6
2023-09-10,Hydro Run-of-river and poundage,75565.6
2023-09-10,Hydro Water Reservoir,12293.7
2023-09-11,Hydro Pumped Storage,23695.8
2023-09-11,Hydro Pumped Storage Consumption,210.0
2023-09-11,Hydro Run-of-river and poundage,74084.7
2023-09-11,Hydro Water Reservoir,16786.1
2023-09-12,Hydro Pumped Storage,23520.9
2023-09-12,Hydro Pumped Storage Consumption,651.4
2023-09-12,Hydro Run-of-river and poundage,72433.6
2023-09-12,Hydro Water Reservoir,17267.9
2023-09-13,Hydro Pumped Storage,13061.2
2023-09-13,Hydro Pumped Storage Consumption,2701.3
2023-09-13,Hydro Run-of-river and poundage,76471.3
2023-09-13,Hydro Water Reservoir,15619.6
2023-09-14,Hydro Pumped Storage,20305.6
2023-09-14,Hydro Pumped Storage Consumption,3417.3
2023-09-14,Hydro Run-of-river and poundage,85628.6
2023-09-14,Hydro Water Reservoir,16395.1
2023-09-15,Hydro Pumped Storage,15502.9
2023-09-15,Hydro Pumped Storage Consumption,4938.2
2023-09-15,Hydro Run-of-river and poundage,80827.5
2023-09-15,Hydro Water Reservoir,15200.7
2023-09-16,Hydro Pumped Storage,5957.1
2023-09-16,Hydro Pumped Storage Consumption,11431.0
2023-09-16,Hydro Run-of-river and poundage,71987.3
2023-09-16,Hydro Water Reservoir,12725.0
2023-09-17,Hydro Pumped Storage,8433.7
2023-09-17,Hydro Pumped Storage Consumption,12091.9
2023-09-17,Hydro Run-of-river and poundage,67230.7
2023-09-17,Hydro Water Reservoir,11178.2
2023-09-18,Hydro Pumped Storage,14828.9
2023-09-18,Hydro Pumped Storage Consumption,1719.7
2023-09-18,Hydro Run-of-river and poundage,64544.8
2023-09-18,Hydro Water Reservoir,15828.4
2023-09-19,Hydro Pumped Storage,16143.1
2023-09-19,Hydro Pumped Storage Consumption,11393.3
2023-09-19,Hydro Run-of-river and poundage,69201.8
2023-09-19,Hydro Water Reservoir,9026.9
2023-09-20,Hydro Pumped Storage,13897.1
2023-09-20,Hydro Pumped Storage Consumption,7301.9
2023-09-20,Hydro Run-of-river and poundage,68308.1
2023-09-20,Hydro Water Reservoir,8983.6
2023-09-21,Hydro Pumped Storage,25259.3
2023-09-21,Hydro Pumped Storage Consumption,2019.6
2023-09-21,Hydro Run-of-river and poundage,64894.2
2023-09-21,Hydro Water Reservoir,12209.0
2023-09-22,Hydro Pumped Storage,15055.7
2023-09-22,Hydro Pumped Storage Consumption,4268.8
2023-09-22,Hydro Run-of-river and poundage,65427.9
2023-09-22,Hydro Water Reservoir,14618.9
2023-09-23,Hydro Pumped Storage,9557.5
2023-09-23,Hydro Pumped Storage Consumption,1499.6
2023-09-23,Hydro Run-of-river and poundage,74641.7
2023-09-23,Hydro Water Reservoir,11246.3
2023-09-24,Hydro Pumped Storage,5076.4
2023-09-24,Hydro Pumped Storage Consumption,21114.2
2023-09-24,Hydro Run-of-river and poundage,72523.6
2023-09-24,Hydro Water Reservoir,10808.4
2023-09-25,Hydro Pumped Storage,17558.9
2023-09-25,Hydro Pumped Storage Consumption,9630.2
2023-09-25,Hydro Run-of-river and poundage,69892.0
2023-09-25,Hydro Water Reservoir,12832.8
2023-09-26,Hydro Pumped Storage,21059.5
2023-09-26,Hydro Pumped Storage Consumption,2700.9
2023-09-26,Hydro Run-of-river and poundage,68368.1
2023-09-26,Hydro Water Reservoir,13634.2
2023-09-27,Hydro Pumped Storage,17739.1
2023-09-27,Hydro Pumped Storage Consumption,5365.6
2023-09-27,Hydro Run-of-river and poundage,64649.4
2023-09-27,Hydro Water Reservoir,11599.3
2023-09-28,Hydro Pumped Storage,13874.7
2023-09-28,Hydro Pumped Storage Consumption,10233.8
2023-09-28,Hydro Run-of-river and poundage,61792.4
2023-09-28,Hydro Water Reservoir,11198.9
2023-09-29,Hydro Pumped Storage,12761.8
2023-09-29,Hydro Pumped Storage Consumption,8225.8
2023-09-29,Hydro Run-of-river and poundage,59941.0
2023-09-29,Hydro Water Reservoir,9842.2
2023-09-30,Hydro Pumped Storage,7854.6
2023-09-30,Hydro Pumped Storage Consumption,9985.4
2023-09-30,Hydro Run-of-river and poundage,57616.1
2023-09-30,Hydro Water Reservoir,8262.6
2023-10-01,Hydro Pumped Storage,6718.1
2023-10-01,Hydro Pumped Storage Consumption,18542.1
2023-10-01,Hydro Run-of-river and poundage,59058.7
2023-10-01,Hydro Water Reservoir,6439.1
2023-10-02,Hydro Pumped Storage,17116.4
2023-10-02,Hydro Pumped Storage Consumption,2359.6
2023-10-02,Hydro Run-of-river and poundage,57198.0
2023-10-02,Hydro Water Reservoir,9357.4
2023-10-03,Hydro Pumped Storage,9072.7
2023-10-03,Hydro Pumped Storage Consumption,8581.4
2023-10-03,Hydro Run-of-river and poundage,54229.0
2023-10-03,Hydro Water Reservoir,10109.7
2023-10-04,Hydro Pumped Storage,11335.7
2023-10-04,Hydro Pumped Storage Consumption,5661.2
2023-10-04,Hydro Run-of-river and poundage,53507.1
2023-10-04,Hydro Water Reservoir,10018.2
2023-10-05,Hydro Pumped Storage,12490.1
2023-10-05,Hydro Pumped Storage Consumption,5314.1
2023-10-05,Hydro Run-of-river and poundage,53686.0
2023-10-05,Hydro Water Reservoir,10730.3
2023-10-06,Hydro Pumped Storage,12925.9
2023-10-06,Hydro Pumped Storage Consumption,4770.3
2023-10-06,Hydro Run-of-river and poundage,53112.7
2023-10-06,Hydro Water Reservoir,9373.8
2023-10-07,Hydro Pumped Storage,3333.4
2023-10-07,Hydro Pumped Storage Consumption,12913.1
2023-10-07,Hydro Run-of-river and poundage,50203.8
2023-10-07,Hydro Water Reservoir,6400.5
2023-10-08,Hydro Pumped Storage,10717.5
2023-10-08,Hydro Pumped Storage Consumption,2648.3
2023-10-08,Hydro Run-of-river and poundage,49746.8
2023-10-08,Hydro Water Reservoir,10419.1
2023-10-09,Hydro Pumped Storage,20011.7
2023-10-09,Hydro Pumped Storage Consumption,1224.7
2023-10-09,Hydro Run-of-river and poundage,51998.1
2023-10-09,Hydro Water Reservoir,13561.6
2023-10-10,Hydro Pumped Storage,17786.9
2023-10-10,Hydro Pumped Storage Consumption,1171.2
2023-10-10,Hydro Run-of-river and poundage,50928.1
2023-10-10,Hydro Water Reservoir,12584.4
2023-10-11,Hydro Pumped Storage,16795.7
2023-10-11,Hydro Pumped Storage Consumption,4035.9
2023-10-11,Hydro Run-of-river and poundage,49187.8
2023-10-11,Hydro Water Reservoir,8935.9
2023-10-12,Hydro Pumped Storage,23188.1
2023-10-12,Hydro Pumped Storage Consumption,1581.8
2023-10-12,Hydro Run-of-river and poundage,49847.7
2023-10-12,Hydro Water Reservoir,10953.1
2023-10-13,Hydro Pumped Storage,16261.7
2023-10-13,Hydro Pumped Storage Consumption,2466.4
2023-10-13,Hydro Run-of-river and poundage,49425.6
2023-10-13,Hydro Water Reservoir,11064.5
2023-10-14,Hydro Pumped Storage,13741.0
2023-10-14,Hydro Pumped Storage Consumption,10298.0
2023-10-14,Hydro Run-of-river and poundage,45166.6
2023-10-14,Hydro Water Reservoir,8164.5
2023-10-15,Hydro Pumped Storage,3528.2
2023-10-15,Hydro Pumped Storage Consumption,14889.9
2023-10-15,Hydro Run-of-river and poundage,43696.1
2023-10-15,Hydro Water Reservoir,6244.7
2023-10-16,Hydro Pumped Storage,13730.9
2023-10-16,Hydro Pumped Storage Consumption,6862.7
2023-10-16,Hydro Run-of-river and poundage,46921.5
2023-10-16,Hydro Water Reservoir,10157.9
2023-10-17,Hydro Pumped Storage,11251.8
2023-10-17,Hydro Pumped Storage Consumption,236.1
2023-10-17,Hydro Run-of-river and poundage,47305.5
2023-10-17,Hydro Water Reservoir,9652.9
2023-10-18,Hydro Pumped Storage,9371.8
2023-10-18,Hydro Pumped Storage Consumption,11436.8
2023-10-18,Hydro Run-of-river and poundage,45670.5
2023-10-18,Hydro Water Reservoir,7056.0
2023-10-19,Hydro Pumped Storage,19812.8
2023-10-19,Hydro Pumped Storage Consumption,5030.2
2023-10-19,Hydro Run-of-river and poundage,45296.3
2023-10-19,Hydro Water Reservoir,7372.1
2023-10-20,Hydro Pumped Storage,11302.6
2023-10-20,Hydro Pumped Storage Consumption,5624.0
2023-10-20,Hydro Run-of-river and poundage,44552.3
2023-10-20,Hydro Water Reservoir,7206.9
2023-10-21,Hydro Pumped Storage,2066.0
2023-10-21,Hydro Pumped Storage Consumption,18711.8
2023-10-21,Hydro Run-of-river and poundage,57960.0
2023-10-21,Hydro Water Reservoir,6793.1
2023-10-22,Hydro Pumped Storage,7504.9
2023-10-22,Hydro Pumped Storage Consumption,20476.8
2023-10-22,Hydro Run-of-river and poundage,51435.3
2023-10-22,Hydro Water Reservoir,7146.2
2023-10-23,Hydro Pumped Storage,19007.9
2023-10-23,Hydro Pumped Storage Consumption,65.1
2023-10-23,Hydro Run-of-river and poundage,51658.6
2023-10-23,Hydro Water Reservoir,11643.1
2023-10-24,Hydro Pumped Storage,14805.6
2023-10-24,Hydro Pumped Storage Consumption,3845.7
2023-10-24,Hydro Run-of-river and poundage,52531.8
2023-10-24,Hydro Water Reservoir,11014.9
2023-10-25,Hydro Pumped Storage,9006.5
2023-10-25,Hydro Pumped Storage Consumption,9125.5
2023-10-25,Hydro Run-of-river and poundage,63335.2
2023-10-25,Hydro Water Reservoir,9568.4
2023-10-26,Hydro Pumped Storage,15101.4
2023-10-26,Hydro Pumped Storage Consumption,6860.2
2023-10-26,Hydro Run-of-river and poundage,60678.2
2023-10-26,Hydro Water Reservoir,8365.8
2023-10-27,Hydro Pumped Storage,13614.5
2023-10-27,Hydro Pumped Storage Consumption,3393.3
2023-10-27,Hydro Run-of-river and poundage,70078.9
2023-10-27,Hydro Water Reservoir,10312.0
2023-10-28,Hydro Pumped Storage,4791.5
2023-10-28,Hydro Pumped Storage Consumption,12600.2
2023-10-28,Hydro Run-of-river and poundage,70196.5
2023-10-28,Hydro Water Reservoir,8168.1
2023-10-29,Hydro Pumped Storage,0.0
2023-10-29,Hydro Pumped Storage Consumption,24258.7
2023-10-29,Hydro Run-of-river and poundage,66195.1
2023-10-29,Hydro Water Reservoir,7767.1
2023-10-30,Hydro Pumped Storage,26653.1
2023-10-30,Hydro Pumped Storage Consumption,8154.4
2023-10-30,Hydro Run-of-river and poundage,62578.1
2023-10-30,Hydro Water Reservoir,11739.3
2023-10-31,Hydro Pumped Storage,13415.6
2023-10-31,Hydro Pumped Storage Consumption,4965.6
2023-10-31,Hydro Run-of-river and poundage,75826.8
2023-10-31,Hydro Water Reservoir,13699.2
2023-11-01,Hydro Pumped Storage,5016.5
2023-11-01,Hydro Pumped Storage Consumption,8336.1
2023-11-01,Hydro Run-of-river and poundage,85090.3
2023-11-01,Hydro Water Reservoir,8820.5
2023-11-02,Hydro Pumped Storage,7694.4
2023-11-02,Hydro Pumped Storage Consumption,7533.4
2023-11-02,Hydro Run-of-river and poundage,74208.1
2023-11-02,Hydro Water Reservoir,9760.9
2023-11-03,Hydro Pumped Storage,24528.8
2023-11-03,Hydro Pumped Storage Consumption,1551.1
2023-11-03,Hydro Run-of-river and poundage,93642.0
2023-11-03,Hydro Water Reservoir,16985.6
2023-11-04,Hydro Pumped Storage,1219.1
2023-11-04,Hydro Pumped Storage Consumption,13097.5
2023-11-04,Hydro Run-of-river and poundage,101707.5
2023-11-04,Hydro Water Reservoir,10549.3
2023-11-05,Hydro Pumped Storage,6607.6
2023-11-05,Hydro Pumped Storage Consumption,13405.0
2023-11-05,Hydro Run-of-river and poundage,92806.2
2023-11-05,Hydro Water Reservoir,9936.9
2023-11-06,Hydro Pumped Storage,14098.6
2023-11-06,Hydro Pumped Storage Consumption,6265.4
2023-11-06,Hydro Run-of-river and poundage,90233.2
2023-11-06,Hydro Water Reservoir,12421.4
2023-11-07,Hydro Pumped Storage,15761.1
2023-11-07,Hydro Pumped Storage Consumption,826.5
2023-11-07,Hydro Run-of-river and poundage,83292.6
2023-11-07,Hydro Water Reservoir,12162.3
2023-11-08,Hydro Pumped Storage,11270.0
2023-11-08,Hydro Pumped Storage Consumption,2919.1
2023-11-08,Hydro Run-of-river and poundage,82680.5
2023-11-08,Hydro Water Reservoir,11234.5
2023-11-09,Hydro Pumped Storage,9693.9
2023-11-09,Hydro Pumped Storage Consumption,4994.7
2023-11-09,Hydro Run-of-river and poundage,78300.4
2023-11-09,Hydro Water Reservoir,8629.1
2023-11-10,Hydro Pumped Storage,15050.2
2023-11-10,Hydro Pumped Storage Consumption,2576.6
2023-11-10,Hydro Run-of-river and poundage,76035.4
2023-11-10,Hydro Water Reservoir,9127.7
2023-11-11,Hydro Pumped Storage,10412.4
2023-11-11,Hydro Pumped Storage Consumption,492.8
2023-11-11,Hydro Run-of-river and poundage,72774.1
2023-11-11,Hydro Water Reservoir,10031.3
2023-11-12,Hydro Pumped Storage,8152.9
2023-11-12,Hydro Pumped Storage Consumption,1881.9
2023-11-12,Hydro Run-of-river and poundage,70453.2
2023-11-12,Hydro Water Reservoir,11354.3
2023-11-13,Hydro Pumped Storage,19534.2
2023-11-13,Hydro Pumped Storage Consumption,3109.7
2023-11-13,Hydro Run-of-river and poundage,77165.3
2023-11-13,Hydro Water Reservoir,16404.5
2023-11-14,Hydro Pumped Storage,7379.3
2023-11-14,Hydro Pumped Storage Consumption,8122.1
2023-11-14,Hydro Run-of-river and poundage,100852.7
2023-11-14,Hydro Water Reservoir,11846.5
2023-11-15,Hydro Pumped Storage,11473.9
2023-11-15,Hydro Pumped Storage Consumption,2881.7
2023-11-15,Hydro Run-of-river and poundage,107199.9
2023-11-15,Hydro Water Reservoir,13801.9
2023-11-16,Hydro Pumped Storage,16892.5
2023-11-16,Hydro Pumped Storage Consumption,2988.1
2023-11-16,Hydro Run-of-river and poundage,103264.9
2023-11-16,Hydro Water Reservoir,13965.0
2023-11-17,Hydro Pumped Storage,19173.0
2023-11-17,Hydro Pumped Storage Consumption,326.8
2023-11-17,Hydro Run-of-river and poundage,102040.5
2023-11-17,Hydro Water Reservoir,13806.3
2023-11-18,Hydro Pumped Storage,2630.0
2023-11-18,Hydro Pumped Storage Consumption,5698.3
2023-11-18,Hydro Run-of-river and poundage,95355.7
2023-11-18,Hydro Water Reservoir,9389.2
2023-11-19,Hydro Pumped Storage,252.3
2023-11-19,Hydro Pumped Storage Consumption,17184.6
2023-11-19,Hydro Run-of-river and poundage,100689.9
2023-11-19,Hydro Water Reservoir,8901.5
2023-11-20,Hydro Pumped Storage,9343.9
2023-11-20,Hydro Pumped Storage Consumption,4576.9
2023-11-20,Hydro Run-of-river and poundage,94260.4
2023-11-20,Hydro Water Reservoir,11539.6
2023-11-21,Hydro Pumped Storage,18979.4
2023-11-21,Hydro Pumped Storage Consumption,1030.0
2023-11-21,Hydro Run-of-river and poundage,98453.8
2023-11-21,Hydro Water Reservoir,12770.3
2023-11-22,Hydro Pumped Storage,14338.1
2023-11-22,Hydro Pumped Storage Consumption,924.8
2023-11-22,Hydro Run-of-river and poundage,93603.9
2023-11-22,Hydro Water Reservoir,12556.6
2023-11-23,Hydro Pumped Storage,14159.2
2023-11-23,Hydro Pumped Storage Consumption,9648.7
2023-11-23,Hydro Run-of-river and poundage,100399.9
2023-11-23,Hydro Water Reservoir,8170.3
2023-11-24,Hydro Pumped Storage,5658.7
2023-11-24,Hydro Pumped Storage Consumption,14533.9
2023-11-24,Hydro Run-of-river and poundage,103102.8
2023-11-24,Hydro Water Reservoir,7237.2
2023-11-25,Hydro Pumped Storage,4989.6
2023-11-25,Hydro Pumped Storage Consumption,16864.6
2023-11-25,Hydro Run-of-river and poundage,100629.5
2023-11-25,Hydro Water Reservoir,7842.7
2023-11-26,Hydro Pumped Storage,4757.2
2023-11-26,Hydro Pumped Storage Consumption,14182.2
2023-11-26,Hydro Run-of-river and poundage,91641.9
2023-11-26,Hydro Water Reservoir,7906.4
2023-11-27,Hydro Pumped Storage,16890.0
2023-11-27,Hydro Pumped Storage Consumption,8854.7
2023-11-27,Hydro Run-of-river and poundage,93898.0
2023-11-27,Hydro Water Reservoir,9919.0
2023-11-28,Hydro Pumped Storage,32124.4
2023-11-28,Hydro Pumped Storage Consumption,9744.3
2023-11-28,Hydro Run-of-river and poundage,92239.4
2023-11-28,Hydro Water Reservoir,14379.4
2023-11-29,Hydro Pumped Storage,32762.0
2023-11-29,Hydro Pumped Storage Consumption,3597.2
2023-11-29,Hydro Run-of-river and poundage,93627.9
2023-11-29,Hydro Water Reservoir,15790.9
2023-11-30,Hydro Pumped Storage,34975.5
2023-11-30,Hydro Pumped Storage Consumption,4673.9
2023-11-30,Hydro Run-of-river and poundage,93287.8
2023-11-30,Hydro Water Reservoir,16326.7
2023-12-01,Hydro Pumped Storage,34050.4
2023-12-01,Hydro Pumped Storage Consumption,7044.8
2023-12-01,Hydro Run-of-river and poundage,95397.0
2023-12-01,Hydro Water Reservoir,16395.5
2023-12-02,Hydro Pumped Storage,12482.3
2023-12-02,Hydro Pumped Storage Consumption,6689.0
2023-12-02,Hydro Run-of-river and poundage,96312.7
2023-12-02,Hydro Water Reservoir,11249.4
2023-12-03,Hydro Pumped Storage,2279.3
2023-12-03,Hydro Pumped Storage Consumption,3599.5
2023-12-03,Hydro Run-of-river and poundage,92684.4
2023-12-03,Hydro Water Reservoir,10110.5
2023-12-04,Hydro Pumped Storage,15957.0
2023-12-04,Hydro Pumped Storage Consumption,7042.7
2023-12-04,Hydro Run-of-river and poundage,89135.6
2023-12-04,Hydro Water Reservoir,10151.8
2023-12-05,Hydro Pumped Storage,21176.9
2023-12-05,Hydro Pumped Storage Consumption,9354.6
2023-12-05,Hydro Run-of-river and poundage,86209.0
2023-12-05,Hydro Water Reservoir,10742.4
2023-12-06,Hydro Pumped Storage,32128.8
2023-12-06,Hydro Pumped Storage Consumption,3245.1
2023-12-06,Hydro Run-of-river and poundage,87983.8
2023-12-06,Hydro Water Reservoir,13089.3
2023-12-07,Hydro Pumped Storage,29524.8
2023-12-07,Hydro Pumped Storage Consumption,1424.4
2023-12-07,Hydro Run-of-river and poundage,87802.2
2023-12-07,Hydro Water Reservoir,13625.2
2023-12-08,Hydro Pumped Storage,15318.9
2023-12-08,Hydro Pumped Storage Consumption,4350.4
2023-12-08,Hydro Run-of-river and poundage,86461.6
2023-12-08,Hydro Water Reservoir,8206.6
2023-12-09,Hydro Pumped Storage,6008.4
2023-12-09,Hydro Pumped Storage Consumption,13352.7
2023-12-09,Hydro Run-of-river and poundage,82387.3
2023-12-09,Hydro Water Reservoir,6391.8
2023-12-10,Hydro Pumped Storage,2131.4
2023-12-10,Hydro Pumped Storage Consumption,18648.5
2023-12-10,Hydro Run-of-river and poundage,90786.6
2023-12-10,Hydro Water Reservoir,4697.9
2023-12-11,Hydro Pumped Storage,17100.4
2023-12-11,Hydro Pumped Storage Consumption,8515.3
2023-12-11,Hydro Run-of-river and poundage,95812.1
2023-12-11,Hydro Water Reservoir,7434.5
2023-12-12,Hydro Pumped Storage,19167.5
2023-12-12,Hydro Pumped Storage Consumption,5514.4
2023-12-12,Hydro Run-of-river and poundage,90826.4
2023-12-12,Hydro Water Reservoir,8822.2
2023-12-13,Hydro Pumped Storage,5606.8
2023-12-13,Hydro Pumped Storage Consumption,9343.7
2023-12-13,Hydro Run-of-river and poundage,93791.3
2023-12-13,Hydro Water Reservoir,11569.8
2023-12-14,Hydro Pumped Storage,25288.7
2023-12-14,Hydro Pumped Storage Consumption,2528.2
2023-12-14,Hydro Run-of-river and poundage,93321.4
2023-12-14,Hydro Water Reservoir,11320.4
2023-12-15,Hydro Pumped Storage,19157.2
2023-12-15,Hydro Pumped Storage Consumption,669.9
2023-12-15,Hydro Run-of-river and poundage,95198.8
2023-12-15,Hydro Water Reservoir,10331.5
2023-12-16,Hydro Pumped Storage,2934.5
2023-12-16,Hydro Pumped Storage Consumption,13802.9
2023-12-16,Hydro Run-of-river and poundage,94474.9
2023-12-16,Hydro Water Reservoir,7553.8
2023-12-17,Hydro Pumped Storage,5459.5
2023-12-17,Hydro Pumped Storage Consumption,24064.6
2023-12-17,Hydro Run-of-river and poundage,93666.2
2023-12-17,Hydro Water Reservoir,5910.1
2023-12-18,Hydro Pumped Storage,22263.9
2023-12-18,Hydro Pumped Storage Consumption,6875.3
2023-12-18,Hydro Run-of-river and poundage,94349.9
2023-12-18,Hydro Water Reservoir,8960.3
2023-12-19,Hydro Pumped Storage,23142.6
2023-12-19,Hydro Pumped Storage Consumption,1297.9
2023-12-19,Hydro Run-of-river and poundage,94586.4
2023-12-19,Hydro Water Reservoir,11341.7
2023-12-20,Hydro Pumped Storage,17989.7
2023-12-20,Hydro Pumped Storage Consumption,10157.5
2023-12-20,Hydro Run-of-river and poundage,94682.0
2023-12-20,Hydro Water Reservoir,10009.2
2023-12-21,Hydro Pumped Storage,16034.3
2023-12-21,Hydro Pumped Storage Consumption,12721.8
2023-12-21,Hydro Run-of-river and poundage,93886.3
2023-12-21,Hydro Water Reservoir,6244.0
2023-12-22,Hydro Pumped Storage,2692.3
2023-12-22,Hydro Pumped Storage Consumption,20264.0
2023-12-22,Hydro Run-of-river and poundage,101560.9
2023-12-22,Hydro Water Reservoir,6733.4
2023-12-23,Hydro Pumped Storage,20468.7
2023-12-23,Hydro Pumped Storage Consumption,10158.2
2023-12-23,Hydro Run-of-river and poundage,90892.9
2023-12-23,Hydro Water Reservoir,11796.3
2023-12-24,Hydro Pumped Storage,29.4
2023-12-24,Hydro Pumped Storage Consumption,21017.1
2023-12-24,Hydro Run-of-river and poundage,83209.3
2023-12-24,Hydro Water Reservoir,7094.0
2023-12-25,Hydro Pumped Storage,2.1
2023-12-25,Hydro Pumped Storage Consumption,32577.6
2023-12-25,Hydro Run-of-river and poundage,94759.6
2023-12-25,Hydro Water Reservoir,6891.5
2023-12-26,Hydro Pumped Storage,6015.7
2023-12-26,Hydro Pumped Storage Consumption,19138.1
2023-12-26,Hydro Run-of-river and poundage,97344.1
2023-12-26,Hydro Water Reservoir,7579.1
2023-12-27,Hydro Pumped Storage,25157.1
2023-12-27,Hydro Pumped Storage Consumption,2293.8
2023-12-27,Hydro Run-of-river and poundage,102064.1
2023-12-27,Hydro Water Reservoir,11177.2
2023-12-28,Hydro Pumped Storage,8259.6
2023-12-28,Hydro Pumped Storage Consumption,19226.8
2023-12-28,Hydro Run-of-river and poundage,104207.9
2023-12-28,Hydro Water Reservoir,8618.9
2023-12-29,Hydro Pumped Storage,1669.4
2023-12-29,Hydro Pumped Storage Consumption,21818.4
2023-12-29,Hydro Run-of-river and poundage,102906.6
2023-12-29,Hydro Water Reservoir,6111.2
2023-12-30,Hydro Pumped Storage,22199.8
2023-12-30,Hydro Pumped Storage Consumption,12475.2
2023-12-30,Hydro Run-of-river and poundage,100565.4
2023-12-30,Hydro Water Reservoir,8621.9
2023-12-31,Hydro Pumped Storage,2506.9
2023-12-31,Hydro Pumped Storage Consumption,17250.7
2023-12-31,Hydro Run-of-river and poundage,99111.3
2023-12-31,Hydro Water Reservoir,6996.6
2024-01-01,Hydro Pumped Storage,9750.8
2024-01-01,Hydro Pumped Storage Consumption,25865.4
2024-01-01,Hydro Run-of-river and poundage,94838.2
2024-01-01,Hydro Water Reservoir,6781.2
2024-01-02,Hydro Pumped Storage,19615.7
2024-01-02,Hydro Pumped Storage Consumption,14032.7
2024-01-02,Hydro Run-of-river and poundage,94120.8
2024-01-02,Hydro Water Reservoir,9722.8
2024-01-03,Hydro Pumped Storage,18247.0
2024-01-03,Hydro Pumped Storage Consumption,12999.4
2024-01-03,Hydro Run-of-river and poundage,96028.7
2024-01-03,Hydro Water Reservoir,9738.2
2024-01-04,Hydro Pumped Storage,16105.0
2024-01-04,Hydro Pumped Storage Consumption,9462.9
2024-01-04,Hydro Run-of-river and poundage,98400.1
2024-01-04,Hydro Water Reservoir,13912.1
2024-01-05,Hydro Pumped Storage,22251.7
2024-01-05,Hydro Pumped Storage Consumption,398.7
2024-01-05,Hydro Run-of-river and poundage,97016.8
2024-01-05,Hydro Water Reservoir,14218.7
2024-01-06,Hydro Pumped Storage,5527.4
2024-01-06,Hydro Pumped Storage Consumption,992.6
2024-01-06,Hydro Run-of-river and poundage,97297.4
2024-01-06,Hydro Water Reservoir,13259.8
2024-01-07,Hydro Pumped Storage,3037.5
2024-01-07,Hydro Pumped Storage Consumption,15955.7
2024-01-07,Hydro Run-of-river and poundage,94140.8
2024-01-07,Hydro Water Reservoir,11992.1
2024-01-08,Hydro Pumped Storage,14107.8
2024-01-08,Hydro Pumped Storage Consumption,5795.8
2024-01-08,Hydro Run-of-river and poundage,91132.4
2024-01-08,Hydro Water Reservoir,14993.1
2024-01-09,Hydro Pumped Storage,25081.1
2024-01-09,Hydro Pumped Storage Consumption,1972.9
2024-01-09,Hydro Run-of-river and poundage,90560.1
2024-01-09,Hydro Water Reservoir,16413.3
2024-01-10,Hydro Pumped Storage,30523.2
2024-01-10,Hydro Pumped Storage Consumption,1160.0
2024-01-10,Hydro Run-of-river and poundage,89998.4
2024-01-10,Hydro Water Reservoir,18506.6
2024-01-11,Hydro Pumped Storage,27358.2
2024-01-11,Hydro Pumped Storage Consumption,1567.8
2024-01-11,Hydro Run-of-river and poundage,86475.6
2024-01-11,Hydro Water Reservoir,16854.2
2024-01-12,Hydro Pumped Storage,25130.1
2024-01-12,Hydro Pumped Storage Consumption,1588.9
2024-01-12,Hydro Run-of-river and poundage,84063.3
2024-01-12,Hydro Water Reservoir,18442.6
2024-01-13,Hydro Pumped Storage,10551.9
2024-01-13,Hydro Pumped Storage Consumption,634.3
2024-01-13,Hydro Run-of-river and poundage,81493.1
2024-01-13,Hydro Water Reservoir,14967.9
2024-01-14,Hydro Pumped Storage,2503.5
2024-01-14,Hydro Pumped Storage Consumption,9647.7
2024-01-14,Hydro Run-of-river and poundage,74266.5
2024-01-14,Hydro Water Reservoir,13889.2
2024-01-15,Hydro Pumped Storage,12654.9
2024-01-15,Hydro Pumped Storage Consumption,8229.6
2024-01-15,Hydro Run-of-river and poundage,73236.8
2024-01-15,Hydro Water Reservoir,15182.2
2024-01-16,Hydro Pumped Storage,23214.1
2024-01-16,Hydro Pumped Storage Consumption,1835.6
2024-01-16,Hydro Run-of-river and poundage,74301.5
2024-01-16,Hydro Water Reservoir,17469.9
2024-01-17,Hydro Pumped Storage,35723.7
2024-01-17,Hydro Pumped Storage Consumption,2209.5
2024-01-17,Hydro Run-of-river and poundage,75702.1
2024-01-17,Hydro Water Reservoir,20876.2
2024-01-18,Hydro Pumped Storage,25399.2
2024-01-18,Hydro Pumped Storage Consumption,2965.9
2024-01-18,Hydro Run-of-river and poundage,77354.8
2024-01-18,Hydro Water Reservoir,18848.0
2024-01-19,Hydro Pumped Storage,15351.4
2024-01-19,Hydro Pumped Storage Consumption,5217.0
2024-01-19,Hydro Run-of-river and poundage,85514.9
2024-01-19,Hydro Water Reservoir,14590.3
2024-01-20,Hydro Pumped Storage,7852.7
2024-01-20,Hydro Pumped Storage Consumption,4523.8
2024-01-20,Hydro Run-of-river and poundage,81172.6
2024-01-20,Hydro Water Reservoir,12520.0
2024-01-21,Hydro Pumped Storage,1981.8
2024-01-21,Hydro Pumped Storage Consumption,14314.0
2024-01-21,Hydro Run-of-river and poundage,70598.6
2024-01-21,Hydro Water Reservoir,9975.0
2024-01-22,Hydro Pumped Storage,18171.1
2024-01-22,Hydro Pumped Storage Consumption,7070.9
2024-01-22,Hydro Run-of-river and poundage,70211.7
2024-01-22,Hydro Water Reservoir,13457.5
2024-01-23,Hydro Pumped Storage,17459.8
2024-01-23,Hydro Pumped Storage Consumption,3254.0
2024-01-23,Hydro Run-of-river and poundage,80545.3
2024-01-23,Hydro Water Reservoir,12172.9
2024-01-24,Hydro Pumped Storage,10798.3
2024-01-24,Hydro Pumped Storage Consumption,8977.9
2024-01-24,Hydro Run-of-river and poundage,84590.5
2024-01-24,Hydro Water Reservoir,11507.7
2024-01-25,Hydro Pumped Storage,20760.7
2024-01-25,Hydro Pumped Storage Consumption,9160.7
2024-01-25,Hydro Run-of-river and poundage,100307.2
2024-01-25,Hydro Water Reservoir,15068.7
2024-01-26,Hydro Pumped Storage,15713.1
2024-01-26,Hydro Pumped Storage Consumption,1147.9
2024-01-26,Hydro Run-of-river and poundage,98888.6
2024-01-26,Hydro Water Reservoir,16129.3
2024-01-27,Hydro Pumped Storage,9124.1
2024-01-27,Hydro Pumped Storage Consumption,13557.6
2024-01-27,Hydro Run-of-river and poundage,100232.4
2024-01-27,Hydro Water Reservoir,12661.1
2024-01-28,Hydro Pumped Storage,5313.2
2024-01-28,Hydro Pumped Storage Consumption,14027.2
2024-01-28,Hydro Run-of-river and poundage,94582.3
2024-01-28,Hydro Water Reservoir,11079.9
2024-01-29,Hydro Pumped Storage,18189.5
2024-01-29,Hydro Pumped Storage Consumption,6987.0
2024-01-29,Hydro Run-of-river and poundage,92095.9
2024-01-29,Hydro Water Reservoir,13714.2
2024-01-30,Hydro Pumped Storage,17603.9
2024-01-30,Hydro Pumped Storage Consumption,45.3
2024-01-30,Hydro Run-of-river and poundage,90999.5
2024-01-30,Hydro Water Reservoir,13525.4
2024-01-31,Hydro Pumped Storage,25293.3
2024-01-31,Hydro Pumped Storage Consumption,0.0
2024-01-31,Hydro Run-of-river and poundage,89044.0
2024-01-31,Hydro Water Reservoir,15167.0
2024-02-01,Hydro Pumped Storage,18361.8
2024-02-01,Hydro Pumped Storage Consumption,115.9
2024-02-01,Hydro Run-of-river and poundage,86162.8
2024-02-01,Hydro Water Reservoir,12978.3
2024-02-02,Hydro Pumped Storage,11658.9
2024-02-02,Hydro Pumped Storage Consumption,536.8
2024-02-02,Hydro Run-of-river and poundage,87556.1
2024-02-02,Hydro Water Reservoir,10736.4
2024-02-03,Hydro Pumped Storage,3854.8
2024-02-03,Hydro Pumped Storage Consumption,8866.8
2024-02-03,Hydro Run-of-river and poundage,85892.3
2024-02-03,Hydro Water Reservoir,6184.7
2024-02-04,Hydro Pumped Storage,1319.2
2024-02-04,Hydro Pumped Storage Consumption,17942.6
2024-02-04,Hydro Run-of-river and poundage,81817.8
2024-02-04,Hydro Water Reservoir,4947.1
2024-02-05,Hydro Pumped Storage,7431.8
2024-02-05,Hydro Pumped Storage Consumption,13348.1
2024-02-05,Hydro Run-of-river and poundage,89869.3
2024-02-05,Hydro Water Reservoir,6867.0
2024-02-06,Hydro Pumped Storage,7476.4
2024-02-06,Hydro Pumped Storage Consumption,6321.5
2024-02-06,Hydro Run-of-river and poundage,88536.4
2024-02-06,Hydro Water Reservoir,9648.5
2024-02-07,Hydro Pumped Storage,20616.8
2024-02-07,Hydro Pumped Storage Consumption,1660.7
2024-02-07,Hydro Run-of-river and poundage,83608.7
2024-02-07,Hydro Water Reservoir,13256.6
2024-02-08,Hydro Pumped Storage,25567.2
2024-02-08,Hydro Pumped Storage Consumption,122.8
2024-02-08,Hydro Run-of-river and poundage,89197.0
2024-02-08,Hydro Water Reservoir,13536.3
2024-02-09,Hydro Pumped Storage,12774.8
2024-02-09,Hydro Pumped Storage Consumption,878.1
2024-02-09,Hydro Run-of-river and poundage,89705.7
2024-02-09,Hydro Water Reservoir,10339.8
2024-02-10,Hydro Pumped Storage,9169.3
2024-02-10,Hydro Pumped Storage Consumption,750.3
2024-02-10,Hydro Run-of-river and poundage,86046.2
2024-02-10,Hydro Water Reservoir,9830.1
2024-02-11,Hydro Pumped Storage,3135.4
2024-02-11,Hydro Pumped Storage Consumption,10743.8
2024-02-11,Hydro Run-of-river and poundage,88815.0
2024-02-11,Hydro Water Reservoir,7005.1
2024-02-12,Hydro Pumped Storage,19823.4
2024-02-12,Hydro Pumped Storage Consumption,1457.7
2024-02-12,Hydro Run-of-river and poundage,89024.5
2024-02-12,Hydro Water Reservoir,13783.5
2024-02-13,Hydro Pumped Storage,11609.3
2024-02-13,Hydro Pumped Storage Consumption,1299.2
2024-02-13,Hydro Run-of-river and poundage,87259.7
2024-02-13,Hydro Water Reservoir,9857.3
2024-02-14,Hydro Pumped Storage,13311.9
2024-02-14,Hydro Pumped Storage Consumption,656.4
2024-02-14,Hydro Run-of-river and poundage,84080.1
2024-02-14,Hydro Water Reservoir,12247.2
2024-02-15,Hydro Pumped Storage,11837.6
2024-02-15,Hydro Pumped Storage Consumption,1939.2
2024-02-15,Hydro Run-of-river and poundage,79858.8
2024-02-15,Hydro Water Reservoir,9493.4
2024-02-16,Hydro Pumped Storage,10861.4
2024-02-16,Hydro Pumped Storage Consumption,4976.1
2024-02-16,Hydro Run-of-river and poundage,77727.1
2024-02-16,Hydro Water Reservoir,7600.8
2024-02-17,Hydro Pumped Storage,10340.9
2024-02-17,Hydro Pumped Storage Consumption,98.0
2024-02-17,Hydro Run-of-river and poundage,81772.2
2024-02-17,Hydro Water Reservoir,8645.2
2024-02-18,Hydro Pumped Storage,1910.6
2024-02-18,Hydro Pumped Storage Consumption,12369.4
2024-02-18,Hydro Run-of-river and poundage,83692.0
2024-02-18,Hydro Water Reservoir,5012.6
2024-02-19,Hydro Pumped Storage,18610.8
2024-02-19,Hydro Pumped Storage Consumption,4889.0
2024-02-19,Hydro Run-of-river and poundage,84593.5
2024-02-19,Hydro Water Reservoir,10302.6
2024-02-20,Hydro Pumped Storage,19149.9
2024-02-20,Hydro Pumped Storage Consumption,317.5
2024-02-20,Hydro Run-of-river and poundage,88491.3
2024-02-20,Hydro Water Reservoir,9021.7
2024-02-21,Hydro Pumped Storage,15347.8
2024-02-21,Hydro Pumped Storage Consumption,1317.6
2024-02-21,Hydro Run-of-river and poundage,85887.8
2024-02-21,Hydro Water Reservoir,8641.5
2024-02-22,Hydro Pumped Storage,16206.9
2024-02-22,Hydro Pumped Storage Consumption,5875.1
2024-02-22,Hydro Run-of-river and poundage,82745.9
2024-02-22,Hydro Water Reservoir,8627.5
2024-02-23,Hydro Pumped Storage,21368.9
2024-02-23,Hydro Pumped Storage Consumption,7158.2
2024-02-23,Hydro Run-of-river and poundage,83547.9
2024-02-23,Hydro Water Reservoir,10822.2
2024-02-24,Hydro Pumped Storage,14678.8
2024-02-24,Hydro Pumped Storage Consumption,1885.5
2024-02-24,Hydro Run-of-river and poundage,88760.6
2024-02-24,Hydro Water Reservoir,10461.1
2024-02-25,Hydro Pumped Storage,7018.6
2024-02-25,Hydro Pumped Storage Consumption,3456.0
2024-02-25,Hydro Run-of-river and poundage,84565.5
2024-02-25,Hydro Water Reservoir,7862.2
2024-02-26,Hydro Pumped Storage,10951.2
2024-02-26,Hydro Pumped Storage Consumption,1212.8
2024-02-26,Hydro Run-of-river and poundage,82493.7
2024-02-26,Hydro Water Reservoir,10215.1
2024-02-27,Hydro Pumped Storage,23433.3
2024-02-27,Hydro Pumped Storage Consumption,761.3
2024-02-27,Hydro Run-of-river and poundage,81687.8
2024-02-27,Hydro Water Reservoir,11275.7
2024-02-28,Hydro Pumped Storage,22167.4
2024-02-28,Hydro Pumped Storage Consumption,0.0
2024-02-28,Hydro Run-of-river and poundage,79802.5
2024-02-28,Hydro Water Reservoir,12836.2
2024-02-29,Hydro Pumped Storage,18089.7
2024-02-29,Hydro Pumped Storage Consumption,179.1
2024-02-29,Hydro Run-of-river and poundage,81063.3
2024-02-29,Hydro Water Reservoir,10119.0
2024-03-01,Hydro Pumped Storage,21737.5
2024-03-01,Hydro Pumped Storage Consumption,0.0
2024-03-01,Hydro Run-of-river and poundage,75964.3
2024-03-01,Hydro Water Reservoir,11746.7
2024-03-02,Hydro Pumped Storage,11900.3
2024-03-02,Hydro Pumped Storage Consumption,649.6
2024-03-02,Hydro Run-of-river and poundage,77807.0
2024-03-02,Hydro Water Reservoir,8011.5
2024-03-03,Hydro Pumped Storage,5133.4
2024-03-03,Hydro Pumped Storage Consumption,7989.4
2024-03-03,Hydro Run-of-river and poundage,70333.2
2024-03-03,Hydro Water Reservoir,6302.7
2024-03-04,Hydro Pumped Storage,17559.5
2024-03-04,Hydro Pumped Storage Consumption,351.4
2024-03-04,Hydro Run-of-river and poundage,76175.1
2024-03-04,Hydro Water Reservoir,10246.9
2024-03-05,Hydro Pumped Storage,18047.7
2024-03-05,Hydro Pumped Storage Consumption,506.3
2024-03-05,Hydro Run-of-river and poundage,68838.3
2024-03-05,Hydro Water Reservoir,9132.7
2024-03-06,Hydro Pumped Storage,19182.7
2024-03-06,Hydro Pumped Storage Consumption,0.0
2024-03-06,Hydro Run-of-river and poundage,66266.2
2024-03-06,Hydro Water Reservoir,9290.9
2024-03-07,Hydro Pumped Storage,19676.2
2024-03-07,Hydro Pumped Storage Consumption,0.0
2024-03-07,Hydro Run-of-river and poundage,64217.2
2024-03-07,Hydro Water Reservoir,9547.0
2024-03-08,Hydro Pumped Storage,15509.1
2024-03-08,Hydro Pumped Storage Consumption,0.0
2024-03-08,Hydro Run-of-river and poundage,71030.3
2024-03-08,Hydro Water Reservoir,9526.8
2024-03-09,Hydro Pumped Storage,6186.6
2024-03-09,Hydro Pumped Storage Consumption,8239.6
2024-03-09,Hydro Run-of-river and poundage,62763.9
2024-03-09,Hydro Water Reservoir,5307.8
2024-03-10,Hydro Pumped Storage,1875.8
2024-03-10,Hydro Pumped Storage Consumption,11584.8
2024-03-10,Hydro Run-of-river and poundage,57372.8
2024-03-10,Hydro Water Reservoir,3524.3
2024-03-11,Hydro Pumped Storage,17682.7
2024-03-11,Hydro Pumped Storage Consumption,703.2
2024-03-11,Hydro Run-of-river and poundage,62356.9
2024-03-11,Hydro Water Reservoir,10375.0
2024-03-12,Hydro Pumped Storage,13973.2
2024-03-12,Hydro Pumped Storage Consumption,400.6
2024-03-12,Hydro Run-of-river and poundage,65273.8
2024-03-12,Hydro Water Reservoir,11013.5
2024-03-13,Hydro Pumped Storage,15579.2
2024-03-13,Hydro Pumped Storage Consumption,1401.7
2024-03-13,Hydro Run-of-river and poundage,69104.5
2024-03-13,Hydro Water Reservoir,8606.9
2024-03-14,Hydro Pumped Storage,10153.0
2024-03-14,Hydro Pumped Storage Consumption,473.1
2024-03-14,Hydro Run-of-river and poundage,70039.5
2024-03-14,Hydro Water Reservoir,8032.9
2024-03-15,Hydro Pumped Storage,10755.5
2024-03-15,Hydro Pumped Storage Consumption,4743.9
2024-03-15,Hydro Run-of-river and poundage,69400.2
2024-03-15,Hydro Water Reservoir,5905.5
2024-03-16,Hydro Pumped Storage,10752.1
2024-03-16,Hydro Pumped Storage Consumption,8262.8
2024-03-16,Hydro Run-of-river and poundage,63562.0
2024-03-16,Hydro Water Reservoir,4791.4
2024-03-17,Hydro Pumped Storage,12485.5
2024-03-17,Hydro Pumped Storage Consumption,5740.7
2024-03-17,Hydro Run-of-river and poundage,71955.4
2024-03-17,Hydro Water Reservoir,6899.8
2024-03-18,Hydro Pumped Storage,21136.1
2024-03-18,Hydro Pumped Storage Consumption,381.9
2024-03-18,Hydro Run-of-river and poundage,76457.3
2024-03-18,Hydro Water Reservoir,10460.7
2024-03-19,Hydro Pumped Storage,22132.3
2024-03-19,Hydro Pumped Storage Consumption,88.9
2024-03-19,Hydro Run-of-river and poundage,78182.8
2024-03-19,Hydro Water Reservoir,12213.4
2024-03-20,Hydro Pumped Storage,19909.8
2024-03-20,Hydro Pumped Storage Consumption,3803.0
2024-03-20,Hydro Run-of-river and poundage,81855.6
2024-03-20,Hydro Water Reservoir,11173.9
2024-03-21,Hydro Pumped Storage,14554.8
2024-03-21,Hydro Pumped Storage Consumption,0.0
2024-03-21,Hydro Run-of-river and poundage,79464.6
2024-03-21,Hydro Water Reservoir,10910.4
2024-03-22,Hydro Pumped Storage,14930.0
2024-03-22,Hydro Pumped Storage Consumption,58.5
2024-03-22,Hydro Run-of-river and poundage,86476.7
2024-03-22,Hydro Water Reservoir,9785.7
2024-03-23,Hydro Pumped Storage,5617.8
2024-03-23,Hydro Pumped Storage Consumption,8777.8
2024-03-23,Hydro Run-of-river and poundage,80653.1
2024-03-23,Hydro Water Reservoir,6080.3
2024-03-24,Hydro Pumped Storage,4384.8
2024-03-24,Hydro Pumped Storage Consumption,14428.4
2024-03-24,Hydro Run-of-river and poundage,73025.0
2024-03-24,Hydro Water Reservoir,5102.3
2024-03-25,Hydro Pumped Storage,15889.3
2024-03-25,Hydro Pumped Storage Consumption,809.9
2024-03-25,Hydro Run-of-river and poundage,76726.9
2024-03-25,Hydro Water Reservoir,8604.2
2024-03-26,Hydro Pumped Storage,16306.4
2024-03-26,Hydro Pumped Storage Consumption,4341.0
2024-03-26,Hydro Run-of-river and poundage,73731.5
2024-03-26,Hydro Water Reservoir,9273.2
2024-03-27,Hydro Pumped Storage,14624.6
2024-03-27,Hydro Pumped Storage Consumption,3820.4
2024-03-27,Hydro Run-of-river and poundage,75657.6
2024-03-27,Hydro Water Reservoir,9385.6
2024-03-28,Hydro Pumped Storage,13552.1
2024-03-28,Hydro Pumped Storage Consumption,2402.2
2024-03-28,Hydro Run-of-river and poundage,80163.6
2024-03-28,Hydro Water Reservoir,8327.7
2024-03-29,Hydro Pumped Storage,12874.2
2024-03-29,Hydro Pumped Storage Consumption,10763.8
2024-03-29,Hydro Run-of-river and poundage,81530.7
2024-03-29,Hydro Water Reservoir,8108.3
2024-03-30,Hydro Pumped Storage,18091.3
2024-03-30,Hydro Pumped Storage Consumption,6612.5
2024-03-30,Hydro Run-of-river and poundage,82506.4
2024-03-30,Hydro Water Reservoir,7757.4
2024-03-31,Hydro Pumped Storage,1896.1
2024-03-31,Hydro Pumped Storage Consumption,17246.3
2024-03-31,Hydro Run-of-river and poundage,79761.9
2024-03-31,Hydro Water Reservoir,6423.4
2024-04-01,Hydro Pumped Storage,2101.7
2024-04-01,Hydro Pumped Storage Consumption,10559.3
2024-04-01,Hydro Run-of-river and poundage,92373.5
2024-04-01,Hydro Water Reservoir,8954.2
2024-04-02,Hydro Pumped Storage,11951.6
2024-04-02,Hydro Pumped Storage Consumption,10540.9
2024-04-02,Hydro Run-of-river and poundage,99423.8
2024-04-02,Hydro Water Reservoir,8582.6
2024-04-03,Hydro Pumped Storage,21645.6
2024-04-03,Hydro Pumped Storage Consumption,0.0
2024-04-03,Hydro Run-of-river and poundage,97260.3
2024-04-03,Hydro Water Reservoir,9259.9
2024-04-04,Hydro Pumped Storage,17000.1
2024-04-04,Hydro Pumped Storage Consumption,838.8
2024-04-04,Hydro Run-of-river and poundage,92343.1
2024-04-04,Hydro Water Reservoir,8865.4
2024-04-05,Hydro Pumped Storage,14441.4
2024-04-05,Hydro Pumped Storage Consumption,4844.4
2024-04-05,Hydro Run-of-river and poundage,92024.9
2024-04-05,Hydro Water Reservoir,8029.5
2024-04-06,Hydro Pumped Storage,5903.3
2024-04-06,Hydro Pumped Storage Consumption,9675.8
2024-04-06,Hydro Run-of-river and poundage,92656.4
2024-04-06,Hydro Water Reservoir,7558.0
2024-04-07,Hydro Pumped Storage,10557.3
2024-04-07,Hydro Pumped Storage Consumption,18422.0
2024-04-07,Hydro Run-of-river and poundage,94398.7
2024-04-07,Hydro Water Reservoir,10015.9
2024-04-08,Hydro Pumped Storage,17278.3
2024-04-08,Hydro Pumped Storage Consumption,4823.9
2024-04-08,Hydro Run-of-river and poundage,100275.9
2024-04-08,Hydro Water Reservoir,11579.1
2024-04-09,Hydro Pumped Storage,13067.7
2024-04-09,Hydro Pumped Storage Consumption,4647.3
2024-04-09,Hydro Run-of-river and poundage,105602.4
2024-04-09,Hydro Water Reservoir,10714.4
2024-04-10,Hydro Pumped Storage,13543.4
2024-04-10,Hydro Pumped Storage Consumption,8316.1
2024-04-10,Hydro Run-of-river and poundage,104041.0
2024-04-10,Hydro Water Reservoir,10209.1
2024-04-11,Hydro Pumped Storage,11869.4
2024-04-11,Hydro Pumped Storage Consumption,7205.6
2024-04-11,Hydro Run-of-river and poundage,102294.6
2024-04-11,Hydro Water Reservoir,9234.4
2024-04-12,Hydro Pumped Storage,17484.9
2024-04-12,Hydro Pumped Storage Consumption,6294.4
2024-04-12,Hydro Run-of-river and poundage,98948.2
2024-04-12,Hydro Water Reservoir,10904.6
2024-04-13,Hydro Pumped Storage,4902.3
2024-04-13,Hydro Pumped Storage Consumption,12935.8
2024-04-13,Hydro Run-of-river and poundage,96582.6
2024-04-13,Hydro Water Reservoir,8565.9
2024-04-14,Hydro Pumped Storage,9339.3
2024-04-14,Hydro Pumped Storage Consumption,18897.8
2024-04-14,Hydro Run-of-river and poundage,96418.5
2024-04-14,Hydro Water Reservoir,10368.5
2024-04-15,Hydro Pumped Storage,21226.2
2024-04-15,Hydro Pumped Storage Consumption,1840.5
2024-04-15,Hydro Run-of-river and poundage,106362.7
2024-04-15,Hydro Water Reservoir,16359.3
2024-04-16,Hydro Pumped Storage,15799.9
2024-04-16,Hydro Pumped Storage Consumption,2971.7
2024-04-16,Hydro Run-of-river and poundage,116267.4
2024-04-16,Hydro Water Reservoir,15266.9
2024-04-17,Hydro Pumped Storage,17533.0
2024-04-17,Hydro Pumped Storage Consumption,0.0
2024-04-17,Hydro Run-of-river and poundage,113124.1
2024-04-17,Hydro Water Reservoir,15594.3
2024-04-18,Hydro Pumped Storage,19342.9
2024-04-18,Hydro Pumped Storage Consumption,5.8
2024-04-18,Hydro Run-of-river and poundage,108128.6
2024-04-18,Hydro Water Reservoir,13585.5
2024-04-19,Hydro Pumped Storage,13762.4
2024-04-19,Hydro Pumped Storage Consumption,1309.2
2024-04-19,Hydro Run-of-river and poundage,103394.5
2024-04-19,Hydro Water Reservoir,9368.4
2024-04-20,Hydro Pumped Storage,7088.4
2024-04-20,Hydro Pumped Storage Consumption,5618.9
2024-04-20,Hydro Run-of-river and poundage,99983.5
2024-04-20,Hydro Water Reservoir,7932.6
2024-04-21,Hydro Pumped Storage,6933.5
2024-04-21,Hydro Pumped Storage Consumption,7729.3
2024-04-21,Hydro Run-of-river and poundage,91904.5
2024-04-21,Hydro Water Reservoir,6686.1
2024-04-22,Hydro Pumped Storage,21204.4
2024-04-22,Hydro Pumped Storage Consumption,0.0
2024-04-22,Hydro Run-of-river and poundage,95750.9
2024-04-22,Hydro Water Reservoir,11901.9
2024-04-23,Hydro Pumped Storage,16384.2
2024-04-23,Hydro Pumped Storage Consumption,0.0
2024-04-23,Hydro Run-of-river and poundage,93449.9
2024-04-23,Hydro Water Reservoir,10954.3
2024-04-24,Hydro Pumped Storage,10476.3
2024-04-24,Hydro Pumped Storage Consumption,39.4
2024-04-24,Hydro Run-of-river and poundage,88851.6
2024-04-24,Hydro Water Reservoir,9251.6
2024-04-25,Hydro Pumped Storage,9224.6
2024-04-25,Hydro Pumped Storage Consumption,43.6
2024-04-25,Hydro Run-of-river and poundage,84658.4
2024-04-25,Hydro Water Reservoir,8937.8
2024-04-26,Hydro Pumped Storage,10299.8
2024-04-26,Hydro Pumped Storage Consumption,2569.1
2024-04-26,Hydro Run-of-river and poundage,80605.1
2024-04-26,Hydro Water Reservoir,9712.7
2024-04-27,Hydro Pumped Storage,10232.4
2024-04-27,Hydro Pumped Storage Consumption,5340.2
2024-04-27,Hydro Run-of-river and poundage,79470.5
2024-04-27,Hydro Water Reservoir,8976.8
2024-04-28,Hydro Pumped Storage,3207.5
2024-04-28,Hydro Pumped Storage Consumption,11929.3
2024-04-28,Hydro Run-of-river and poundage,75274.6
2024-04-28,Hydro Water Reservoir,6746.3
2024-04-29,Hydro Pumped Storage,10614.6
2024-04-29,Hydro Pumped Storage Consumption,5971.9
2024-04-29,Hydro Run-of-river and poundage,86564.1
2024-04-29,Hydro Water Reservoir,12480.1
2024-04-30,Hydro Pumped Storage,12739.6
2024-04-30,Hydro Pumped Storage Consumption,6156.1
2024-04-30,Hydro Run-of-river and poundage,91491.3
2024-04-30,Hydro Water Reservoir,13369.8
2024-05-01,Hydro Pumped Storage,64.1
2024-05-01,Hydro Pumped Storage Consumption,12599.8
2024-05-01,Hydro Run-of-river and poundage,89810.9
2024-05-01,Hydro Water Reservoir,9292.0
2024-05-02,Hydro Pumped Storage,5788.9
2024-05-02,Hydro Pumped Storage Consumption,6569.1
2024-05-02,Hydro Run-of-river and poundage,100835.2
2024-05-02,Hydro Water Reservoir,11205.0
2024-05-03,Hydro Pumped Storage,24071.0
2024-05-03,Hydro Pumped Storage Consumption,342.8
2024-05-03,Hydro Run-of-river and poundage,108444.7
2024-05-03,Hydro Water Reservoir,15688.1
2024-05-04,Hydro Pumped Storage,14444.3
2024-05-04,Hydro Pumped Storage Consumption,10016.1
2024-05-04,Hydro Run-of-river and poundage,99627.3
2024-05-04,Hydro Water Reservoir,10418.6
2024-05-05,Hydro Pumped Storage,10865.1
2024-05-05,Hydro Pumped Storage Consumption,13842.4
2024-05-05,Hydro Run-of-river and poundage,93539.4
2024-05-05,Hydro Water Reservoir,9392.0
2024-05-06,Hydro Pumped Storage,19488.1
2024-05-06,Hydro Pumped Storage Consumption,3776.6
2024-05-06,Hydro Run-of-river and poundage,98571.1
2024-05-06,Hydro Water Reservoir,12633.7
2024-05-07,Hydro Pumped Storage,22260.0
2024-05-07,Hydro Pumped Storage Consumption,993.6
2024-05-07,Hydro Run-of-river and poundage,107306.8
2024-05-07,Hydro Water Reservoir,14078.2
2024-05-08,Hydro Pumped Storage,24224.5
2024-05-08,Hydro Pumped Storage Consumption,0.0
2024-05-08,Hydro Run-of-river and poundage,117235.0
2024-05-08,Hydro Water Reservoir,15378.2
2024-05-09,Hydro Pumped Storage,9841.9
2024-05-09,Hydro Pumped Storage Consumption,12030.0
2024-05-09,Hydro Run-of-river and poundage,110942.7
2024-05-09,Hydro Water Reservoir,11584.9
2024-05-10,Hydro Pumped Storage,15299.4
2024-05-10,Hydro Pumped Storage Consumption,10746.6
2024-05-10,Hydro Run-of-river and poundage,110531.3
2024-05-10,Hydro Water Reservoir,12465.5
2024-05-11,Hydro Pumped Storage,13340.1
2024-05-11,Hydro Pumped Storage Consumption,11608.1
2024-05-11,Hydro Run-of-river and poundage,102483.8
2024-05-11,Hydro Water Reservoir,11760.8
2024-05-12,Hydro Pumped Storage,1881.1
2024-05-12,Hydro Pumped Storage Consumption,20301.8
2024-05-12,Hydro Run-of-river and poundage,94856.4
2024-05-12,Hydro Water Reservoir,10095.1
2024-05-13,Hydro Pumped Storage,10552.8
2024-05-13,Hydro Pumped Storage Consumption,7683.6
2024-05-13,Hydro Run-of-river and poundage,104213.9
2024-05-13,Hydro Water Reservoir,13867.8
2024-05-14,Hydro Pumped Storage,10765.6
2024-05-14,Hydro Pumped Storage Consumption,3041.4
2024-05-14,Hydro Run-of-river and poundage,103619.1
2024-05-14,Hydro Water Reservoir,13357.6
2024-05-15,Hydro Pumped Storage,9221.8
2024-05-15,Hydro Pumped Storage Consumption,7644.3
2024-05-15,Hydro Run-of-river and poundage,105841.3
2024-05-15,Hydro Water Reservoir,11915.0
2024-05-16,Hydro Pumped Storage,17472.0
2024-05-16,Hydro Pumped Storage Consumption,2644.5
2024-05-16,Hydro Run-of-river and poundage,107161.0
2024-05-16,Hydro Water Reservoir,16962.3
2024-05-17,Hydro Pumped Storage,10873.0
2024-05-17,Hydro Pumped Storage Consumption,478.4
2024-05-17,Hydro Run-of-river and poundage,110333.9
2024-05-17,Hydro Water Reservoir,17354.8
2024-05-18,Hydro Pumped Storage,15848.8
2024-05-18,Hydro Pumped Storage Consumption,5474.2
2024-05-18,Hydro Run-of-river and poundage,110257.4
2024-05-18,Hydro Water Reservoir,16892.4
2024-05-19,Hydro Pumped Storage,15166.2
2024-05-19,Hydro Pumped Storage Consumption,9113.1
2024-05-19,Hydro Run-of-river and poundage,108157.2
2024-05-19,Hydro Water Reservoir,15239.1
2024-05-20,Hydro Pumped Storage,12871.4
2024-05-20,Hydro Pumped Storage Consumption,8946.0
2024-05-20,Hydro Run-of-river and poundage,108835.7
2024-05-20,Hydro Water Reservoir,15945.9
2024-05-21,Hydro Pumped Storage,13622.8
2024-05-21,Hydro Pumped Storage Consumption,1422.7
2024-05-21,Hydro Run-of-river and poundage,111576.2
2024-05-21,Hydro Water Reservoir,18752.2
2024-05-22,Hydro Pumped Storage,9947.1
2024-05-22,Hydro Pumped Storage Consumption,4800.6
2024-05-22,Hydro Run-of-river and poundage,121266.4
2024-05-22,Hydro Water Reservoir,16943.5
2024-05-23,Hydro Pumped Storage,17307.4
2024-05-23,Hydro Pumped Storage Consumption,3184.4
2024-05-23,Hydro Run-of-river and poundage,120909.0
2024-05-23,Hydro Water Reservoir,17180.7
2024-05-24,Hydro Pumped Storage,18516.3
2024-05-24,Hydro Pumped Storage Consumption,3513.9
2024-05-24,Hydro Run-of-river and poundage,119632.3
2024-05-24,Hydro Water Reservoir,16853.0
2024-05-25,Hydro Pumped Storage,11862.3
2024-05-25,Hydro Pumped Storage Consumption,6146.5
2024-05-25,Hydro Run-of-river and poundage,111773.2
2024-05-25,Hydro Water Reservoir,14515.4
2024-05-26,Hydro Pumped Storage,3513.6
2024-05-26,Hydro Pumped Storage Consumption,13806.1
2024-05-26,Hydro Run-of-river and poundage,105516.9
2024-05-26,Hydro Water Reservoir,10642.8
2024-05-27,Hydro Pumped Storage,11677.8
2024-05-27,Hydro Pumped Storage Consumption,5194.1
2024-05-27,Hydro Run-of-river and poundage,110857.9
2024-05-27,Hydro Water Reservoir,14817.1
2024-05-28,Hydro Pumped Storage,11501.5
2024-05-28,Hydro Pumped Storage Consumption,2185.1
2024-05-28,Hydro Run-of-river and poundage,111389.3
2024-05-28,Hydro Water Reservoir,17306.6
2024-05-29,Hydro Pumped Storage,9540.9
2024-05-29,Hydro Pumped Storage Consumption,11951.1
2024-05-29,Hydro Run-of-river and poundage,114313.1
2024-05-29,Hydro Water Reservoir,13637.4
2024-05-30,Hydro Pumped Storage,17750.6
2024-05-30,Hydro Pumped Storage Consumption,5083.2
2024-05-30,Hydro Run-of-river and poundage,116056.2
2024-05-30,Hydro Water Reservoir,17554.3
2024-05-31,Hydro Pumped Storage,14172.4
2024-05-31,Hydro Pumped Storage Consumption,308.1
2024-05-31,Hydro Run-of-river and poundage,122967.7
2024-05-31,Hydro Water Reservoir,18844.9
2024-06-01,Hydro Pumped Storage,2666.8
2024-06-01,Hydro Pumped Storage Consumption,13248.7
2024-06-01,Hydro Run-of-river and poundage,120652.8
2024-06-01,Hydro Water Reservoir,16046.7
2024-06-02,Hydro Pumped Storage,5586.2
2024-06-02,Hydro Pumped Storage Consumption,20162.9
2024-06-02,Hydro Run-of-river and poundage,110249.6
2024-06-02,Hydro Water Reservoir,13619.4
2024-06-03,Hydro Pumped Storage,25227.0
2024-06-03,Hydro Pumped Storage Consumption,0.0
2024-06-03,Hydro Run-of-river and poundage,108712.2
2024-06-03,Hydro Water Reservoir,21380.0
2024-06-04,Hydro Pumped Storage,16938.4
2024-06-04,Hydro Pumped Storage Consumption,2904.8
2024-06-04,Hydro Run-of-river and poundage,89983.4
2024-06-04,Hydro Water Reservoir,19576.0
2024-06-05,Hydro Pumped Storage,13204.6
2024-06-05,Hydro Pumped Storage Consumption,6820.2
2024-06-05,Hydro Run-of-river and poundage,97808.5
2024-06-05,Hydro Water Reservoir,18982.4
2024-06-06,Hydro Pumped Storage,13445.5
2024-06-06,Hydro Pumped Storage Consumption,11030.7
2024-06-06,Hydro Run-of-river and poundage,107229.3
2024-06-06,Hydro Water Reservoir,18719.5
2024-06-07,Hydro Pumped Storage,17264.4
2024-06-07,Hydro Pumped Storage Consumption,11819.5
2024-06-07,Hydro Run-of-river and poundage,110352.1
2024-06-07,Hydro Water Reservoir,19711.2
2024-06-08,Hydro Pumped Storage,5529.4
2024-06-08,Hydro Pumped Storage Consumption,18990.3
2024-06-08,Hydro Run-of-river and poundage,112357.1
2024-06-08,Hydro Water Reservoir,16643.9
2024-06-09,Hydro Pumped Storage,6330.7
2024-06-09,Hydro Pumped Storage Consumption,24752.8
2024-06-09,Hydro Run-of-river and poundage,104575.3
2024-06-09,Hydro Water Reservoir,16703.0
2024-06-10,Hydro Pumped Storage,11982.1
2024-06-10,Hydro Pumped Storage Consumption,877.7
2024-06-10,Hydro Run-of-river and poundage,103105.3
2024-06-10,Hydro Water Reservoir,23286.1
2024-06-11,Hydro Pumped Storage,7435.2
2024-06-11,Hydro Pumped Storage Consumption,9022.8
2024-06-11,Hydro Run-of-river and poundage,102209.9
2024-06-11,Hydro Water Reservoir,18241.5
2024-06-12,Hydro Pumped Storage,12924.9
2024-06-12,Hydro Pumped Storage Consumption,6018.4
2024-06-12,Hydro Run-of-river and poundage,108594.2
2024-06-12,Hydro Water Reservoir,18946.6
2024-06-13,Hydro Pumped Storage,15955.4
2024-06-13,Hydro Pumped Storage Consumption,6364.4
2024-06-13,Hydro Run-of-river and poundage,114923.3
2024-06-13,Hydro Water Reservoir,18782.4
2024-06-14,Hydro Pumped Storage,22746.2
2024-06-14,Hydro Pumped Storage Consumption,2335.4
2024-06-14,Hydro Run-of-river and poundage,121191.8
2024-06-14,Hydro Water Reservoir,16041.4
2024-06-15,Hydro Pumped Storage,4493.8
2024-06-15,Hydro Pumped Storage Consumption,21583.7
2024-06-15,Hydro Run-of-river and poundage,117140.0
2024-06-15,Hydro Water Reservoir,11121.8
2024-06-16,Hydro Pumped Storage,7760.8
2024-06-16,Hydro Pumped Storage Consumption,25001.8
2024-06-16,Hydro Run-of-river and poundage,114432.5
2024-06-16,Hydro Water Reservoir,12002.9
2024-06-17,Hydro Pumped Storage,16377.9
2024-06-17,Hydro Pumped Storage Consumption,4861.5
2024-06-17,Hydro Run-of-river and poundage,121147.8
2024-06-17,Hydro Water Reservoir,18001.5
2024-06-18,Hydro Pumped Storage,26115.0
2024-06-18,Hydro Pumped Storage Consumption,3683.3
2024-06-18,Hydro Run-of-river and poundage,119942.2
2024-06-18,Hydro Water Reservoir,20313.6
2024-06-19,Hydro Pumped Storage,19821.2
2024-06-19,Hydro Pumped Storage Consumption,5513.4
2024-06-19,Hydro Run-of-river and poundage,119281.0
2024-06-19,Hydro Water Reservoir,21043.8
2024-06-20,Hydro Pumped Storage,23101.6
2024-06-20,Hydro Pumped Storage Consumption,78.2
2024-06-20,Hydro Run-of-river and poundage,114668.8
2024-06-20,Hydro Water Reservoir,20425.2
2024-06-21,Hydro Pumped Storage,20466.2
2024-06-21,Hydro Pumped Storage Consumption,0.0
2024-06-21,Hydro Run-of-river and poundage,113879.3
2024-06-21,Hydro Water Reservoir,24807.9
2024-06-22,Hydro Pumped Storage,4627.6
2024-06-22,Hydro Pumped Storage Consumption,21999.4
2024-06-22,Hydro Run-of-river and poundage,109545.5
2024-06-22,Hydro Water Reservoir,15522.6
2024-06-23,Hydro Pumped Storage,7313.8
2024-06-23,Hydro Pumped Storage Consumption,22449.2
2024-06-23,Hydro Run-of-river and poundage,115383.8
2024-06-23,Hydro Water Reservoir,14863.1
2024-06-24,Hydro Pumped Storage,14596.2
2024-06-24,Hydro Pumped Storage Consumption,9768.1
2024-06-24,Hydro Run-of-river and poundage,112730.7
2024-06-24,Hydro Water Reservoir,17667.6
2024-06-25,Hydro Pumped Storage,21218.9
2024-06-25,Hydro Pumped Storage Consumption,11028.2
2024-06-25,Hydro Run-of-river and poundage,112351.4
2024-06-25,Hydro Water Reservoir,20289.0
2024-06-26,Hydro Pumped Storage,31016.2
2024-06-26,Hydro Pumped Storage Consumption,0.0
2024-06-26,Hydro Run-of-river and poundage,111918.9
2024-06-26,Hydro Water Reservoir,22650.4
2024-06-27,Hydro Pumped Storage,22322.2
2024-06-27,Hydro Pumped Storage Consumption,1907.0
2024-06-27,Hydro Run-of-river and poundage,113760.5
2024-06-27,Hydro Water Reservoir,20944.6
2024-06-28,Hydro Pumped Storage,18343.6
2024-06-28,Hydro Pumped Storage Consumption,11820.7
2024-06-28,Hydro Run-of-river and poundage,114168.9
2024-06-28,Hydro Water Reservoir,17944.7
2024-06-29,Hydro Pumped Storage,24909.0
2024-06-29,Hydro Pumped Storage Consumption,14088.9
2024-06-29,Hydro Run-of-river and poundage,114387.2
2024-06-29,Hydro Water Reservoir,19743.5
2024-06-30,Hydro Pumped Storage,9935.6
2024-06-30,Hydro Pumped Storage Consumption,23232.5
2024-06-30,Hydro Run-of-river and poundage,103619.5
2024-06-30,Hydro Water Reservoir,16256.3
2024-07-01,Hydro Pumped Storage,25111.4
2024-07-01,Hydro Pumped Storage Consumption,0.0
2024-07-01,Hydro Run-of-river and poundage,107095.2
2024-07-01,Hydro Water Reservoir,22258.0
2024-07-02,Hydro Pumped Storage,17540.0
2024-07-02,Hydro Pumped Storage Consumption,0.0
2024-07-02,Hydro Run-of-river and poundage,118165.5
2024-07-02,Hydro Water Reservoir,20666.8
2024-07-03,Hydro Pumped Storage,30596.5
2024-07-03,Hydro Pumped Storage Consumption,0.0
2024-07-03,Hydro Run-of-river and poundage,112063.2
2024-07-03,Hydro Water Reservoir,22361.4
2024-07-04,Hydro Pumped Storage,8365.0
2024-07-04,Hydro Pumped Storage Consumption,16948.6
2024-07-04,Hydro Run-of-river and poundage,111321.0
2024-07-04,Hydro Water Reservoir,14429.4
2024-07-05,Hydro Pumped Storage,10322.1
2024-07-05,Hydro Pumped Storage Consumption,20099.6
2024-07-05,Hydro Run-of-river and poundage,113056.4
2024-07-05,Hydro Water Reservoir,13092.7
2024-07-06,Hydro Pumped Storage,1828.5
2024-07-06,Hydro Pumped Storage Consumption,25341.8
2024-07-06,Hydro Run-of-river and poundage,102430.4
2024-07-06,Hydro Water Reservoir,10993.9
2024-07-07,Hydro Pumped Storage,9665.9
2024-07-07,Hydro Pumped Storage Consumption,21706.7
2024-07-07,Hydro Run-of-river and poundage,102126.7
2024-07-07,Hydro Water Reservoir,12567.6
2024-07-08,Hydro Pumped Storage,21917.3
2024-07-08,Hydro Pumped Storage Consumption,633.9
2024-07-08,Hydro Run-of-river and poundage,103449.6
2024-07-08,Hydro Water Reservoir,21304.9
2024-07-09,Hydro Pumped Storage,17149.8
2024-07-09,Hydro Pumped Storage Consumption,1833.8
2024-07-09,Hydro Run-of-river and poundage,102848.0
2024-07-09,Hydro Water Reservoir,19040.3
2024-07-10,Hydro Pumped Storage,13374.4
2024-07-10,Hydro Pumped Storage Consumption,1055.6
2024-07-10,Hydro Run-of-river and poundage,101545.3
2024-07-10,Hydro Water Reservoir,17633.4
2024-07-11,Hydro Pumped Storage,17554.3
2024-07-11,Hydro Pumped Storage Consumption,198.9
2024-07-11,Hydro Run-of-river and poundage,104533.7
2024-07-11,Hydro Water Reservoir,20540.5
2024-07-12,Hydro Pumped Storage,16154.0
2024-07-12,Hydro Pumped Storage Consumption,730.3
2024-07-12,Hydro Run-of-river and poundage,103682.3
2024-07-12,Hydro Water Reservoir,21401.2
2024-07-13,Hydro Pumped Storage,5416.7
2024-07-13,Hydro Pumped Storage Consumption,17361.4
2024-07-13,Hydro Run-of-river and poundage,108672.3
2024-07-13,Hydro Water Reservoir,18792.6
2024-07-14,Hydro Pumped Storage,10432.9
2024-07-14,Hydro Pumped Storage Consumption,14417.3
2024-07-14,Hydro Run-of-river and poundage,98568.2
2024-07-14,Hydro Water Reservoir,12490.9
2024-07-15,Hydro Pumped Storage,23076.9
2024-07-15,Hydro Pumped Storage Consumption,841.6
2024-07-15,Hydro Run-of-river and poundage,101884.2
2024-07-15,Hydro Water Reservoir,20102.5
2024-07-16,Hydro Pumped Storage,14979.4
2024-07-16,Hydro Pumped Storage Consumption,4247.5
2024-07-16,Hydro Run-of-river and poundage,101857.5
2024-07-16,Hydro Water Reservoir,18046.3
2024-07-17,Hydro Pumped Storage,15733.0
2024-07-17,Hydro Pumped Storage Consumption,1370.0
2024-07-17,Hydro Run-of-river and poundage,105908.6
2024-07-17,Hydro Water Reservoir,17803.7
2024-07-18,Hydro Pumped Storage,21279.0
2024-07-18,Hydro Pumped Storage Consumption,3424.1
2024-07-18,Hydro Run-of-river and poundage,105893.1
2024-07-18,Hydro Water Reservoir,19961.7
2024-07-19,Hydro Pumped Storage,27329.2
2024-07-19,Hydro Pumped Storage Consumption,3416.6
2024-07-19,Hydro Run-of-river and poundage,104484.2
2024-07-19,Hydro Water Reservoir,19591.6
2024-07-20,Hydro Pumped Storage,20684.4
2024-07-20,Hydro Pumped Storage Consumption,8649.9
2024-07-20,Hydro Run-of-river and poundage,109178.7
2024-07-20,Hydro Water Reservoir,20053.3
2024-07-21,Hydro Pumped Storage,16796.2
2024-07-21,Hydro Pumped Storage Consumption,14122.4
2024-07-21,Hydro Run-of-river and poundage,99487.6
2024-07-21,Hydro Water Reservoir,17494.0
2024-07-22,Hydro Pumped Storage,26160.6
2024-07-22,Hydro Pumped Storage Consumption,1016.2
2024-07-22,Hydro Run-of-river and poundage,101006.2
2024-07-22,Hydro Water Reservoir,19378.2
2024-07-23,Hydro Pumped Storage,23239.4
2024-07-23,Hydro Pumped Storage Consumption,970.8
2024-07-23,Hydro Run-of-river and poundage,103470.0
2024-07-23,Hydro Water Reservoir,21151.4
2024-07-24,Hydro Pumped Storage,20030.4
2024-07-24,Hydro Pumped Storage Consumption,8463.0
2024-07-24,Hydro Run-of-river and poundage,104159.6
2024-07-24,Hydro Water Reservoir,20818.2
2024-07-25,Hydro Pumped Storage,25160.5
2024-07-25,Hydro Pumped Storage Consumption,8088.6
2024-07-25,Hydro Run-of-river and poundage,101447.1
2024-07-25,Hydro Water Reservoir,22359.8
2024-07-26,Hydro Pumped Storage,21834.9
2024-07-26,Hydro Pumped Storage Consumption,5216.6
2024-07-26,Hydro Run-of-river and poundage,95974.9
2024-07-26,Hydro Water Reservoir,20561.0
2024-07-27,Hydro Pumped Storage,6540.0
2024-07-27,Hydro Pumped Storage Consumption,12821.9
2024-07-27,Hydro Run-of-river and poundage,93072.0
2024-07-27,Hydro Water Reservoir,16128.0
2024-07-28,Hydro Pumped Storage,4835.0
2024-07-28,Hydro Pumped Storage Consumption,17204.5
2024-07-28,Hydro Run-of-river and poundage,83122.8
2024-07-28,Hydro Water Reservoir,13666.5
2024-07-29,Hydro Pumped Storage,14349.5
2024-07-29,Hydro Pumped Storage Consumption,14983.9
2024-07-29,Hydro Run-of-river and poundage,83851.7
2024-07-29,Hydro Water Reservoir,13981.2
2024-07-30,Hydro Pumped Storage,18510.4
2024-07-30,Hydro Pumped Storage Consumption,10338.0
2024-07-30,Hydro Run-of-river and poundage,84244.6
2024-07-30,Hydro Water Reservoir,16984.8
2024-07-31,Hydro Pumped Storage,20147.6
2024-07-31,Hydro Pumped Storage Consumption,6184.9
2024-07-31,Hydro Run-of-river and poundage,82216.4
2024-07-31,Hydro Water Reservoir,18435.3
2024-08-01,Hydro Pumped Storage,24004.9
2024-08-01,Hydro Pumped Storage Consumption,195.7
2024-08-01,Hydro Run-of-river and poundage,82865.6
2024-08-01,Hydro Water Reservoir,22683.3
2024-08-02,Hydro Pumped Storage,19233.4
2024-08-02,Hydro Pumped Storage Consumption,3360.6
2024-08-02,Hydro Run-of-river and poundage,88932.3
2024-08-02,Hydro Water Reservoir,19487.4
2024-08-03,Hydro Pumped Storage,15950.2
2024-08-03,Hydro Pumped Storage Consumption,14801.7
2024-08-03,Hydro Run-of-river and poundage,86906.4
2024-08-03,Hydro Water Reservoir,17970.5
2024-08-04,Hydro Pumped Storage,13731.7
2024-08-04,Hydro Pumped Storage Consumption,17361.7
2024-08-04,Hydro Run-of-river and poundage,82601.5
2024-08-04,Hydro Water Reservoir,16339.5
2024-08-05,Hydro Pumped Storage,27415.1
2024-08-05,Hydro Pumped Storage Consumption,0.0
2024-08-05,Hydro Run-of-river and poundage,83174.4
2024-08-05,Hydro Water Reservoir,18981.0
2024-08-06,Hydro Pumped Storage,14137.0
2024-08-06,Hydro Pumped Storage Consumption,6335.4
2024-08-06,Hydro Run-of-river and poundage,80809.4
2024-08-06,Hydro Water Reservoir,15939.6
2024-08-07,Hydro Pumped Storage,17445.8
2024-08-07,Hydro Pumped Storage Consumption,2113.4
2024-08-07,Hydro Run-of-river and poundage,80697.6
2024-08-07,Hydro Water Reservoir,18105.1
2024-08-08,Hydro Pumped Storage,23219.2
2024-08-08,Hydro Pumped Storage Consumption,3295.1
2024-08-08,Hydro Run-of-river and poundage,81536.9
2024-08-08,Hydro Water Reservoir,19870.1
2024-08-09,Hydro Pumped Storage,14172.8
2024-08-09,Hydro Pumped Storage Consumption,15929.5
2024-08-09,Hydro Run-of-river and poundage,77635.8
2024-08-09,Hydro Water Reservoir,13397.8
2024-08-10,Hydro Pumped Storage,8993.8
2024-08-10,Hydro Pumped Storage Consumption,14528.6
2024-08-10,Hydro Run-of-river and poundage,69161.6
2024-08-10,Hydro Water Reservoir,12951.7
2024-08-11,Hydro Pumped Storage,13021.4
2024-08-11,Hydro Pumped Storage Consumption,16287.7
2024-08-11,Hydro Run-of-river and poundage,65403.4
2024-08-11,Hydro Water Reservoir,12883.9
2024-08-12,Hydro Pumped Storage,20280.2
2024-08-12,Hydro Pumped Storage Consumption,7581.6
2024-08-12,Hydro Run-of-river and poundage,67444.4
2024-08-12,Hydro Water Reservoir,16922.2
2024-08-13,Hydro Pumped Storage,17993.0
2024-08-13,Hydro Pumped Storage Consumption,5583.1
2024-08-13,Hydro Run-of-river and poundage,71925.0
2024-08-13,Hydro Water Reservoir,13768.9
2024-08-14,Hydro Pumped Storage,19186.3
2024-08-14,Hydro Pumped Storage Consumption,2340.5
2024-08-14,Hydro Run-of-river and poundage,74552.2
2024-08-14,Hydro Water Reservoir,13494.6
2024-08-15,Hydro Pumped Storage,7926.9
2024-08-15,Hydro Pumped Storage Consumption,13889.9
2024-08-15,Hydro Run-of-river and poundage,73273.8
2024-08-15,Hydro Water Reservoir,11166.4
2024-08-16,Hydro Pumped Storage,19372.0
2024-08-16,Hydro Pumped Storage Consumption,6679.3
2024-08-16,Hydro Run-of-river and poundage,69792.8
2024-08-16,Hydro Water Reservoir,13050.4
2024-08-17,Hydro Pumped Storage,5000.7
2024-08-17,Hydro Pumped Storage Consumption,8390.8
2024-08-17,Hydro Run-of-river and poundage,71840.1
2024-08-17,Hydro Water Reservoir,12016.7
2024-08-18,Hydro Pumped Storage,4249.4
2024-08-18,Hydro Pumped Storage Consumption,10524.6
2024-08-18,Hydro Run-of-river and poundage,77328.1
2024-08-18,Hydro Water Reservoir,9620.6
2024-08-19,Hydro Pumped Storage,13923.6
2024-08-19,Hydro Pumped Storage Consumption,2000.7
2024-08-19,Hydro Run-of-river and poundage,89549.1
2024-08-19,Hydro Water Reservoir,13905.7
2024-08-20,Hydro Pumped Storage,10350.7
2024-08-20,Hydro Pumped Storage Consumption,5935.8
2024-08-20,Hydro Run-of-river and poundage,90664.5
2024-08-20,Hydro Water Reservoir,12463.1
2024-08-21,Hydro Pumped Storage,5445.6
2024-08-21,Hydro Pumped Storage Consumption,12393.5
2024-08-21,Hydro Run-of-river and poundage,88083.3
2024-08-21,Hydro Water Reservoir,12424.7
2024-08-22,Hydro Pumped Storage,14010.2
2024-08-22,Hydro Pumped Storage Consumption,3343.1
2024-08-22,Hydro Run-of-river and poundage,86032.6
2024-08-22,Hydro Water Reservoir,12863.8
2024-08-23,Hydro Pumped Storage,10190.0
2024-08-23,Hydro Pumped Storage Consumption,14159.1
2024-08-23,Hydro Run-of-river and poundage,76077.8
2024-08-23,Hydro Water Reservoir,10863.7
2024-08-24,Hydro Pumped Storage,7502.9
2024-08-24,Hydro Pumped Storage Consumption,17505.7
2024-08-24,Hydro Run-of-river and poundage,70929.2
2024-08-24,Hydro Water Reservoir,12124.1
2024-08-25,Hydro Pumped Storage,2505.1
2024-08-25,Hydro Pumped Storage Consumption,22179.9
2024-08-25,Hydro Run-of-river and poundage,64368.0
2024-08-25,Hydro Water Reservoir,6691.7
2024-08-26,Hydro Pumped Storage,15379.3
2024-08-26,Hydro Pumped Storage Consumption,5229.7
2024-08-26,Hydro Run-of-river and poundage,76550.2
2024-08-26,Hydro Water Reservoir,13737.7
2024-08-27,Hydro Pumped Storage,14941.9
2024-08-27,Hydro Pumped Storage Consumption,3716.4
2024-08-27,Hydro Run-of-river and poundage,74260.9
2024-08-27,Hydro Water Reservoir,15854.8
2024-08-28,Hydro Pumped Storage,15561.4
2024-08-28,Hydro Pumped Storage Consumption,638.9
2024-08-28,Hydro Run-of-river and poundage,72566.2
2024-08-28,Hydro Water Reservoir,15805.0
2024-08-29,Hydro Pumped Storage,16353.6
2024-08-29,Hydro Pumped Storage Consumption,1932.7
2024-08-29,Hydro Run-of-river and poundage,68660.5
2024-08-29,Hydro Water Reservoir,18947.3
2024-08-30,Hydro Pumped Storage,17663.1
2024-08-30,Hydro Pumped Storage Consumption,525.9
2024-08-30,Hydro Run-of-river and poundage,67162.8
2024-08-30,Hydro Water Reservoir,19920.4
2024-08-31,Hydro Pumped Storage,6926.4
2024-08-31,Hydro Pumped Storage Consumption,11614.5
2024-08-31,Hydro Run-of-river and poundage,62086.2
2024-08-31,Hydro Water Reservoir,14791.5
2024-09-01,Hydro Pumped Storage,8540.1
2024-09-01,Hydro Pumped Storage Consumption,15598.8
2024-09-01,Hydro Run-of-river and poundage,57504.3
2024-09-01,Hydro Water Reservoir,9309.4
2024-09-02,Hydro Pumped Storage,17248.8
2024-09-02,Hydro Pumped Storage Consumption,1044.4
2024-09-02,Hydro Run-of-river and poundage,61842.0
2024-09-02,Hydro Water Reservoir,15122.5
2024-09-03,Hydro Pumped Storage,18242.8
2024-09-03,Hydro Pumped Storage Consumption,7382.0
2024-09-03,Hydro Run-of-river and poundage,62586.6
2024-09-03,Hydro Water Reservoir,14710.1
2024-09-04,Hydro Pumped Storage,16465.1
2024-09-04,Hydro Pumped Storage Consumption,4574.0
2024-09-04,Hydro Run-of-river and poundage,61031.7
2024-09-04,Hydro Water Reservoir,13860.1
2024-09-05,Hydro Pumped Storage,17009.5
2024-09-05,Hydro Pumped Storage Consumption,3989.3
2024-09-05,Hydro Run-of-river and poundage,59089.4
2024-09-05,Hydro Water Reservoir,13541.1
2024-09-06,Hydro Pumped Storage,11477.0
2024-09-06,Hydro Pumped Storage Consumption,5546.9
2024-09-06,Hydro Run-of-river and poundage,59498.3
2024-09-06,Hydro Water Reservoir,14677.5
2024-09-07,Hydro Pumped Storage,3534.2
2024-09-07,Hydro Pumped Storage Consumption,14433.9
2024-09-07,Hydro Run-of-river and poundage,57170.4
2024-09-07,Hydro Water Reservoir,10274.5
2024-09-08,Hydro Pumped Storage,4679.1
2024-09-08,Hydro Pumped Storage Consumption,17320.4
2024-09-08,Hydro Run-of-river and poundage,53219.4
2024-09-08,Hydro Water Reservoir,7788.7
2024-09-09,Hydro Pumped Storage,15361.2
2024-09-09,Hydro Pumped Storage Consumption,5188.7
2024-09-09,Hydro Run-of-river and poundage,78060.9
2024-09-09,Hydro Water Reservoir,16765.0
2024-09-10,Hydro Pumped Storage,10384.4
2024-09-10,Hydro Pumped Storage Consumption,3234.7
2024-09-10,Hydro Run-of-river and poundage,92643.7
2024-09-10,Hydro Water Reservoir,11604.3
2024-09-11,Hydro Pumped Storage,19982.7
2024-09-11,Hydro Pumped Storage Consumption,6290.8
2024-09-11,Hydro Run-of-river and poundage,82595.9
2024-09-11,Hydro Water Reservoir,11587.3
2024-09-12,Hydro Pumped Storage,14237.0
2024-09-12,Hydro Pumped Storage Consumption,127.2
2024-09-12,Hydro Run-of-river and poundage,97968.1
2024-09-12,Hydro Water Reservoir,13067.9
2024-09-13,Hydro Pumped Storage,13177.6
2024-09-13,Hydro Pumped Storage Consumption,313.0
2024-09-13,Hydro Run-of-river and poundage,112984.5
2024-09-13,Hydro Water Reservoir,10316.7
2024-09-14,Hydro Pumped Storage,3956.3
2024-09-14,Hydro Pumped Storage Consumption,6547.7
2024-09-14,Hydro Run-of-river and poundage,98577.5
2024-09-14,Hydro Water Reservoir,9548.6
2024-09-15,Hydro Pumped Storage,8670.0
2024-09-15,Hydro Pumped Storage Consumption,8606.5
2024-09-15,Hydro Run-of-river and poundage,68954.4
2024-09-15,Hydro Water Reservoir,11139.3
2024-09-16,Hydro Pumped Storage,26452.0
2024-09-16,Hydro Pumped Storage Consumption,1093.9
2024-09-16,Hydro Run-of-river and poundage,74570.1
2024-09-16,Hydro Water Reservoir,16513.5
2024-09-17,Hydro Pumped Storage,11921.6
2024-09-17,Hydro Pumped Storage Consumption,3443.7
2024-09-17,Hydro Run-of-river and poundage,73245.8
2024-09-17,Hydro Water Reservoir,14680.4
2024-09-18,Hydro Pumped Storage,13014.4
2024-09-18,Hydro Pumped Storage Consumption,3601.8
2024-09-18,Hydro Run-of-river and poundage,83407.8
2024-09-18,Hydro Water Reservoir,14627.6
2024-09-19,Hydro Pumped Storage,10739.3
2024-09-19,Hydro Pumped Storage Consumption,13968.3
2024-09-19,Hydro Run-of-river and poundage,96246.5
2024-09-19,Hydro Water Reservoir,15193.6
2024-09-20,Hydro Pumped Storage,12464.4
2024-09-20,Hydro Pumped Storage Consumption,11845.6
2024-09-20,Hydro Run-of-river and poundage,104474.7
2024-09-20,Hydro Water Reservoir,13422.9
2024-09-21,Hydro Pumped Storage,8607.1
2024-09-21,Hydro Pumped Storage Consumption,10216.0
2024-09-21,Hydro Run-of-river and poundage,111008.0
2024-09-21,Hydro Water Reservoir,13946.7
2024-09-22,Hydro Pumped Storage,11907.5
2024-09-22,Hydro Pumped Storage Consumption,8975.2
2024-09-22,Hydro Run-of-river and poundage,108887.5
2024-09-22,Hydro Water Reservoir,13523.0
2024-09-23,Hydro Pumped Storage,17560.9
2024-09-23,Hydro Pumped Storage Consumption,5300.7
2024-09-23,Hydro Run-of-river and poundage,110837.3
2024-09-23,Hydro Water Reservoir,14561.3
2024-09-24,Hydro Pumped Storage,15895.9
2024-09-24,Hydro Pumped Storage Consumption,922.0
2024-09-24,Hydro Run-of-river and poundage,115273.4
2024-09-24,Hydro Water Reservoir,15184.7
2024-09-25,Hydro Pumped Storage,13919.7
2024-09-25,Hydro Pumped Storage Consumption,4613.9
2024-09-25,Hydro Run-of-river and poundage,114831.1
2024-09-25,Hydro Water Reservoir,11709.5
2024-09-26,Hydro Pumped Storage,12575.5
2024-09-26,Hydro Pumped Storage Consumption,2612.6
2024-09-26,Hydro Run-of-river and poundage,112811.8
2024-09-26,Hydro Water Reservoir,14486.9
2024-09-27,Hydro Pumped Storage,7220.9
2024-09-27,Hydro Pumped Storage Consumption,12480.4
2024-09-27,Hydro Run-of-river and poundage,117638.3
2024-09-27,Hydro Water Reservoir,12091.8
2024-09-28,Hydro Pumped Storage,11893.4
2024-09-28,Hydro Pumped Storage Consumption,16994.6
2024-09-28,Hydro Run-of-river and poundage,116972.7
2024-09-28,Hydro Water Reservoir,12252.3
2024-09-29,Hydro Pumped Storage,13996.1
2024-09-29,Hydro Pumped Storage Consumption,7239.8
2024-09-29,Hydro Run-of-river and poundage,113174.5
2024-09-29,Hydro Water Reservoir,12195.7
2024-09-30,Hydro Pumped Storage,17611.8
2024-09-30,Hydro Pumped Storage Consumption,3262.7
2024-09-30,Hydro Run-of-river and poundage,113423.7
2024-09-30,Hydro Water Reservoir,13176.6
2024-10-01,Hydro Pumped Storage,29326.4
2024-10-01,Hydro Pumped Storage Consumption,3683.4
2024-10-01,Hydro Run-of-river and poundage,109734.3
2024-10-01,Hydro Water Reservoir,16010.6
2024-10-02,Hydro Pumped Storage,37640.8
2024-10-02,Hydro Pumped Storage Consumption,0.0
2024-10-02,Hydro Run-of-river and poundage,113130.2
2024-10-02,Hydro Water Reservoir,19987.1
2024-10-03,Hydro Pumped Storage,27689.3
2024-10-03,Hydro Pumped Storage Consumption,0.0
2024-10-03,Hydro Run-of-river and poundage,116076.8
2024-10-03,Hydro Water Reservoir,16360.6
2024-10-04,Hydro Pumped Storage,24665.2
2024-10-04,Hydro Pumped Storage Consumption,0.0
2024-10-04,Hydro Run-of-river and poundage,120451.4
2024-10-04,Hydro Water Reservoir,18208.8
2024-10-05,Hydro Pumped Storage,15560.9
2024-10-05,Hydro Pumped Storage Consumption,3923.7
2024-10-05,Hydro Run-of-river and poundage,119512.5
2024-10-05,Hydro Water Reservoir,13975.9
2024-10-06,Hydro Pumped Storage,5262.8
2024-10-06,Hydro Pumped Storage Consumption,14645.3
2024-10-06,Hydro Run-of-river and poundage,117313.0
2024-10-06,Hydro Water Reservoir,8156.4
2024-10-07,Hydro Pumped Storage,19537.4
2024-10-07,Hydro Pumped Storage Consumption,7872.5
2024-10-07,Hydro Run-of-river and poundage,117036.7
2024-10-07,Hydro Water Reservoir,13402.1
2024-10-08,Hydro Pumped Storage,19558.1
2024-10-08,Hydro Pumped Storage Consumption,1243.8
2024-10-08,Hydro Run-of-river and poundage,110085.8
2024-10-08,Hydro Water Reservoir,13675.8
2024-10-09,Hydro Pumped Storage,15923.7
2024-10-09,Hydro Pumped Storage Consumption,1998.9
2024-10-09,Hydro Run-of-river and poundage,111365.5
2024-10-09,Hydro Water Reservoir,13499.1
2024-10-10,Hydro Pumped Storage,14391.1
2024-10-10,Hydro Pumped Storage Consumption,2431.7
2024-10-10,Hydro Run-of-river and poundage,113419.8
2024-10-10,Hydro Water Reservoir,12543.9
2024-10-11,Hydro Pumped Storage,18667.4
2024-10-11,Hydro Pumped Storage Consumption,0.0
2024-10-11,Hydro Run-of-river and poundage,113080.4
2024-10-11,Hydro Water Reservoir,15814.7
2024-10-12,Hydro Pumped Storage,11404.9
2024-10-12,Hydro Pumped Storage Consumption,8016.0
2024-10-12,Hydro Run-of-river and poundage,113283.0
2024-10-12,Hydro Water Reservoir,12386.6
2024-10-13,Hydro Pumped Storage,1657.6
2024-10-13,Hydro Pumped Storage Consumption,9066.5
2024-10-13,Hydro Run-of-river and poundage,108732.8
2024-10-13,Hydro Water Reservoir,9698.3
2024-10-14,Hydro Pumped Storage,20810.3
2024-10-14,Hydro Pumped Storage Consumption,3114.4
2024-10-14,Hydro Run-of-river and poundage,109741.4
2024-10-14,Hydro Water Reservoir,19653.2
2024-10-15,Hydro Pumped Storage,24385.5
2024-10-15,Hydro Pumped Storage Consumption,129.2
2024-10-15,Hydro Run-of-river and poundage,114052.7
2024-10-15,Hydro Water Reservoir,17365.2
2024-10-16,Hydro Pumped Storage,10165.9
2024-10-16,Hydro Pumped Storage Consumption,7089.0
2024-10-16,Hydro Run-of-river and poundage,113823.0
2024-10-16,Hydro Water Reservoir,12311.9
2024-10-17,Hydro Pumped Storage,19528.8
2024-10-17,Hydro Pumped Storage Consumption,4908.2
2024-10-17,Hydro Run-of-river and poundage,111036.2
2024-10-17,Hydro Water Reservoir,15880.5
2024-10-18,Hydro Pumped Storage,22741.0
2024-10-18,Hydro Pumped Storage Consumption,2503.6
2024-10-18,Hydro Run-of-river and poundage,111156.5
2024-10-18,Hydro Water Reservoir,19109.1
2024-10-19,Hydro Pumped Storage,18729.6
2024-10-19,Hydro Pumped Storage Consumption,2446.8
2024-10-19,Hydro Run-of-river and poundage,106730.2
2024-10-19,Hydro Water Reservoir,17988.9
2024-10-20,Hydro Pumped Storage,3678.4
2024-10-20,Hydro Pumped Storage Consumption,5991.1
2024-10-20,Hydro Run-of-river and poundage,104263.0
2024-10-20,Hydro Water Reservoir,10483.2
2024-10-21,Hydro Pumped Storage,29204.9
2024-10-21,Hydro Pumped Storage Consumption,5845.7
2024-10-21,Hydro Run-of-river and poundage,99217.3
2024-10-21,Hydro Water Reservoir,17772.2
2024-10-22,Hydro Pumped Storage,22676.4
2024-10-22,Hydro Pumped Storage Consumption,1832.4
2024-10-22,Hydro Run-of-river and poundage,98864.8
2024-10-22,Hydro Water Reservoir,16046.0
2024-10-23,Hydro Pumped Storage,27036.2
2024-10-23,Hydro Pumped Storage Consumption,0.0
2024-10-23,Hydro Run-of-river and poundage,96042.4
2024-10-23,Hydro Water Reservoir,19740.2
2024-10-24,Hydro Pumped Storage,27869.9
2024-10-24,Hydro Pumped Storage Consumption,0.0
2024-10-24,Hydro Run-of-river and poundage,100267.7
2024-10-24,Hydro Water Reservoir,18310.4
2024-10-25,Hydro Pumped Storage,22920.4
2024-10-25,Hydro Pumped Storage Consumption,1302.8
2024-10-25,Hydro Run-of-river and poundage,97893.6
2024-10-25,Hydro Water Reservoir,17340.7
2024-10-26,Hydro Pumped Storage,22517.7
2024-10-26,Hydro Pumped Storage Consumption,1675.9
2024-10-26,Hydro Run-of-river and poundage,92708.2
2024-10-26,Hydro Water Reservoir,15533.3
2024-10-27,Hydro Pumped Storage,13589.5
2024-10-27,Hydro Pumped Storage Consumption,9391.6
2024-10-27,Hydro Run-of-river and poundage,91982.0
2024-10-27,Hydro Water Reservoir,9887.2
2024-10-28,Hydro Pumped Storage,19398.9
2024-10-28,Hydro Pumped Storage Consumption,0.8
2024-10-28,Hydro Run-of-river and poundage,84449.4
2024-10-28,Hydro Water Reservoir,10546.9
2024-10-29,Hydro Pumped Storage,18088.7
2024-10-29,Hydro Pumped Storage Consumption,1193.3
2024-10-29,Hydro Run-of-river and poundage,82553.4
2024-10-29,Hydro Water Reservoir,9396.3
2024-10-30,Hydro Pumped Storage,16407.8
2024-10-30,Hydro Pumped Storage Consumption,612.4
2024-10-30,Hydro Run-of-river and poundage,79663.9
2024-10-30,Hydro Water Reservoir,11463.7
2024-10-31,Hydro Pumped Storage,16356.5
2024-10-31,Hydro Pumped Storage Consumption,2161.3
2024-10-31,Hydro Run-of-river and poundage,78677.5
2024-10-31,Hydro Water Reservoir,9994.1
2024-11-01,Hydro Pumped Storage,5178.8
2024-11-01,Hydro Pumped Storage Consumption,12958.5
2024-11-01,Hydro Run-of-river and poundage,71904.7
2024-11-01,Hydro Water Reservoir,7049.4
2024-11-02,Hydro Pumped Storage,10578.6
2024-11-02,Hydro Pumped Storage Consumption,4156.3
2024-11-02,Hydro Run-of-river and poundage,70178.3
2024-11-02,Hydro Water Reservoir,8022.6
2024-11-03,Hydro Pumped Storage,3721.5
2024-11-03,Hydro Pumped Storage Consumption,11090.6
2024-11-03,Hydro Run-of-river and poundage,65336.0
2024-11-03,Hydro Water Reservoir,7175.1
2024-11-04,Hydro Pumped Storage,16417.6
2024-11-04,Hydro Pumped Storage Consumption,0.0
2024-11-04,Hydro Run-of-river and poundage,66270.1
2024-11-04,Hydro Water Reservoir,9449.7
2024-11-05,Hydro Pumped Storage,15978.6
2024-11-05,Hydro Pumped Storage Consumption,1016.5
2024-11-05,Hydro Run-of-river and poundage,66687.2
2024-11-05,Hydro Water Reservoir,9667.0
2024-11-06,Hydro Pumped Storage,21379.8
2024-11-06,Hydro Pumped Storage Consumption,439.9
2024-11-06,Hydro Run-of-river and poundage,67053.3
2024-11-06,Hydro Water Reservoir,9654.8
2024-11-07,Hydro Pumped Storage,22801.4
2024-11-07,Hydro Pumped Storage Consumption,532.3
2024-11-07,Hydro Run-of-river and poundage,67917.9
2024-11-07,Hydro Water Reservoir,10593.2
2024-11-08,Hydro Pumped Storage,14611.2
2024-11-08,Hydro Pumped Storage Consumption,817.6
2024-11-08,Hydro Run-of-river and poundage,65892.8
2024-11-08,Hydro Water Reservoir,8076.9
2024-11-09,Hydro Pumped Storage,7296.1
2024-11-09,Hydro Pumped Storage Consumption,4731.1
2024-11-09,Hydro Run-of-river and poundage,61307.1
2024-11-09,Hydro Water Reservoir,7716.3
2024-11-10,Hydro Pumped Storage,5445.1
2024-11-10,Hydro Pumped Storage Consumption,8167.6
2024-11-10,Hydro Run-of-river and poundage,58394.4
2024-11-10,Hydro Water Reservoir,7392.3
2024-11-11,Hydro Pumped Storage,19348.7
2024-11-11,Hydro Pumped Storage Consumption,5133.4
2024-11-11,Hydro Run-of-river and poundage,58237.2
2024-11-11,Hydro Water Reservoir,10141.7
2024-11-12,Hydro Pumped Storage,27641.1
2024-11-12,Hydro Pumped Storage Consumption,3189.3
2024-11-12,Hydro Run-of-river and poundage,59026.2
2024-11-12,Hydro Water Reservoir,11340.5
2024-11-13,Hydro Pumped Storage,27062.3
2024-11-13,Hydro Pumped Storage Consumption,5983.9
2024-11-13,Hydro Run-of-river and poundage,58047.9
2024-11-13,Hydro Water Reservoir,10339.2
2024-11-14,Hydro Pumped Storage,18927.2
2024-11-14,Hydro Pumped Storage Consumption,2925.8
2024-11-14,Hydro Run-of-river and poundage,58712.1
2024-11-14,Hydro Water Reservoir,9088.2
2024-11-15,Hydro Pumped Storage,15942.2
2024-11-15,Hydro Pumped Storage Consumption,4848.6
2024-11-15,Hydro Run-of-river and poundage,56378.6
2024-11-15,Hydro Water Reservoir,8111.5
2024-11-16,Hydro Pumped Storage,4122.9
2024-11-16,Hydro Pumped Storage Consumption,8147.9
2024-11-16,Hydro Run-of-river and poundage,52108.9
2024-11-16,Hydro Water Reservoir,4665.4
2024-11-17,Hydro Pumped Storage,4430.7
2024-11-17,Hydro Pumped Storage Consumption,10374.8
2024-11-17,Hydro Run-of-river and poundage,50331.4
2024-11-17,Hydro Water Reservoir,6024.8
2024-11-18,Hydro Pumped Storage,17013.3
2024-11-18,Hydro Pumped Storage Consumption,5604.0
2024-11-18,Hydro Run-of-river and poundage,54009.7
2024-11-18,Hydro Water Reservoir,8498.7
2024-11-19,Hydro Pumped Storage,8658.2
2024-11-19,Hydro Pumped Storage Consumption,4425.1
2024-11-19,Hydro Run-of-river and poundage,53468.8
2024-11-19,Hydro Water Reservoir,7507.0
2024-11-20,Hydro Pumped Storage,6596.8
2024-11-20,Hydro Pumped Storage Consumption,7934.1
2024-11-20,Hydro Run-of-river and poundage,56234.5
2024-11-20,Hydro Water Reservoir,6494.2
2024-11-21,Hydro Pumped Storage,16357.0
2024-11-21,Hydro Pumped Storage Consumption,5474.6
2024-11-21,Hydro Run-of-river and poundage,57856.1
2024-11-21,Hydro Water Reservoir,8215.8
2024-11-22,Hydro Pumped Storage,9838.4
2024-11-22,Hydro Pumped Storage Consumption,1644.4
2024-11-22,Hydro Run-of-river and poundage,59360.2
2024-11-22,Hydro Water Reservoir,8924.2
2024-11-23,Hydro Pumped Storage,4937.5
2024-11-23,Hydro Pumped Storage Consumption,20399.2
2024-11-23,Hydro Run-of-river and poundage,53932.7
2024-11-23,Hydro Water Reservoir,6250.1
2024-11-24,Hydro Pumped Storage,3379.4
2024-11-24,Hydro Pumped Storage Consumption,14322.7
2024-11-24,Hydro Run-of-river and poundage,48765.4
2024-11-24,Hydro Water Reservoir,3490.1
2024-11-25,Hydro Pumped Storage,10361.5
2024-11-25,Hydro Pumped Storage Consumption,8369.2
2024-11-25,Hydro Run-of-river and poundage,52697.6
2024-11-25,Hydro Water Reservoir,7601.9
2024-11-26,Hydro Pumped Storage,17640.8
2024-11-26,Hydro Pumped Storage Consumption,3392.9
2024-11-26,Hydro Run-of-river and poundage,53882.3
2024-11-26,Hydro Water Reservoir,9864.2
2024-11-27,Hydro Pumped Storage,10516.0
2024-11-27,Hydro Pumped Storage Consumption,3308.0
2024-11-27,Hydro Run-of-river and poundage,55673.6
2024-11-27,Hydro Water Reservoir,10193.1
2024-11-28,Hydro Pumped Storage,7034.6
2024-11-28,Hydro Pumped Storage Consumption,6381.1
2024-11-28,Hydro Run-of-river and poundage,55917.5
2024-11-28,Hydro Water Reservoir,6949.4
2024-11-29,Hydro Pumped Storage,5462.1
2024-11-29,Hydro Pumped Storage Consumption,6041.1
2024-11-29,Hydro Run-of-river and poundage,59357.1
2024-11-29,Hydro Water Reservoir,6561.9
2024-11-30,Hydro Pumped Storage,3336.9
2024-11-30,Hydro Pumped Storage Consumption,13118.4
2024-11-30,Hydro Run-of-river and poundage,57207.5
2024-11-30,Hydro Water Reservoir,4547.7
2024-12-01,Hydro Pumped Storage,2784.4
2024-12-01,Hydro Pumped Storage Consumption,15163.8
2024-12-01,Hydro Run-of-river and poundage,47592.0
2024-12-01,Hydro Water Reservoir,5512.3
2024-12-02,Hydro Pumped Storage,17578.4
2024-12-02,Hydro Pumped Storage Consumption,6420.7
2024-12-02,Hydro Run-of-river and poundage,47905.4
2024-12-02,Hydro Water Reservoir,7850.6
2024-12-03,Hydro Pumped Storage,32995.6
2024-12-03,Hydro Pumped Storage Consumption,3088.8
2024-12-03,Hydro Run-of-river and poundage,48797.4
2024-12-03,Hydro Water Reservoir,12649.9
2024-12-04,Hydro Pumped Storage,30437.7
2024-12-04,Hydro Pumped Storage Consumption,2651.7
2024-12-04,Hydro Run-of-river and poundage,53918.7
2024-12-04,Hydro Water Reservoir,15106.5
2024-12-05,Hydro Pumped Storage,13564.6
2024-12-05,Hydro Pumped Storage Consumption,3163.2
2024-12-05,Hydro Run-of-river and poundage,52571.2
2024-12-05,Hydro Water Reservoir,7614.8
2024-12-06,Hydro Pumped Storage,11711.5
2024-12-06,Hydro Pumped Storage Consumption,8358.5
2024-12-06,Hydro Run-of-river and poundage,51288.5
2024-12-06,Hydro Water Reservoir,5590.0
2024-12-07,Hydro Pumped Storage,2182.9
2024-12-07,Hydro Pumped Storage Consumption,9663.3
2024-12-07,Hydro Run-of-river and poundage,59670.5
2024-12-07,Hydro Water Reservoir,5436.9
2024-12-08,Hydro Pumped Storage,956.5
2024-12-08,Hydro Pumped Storage Consumption,17938.9
2024-12-08,Hydro Run-of-river and poundage,58768.0
2024-12-08,Hydro Water Reservoir,4978.0
2024-12-09,Hydro Pumped Storage,19168.3
2024-12-09,Hydro Pumped Storage Consumption,9170.3
2024-12-09,Hydro Run-of-river and poundage,60520.1
2024-12-09,Hydro Water Reservoir,8551.9
2024-12-10,Hydro Pumped Storage,29147.2
2024-12-10,Hydro Pumped Storage Consumption,5372.3
2024-12-10,Hydro Run-of-river and poundage,59211.3
2024-12-10,Hydro Water Reservoir,15319.2
2024-12-11,Hydro Pumped Storage,31579.0
2024-12-11,Hydro Pumped Storage Consumption,4691.3
2024-12-11,Hydro Run-of-river and poundage,58841.6
2024-12-11,Hydro Water Reservoir,15886.5
2024-12-12,Hydro Pumped Storage,35277.6
2024-12-12,Hydro Pumped Storage Consumption,2884.9
2024-12-12,Hydro Run-of-river and poundage,58349.7
2024-12-12,Hydro Water Reservoir,16760.7
2024-12-13,Hydro Pumped Storage,27587.3
2024-12-13,Hydro Pumped Storage Consumption,2220.1
2024-12-13,Hydro Run-of-river and poundage,55401.9
2024-12-13,Hydro Water Reservoir,12339.4
2024-12-14,Hydro Pumped Storage,5424.9
2024-12-14,Hydro Pumped Storage Consumption,693.0
2024-12-14,Hydro Run-of-river and poundage,49937.2
2024-12-14,Hydro Water Reservoir,5727.0
2024-12-15,Hydro Pumped Storage,2375.8
2024-12-15,Hydro Pumped Storage Consumption,9191.7
2024-12-15,Hydro Run-of-river and poundage,44200.9
2024-12-15,Hydro Water Reservoir,3880.9
2024-12-16,Hydro Pumped Storage,13112.2
2024-12-16,Hydro Pumped Storage Consumption,8384.4
2024-12-16,Hydro Run-of-river and poundage,48742.0
2024-12-16,Hydro Water Reservoir,7275.2
2024-12-17,Hydro Pumped Storage,15203.0
2024-12-17,Hydro Pumped Storage Consumption,7684.9
2024-12-17,Hydro Run-of-river and poundage,51099.6
2024-12-17,Hydro Water Reservoir,4103.6
2024-12-18,Hydro Pumped Storage,14666.7
2024-12-18,Hydro Pumped Storage Consumption,319.0
2024-12-18,Hydro Run-of-river and poundage,51935.0
2024-12-18,Hydro Water Reservoir,5784.8
2024-12-19,Hydro Pumped Storage,8270.4
2024-12-19,Hydro Pumped Storage Consumption,974.0
2024-12-19,Hydro Run-of-river and poundage,47759.7
2024-12-19,Hydro Water Reservoir,3961.6
2024-12-20,Hydro Pumped Storage,11890.3
2024-12-20,Hydro Pumped Storage Consumption,8100.3
2024-12-20,Hydro Run-of-river and poundage,52792.8
2024-12-20,Hydro Water Reservoir,3824.9
2024-12-21,Hydro Pumped Storage,3919.1
2024-12-21,Hydro Pumped Storage Consumption,22709.1
2024-12-21,Hydro Run-of-river and poundage,50797.9
2024-12-21,Hydro Water Reservoir,4392.5
2024-12-22,Hydro Pumped Storage,12306.5
2024-12-22,Hydro Pumped Storage Consumption,11480.0
2024-12-22,Hydro Run-of-river and poundage,51040.8
2024-12-22,Hydro Water Reservoir,3812.7
2024-12-23,Hydro Pumped Storage,7169.3
2024-12-23,Hydro Pumped Storage Consumption,10052.3
2024-12-23,Hydro Run-of-river and poundage,59596.5
2024-12-23,Hydro Water Reservoir,2561.7
2024-12-24,Hydro Pumped Storage,7232.3
2024-12-24,Hydro Pumped Storage Consumption,7410.9
2024-12-24,Hydro Run-of-river and poundage,57324.6
2024-12-24,Hydro Water Reservoir,2058.2
2024-12-25,Hydro Pumped Storage,3600.1
2024-12-25,Hydro Pumped Storage Consumption,17401.6
2024-12-25,Hydro Run-of-river and poundage,52535.4
2024-12-25,Hydro Water Reservoir,2216.9
2024-12-26,Hydro Pumped Storage,11573.0
2024-12-26,Hydro Pumped Storage Consumption,3935.4
2024-12-26,Hydro Run-of-river and poundage,49128.0
2024-12-26,Hydro Water Reservoir,2813.0
2024-12-27,Hydro Pumped Storage,25902.8
2024-12-27,Hydro Pumped Storage Consumption,2539.9
2024-12-27,Hydro Run-of-river and poundage,46978.8
2024-12-27,Hydro Water Reservoir,7141.3
2024-12-28,Hydro Pumped Storage,16961.5
2024-12-28,Hydro Pumped Storage Consumption,79.5
2024-12-28,Hydro Run-of-river and poundage,46442.1
2024-12-28,Hydro Water Reservoir,7708.3
2024-12-29,Hydro Pumped Storage,11511.7
2024-12-29,Hydro Pumped Storage Consumption,3195.8
2024-12-29,Hydro Run-of-river and poundage,45369.8
2024-12-29,Hydro Water Reservoir,8086.2
2024-12-30,Hydro Pumped Storage,12345.1
2024-12-30,Hydro Pumped Storage Consumption,4887.8
2024-12-30,Hydro Run-of-river and poundage,44942.8
2024-12-30,Hydro Water Reservoir,7189.9
2024-12-31,Hydro Pumped Storage,10259.9
2024-12-31,Hydro Pumped Storage Consumption,1140.4
2024-12-31,Hydro Run-of-river and poundage,43003.8
2024-12-31,Hydro Water Reservoir,6751.0
2025-01-01,Hydro Pumped Storage,0.0
2025-01-01,Hydro Pumped Storage Consumption,18318.8
2025-01-01,Hydro Run-of-river and poundage,41537.8
2025-01-01,Hydro Water Reservoir,5990.0
2025-01-02,Hydro Pumped Storage,11123.2
2025-01-02,Hydro Pumped Storage Consumption,3579.4
2025-01-02,Hydro Run-of-river and poundage,42815.8
2025-01-02,Hydro Water Reservoir,7737.5
2025-01-03,Hydro Pumped Storage,9530.7
2025-01-03,Hydro Pumped Storage Consumption,7664.7
2025-01-03,Hydro Run-of-river and poundage,42746.2
2025-01-03,Hydro Water Reservoir,7004.3
2025-01-04,Hydro Pumped Storage,10732.4
2025-01-04,Hydro Pumped Storage Consumption,6313.8
2025-01-04,Hydro Run-of-river and poundage,42684.3
2025-01-04,Hydro Water Reservoir,7525.7
2025-01-05,Hydro Pumped Storage,6203.5
2025-01-05,Hydro Pumped Storage Consumption,5612.5
2025-01-05,Hydro Run-of-river and poundage,43150.5
2025-01-05,Hydro Water Reservoir,7567.5
2025-01-06,Hydro Pumped Storage,5758.6
2025-01-06,Hydro Pumped Storage Consumption,20408.1
2025-01-06,Hydro Run-of-river and poundage,48111.1
2025-01-06,Hydro Water Reservoir,6593.9
2025-01-07,Hydro Pumped Storage,14903.6
2025-01-07,Hydro Pumped Storage Consumption,10982.9
2025-01-07,Hydro Run-of-river and poundage,56279.2
2025-01-07,Hydro Water Reservoir,5830.0
2025-01-08,Hydro Pumped Storage,9171.0
2025-01-08,Hydro Pumped Storage Consumption,13925.2
2025-01-08,Hydro Run-of-river and poundage,58889.6
2025-01-08,Hydro Water Reservoir,6809.4
2025-01-09,Hydro Pumped Storage,18158.1
2025-01-09,Hydro Pumped Storage Consumption,12575.3
2025-01-09,Hydro Run-of-river and poundage,60767.7
2025-01-09,Hydro Water Reservoir,8731.7
2025-01-10,Hydro Pumped Storage,10888.7
2025-01-10,Hydro Pumped Storage Consumption,11269.2
2025-01-10,Hydro Run-of-river and poundage,68364.7
2025-01-10,Hydro Water Reservoir,7198.8
2025-01-11,Hydro Pumped Storage,2858.9
2025-01-11,Hydro Pumped Storage Consumption,12065.8
2025-01-11,Hydro Run-of-river and poundage,59488.5
2025-01-11,Hydro Water Reservoir,4300.7
2025-01-12,Hydro Pumped Storage,10150.8
2025-01-12,Hydro Pumped Storage Consumption,12650.0
2025-01-12,Hydro Run-of-river and poundage,60932.5
2025-01-12,Hydro Water Reservoir,5633.6
2025-01-13,Hydro Pumped Storage,25329.4
2025-01-13,Hydro Pumped Storage Consumption,659.3
2025-01-13,Hydro Run-of-river and poundage,61136.0
2025-01-13,Hydro Water Reservoir,10562.8
2025-01-14,Hydro Pumped Storage,24536.9
2025-01-14,Hydro Pumped Storage Consumption,2609.1
2025-01-14,Hydro Run-of-river and poundage,58159.3
2025-01-14,Hydro Water Reservoir,10784.7
2025-01-15,Hydro Pumped Storage,30971.7
2025-01-15,Hydro Pumped Storage Consumption,2299.1
2025-01-15,Hydro Run-of-river and poundage,57254.3
2025-01-15,Hydro Water Reservoir,13172.3
2025-01-16,Hydro Pumped Storage,29311.1
2025-01-16,Hydro Pumped Storage Consumption,3781.7
2025-01-16,Hydro Run-of-river and poundage,55067.7
2025-01-16,Hydro Water Reservoir,10108.0
2025-01-17,Hydro Pumped Storage,35204.7
2025-01-17,Hydro Pumped Storage Consumption,3127.0
2025-01-17,Hydro Run-of-river and poundage,54022.8
2025-01-17,Hydro Water Reservoir,12213.8
2025-01-18,Hydro Pumped Storage,15964.9
2025-01-18,Hydro Pumped Storage Consumption,4951.2
2025-01-18,Hydro Run-of-river and poundage,52541.8
2025-01-18,Hydro Water Reservoir,9263.6
2025-01-19,Hydro Pumped Storage,10132.2
2025-01-19,Hydro Pumped Storage Consumption,6349.5
2025-01-19,Hydro Run-of-river and poundage,51130.9
2025-01-19,Hydro Water Reservoir,8290.8
2025-01-20,Hydro Pumped Storage,38660.7
2025-01-20,Hydro Pumped Storage Consumption,3960.7
2025-01-20,Hydro Run-of-river and poundage,52217.3
2025-01-20,Hydro Water Reservoir,17602.6
2025-01-21,Hydro Pumped Storage,31415.6
2025-01-21,Hydro Pumped Storage Consumption,2367.1
2025-01-21,Hydro Run-of-river and poundage,53481.6
2025-01-21,Hydro Water Reservoir,13628.0
2025-01-22,Hydro Pumped Storage,28124.5
2025-01-22,Hydro Pumped Storage Consumption,2120.7
2025-01-22,Hydro Run-of-river and poundage,52531.6
2025-01-22,Hydro Water Reservoir,14090.5
2025-01-23,Hydro Pumped Storage,20776.5
2025-01-23,Hydro Pumped Storage Consumption,2447.4
2025-01-23,Hydro Run-of-river and poundage,50450.6
2025-01-23,Hydro Water Reservoir,11244.7
2025-01-24,Hydro Pumped Storage,11844.1
2025-01-24,Hydro Pumped Storage Consumption,3270.3
2025-01-24,Hydro Run-of-river and poundage,46650.8
2025-01-24,Hydro Water Reservoir,7859.9
2025-01-25,Hydro Pumped Storage,6900.4
2025-01-25,Hydro Pumped Storage Consumption,17636.7
2025-01-25,Hydro Run-of-river and poundage,42459.5
2025-01-25,Hydro Water Reservoir,5656.1
2025-01-26,Hydro Pumped Storage,2568.8
2025-01-26,Hydro Pumped Storage Consumption,20564.4
2025-01-26,Hydro Run-of-river and poundage,42409.5
2025-01-26,Hydro Water Reservoir,3866.6
2025-01-27,Hydro Pumped Storage,12399.3
2025-01-27,Hydro Pumped Storage Consumption,10168.4
2025-01-27,Hydro Run-of-river and poundage,44495.4
2025-01-27,Hydro Water Reservoir,3899.2
2025-01-28,Hydro Pumped Storage,6769.9
2025-01-28,Hydro Pumped Storage Consumption,10958.7
2025-01-28,Hydro Run-of-river and poundage,49601.3
2025-01-28,Hydro Water Reservoir,6061.0
2025-01-29,Hydro Pumped Storage,6562.5
2025-01-29,Hydro Pumped Storage Consumption,19229.1
2025-01-29,Hydro Run-of-river and poundage,60666.3
2025-01-29,Hydro Water Reservoir,6796.3
2025-01-30,Hydro Pumped Storage,16772.8
2025-01-30,Hydro Pumped Storage Consumption,5892.2
2025-01-30,Hydro Run-of-river and poundage,64465.5
2025-01-30,Hydro Water Reservoir,8582.0
2025-01-31,Hydro Pumped Storage,15799.1
2025-01-31,Hydro Pumped Storage Consumption,8451.2
2025-01-31,Hydro Run-of-river and poundage,60357.4
2025-01-31,Hydro Water Reservoir,8518.4
2025-02-01,Hydro Pumped Storage,11212.2
2025-02-01,Hydro Pumped Storage Consumption,5582.7
2025-02-01,Hydro Run-of-river and poundage,57376.7
2025-02-01,Hydro Water Reservoir,8459.9
2025-02-02,Hydro Pumped Storage,7411.0
2025-02-02,Hydro Pumped Storage Consumption,6137.1
2025-02-02,Hydro Run-of-river and poundage,51507.1
2025-02-02,Hydro Water Reservoir,7531.4
2025-02-03,Hydro Pumped Storage,21192.9
2025-02-03,Hydro Pumped Storage Consumption,4527.0
2025-02-03,Hydro Run-of-river and poundage,55740.0
2025-02-03,Hydro Water Reservoir,9785.6
2025-02-04,Hydro Pumped Storage,18197.6
2025-02-04,Hydro Pumped Storage Consumption,4639.4
2025-02-04,Hydro Run-of-river and poundage,53772.0
2025-02-04,Hydro Water Reservoir,9611.6
2025-02-05,Hydro Pumped Storage,20496.2
2025-02-05,Hydro Pumped Storage Consumption,2760.0
2025-02-05,Hydro Run-of-river and poundage,53425.0
2025-02-05,Hydro Water Reservoir,9966.5
2025-02-06,Hydro Pumped Storage,18957.2
2025-02-06,Hydro Pumped Storage Consumption,1555.3
2025-02-06,Hydro Run-of-river and poundage,54002.7
2025-02-06,Hydro Water Reservoir,10436.8
2025-02-07,Hydro Pumped Storage,10221.6
2025-02-07,Hydro Pumped Storage Consumption,15307.0
2025-02-07,Hydro Run-of-river and poundage,51320.3
2025-02-07,Hydro Water Reservoir,7289.2
2025-02-08,Hydro Pumped Storage,9744.3
2025-02-08,Hydro Pumped Storage Consumption,20370.4
2025-02-08,Hydro Run-of-river and poundage,48985.4
2025-02-08,Hydro Water Reservoir,8043.2
2025-02-09,Hydro Pumped Storage,9596.9
2025-02-09,Hydro Pumped Storage Consumption,5343.2
2025-02-09,Hydro Run-of-river and poundage,46617.5
2025-02-09,Hydro Water Reservoir,9000.0
2025-02-10,Hydro Pumped Storage,18283.6
2025-02-10,Hydro Pumped Storage Consumption,5013.6
2025-02-10,Hydro Run-of-river and poundage,47722.3
2025-02-10,Hydro Water Reservoir,9307.0
2025-02-11,Hydro Pumped Storage,21878.8
2025-02-11,Hydro Pumped Storage Consumption,5640.2
2025-02-11,Hydro Run-of-river and poundage,47250.0
2025-02-11,Hydro Water Reservoir,9812.5
2025-02-12,Hydro Pumped Storage,27575.4
2025-02-12,Hydro Pumped Storage Consumption,326.1
2025-02-12,Hydro Run-of-river and poundage,46998.9
2025-02-12,Hydro Water Reservoir,10676.5
2025-02-13,Hydro Pumped Storage,33650.4
2025-02-13,Hydro Pumped Storage Consumption,0.0
2025-02-13,Hydro Run-of-river and poundage,51304.8
2025-02-13,Hydro Water Reservoir,15320.4
2025-02-14,Hydro Pumped Storage,19699.0
2025-02-14,Hydro Pumped Storage Consumption,3442.5
2025-02-14,Hydro Run-of-river and poundage,53913.5
2025-02-14,Hydro Water Reservoir,12211.2
2025-02-15,Hydro Pumped Storage,8063.2
2025-02-15,Hydro Pumped Storage Consumption,8785.1
2025-02-15,Hydro Run-of-river and poundage,51729.3
2025-02-15,Hydro Water Reservoir,8292.3
2025-02-16,Hydro Pumped Storage,4869.7
2025-02-16,Hydro Pumped Storage Consumption,12904.2
2025-02-16,Hydro Run-of-river and poundage,47625.7
2025-02-16,Hydro Water Reservoir,6683.2
2025-02-17,Hydro Pumped Storage,19215.4
2025-02-17,Hydro Pumped Storage Consumption,6692.7
2025-02-17,Hydro Run-of-river and poundage,48363.4
2025-02-17,Hydro Water Reservoir,12522.6
2025-02-18,Hydro Pumped Storage,19547.3
2025-02-18,Hydro Pumped Storage Consumption,5.3
2025-02-18,Hydro Run-of-river and poundage,49073.7
2025-02-18,Hydro Water Reservoir,11675.3
2025-02-19,Hydro Pumped Storage,18165.4
2025-02-19,Hydro Pumped Storage Consumption,3801.6
2025-02-19,Hydro Run-of-river and poundage,47856.7
2025-02-19,Hydro Water Reservoir,10759.6
2025-02-20,Hydro Pumped Storage,13124.5
2025-02-20,Hydro Pumped Storage Consumption,12627.2
2025-02-20,Hydro Run-of-river and poundage,45055.3
2025-02-20,Hydro Water Reservoir,6401.2
2025-02-21,Hydro Pumped Storage,11343.8
2025-02-21,Hydro Pumped Storage Consumption,14111.3
2025-02-21,Hydro Run-of-river and poundage,42429.9
2025-02-21,Hydro Water Reservoir,5265.4
2025-02-22,Hydro Pumped Storage,5714.5
2025-02-22,Hydro Pumped Storage Consumption,17297.9
2025-02-22,Hydro Run-of-river and poundage,40093.4
2025-02-22,Hydro Water Reservoir,3464.4
2025-02-23,Hydro Pumped Storage,10561.5
2025-02-23,Hydro Pumped Storage Consumption,2035.7
2025-02-23,Hydro Run-of-river and poundage,40255.0
2025-02-23,Hydro Water Reservoir,5606.0
2025-02-24,Hydro Pumped Storage,14153.1
2025-02-24,Hydro Pumped Storage Consumption,5402.1
2025-02-24,Hydro Run-of-river and poundage,43273.6
2025-02-24,Hydro Water Reservoir,8189.1
2025-02-25,Hydro Pumped Storage,17368.9
2025-02-25,Hydro Pumped Storage Consumption,3840.5
2025-02-25,Hydro Run-of-river and poundage,44816.8
2025-02-25,Hydro Water Reservoir,9434.5
2025-02-26,Hydro Pumped Storage,16002.6
2025-02-26,Hydro Pumped Storage Consumption,2117.2
2025-02-26,Hydro Run-of-river and poundage,47253.5
2025-02-26,Hydro Water Reservoir,8970.0
2025-02-27,Hydro Pumped Storage,15291.0
2025-02-27,Hydro Pumped Storage Consumption,4912.1
2025-02-27,Hydro Run-of-river and poundage,48125.4
2025-02-27,Hydro Water Reservoir,8824.5
2025-02-28,Hydro Pumped Storage,14919.3
2025-02-28,Hydro Pumped Storage Consumption,1566.0
2025-02-28,Hydro Run-of-river and poundage,47055.7
2025-02-28,Hydro Water Reservoir,7085.2
2025-03-01,Hydro Pumped Storage,8877.7
2025-03-01,Hydro Pumped Storage Consumption,2460.7
2025-03-01,Hydro Run-of-river and poundage,45550.6
2025-03-01,Hydro Water Reservoir,4582.1
2025-03-02,Hydro Pumped Storage,6200.8
2025-03-02,Hydro Pumped Storage Consumption,15669.5
2025-03-02,Hydro Run-of-river and poundage,42222.3
2025-03-02,Hydro Water Reservoir,5099.0
2025-03-03,Hydro Pumped Storage,17369.2
2025-03-03,Hydro Pumped Storage Consumption,8546.9
2025-03-03,Hydro Run-of-river and poundage,43980.5
2025-03-03,Hydro Water Reservoir,8061.4
2025-03-04,Hydro Pumped Storage,18244.7
2025-03-04,Hydro Pumped Storage Consumption,7369.2
2025-03-04,Hydro Run-of-river and poundage,43406.7
2025-03-04,Hydro Water Reservoir,8229.9
2025-03-05,Hydro Pumped Storage,17311.7
2025-03-05,Hydro Pumped Storage Consumption,9799.5
2025-03-05,Hydro Run-of-river and poundage,44329.9
2025-03-05,Hydro Water Reservoir,7159.5
2025-03-06,Hydro Pumped Storage,15733.1
2025-03-06,Hydro Pumped Storage Consumption,11338.7
2025-03-06,Hydro Run-of-river and poundage,43044.5
2025-03-06,Hydro Water Reservoir,6954.9
2025-03-07,Hydro Pumped Storage,18545.0
2025-03-07,Hydro Pumped Storage Consumption,10003.4
2025-03-07,Hydro Run-of-river and poundage,42786.9
2025-03-07,Hydro Water Reservoir,8265.4
2025-03-08,Hydro Pumped Storage,8703.5
2025-03-08,Hydro Pumped Storage Consumption,11306.2
2025-03-08,Hydro Run-of-river and poundage,40111.2
2025-03-08,Hydro Water Reservoir,4849.7
2025-03-09,Hydro Pumped Storage,6795.0
2025-03-09,Hydro Pumped Storage Consumption,13600.6
2025-03-09,Hydro Run-of-river and poundage,38858.0
2025-03-09,Hydro Water Reservoir,2368.8
2025-03-10,Hydro Pumped Storage,14120.3
2025-03-10,Hydro Pumped Storage Consumption,3120.8
2025-03-10,Hydro Run-of-river and poundage,39751.5
2025-03-10,Hydro Water Reservoir,4914.5
2025-03-11,Hydro Pumped Storage,20544.2
2025-03-11,Hydro Pumped Storage Consumption,1376.9
2025-03-11,Hydro Run-of-river and poundage,40579.0
2025-03-11,Hydro Water Reservoir,7032.8
2025-03-12,Hydro Pumped Storage,14911.3
2025-03-12,Hydro Pumped Storage Consumption,4475.9
2025-03-12,Hydro Run-of-river and poundage,42658.0
2025-03-12,Hydro Water Reservoir,6225.7
2025-03-13,Hydro Pumped Storage,13808.3
2025-03-13,Hydro Pumped Storage Consumption,4829.5
2025-03-13,Hydro Run-of-river and poundage,46042.4
2025-03-13,Hydro Water Reservoir,6759.3
2025-03-14,Hydro Pumped Storage,12499.0
2025-03-14,Hydro Pumped Storage Consumption,1207.5
2025-03-14,Hydro Run-of-river and poundage,51108.5
2025-03-14,Hydro Water Reservoir,8317.5
2025-03-15,Hydro Pumped Storage,4052.5
2025-03-15,Hydro Pumped Storage Consumption,13067.8
2025-03-15,Hydro Run-of-river and poundage,47142.4
2025-03-15,Hydro Water Reservoir,2920.0
2025-03-16,Hydro Pumped Storage,6966.0
2025-03-16,Hydro Pumped Storage Consumption,16570.8
2025-03-16,Hydro Run-of-river and poundage,45466.7
2025-03-16,Hydro Water Reservoir,3497.4
2025-03-17,Hydro Pumped Storage,14301.3
2025-03-17,Hydro Pumped Storage Consumption,4634.3
2025-03-17,Hydro Run-of-river and poundage,45864.6
2025-03-17,Hydro Water Reservoir,5401.4
2025-03-18,Hydro Pumped Storage,18469.6
2025-03-18,Hydro Pumped Storage Consumption,8723.2
2025-03-18,Hydro Run-of-river and poundage,46525.5
2025-03-18,Hydro Water Reservoir,5762.6
2025-03-19,Hydro Pumped Storage,21402.5
2025-03-19,Hydro Pumped Storage Consumption,8980.2
2025-03-19,Hydro Run-of-river and poundage,45082.2
2025-03-19,Hydro Water Reservoir,5235.5
2025-03-20,Hydro Pumped Storage,23603.9
2025-03-20,Hydro Pumped Storage Consumption,6853.0
2025-03-20,Hydro Run-of-river and poundage,44883.0
2025-03-20,Hydro Water Reservoir,5944.7
2025-03-21,Hydro Pumped Storage,16005.5
2025-03-21,Hydro Pumped Storage Consumption,9027.9
2025-03-21,Hydro Run-of-river and poundage,43143.5
2025-03-21,Hydro Water Reservoir,4120.4
2025-03-22,Hydro Pumped Storage,8221.1
2025-03-22,Hydro Pumped Storage Consumption,11425.5
2025-03-22,Hydro Run-of-river and poundage,41861.5
2025-03-22,Hydro Water Reservoir,3101.3
2025-03-23,Hydro Pumped Storage,9744.3
2025-03-23,Hydro Pumped Storage Consumption,16878.2
2025-03-23,Hydro Run-of-river and poundage,41783.6
2025-03-23,Hydro Water Reservoir,5088.4
2025-03-24,Hydro Pumped Storage,20493.0
2025-03-24,Hydro Pumped Storage Consumption,14.4
2025-03-24,Hydro Run-of-river and poundage,46518.9
2025-03-24,Hydro Water Reservoir,7565.7
2025-03-25,Hydro Pumped Storage,10223.9
2025-03-25,Hydro Pumped Storage Consumption,4509.5
2025-03-25,Hydro Run-of-river and poundage,47167.2
2025-03-25,Hydro Water Reservoir,5803.3
2025-03-26,Hydro Pumped Storage,9768.7
2025-03-26,Hydro Pumped Storage Consumption,6338.8
2025-03-26,Hydro Run-of-river and poundage,48727.6
2025-03-26,Hydro Water Reservoir,6139.4
2025-03-27,Hydro Pumped Storage,6070.9
2025-03-27,Hydro Pumped Storage Consumption,8635.0
2025-03-27,Hydro Run-of-river and poundage,49016.5
2025-03-27,Hydro Water Reservoir,4073.8
2025-03-28,Hydro Pumped Storage,12736.5
2025-03-28,Hydro Pumped Storage Consumption,4931.1
2025-03-28,Hydro Run-of-river and poundage,49474.9
2025-03-28,Hydro Water Reservoir,5706.7
2025-03-29,Hydro Pumped Storage,4724.2
2025-03-29,Hydro Pumped Storage Consumption,2119.6
2025-03-29,Hydro Run-of-river and poundage,57203.6
2025-03-29,Hydro Water Reservoir,3743.9
2025-03-30,Hydro Pumped Storage,333.5
2025-03-30,Hydro Pumped Storage Consumption,21413.0
2025-03-30,Hydro Run-of-river and poundage,67473.2
2025-03-30,Hydro Water Reservoir,2068.1
2025-03-31,Hydro Pumped Storage,13017.6
2025-03-31,Hydro Pumped Storage Consumption,8115.9
2025-03-31,Hydro Run-of-river and poundage,70909.9
2025-03-31,Hydro Water Reservoir,4257.5
2025-04-01,Hydro Pumped Storage,8349.5
2025-04-01,Hydro Pumped Storage Consumption,5321.3
2025-04-01,Hydro Run-of-river and poundage,79879.6
2025-04-01,Hydro Water Reservoir,3984.0
2025-04-02,Hydro Pumped Storage,10047.9
2025-04-02,Hydro Pumped Storage Consumption,6074.2
2025-04-02,Hydro Run-of-river and poundage,70461.5
2025-04-02,Hydro Water Reservoir,3858.4
2025-04-03,Hydro Pumped Storage,14596.0
2025-04-03,Hydro Pumped Storage Consumption,11661.5
2025-04-03,Hydro Run-of-river and poundage,66935.1
2025-04-03,Hydro Water Reservoir,4729.9
2025-04-04,Hydro Pumped Storage,20258.4
2025-04-04,Hydro Pumped Storage Consumption,8658.2
2025-04-04,Hydro Run-of-river and poundage,67056.6
2025-04-04,Hydro Water Reservoir,4963.8
2025-04-05,Hydro Pumped Storage,3878.5
2025-04-05,Hydro Pumped Storage Consumption,12784.5
2025-04-05,Hydro Run-of-river and poundage,64758.5
2025-04-05,Hydro Water Reservoir,3829.1
2025-04-06,Hydro Pumped Storage,4898.2
2025-04-06,Hydro Pumped Storage Consumption,13681.7
2025-04-06,Hydro Run-of-river and poundage,60697.1
2025-04-06,Hydro Water Reservoir,3984.8
2025-04-07,Hydro Pumped Storage,13483.8
2025-04-07,Hydro Pumped Storage Consumption,6213.5
2025-04-07,Hydro Run-of-river and poundage,58598.0
2025-04-07,Hydro Water Reservoir,5481.3
2025-04-08,Hydro Pumped Storage,12669.5
2025-04-08,Hydro Pumped Storage Consumption,2746.2
2025-04-08,Hydro Run-of-river and poundage,55266.7
2025-04-08,Hydro Water Reservoir,6144.0
2025-04-09,Hydro Pumped Storage,9118.2
2025-04-09,Hydro Pumped Storage Consumption,4442.4
2025-04-09,Hydro Run-of-river and poundage,53556.8
2025-04-09,Hydro Water Reservoir,6170.3
2025-04-10,Hydro Pumped Storage,9269.6
2025-04-10,Hydro Pumped Storage Consumption,3708.6
2025-04-10,Hydro Run-of-river and poundage,51972.6
2025-04-10,Hydro Water Reservoir,7500.8
2025-04-11,Hydro Pumped Storage,13298.4
2025-04-11,Hydro Pumped Storage Consumption,9191.4
2025-04-11,Hydro Run-of-river and poundage,49153.8
2025-04-11,Hydro Water Reservoir,6051.6
2025-04-12,Hydro Pumped Storage,6142.9
2025-04-12,Hydro Pumped Storage Consumption,9022.1
2025-04-12,Hydro Run-of-river and poundage,49226.9
2025-04-12,Hydro Water Reservoir,5548.8
2025-04-13,Hydro Pumped Storage,5134.3
2025-04-13,Hydro Pumped Storage Consumption,13192.1
2025-04-13,Hydro Run-of-river and poundage,51256.7
2025-04-13,Hydro Water Reservoir,4716.8
2025-04-14,Hydro Pumped Storage,10465.7
2025-04-14,Hydro Pumped Storage Consumption,5161.7
2025-04-14,Hydro Run-of-river and poundage,54075.9
2025-04-14,Hydro Water Reservoir,6553.4
2025-04-15,Hydro Pumped Storage,8911.2
2025-04-15,Hydro Pumped Storage Consumption,3861.8
2025-04-15,Hydro Run-of-river and poundage,59478.2
2025-04-15,Hydro Water Reservoir,6317.1
2025-04-16,Hydro Pumped Storage,11131.0
2025-04-16,Hydro Pumped Storage Consumption,11751.9
2025-04-16,Hydro Run-of-river and poundage,64760.9
2025-04-16,Hydro Water Reservoir,6591.5
2025-04-17,Hydro Pumped Storage,11393.9
2025-04-17,Hydro Pumped Storage Consumption,7275.4
2025-04-17,Hydro Run-of-river and poundage,79813.7
2025-04-17,Hydro Water Reservoir,11066.0
2025-04-18,Hydro Pumped Storage,13675.2
2025-04-18,Hydro Pumped Storage Consumption,1760.7
2025-04-18,Hydro Run-of-river and poundage,97484.3
2025-04-18,Hydro Water Reservoir,9009.3
2025-04-19,Hydro Pumped Storage,14287.8
2025-04-19,Hydro Pumped Storage Consumption,9793.5
2025-04-19,Hydro Run-of-river and poundage,88679.5
2025-04-19,Hydro Water Reservoir,6592.0
2025-04-20,Hydro Pumped Storage,13402.4
2025-04-20,Hydro Pumped Storage Consumption,12496.1
2025-04-20,Hydro Run-of-river and poundage,76746.6
2025-04-20,Hydro Water Reservoir,5342.6
2025-04-21,Hydro Pumped Storage,8998.3
2025-04-21,Hydro Pumped Storage Consumption,10888.9
2025-04-21,Hydro Run-of-river and poundage,77929.1
2025-04-21,Hydro Water Reservoir,7374.0
2025-04-22,Hydro Pumped Storage,12474.0
2025-04-22,Hydro Pumped Storage Consumption,11870.3
2025-04-22,Hydro Run-of-river and poundage,76638.8
2025-04-22,Hydro Water Reservoir,11684.1
2025-04-23,Hydro Pumped Storage,6024.7
2025-04-23,Hydro Pumped Storage Consumption,6839.2
2025-04-23,Hydro Run-of-river and poundage,75948.9
2025-04-23,Hydro Water Reservoir,10872.3
2025-04-24,Hydro Pumped Storage,6474.8
2025-04-24,Hydro Pumped Storage Consumption,2891.3
2025-04-24,Hydro Run-of-river and poundage,81455.1
2025-04-24,Hydro Water Reservoir,8788.5
2025-04-25,Hydro Pumped Storage,15983.8
2025-04-25,Hydro Pumped Storage Consumption,638.2
2025-04-25,Hydro Run-of-river and poundage,86106.4
2025-04-25,Hydro Water Reservoir,11280.8
2025-04-26,Hydro Pumped Storage,11730.5
2025-04-26,Hydro Pumped Storage Consumption,11170.5
2025-04-26,Hydro Run-of-river and poundage,87677.8
2025-04-26,Hydro Water Reservoir,6245.0
2025-04-27,Hydro Pumped Storage,10578.1
2025-04-27,Hydro Pumped Storage Consumption,15935.9
2025-04-27,Hydro Run-of-river and poundage,75228.1
2025-04-27,Hydro Water Reservoir,5825.3
2025-04-28,Hydro Pumped Storage,19331.7
2025-04-28,Hydro Pumped Storage Consumption,9177.6
2025-04-28,Hydro Run-of-river and poundage,74270.0
2025-04-28,Hydro Water Reservoir,9019.0
2025-04-29,Hydro Pumped Storage,16196.3
2025-04-29,Hydro Pumped Storage Consumption,9511.6
2025-04-29,Hydro Run-of-river and poundage,75923.6
2025-04-29,Hydro Water Reservoir,8296.8
2025-04-30,Hydro Pumped Storage,19042.1
2025-04-30,Hydro Pumped Storage Consumption,12937.4
2025-04-30,Hydro Run-of-river and poundage,75103.8
2025-04-30,Hydro Water Reservoir,10379.5
2025-05-01,Hydro Pumped Storage,16058.9
2025-05-01,Hydro Pumped Storage Consumption,17598.8
2025-05-01,Hydro Run-of-river and poundage,71714.3
2025-05-01,Hydro Water Reservoir,10841.2
2025-05-02,Hydro Pumped Storage,16913.9
2025-05-02,Hydro Pumped Storage Consumption,15077.1
2025-05-02,Hydro Run-of-river and poundage,72660.9
2025-05-02,Hydro Water Reservoir,10229.6
2025-05-03,Hydro Pumped Storage,12005.5
2025-05-03,Hydro Pumped Storage Consumption,12377.1
2025-05-03,Hydro Run-of-river and poundage,75215.9
2025-05-03,Hydro Water Reservoir,10244.0
2025-05-04,Hydro Pumped Storage,9735.1
2025-05-04,Hydro Pumped Storage Consumption,28632.9
2025-05-04,Hydro Run-of-river and poundage,77005.1
2025-05-04,Hydro Water Reservoir,9426.6
2025-05-05,Hydro Pumped Storage,17863.0
2025-05-05,Hydro Pumped Storage Consumption,0.0
2025-05-05,Hydro Run-of-river and poundage,99120.7
2025-05-05,Hydro Water Reservoir,14553.2
2025-05-06,Hydro Pumped Storage,17866.9
2025-05-06,Hydro Pumped Storage Consumption,7411.0
2025-05-06,Hydro Run-of-river and poundage,109811.4
2025-05-06,Hydro Water Reservoir,13441.9
2025-05-07,Hydro Pumped Storage,14994.2
2025-05-07,Hydro Pumped Storage Consumption,7002.4
2025-05-07,Hydro Run-of-river and poundage,103731.5
2025-05-07,Hydro Water Reservoir,12030.2
2025-05-08,Hydro Pumped Storage,19891.2
2025-05-08,Hydro Pumped Storage Consumption,5640.1
2025-05-08,Hydro Run-of-river and poundage,99777.8
2025-05-08,Hydro Water Reservoir,12403.9
2025-05-09,Hydro Pumped Storage,13354.8
2025-05-09,Hydro Pumped Storage Consumption,10071.8
2025-05-09,Hydro Run-of-river and poundage,94538.9
2025-05-09,Hydro Water Reservoir,10113.5
2025-05-10,Hydro Pumped Storage,18512.3
2025-05-10,Hydro Pumped Storage Consumption,13927.3
2025-05-10,Hydro Run-of-river and poundage,85186.1
2025-05-10,Hydro Water Reservoir,9073.3
2025-05-11,Hydro Pumped Storage,13726.2
2025-05-11,Hydro Pumped Storage Consumption,18251.5
2025-05-11,Hydro Run-of-river and poundage,79648.9
2025-05-11,Hydro Water Reservoir,8252.9
2025-05-12,Hydro Pumped Storage,16206.2
2025-05-12,Hydro Pumped Storage Consumption,11975.4
2025-05-12,Hydro Run-of-river and poundage,80238.7
2025-05-12,Hydro Water Reservoir,8206.8
2025-05-13,Hydro Pumped Storage,21586.8
2025-05-13,Hydro Pumped Storage Consumption,11507.8
2025-05-13,Hydro Run-of-river and poundage,76612.2
2025-05-13,Hydro Water Reservoir,9474.2
2025-05-14,Hydro Pumped Storage,12395.2
2025-05-14,Hydro Pumped Storage Consumption,9565.8
2025-05-14,Hydro Run-of-river and poundage,71540.7
2025-05-14,Hydro Water Reservoir,8201.8
2025-05-15,Hydro Pumped Storage,10734.4
2025-05-15,Hydro Pumped Storage Consumption,6703.3
2025-05-15,Hydro Run-of-river and poundage,73157.5
2025-05-15,Hydro Water Reservoir,8961.9
2025-05-16,Hydro Pumped Storage,14224.0
2025-05-16,Hydro Pumped Storage Consumption,10922.0
2025-05-16,Hydro Run-of-river and poundage,71740.0
2025-05-16,Hydro Water Reservoir,8563.6
2025-05-17,Hydro Pumped Storage,7735.7
2025-05-17,Hydro Pumped Storage Consumption,11225.1
2025-05-17,Hydro Run-of-river and poundage,67397.6
2025-05-17,Hydro Water Reservoir,8762.9
2025-05-18,Hydro Pumped Storage,9285.8
2025-05-18,Hydro Pumped Storage Consumption,10607.5
2025-05-18,Hydro Run-of-river and poundage,65925.6
2025-05-18,Hydro Water Reservoir,7597.4
2025-05-19,Hydro Pumped Storage,20639.3
2025-05-19,Hydro Pumped Storage Consumption,8891.9
2025-05-19,Hydro Run-of-river and poundage,66072.1
2025-05-19,Hydro Water Reservoir,9598.0
2025-05-20,Hydro Pumped Storage,17254.3
2025-05-20,Hydro Pumped Storage Consumption,11316.9
2025-05-20,Hydro Run-of-river and poundage,66009.5
2025-05-20,Hydro Water Reservoir,7928.9
2025-05-21,Hydro Pumped Storage,11197.5
2025-05-21,Hydro Pumped Storage Consumption,8361.1
2025-05-21,Hydro Run-of-river and poundage,69658.1
2025-05-21,Hydro Water Reservoir,8846.5
2025-05-22,Hydro Pumped Storage,15208.0
2025-05-22,Hydro Pumped Storage Consumption,2128.6
2025-05-22,Hydro Run-of-river and poundage,77414.1
2025-05-22,Hydro Water Reservoir,12203.5
2025-05-23,Hydro Pumped Storage,7082.6
2025-05-23,Hydro Pumped Storage Consumption,14084.7
2025-05-23,Hydro Run-of-river and poundage,93519.0
2025-05-23,Hydro Water Reservoir,11334.8
2025-05-24,Hydro Pumped Storage,3314.6
2025-05-24,Hydro Pumped Storage Consumption,25069.2
2025-05-24,Hydro Run-of-river and poundage,83297.8
2025-05-24,Hydro Water Reservoir,7901.3
2025-05-25,Hydro Pumped Storage,2453.1
2025-05-25,Hydro Pumped Storage Consumption,29584.5
2025-05-25,Hydro Run-of-river and poundage,74694.2
2025-05-25,Hydro Water Reservoir,6271.3
2025-05-26,Hydro Pumped Storage,15950.4
2025-05-26,Hydro Pumped Storage Consumption,9084.1
2025-05-26,Hydro Run-of-river and poundage,82341.9
2025-05-26,Hydro Water Reservoir,12984.1
2025-05-27,Hydro Pumped Storage,11429.0
2025-05-27,Hydro Pumped Storage Consumption,12592.1
2025-05-27,Hydro Run-of-river and poundage,90978.7
2025-05-27,Hydro Water Reservoir,11958.9
2025-05-28,Hydro Pumped Storage,20527.9
2025-05-28,Hydro Pumped Storage Consumption,4046.4
2025-05-28,Hydro Run-of-river and poundage,85109.9
2025-05-28,Hydro Water Reservoir,16504.6
2025-05-29,Hydro Pumped Storage,9901.2
2025-05-29,Hydro Pumped Storage Consumption,15346.5
2025-05-29,Hydro Run-of-river and poundage,91406.4
2025-05-29,Hydro Water Reservoir,14379.2
2025-05-30,Hydro Pumped Storage,11062.1
2025-05-30,Hydro Pumped Storage Consumption,23800.2
2025-05-30,Hydro Run-of-river and poundage,101343.2
2025-05-30,Hydro Water Reservoir,13002.3
2025-05-31,Hydro Pumped Storage,10949.8
2025-05-31,Hydro Pumped Storage Consumption,19128.0
2025-05-31,Hydro Run-of-river and poundage,96657.5
2025-05-31,Hydro Water Reservoir,12756.0
2025-06-01,Hydro Pumped Storage,4480.4
2025-06-01,Hydro Pumped Storage Consumption,21291.1
2025-06-01,Hydro Run-of-river and poundage,89876.9
2025-06-01,Hydro Water Reservoir,11301.0
2025-06-02,Hydro Pumped Storage,10060.0
2025-06-02,Hydro Pumped Storage Consumption,5071.0
2025-06-02,Hydro Run-of-river and poundage,96089.0
2025-06-02,Hydro Water Reservoir,14913.1
2025-06-03,Hydro Pumped Storage,8861.5
2025-06-03,Hydro Pumped Storage Consumption,10268.0
2025-06-03,Hydro Run-of-river and poundage,104321.3
2025-06-03,Hydro Water Reservoir,17521.1
2025-06-04,Hydro Pumped Storage,2145.8
2025-06-04,Hydro Pumped Storage Consumption,13789.1
2025-06-04,Hydro Run-of-river and poundage,112885.8
2025-06-04,Hydro Water Reservoir,16843.2
2025-06-05,Hydro Pumped Storage,16408.3
2025-06-05,Hydro Pumped Storage Consumption,7092.5
2025-06-05,Hydro Run-of-river and poundage,109964.7
2025-06-05,Hydro Water Reservoir,16275.1
2025-06-06,Hydro Pumped Storage,12058.9
2025-06-06,Hydro Pumped Storage Consumption,14159.6
2025-06-06,Hydro Run-of-river and poundage,105101.4
2025-06-06,Hydro Water Reservoir,13570.8
2025-06-07,Hydro Pumped Storage,11690.6
2025-06-07,Hydro Pumped Storage Consumption,6943.4
2025-06-07,Hydro Run-of-river and poundage,100457.5
2025-06-07,Hydro Water Reservoir,14718.2
2025-06-08,Hydro Pumped Storage,5020.7
2025-06-08,Hydro Pumped Storage Consumption,15547.0
2025-06-08,Hydro Run-of-river and poundage,101722.5
2025-06-08,Hydro Water Reservoir,11823.3
2025-06-09,Hydro Pumped Storage,8981.3
2025-06-09,Hydro Pumped Storage Consumption,32976.6
2025-06-09,Hydro Run-of-river and poundage,104346.8
2025-06-09,Hydro Water Reservoir,11769.8
2025-06-10,Hydro Pumped Storage,8537.0
2025-06-10,Hydro Pumped Storage Consumption,10451.0
2025-06-10,Hydro Run-of-river and poundage,94378.6
2025-06-10,Hydro Water Reservoir,12539.5
2025-06-11,Hydro Pumped Storage,10779.3
2025-06-11,Hydro Pumped Storage Consumption,9354.7
2025-06-11,Hydro Run-of-river and poundage,90453.5
2025-06-11,Hydro Water Reservoir,15614.0
2025-06-12,Hydro Pumped Storage,14372.4
2025-06-12,Hydro Pumped Storage Consumption,12168.8
2025-06-12,Hydro Run-of-river and poundage,81380.8
2025-06-12,Hydro Water Reservoir,15731.0
2025-06-13,Hydro Pumped Storage,13467.6
2025-06-13,Hydro Pumped Storage Consumption,9716.1
2025-06-13,Hydro Run-of-river and poundage,82432.9
2025-06-13,Hydro Water Reservoir,14708.3
2025-06-14,Hydro Pumped Storage,11047.4
2025-06-14,Hydro Pumped Storage Consumption,15222.5
2025-06-14,Hydro Run-of-river and poundage,78445.7
2025-06-14,Hydro Water Reservoir,13140.6
2025-06-15,Hydro Pumped Storage,12406.0
2025-06-15,Hydro Pumped Storage Consumption,14789.1
2025-06-15,Hydro Run-of-river and poundage,79421.6
2025-06-15,Hydro Water Reservoir,13786.8
2025-06-16,Hydro Pumped Storage,7571.4
2025-06-16,Hydro Pumped Storage Consumption,9402.6
2025-06-16,Hydro Run-of-river and poundage,91088.5
2025-06-16,Hydro Water Reservoir,14123.8
2025-06-17,Hydro Pumped Storage,11897.0
2025-06-17,Hydro Pumped Storage Consumption,8885.7
2025-06-17,Hydro Run-of-river and poundage,89607.1
2025-06-17,Hydro Water Reservoir,14437.5
2025-06-18,Hydro Pumped Storage,20005.9
2025-06-18,Hydro Pumped Storage Consumption,9394.2
2025-06-18,Hydro Run-of-river and poundage,80263.4
2025-06-18,Hydro Water Reservoir,14522.9
2025-06-19,Hydro Pumped Storage,15144.0
2025-06-19,Hydro Pumped Storage Consumption,13887.7
2025-06-19,Hydro Run-of-river and poundage,74486.7
2025-06-19,Hydro Water Reservoir,12995.9
2025-06-20,Hydro Pumped Storage,22312.7
2025-06-20,Hydro Pumped Storage Consumption,15427.0
2025-06-20,Hydro Run-of-river and poundage,70864.8
2025-06-20,Hydro Water Reservoir,14255.7
2025-06-21,Hydro Pumped Storage,22682.3
2025-06-21,Hydro Pumped Storage Consumption,18532.6
2025-06-21,Hydro Run-of-river and poundage,66358.1
2025-06-21,Hydro Water Reservoir,13961.9
2025-06-22,Hydro Pumped Storage,13821.8
2025-06-22,Hydro Pumped Storage Consumption,21165.6
2025-06-22,Hydro Run-of-river and poundage,63034.9
2025-06-22,Hydro Water Reservoir,10354.2
2025-06-23,Hydro Pumped Storage,16780.0
2025-06-23,Hydro Pumped Storage Consumption,10160.5
2025-06-23,Hydro Run-of-river and poundage,62375.9
2025-06-23,Hydro Water Reservoir,12072.0
2025-06-24,Hydro Pumped Storage,15101.8
2025-06-24,Hydro Pumped Storage Consumption,8477.7
2025-06-24,Hydro Run-of-river and poundage,64908.0
2025-06-24,Hydro Water Reservoir,11158.2
2025-06-25,Hydro Pumped Storage,22841.9
2025-06-25,Hydro Pumped Storage Consumption,13506.2
2025-06-25,Hydro Run-of-river and poundage,63789.2
2025-06-25,Hydro Water Reservoir,10607.6
2025-06-26,Hydro Pumped Storage,30484.6
2025-06-26,Hydro Pumped Storage Consumption,3742.5
2025-06-26,Hydro Run-of-river and poundage,65089.7
2025-06-26,Hydro Water Reservoir,15450.5
2025-06-27,Hydro Pumped Storage,14149.0
2025-06-27,Hydro Pumped Storage Consumption,8719.2
2025-06-27,Hydro Run-of-river and poundage,70753.1
2025-06-27,Hydro Water Reservoir,11588.3
2025-06-28,Hydro Pumped Storage,5879.7
2025-06-28,Hydro Pumped Storage Consumption,21810.3
2025-06-28,Hydro Run-of-river and poundage,67211.5
2025-06-28,Hydro Water Reservoir,8786.0
2025-06-29,Hydro Pumped Storage,9468.9
2025-06-29,Hydro Pumped Storage Consumption,16729.6
2025-06-29,Hydro Run-of-river and poundage,58541.6
2025-06-29,Hydro Water Reservoir,9838.7
2025-06-30,Hydro Pumped Storage,17617.6
2025-06-30,Hydro Pumped Storage Consumption,8923.6
2025-06-30,Hydro Run-of-river and poundage,58940.1
2025-06-30,Hydro Water Reservoir,13022.4
2025-07-01,Hydro Pumped Storage,17041.0
2025-07-01,Hydro Pumped Storage Consumption,9480.6
2025-07-01,Hydro Run-of-river and poundage,60802.2
2025-07-01,Hydro Water Reservoir,11837.3
2025-07-02,Hydro Pumped Storage,17781.1
2025-07-02,Hydro Pumped Storage Consumption,9276.9
2025-07-02,Hydro Run-of-river and poundage,59754.3
2025-07-02,Hydro Water Reservoir,12738.9
2025-07-03,Hydro Pumped Storage,16360.0
2025-07-03,Hydro Pumped Storage Consumption,5583.1
2025-07-03,Hydro Run-of-river and poundage,60605.8
2025-07-03,Hydro Water Reservoir,14808.6
2025-07-04,Hydro Pumped Storage,13334.5
2025-07-04,Hydro Pumped Storage Consumption,7844.8
2025-07-04,Hydro Run-of-river and poundage,66476.7
2025-07-04,Hydro Water Reservoir,15337.9
2025-07-05,Hydro Pumped Storage,10851.8
2025-07-05,Hydro Pumped Storage Consumption,15821.4
2025-07-05,Hydro Run-of-river and poundage,61499.2
2025-07-05,Hydro Water Reservoir,12479.9
2025-07-06,Hydro Pumped Storage,13044.6
2025-07-06,Hydro Pumped Storage Consumption,14877.3
2025-07-06,Hydro Run-of-river and poundage,64726.3
2025-07-06,Hydro Water Reservoir,14132.4
2025-07-07,Hydro Pumped Storage,14026.1
2025-07-07,Hydro Pumped Storage Consumption,5629.4
2025-07-07,Hydro Run-of-river and poundage,84366.6
2025-07-07,Hydro Water Reservoir,19531.1
2025-07-08,Hydro Pumped Storage,4446.1
2025-07-08,Hydro Pumped Storage Consumption,7388.6
2025-07-08,Hydro Run-of-river and poundage,112293.4
2025-07-08,Hydro Water Reservoir,20185.6
2025-07-09,Hydro Pumped Storage,13969.6
2025-07-09,Hydro Pumped Storage Consumption,10915.0
2025-07-09,Hydro Run-of-river and poundage,111350.9
2025-07-09,Hydro Water Reservoir,18388.0
2025-07-10,Hydro Pumped Storage,11956.5
2025-07-10,Hydro Pumped Storage Consumption,10377.0
2025-07-10,Hydro Run-of-river and poundage,99430.1
2025-07-10,Hydro Water Reservoir,14414.0
2025-07-11,Hydro Pumped Storage,10051.3
2025-07-11,Hydro Pumped Storage Consumption,13331.9
2025-07-11,Hydro Run-of-river and poundage,95450.2
2025-07-11,Hydro Water Reservoir,12948.8
2025-07-12,Hydro Pumped Storage,6522.9
2025-07-12,Hydro Pumped Storage Consumption,17554.0
2025-07-12,Hydro Run-of-river and poundage,94179.9
2025-07-12,Hydro Water Reservoir,10486.3
2025-07-13,Hydro Pumped Storage,5545.1
2025-07-13,Hydro Pumped Storage Consumption,19632.7
2025-07-13,Hydro Run-of-river and poundage,84203.5
2025-07-13,Hydro Water Reservoir,10373.4
2025-07-14,Hydro Pumped Storage,9627.8
2025-07-14,Hydro Pumped Storage Consumption,6241.2
2025-07-14,Hydro Run-of-river and poundage,81972.9
2025-07-14,Hydro Water Reservoir,12127.1
2025-07-15,Hydro Pumped Storage,4530.8
2025-07-15,Hydro Pumped Storage Consumption,8382.0
2025-07-15,Hydro Run-of-river and poundage,82368.3
2025-07-15,Hydro Water Reservoir,12109.6
2025-07-16,Hydro Pumped Storage,9596.2
2025-07-16,Hydro Pumped Storage Consumption,7496.4
2025-07-16,Hydro Run-of-river and poundage,86338.8
2025-07-16,Hydro Water Reservoir,13178.4
2025-07-17,Hydro Pumped Storage,9848.4
2025-07-17,Hydro Pumped Storage Consumption,12035.6
2025-07-17,Hydro Run-of-river and poundage,103245.4
2025-07-17,Hydro Water Reservoir,15181.5
2025-07-18,Hydro Pumped Storage,12229.5
2025-07-18,Hydro Pumped Storage Consumption,7360.4
2025-07-18,Hydro Run-of-river and poundage,103610.4
2025-07-18,Hydro Water Reservoir,15815.4
2025-07-19,Hydro Pumped Storage,5297.3
2025-07-19,Hydro Pumped Storage Consumption,15620.5
2025-07-19,Hydro Run-of-river and poundage,87247.6
2025-07-19,Hydro Water Reservoir,13047.7
2025-07-20,Hydro Pumped Storage,4628.2
2025-07-20,Hydro Pumped Storage Consumption,18099.7
2025-07-20,Hydro Run-of-river and poundage,84553.2
2025-07-20,Hydro Water Reservoir,13618.2
2025-07-21,Hydro Pumped Storage,6238.6
2025-07-21,Hydro Pumped Storage Consumption,2663.9
2025-07-21,Hydro Run-of-river and poundage,84946.2
2025-07-21,Hydro Water Reservoir,16574.9
2025-07-22,Hydro Pumped Storage,12685.6
2025-07-22,Hydro Pumped Storage Consumption,10546.9
2025-07-22,Hydro Run-of-river and poundage,89849.0
2025-07-22,Hydro Water Reservoir,15847.7
2025-07-23,Hydro Pumped Storage,12050.6
2025-07-23,Hydro Pumped Storage Consumption,9139.4
2025-07-23,Hydro Run-of-river and poundage,87176.6
2025-07-23,Hydro Water Reservoir,13703.1
2025-07-24,Hydro Pumped Storage,16791.0
2025-07-24,Hydro Pumped Storage Consumption,858.0
2025-07-24,Hydro Run-of-river and poundage,87971.3
2025-07-24,Hydro Water Reservoir,18222.3
2025-07-25,Hydro Pumped Storage,16065.6
2025-07-25,Hydro Pumped Storage Consumption,2489.9
2025-07-25,Hydro Run-of-river and poundage,93680.8
2025-07-25,Hydro Water Reservoir,19647.6
2025-07-26,Hydro Pumped Storage,4167.7
2025-07-26,Hydro Pumped Storage Consumption,10612.4
2025-07-26,Hydro Run-of-river and poundage,107045.5
2025-07-26,Hydro Water Reservoir,17673.7
2025-07-27,Hydro Pumped Storage,1972.2
2025-07-27,Hydro Pumped Storage Consumption,18131.8
2025-07-27,Hydro Run-of-river and poundage,122344.1
2025-07-27,Hydro Water Reservoir,16985.4
2025-07-28,Hydro Pumped Storage,5794.5
2025-07-28,Hydro Pumped Storage Consumption,6606.6
2025-07-28,Hydro Run-of-river and poundage,123356.9
2025-07-28,Hydro Water Reservoir,17192.6
2025-07-29,Hydro Pumped Storage,11794.7
2025-07-29,Hydro Pumped Storage Consumption,12476.1
2025-07-29,Hydro Run-of-river and poundage,112363.1
2025-07-29,Hydro Water Reservoir,18460.3
2025-07-30,Hydro Pumped Storage,13057.4
2025-07-30,Hydro Pumped Storage Consumption,12271.6
2025-07-30,Hydro Run-of-river and poundage,115698.0
2025-07-30,Hydro Water Reservoir,17848.1
2025-07-31,Hydro Pumped Storage,16099.2
2025-07-31,Hydro Pumped Storage Consumption,6677.7
2025-07-31,Hydro Run-of-river and poundage,119332.5
2025-07-31,Hydro Water Reservoir,17354.3
2025-08-01,Hydro Pumped Storage,16011.8
2025-08-01,Hydro Pumped Storage Consumption,7672.8
2025-08-01,Hydro Run-of-river and poundage,114752.8
2025-08-01,Hydro Water Reservoir,16825.7
2025-08-02,Hydro Pumped Storage,10920.9
2025-08-02,Hydro Pumped Storage Consumption,13222.4
2025-08-02,Hydro Run-of-river and poundage,115759.7
2025-08-02,Hydro Water Reservoir,15320.7
2025-08-03,Hydro Pumped Storage,6149.0
2025-08-03,Hydro Pumped Storage Consumption,21746.4
2025-08-03,Hydro Run-of-river and poundage,126723.1
2025-08-03,Hydro Water Reservoir,14426.3
2025-08-04,Hydro Pumped Storage,8612.6
2025-08-04,Hydro Pumped Storage Consumption,10797.9
2025-08-04,Hydro Run-of-river and poundage,116318.6
2025-08-04,Hydro Water Reservoir,14443.5
2025-08-05,Hydro Pumped Storage,12114.7
2025-08-05,Hydro Pumped Storage Consumption,12042.4
2025-08-05,Hydro Run-of-river and poundage,107738.4
2025-08-05,Hydro Water Reservoir,14129.6
2025-08-06,Hydro Pumped Storage,19322.9
2025-08-06,Hydro Pumped Storage Consumption,11485.7
2025-08-06,Hydro Run-of-river and poundage,100998.0
2025-08-06,Hydro Water Reservoir,15152.4
2025-08-07,Hydro Pumped Storage,27248.3
2025-08-07,Hydro Pumped Storage Consumption,14045.2
2025-08-07,Hydro Run-of-river and poundage,98136.2
2025-08-07,Hydro Water Reservoir,17316.3
2025-08-08,Hydro Pumped Storage,23319.2
2025-08-08,Hydro Pumped Storage Consumption,12654.1
2025-08-08,Hydro Run-of-river and poundage,93367.7
2025-08-08,Hydro Water Reservoir,19015.9
2025-08-09,Hydro Pumped Storage,24205.5
2025-08-09,Hydro Pumped Storage Consumption,14601.4
2025-08-09,Hydro Run-of-river and poundage,86944.5
2025-08-09,Hydro Water Reservoir,16854.2
2025-08-10,Hydro Pumped Storage,13479.8
2025-08-10,Hydro Pumped Storage Consumption,17372.0
2025-08-10,Hydro Run-of-river and poundage,79223.5
2025-08-10,Hydro Water Reservoir,14477.4
2025-08-11,Hydro Pumped Storage,23579.2
2025-08-11,Hydro Pumped Storage Consumption,10557.5
2025-08-11,Hydro Run-of-river and poundage,78367.1
2025-08-11,Hydro Water Reservoir,18436.7
2025-08-12,Hydro Pumped Storage,20876.9
2025-08-12,Hydro Pumped Storage Consumption,7837.8
2025-08-12,Hydro Run-of-river and poundage,76417.8
2025-08-12,Hydro Water Reservoir,19543.3
2025-08-13,Hydro Pumped Storage,21390.1
2025-08-13,Hydro Pumped Storage Consumption,9114.4
2025-08-13,Hydro Run-of-river and poundage,74645.5
2025-08-13,Hydro Water Reservoir,19323.3
2025-08-14,Hydro Pumped Storage,18705.5
2025-08-14,Hydro Pumped Storage Consumption,6673.8
2025-08-14,Hydro Run-of-river and poundage,70603.4
2025-08-14,Hydro Water Reservoir,19646.9
2025-08-15,Hydro Pumped Storage,10336.6
2025-08-15,Hydro Pumped Storage Consumption,11724.7
2025-08-15,Hydro Run-of-river and poundage,69685.8
2025-08-15,Hydro Water Reservoir,17215.4
2025-08-16,Hydro Pumped Storage,7209.6
2025-08-16,Hydro Pumped Storage Consumption,11964.7
2025-08-16,Hydro Run-of-river and poundage,68585.7
2025-08-16,Hydro Water Reservoir,16364.8
2025-08-17,Hydro Pumped Storage,13566.8
2025-08-17,Hydro Pumped Storage Consumption,9985.3
2025-08-17,Hydro Run-of-river and poundage,68816.5
2025-08-17,Hydro Water Reservoir,15723.1
2025-08-18,Hydro Pumped Storage,18565.7
2025-08-18,Hydro Pumped Storage Consumption,9157.8
2025-08-18,Hydro Run-of-river and poundage,68611.9
2025-08-18,Hydro Water Reservoir,18367.6
2025-08-19,Hydro Pumped Storage,18699.3
2025-08-19,Hydro Pumped Storage Consumption,10043.3
2025-08-19,Hydro Run-of-river and poundage,65946.2
2025-08-19,Hydro Water Reservoir,18672.7
2025-08-20,Hydro Pumped Storage,17607.2
2025-08-20,Hydro Pumped Storage Consumption,5867.7
2025-08-20,Hydro Run-of-river and poundage,65581.5
2025-08-20,Hydro Water Reservoir,19344.9
2025-08-21,Hydro Pumped Storage,20022.6
2025-08-21,Hydro Pumped Storage Consumption,353.0
2025-08-21,Hydro Run-of-river and poundage,74030.6
2025-08-21,Hydro Water Reservoir,16863.7
2025-08-22,Hydro Pumped Storage,16038.9
2025-08-22,Hydro Pumped Storage Consumption,8725.6
2025-08-22,Hydro Run-of-river and poundage,93889.5
2025-08-22,Hydro Water Reservoir,14699.0
2025-08-23,Hydro Pumped Storage,11336.4
2025-08-23,Hydro Pumped Storage Consumption,12019.2
2025-08-23,Hydro Run-of-river and poundage,92000.5
2025-08-23,Hydro Water Reservoir,11973.2
2025-08-24,Hydro Pumped Storage,8090.3
2025-08-24,Hydro Pumped Storage Consumption,17606.9
2025-08-24,Hydro Run-of-river and poundage,76634.3
2025-08-24,Hydro Water Reservoir,10069.9
2025-08-25,Hydro Pumped Storage,22495.5
2025-08-25,Hydro Pumped Storage Consumption,10044.6
2025-08-25,Hydro Run-of-river and poundage,73190.4
2025-08-25,Hydro Water Reservoir,13261.2
2025-08-26,Hydro Pumped Storage,23385.1
2025-08-26,Hydro Pumped Storage Consumption,8152.7
2025-08-26,Hydro Run-of-river and poundage,66882.6
2025-08-26,Hydro Water Reservoir,13302.2
2025-08-27,Hydro Pumped Storage,23095.3
2025-08-27,Hydro Pumped Storage Consumption,5589.2
2025-08-27,Hydro Run-of-river and poundage,66883.6
2025-08-27,Hydro Water Reservoir,13530.8
2025-08-28,Hydro Pumped Storage,15598.8
2025-08-28,Hydro Pumped Storage Consumption,9882.9
2025-08-28,Hydro Run-of-river and poundage,61096.3
2025-08-28,Hydro Water Reservoir,15070.6
2025-08-29,Hydro Pumped Storage,11099.1
2025-08-29,Hydro Pumped Storage Consumption,7728.1
2025-08-29,Hydro Run-of-river and poundage,75857.8
2025-08-29,Hydro Water Reservoir,16785.3
2025-08-30,Hydro Pumped Storage,13284.0
2025-08-30,Hydro Pumped Storage Consumption,5099.0
2025-08-30,Hydro Run-of-river and poundage,79885.7
2025-08-30,Hydro Water Reservoir,14943.2
2025-08-31,Hydro Pumped Storage,8894.2
2025-08-31,Hydro Pumped Storage Consumption,19503.4
2025-08-31,Hydro Run-of-river and poundage,71432.1
2025-08-31,Hydro Water Reservoir,10375.6
2025-09-01,Hydro Pumped Storage,25206.6
2025-09-01,Hydro Pumped Storage Consumption,6175.6
2025-09-01,Hydro Run-of-river and poundage,68073.2
2025-09-01,Hydro Water Reservoir,14773.5
2025-09-02,Hydro Pumped Storage,28574.9
2025-09-02,Hydro Pumped Storage Consumption,1938.7
2025-09-02,Hydro Run-of-river and poundage,68102.8
2025-09-02,Hydro Water Reservoir,17543.7
2025-09-03,Hydro Pumped Storage,26983.0
2025-09-03,Hydro Pumped Storage Consumption,8961.8
2025-09-03,Hydro Run-of-river and poundage,67981.2
2025-09-03,Hydro Water Reservoir,13326.6
2025-09-04,Hydro Pumped Storage,25274.7
2025-09-04,Hydro Pumped Storage Consumption,10071.8
2025-09-04,Hydro Run-of-river and poundage,70055.9
2025-09-04,Hydro Water Reservoir,11986.4
2025-09-05,Hydro Pumped Storage,19225.0
2025-09-05,Hydro Pumped Storage Consumption,3824.5
2025-09-05,Hydro Run-of-river and poundage,66963.0
2025-09-05,Hydro Water Reservoir,12690.4
2025-09-06,Hydro Pumped Storage,9440.9
2025-09-06,Hydro Pumped Storage Consumption,15304.8
2025-09-06,Hydro Run-of-river and poundage,77710.2
2025-09-06,Hydro Water Reservoir,10315.8
2025-09-07,Hydro Pumped Storage,8841.5
2025-09-07,Hydro Pumped Storage Consumption,16360.9
2025-09-07,Hydro Run-of-river and poundage,65767.1
2025-09-07,Hydro Water Reservoir,7995.0
2025-09-08,Hydro Pumped Storage,25471.3
2025-09-08,Hydro Pumped Storage Consumption,4645.9
2025-09-08,Hydro Run-of-river and poundage,66330.5
2025-09-08,Hydro Water Reservoir,13450.2
2025-09-09,Hydro Pumped Storage,25810.1
2025-09-09,Hydro Pumped Storage Consumption,1004.0
2025-09-09,Hydro Run-of-river and poundage,67047.5
2025-09-09,Hydro Water Reservoir,16667.4
2025-09-10,Hydro Pumped Storage,23993.8
2025-09-10,Hydro Pumped Storage Consumption,338.8
2025-09-10,Hydro Run-of-river and poundage,73082.3
2025-09-10,Hydro Water Reservoir,13374.2
2025-09-11,Hydro Pumped Storage,14360.0
2025-09-11,Hydro Pumped Storage Consumption,9886.8
2025-09-11,Hydro Run-of-river and poundage,86199.7
2025-09-11,Hydro Water Reservoir,10878.2
2025-09-12,Hydro Pumped Storage,13874.9
2025-09-12,Hydro Pumped Storage Consumption,4631.5
2025-09-12,Hydro Run-of-river and poundage,78638.3
2025-09-12,Hydro Water Reservoir,12127.6
2025-09-13,Hydro Pumped Storage,8386.1
2025-09-13,Hydro Pumped Storage Consumption,7728.4
2025-09-13,Hydro Run-of-river and poundage,74614.4
2025-09-13,Hydro Water Reservoir,11705.4
2025-09-14,Hydro Pumped Storage,11569.9
2025-09-14,Hydro Pumped Storage Consumption,3480.1
2025-09-14,Hydro Run-of-river and poundage,73567.9
2025-09-14,Hydro Water Reservoir,12348.1
2025-09-15,Hydro Pumped Storage,10004.0
2025-09-15,Hydro Pumped Storage Consumption,7105.3
2025-09-15,Hydro Run-of-river and poundage,70818.6
2025-09-15,Hydro Water Reservoir,8407.0
2025-09-16,Hydro Pumped Storage,7411.5
2025-09-16,Hydro Pumped Storage Consumption,2941.4
2025-09-16,Hydro Run-of-river and poundage,76648.4
2025-09-16,Hydro Water Reservoir,12450.7
2025-09-17,Hydro Pumped Storage,10161.2
2025-09-17,Hydro Pumped Storage Consumption,8938.0
2025-09-17,Hydro Run-of-river and poundage,80015.8
2025-09-17,Hydro Water Reservoir,11674.2
2025-09-18,Hydro Pumped Storage,9816.2
2025-09-18,Hydro Pumped Storage Consumption,8431.3
2025-09-18,Hydro Run-of-river and poundage,65909.0
2025-09-18,Hydro Water Reservoir,9620.9
2025-09-19,Hydro Pumped Storage,13657.3
2025-09-19,Hydro Pumped Storage Consumption,6215.3
2025-09-19,Hydro Run-of-river and poundage,65368.0
2025-09-19,Hydro Water Reservoir,13027.0
2025-09-20,Hydro Pumped Storage,7833.1
2025-09-20,Hydro Pumped Storage Consumption,8216.4
2025-09-20,Hydro Run-of-river and poundage,58881.9
2025-09-20,Hydro Water Reservoir,8309.8
2025-09-21,Hydro Pumped Storage,5065.5
2025-09-21,Hydro Pumped Storage Consumption,12965.3
2025-09-21,Hydro Run-of-river and poundage,51887.9
2025-09-21,Hydro Water Reservoir,7331.1
2025-09-22,Hydro Pumped Storage,14012.9
2025-09-22,Hydro Pumped Storage Consumption,26.1
2025-09-22,Hydro Run-of-river and poundage,56520.0
2025-09-22,Hydro Water Reservoir,12284.1
2025-09-23,Hydro Pumped Storage,14238.0
2025-09-23,Hydro Pumped Storage Consumption,759.2
2025-09-23,Hydro Run-of-river and poundage,56398.5
2025-09-23,Hydro Water Reservoir,11022.6
2025-09-24,Hydro Pumped Storage,11834.7
2025-09-24,Hydro Pumped Storage Consumption,407.6
2025-09-24,Hydro Run-of-river and poundage,60626.0
2025-09-24,Hydro Water Reservoir,11755.5
2025-09-25,Hydro Pumped Storage,12759.8
2025-09-25,Hydro Pumped Storage Consumption,3478.8
2025-09-25,Hydro Run-of-river and poundage,67431.4
2025-09-25,Hydro Water Reservoir,10717.2
2025-09-26,Hydro Pumped Storage,12077.7
2025-09-26,Hydro Pumped Storage Consumption,459.1
2025-09-26,Hydro Run-of-river and poundage,67905.6
2025-09-26,Hydro Water Reservoir,12811.6
2025-09-27,Hydro Pumped Storage,6297.7
2025-09-27,Hydro Pumped Storage Consumption,4452.5
2025-09-27,Hydro Run-of-river and poundage,64582.7
2025-09-27,Hydro Water Reservoir,8110.2
2025-09-28,Hydro Pumped Storage,5185.4
2025-09-28,Hydro Pumped Storage Consumption,6218.2
2025-09-28,Hydro Run-of-river and poundage,62517.3
2025-09-28,Hydro Water Reservoir,7854.7
2025-09-29,Hydro Pumped Storage,8694.6
2025-09-29,Hydro Pumped Storage Consumption,2847.7
2025-09-29,Hydro Run-of-river and poundage,59265.5
2025-09-29,Hydro Water Reservoir,10181.8
2025-09-30,Hydro Pumped Storage,12632.8
2025-09-30,Hydro Pumped Storage Consumption,2063.1
2025-09-30,Hydro Run-of-river and poundage,61905.3
2025-09-30,Hydro Water Reservoir,11476.8
2025-10-01,Hydro Pumped Storage,9968.6
2025-10-01,Hydro Pumped Storage Consumption,3709.6
2025-10-01,Hydro Run-of-river and poundage,59368.6
2025-10-01,Hydro Water Reservoir,9206.5
2025-10-02,Hydro Pumped Storage,7375.1
2025-10-02,Hydro Pumped Storage Consumption,4044.3
2025-10-02,Hydro Run-of-river and poundage,56777.0
2025-10-02,Hydro Water Reservoir,9535.7
2025-10-03,Hydro Pumped Storage,7750.1
2025-10-03,Hydro Pumped Storage Consumption,5711.5
2025-10-03,Hydro Run-of-river and poundage,54056.4
2025-10-03,Hydro Water Reservoir,8221.5
2025-10-04,Hydro Pumped Storage,2323.3
2025-10-04,Hydro Pumped Storage Consumption,5697.9
2025-10-04,Hydro Run-of-river and poundage,52970.2
2025-10-04,Hydro Water Reservoir,4809.3
2025-10-05,Hydro Pumped Storage,3450.4
2025-10-05,Hydro Pumped Storage Consumption,11158.0
2025-10-05,Hydro Run-of-river and poundage,49899.6
2025-10-05,Hydro Water Reservoir,9246.3
2025-10-06,Hydro Pumped Storage,13874.3
2025-10-06,Hydro Pumped Storage Consumption,2093.4
2025-10-06,Hydro Run-of-river and poundage,59239.2
2025-10-06,Hydro Water Reservoir,13870.1
2025-10-07,Hydro Pumped Storage,10847.2
2025-10-07,Hydro Pumped Storage Consumption,1053.7
2025-10-07,Hydro Run-of-river and poundage,81390.7
2025-10-07,Hydro Water Reservoir,11618.8
2025-10-08,Hydro Pumped Storage,10206.7
2025-10-08,Hydro Pumped Storage Consumption,2966.7
2025-10-08,Hydro Run-of-river and poundage,85778.4
2025-10-08,Hydro Water Reservoir,10700.3
2025-10-09,Hydro Pumped Storage,15478.9
2025-10-09,Hydro Pumped Storage Consumption,409.8
2025-10-09,Hydro Run-of-river and poundage,76505.1
2025-10-09,Hydro Water Reservoir,11571.0
2025-10-10,Hydro Pumped Storage,7097.4
2025-10-10,Hydro Pumped Storage Consumption,2774.7
2025-10-10,Hydro Run-of-river and poundage,66790.6
2025-10-10,Hydro Water Reservoir,6447.3
2025-10-11,Hydro Pumped Storage,2440.7
2025-10-11,Hydro Pumped Storage Consumption,8746.9
2025-10-11,Hydro Run-of-river and poundage,63753.3
2025-10-11,Hydro Water Reservoir,5614.2
2025-10-12,Hydro Pumped Storage,2906.6
2025-10-12,Hydro Pumped Storage Consumption,9386.9
2025-10-12,Hydro Run-of-river and poundage,59279.2
2025-10-12,Hydro Water Reservoir,5386.8
2025-10-13,Hydro Pumped Storage,16547.1
2025-10-13,Hydro Pumped Storage Consumption,1472.5
2025-10-13,Hydro Run-of-river and poundage,61610.2
2025-10-13,Hydro Water Reservoir,11128.2
2025-10-14,Hydro Pumped Storage,18690.8
2025-10-14,Hydro Pumped Storage Consumption,3580.2
2025-10-14,Hydro Run-of-river and poundage,61723.5
2025-10-14,Hydro Water Reservoir,10685.2
2025-10-15,Hydro Pumped Storage,14267.0
2025-10-15,Hydro Pumped Storage Consumption,2825.4
2025-10-15,Hydro Run-of-river and poundage,59110.7
2025-10-15,Hydro Water Reservoir,9392.3
2025-10-16,Hydro Pumped Storage,17324.9
2025-10-16,Hydro Pumped Storage Consumption,3026.0
2025-10-16,Hydro Run-of-river and poundage,57333.2
2025-10-16,Hydro Water Reservoir,8443.6
2025-10-17,Hydro Pumped Storage,18554.5
2025-10-17,Hydro Pumped Storage Consumption,348.9
2025-10-17,Hydro Run-of-river and poundage,54401.4
2025-10-17,Hydro Water Reservoir,9035.5
2025-10-18,Hydro Pumped Storage,6769.6
2025-10-18,Hydro Pumped Storage Consumption,9188.6
2025-10-18,Hydro Run-of-river and poundage,49442.4
2025-10-18,Hydro Water Reservoir,5725.4
2025-10-19,Hydro Pumped Storage,8689.5
2025-10-19,Hydro Pumped Storage Consumption,17764.1
2025-10-19,Hydro Run-of-river and poundage,46717.4
2025-10-19,Hydro Water Reservoir,6134.4
2025-10-20,Hydro Pumped Storage,17943.5
2025-10-20,Hydro Pumped Storage Consumption,4873.9
2025-10-20,Hydro Run-of-river and poundage,47558.1
2025-10-20,Hydro Water Reservoir,7872.0
2025-10-21,Hydro Pumped Storage,21872.6
2025-10-21,Hydro Pumped Storage Consumption,476.9
2025-10-21,Hydro Run-of-river and poundage,50647.1
2025-10-21,Hydro Water Reservoir,9448.6
2025-10-22,Hydro Pumped Storage,18968.0
2025-10-22,Hydro Pumped Storage Consumption,4210.5
2025-10-22,Hydro Run-of-river and poundage,52523.1
2025-10-22,Hydro Water Reservoir,7397.9
2025-10-23,Hydro Pumped Storage,10080.5
2025-10-23,Hydro Pumped Storage Consumption,6735.0
2025-10-23,Hydro Run-of-river and poundage,52250.2
2025-10-23,Hydro Water Reservoir,7378.8
2025-10-24,Hydro Pumped Storage,7986.7
2025-10-24,Hydro Pumped Storage Consumption,16418.4
2025-10-24,Hydro Run-of-river and poundage,60480.0
2025-10-24,Hydro Water Reservoir,5486.4
2025-10-25,Hydro Pumped Storage,5294.2
2025-10-25,Hydro Pumped Storage Consumption,10584.2
2025-10-25,Hydro Run-of-river and poundage,59726.6
2025-10-25,Hydro Water Reservoir,5613.9
2025-10-26,Hydro Pumped Storage,1540.2
2025-10-26,Hydro Pumped Storage Consumption,24586.8
2025-10-26,Hydro Run-of-river and poundage,53441.1
2025-10-26,Hydro Water Reservoir,4214.6
2025-10-27,Hydro Pumped Storage,18153.7
2025-10-27,Hydro Pumped Storage Consumption,8190.9
2025-10-27,Hydro Run-of-river and poundage,55446.0
2025-10-27,Hydro Water Reservoir,8578.2
2025-10-28,Hydro Pumped Storage,8568.6
2025-10-28,Hydro Pumped Storage Consumption,13422.8
2025-10-28,Hydro Run-of-river and poundage,64271.8
2025-10-28,Hydro Water Reservoir,6811.6
2025-10-29,Hydro Pumped Storage,7430.3
2025-10-29,Hydro Pumped Storage Consumption,10968.9
2025-10-29,Hydro Run-of-river and poundage,64279.8
2025-10-29,Hydro Water Reservoir,5960.1
2025-10-30,Hydro Pumped Storage,12926.0
2025-10-30,Hydro Pumped Storage Consumption,4398.4
2025-10-30,Hydro Run-of-river and poundage,63577.9
2025-10-30,Hydro Water Reservoir,7992.5
2025-10-31,Hydro Pumped Storage,15702.1
2025-10-31,Hydro Pumped Storage Consumption,3868.9
2025-10-31,Hydro Run-of-river and poundage,65070.7
2025-10-31,Hydro Water Reservoir,8244.8
2025-11-01,Hydro Pumped Storage,1515.1
2025-11-01,Hydro Pumped Storage Consumption,12769.1
2025-11-01,Hydro Run-of-river and poundage,59345.6
2025-11-01,Hydro Water Reservoir,5088.4
2025-11-02,Hydro Pumped Storage,8647.3
2025-11-02,Hydro Pumped Storage Consumption,13169.3
2025-11-02,Hydro Run-of-river and poundage,58091.5
2025-11-02,Hydro Water Reservoir,5214.6
2025-11-03,Hydro Pumped Storage,1457.6
2025-11-03,Hydro Pumped Storage Consumption,15596.3
2025-11-03,Hydro Run-of-river and poundage,75097.9
2025-11-03,Hydro Water Reservoir,5880.8
2025-11-04,Hydro Pumped Storage,10899.6
2025-11-04,Hydro Pumped Storage Consumption,9438.6
2025-11-04,Hydro Run-of-river and poundage,77037.6
2025-11-04,Hydro Water Reservoir,7082.8
2025-11-05,Hydro Pumped Storage,12405.4
2025-11-05,Hydro Pumped Storage Consumption,4054.4
2025-11-05,Hydro Run-of-river and poundage,69900.8
2025-11-05,Hydro Water Reservoir,5628.6
2025-11-06,Hydro Pumped Storage,11551.8
2025-11-06,Hydro Pumped Storage Consumption,2214.0
2025-11-06,Hydro Run-of-river and poundage,64561.6
2025-11-06,Hydro Water Reservoir,5190.1
2025-11-07,Hydro Pumped Storage,10229.5
2025-11-07,Hydro Pumped Storage Consumption,5458.1
2025-11-07,Hydro Run-of-river and poundage,62513.6
2025-11-07,Hydro Water Reservoir,5907.1
2025-11-08,Hydro Pumped Storage,5694.6
2025-11-08,Hydro Pumped Storage Consumption,4643.5
2025-11-08,Hydro Run-of-river and poundage,58905.8
2025-11-08,Hydro Water Reservoir,3998.4
2025-11-09,Hydro Pumped Storage,2921.9
2025-11-09,Hydro Pumped Storage Consumption,8101.6
2025-11-09,Hydro Run-of-river and poundage,55155.5
2025-11-09,Hydro Water Reservoir,3680.6
2025-11-10,Hydro Pumped Storage,15051.2
2025-11-10,Hydro Pumped Storage Consumption,4226.9
2025-11-10,Hydro Run-of-river and poundage,58566.9
2025-11-10,Hydro Water Reservoir,5379.1
2025-11-11,Hydro Pumped Storage,15889.1
2025-11-11,Hydro Pumped Storage Consumption,706.3
2025-11-11,Hydro Run-of-river and poundage,57911.3
2025-11-11,Hydro Water Reservoir,4924.0
2025-11-12,Hydro Pumped Storage,15751.1
2025-11-12,Hydro Pumped Storage Consumption,187.3
2025-11-12,Hydro Run-of-river and poundage,57360.5
2025-11-12,Hydro Water Reservoir,5679.3
2025-11-13,Hydro Pumped Storage,19246.8
2025-11-13,Hydro Pumped Storage Consumption,0.0
2025-11-13,Hydro Run-of-river and poundage,54269.9
2025-11-13,Hydro Water Reservoir,6685.7
2025-11-14,Hydro Pumped Storage,14769.8
2025-11-14,Hydro Pumped Storage Consumption,18.9
2025-11-14,Hydro Run-of-river and poundage,55249.0
2025-11-14,Hydro Water Reservoir,6932.4
2025-11-15,Hydro Pumped Storage,5628.7
2025-11-15,Hydro Pumped Storage Consumption,1165.9
2025-11-15,Hydro Run-of-river and poundage,51703.3
2025-11-15,Hydro Water Reservoir,2935.2
2025-11-16,Hydro Pumped Storage,3439.3
2025-11-16,Hydro Pumped Storage Consumption,4433.6
2025-11-16,Hydro Run-of-river and poundage,49639.8
2025-11-16,Hydro Water Reservoir,3481.7
2025-11-17,Hydro Pumped Storage,6396.2
2025-11-17,Hydro Pumped Storage Consumption,2740.2
2025-11-17,Hydro Run-of-river and poundage,54839.2
2025-11-17,Hydro Water Reservoir,5737.9
2025-11-18,Hydro Pumped Storage,5414.6
2025-11-18,Hydro Pumped Storage Consumption,4692.7
2025-11-18,Hydro Run-of-river and poundage,60743.0
2025-11-18,Hydro Water Reservoir,6723.9
2025-11-19,Hydro Pumped Storage,16326.6
2025-11-19,Hydro Pumped Storage Consumption,2478.8
2025-11-19,Hydro Run-of-river and poundage,57674.1
2025-11-19,Hydro Water Reservoir,7303.4
2025-11-20,Hydro Pumped Storage,24125.6
2025-11-20,Hydro Pumped Storage Consumption,3837.8
2025-11-20,Hydro Run-of-river and poundage,57498.3
2025-11-20,Hydro Water Reservoir,12376.9
2025-11-21,Hydro Pumped Storage,18164.0
2025-11-21,Hydro Pumped Storage Consumption,3836.6
2025-11-21,Hydro Run-of-river and poundage,57464.3
2025-11-21,Hydro Water Reservoir,12396.2
2025-11-22,Hydro Pumped Storage,5183.6
2025-11-22,Hydro Pumped Storage Consumption,5848.5
2025-11-22,Hydro Run-of-river and poundage,49390.8
2025-11-22,Hydro Water Reservoir,2611.3
2025-11-23,Hydro Pumped Storage,5812.6
2025-11-23,Hydro Pumped Storage Consumption,6432.5
2025-11-23,Hydro Run-of-river and poundage,42446.5
2025-11-23,Hydro Water Reservoir,3658.0
2025-11-24,Hydro Pumped Storage,21275.8
2025-11-24,Hydro Pumped Storage Consumption,4016.3
2025-11-24,Hydro Run-of-river and poundage,50318.9
2025-11-24,Hydro Water Reservoir,13260.2
2025-11-25,Hydro Pumped Storage,20243.3
2025-11-25,Hydro Pumped Storage Consumption,5300.2
2025-11-25,Hydro Run-of-river and poundage,57326.2
2025-11-25,Hydro Water Reservoir,15326.0
2025-11-26,Hydro Pumped Storage,13977.0
2025-11-26,Hydro Pumped Storage Consumption,6723.5
2025-11-26,Hydro Run-of-river and poundage,60578.0
2025-11-26,Hydro Water Reservoir,13159.2
2025-11-27,Hydro Pumped Storage,8857.7
2025-11-27,Hydro Pumped Storage Consumption,5167.3
2025-11-27,Hydro Run-of-river and poundage,57833.4
2025-11-27,Hydro Water Reservoir,5752.5
2025-11-28,Hydro Pumped Storage,19236.4
2025-11-28,Hydro Pumped Storage Consumption,2025.0
2025-11-28,Hydro Run-of-river and poundage,58263.2
2025-11-28,Hydro Water Reservoir,8283.8
2025-11-29,Hydro Pumped Storage,5933.3
2025-11-29,Hydro Pumped Storage Consumption,3448.2
2025-11-29,Hydro Run-of-river and poundage,57134.4
2025-11-29,Hydro Water Reservoir,3316.3
2025-11-30,Hydro Pumped Storage,4917.0
2025-11-30,Hydro Pumped Storage Consumption,8653.1
2025-11-30,Hydro Run-of-river and poundage,49044.5
2025-11-30,Hydro Water Reservoir,2597.8
2025-12-01,Hydro Pumped Storage,24794.2
2025-12-01,Hydro Pumped Storage Consumption,2476.8
2025-12-01,Hydro Run-of-river and poundage,57224.0
2025-12-01,Hydro Water Reservoir,14140.2
2025-12-02,Hydro Pumped Storage,24432.2
2025-12-02,Hydro Pumped Storage Consumption,1043.9
2025-12-02,Hydro Run-of-river and poundage,58207.6
2025-12-02,Hydro Water Reservoir,14847.8
2025-12-03,Hydro Pumped Storage,25563.8
2025-12-03,Hydro Pumped Storage Consumption,3717.1
2025-12-03,Hydro Run-of-river and poundage,59703.0
2025-12-03,Hydro Water Reservoir,12898.9
2025-12-04,Hydro Pumped Storage,20214.8
2025-12-04,Hydro Pumped Storage Consumption,6215.6
2025-12-04,Hydro Run-of-river and poundage,58222.6
2025-12-04,Hydro Water Reservoir,9482.7
2025-12-05,Hydro Pumped Storage,19530.1
2025-12-05,Hydro Pumped Storage Consumption,9133.1
2025-12-05,Hydro Run-of-river and poundage,57801.0
2025-12-05,Hydro Water Reservoir,9162.9
2025-12-06,Hydro Pumped Storage,1220.6
2025-12-06,Hydro Pumped Storage Consumption,12641.1
2025-12-06,Hydro Run-of-river and poundage,52475.0
2025-12-06,Hydro Water Reservoir,3168.3
2025-12-07,Hydro Pumped Storage,1973.2
2025-12-07,Hydro Pumped Storage Consumption,13358.0
2025-12-07,Hydro Run-of-river and poundage,47670.5
2025-12-07,Hydro Water Reservoir,2745.3
2025-12-08,Hydro Pumped Storage,1633.6
2025-12-08,Hydro Pumped Storage Consumption,7338.2
2025-12-08,Hydro Run-of-river and poundage,57483.5
2025-12-08,Hydro Water Reservoir,4704.8
2025-12-09,Hydro Pumped Storage,8082.8
2025-12-09,Hydro Pumped Storage Consumption,7182.5
2025-12-09,Hydro Run-of-river and poundage,68232.5
2025-12-09,Hydro Water Reservoir,8697.0
2025-12-10,Hydro Pumped Storage,18883.0
2025-12-10,Hydro Pumped Storage Consumption,266.4
2025-12-10,Hydro Run-of-river and poundage,66114.9
2025-12-10,Hydro Water Reservoir,6748.5
2025-12-11,Hydro Pumped Storage,18182.0
2025-12-11,Hydro Pumped Storage Consumption,528.7
2025-12-11,Hydro Run-of-river and poundage,62063.5
2025-12-11,Hydro Water Reservoir,6158.5
2025-12-12,Hydro Pumped Storage,12128.0
2025-12-12,Hydro Pumped Storage Consumption,1633.9
2025-12-12,Hydro Run-of-river and poundage,59934.2
2025-12-12,Hydro Water Reservoir,6957.6
2025-12-13,Hydro Pumped Storage,2235.5
2025-12-13,Hydro Pumped Storage Consumption,7129.3
2025-12-13,Hydro Run-of-river and poundage,50581.0
2025-12-13,Hydro Water Reservoir,3183.8
2025-12-14,Hydro Pumped Storage,3750.6
2025-12-14,Hydro Pumped Storage Consumption,6750.7
2025-12-14,Hydro Run-of-river and poundage,43311.0
2025-12-14,Hydro Water Reservoir,3004.8
2025-12-15,Hydro Pumped Storage,24452.7
2025-12-15,Hydro Pumped Storage Consumption,3580.4
2025-12-15,Hydro Run-of-river and poundage,46990.4
2025-12-15,Hydro Water Reservoir,8872.9
2025-12-16,Hydro Pumped Storage,34626.9
2025-12-16,Hydro Pumped Storage Consumption,252.1
2025-12-16,Hydro Run-of-river and poundage,47617.3
2025-12-16,Hydro Water Reservoir,11695.1
2025-12-17,Hydro Pumped Storage,21937.2
2025-12-17,Hydro Pumped Storage Consumption,3016.2
2025-12-17,Hydro Run-of-river and poundage,51214.5
2025-12-17,Hydro Water Reservoir,8439.2
2025-12-18,Hydro Pumped Storage,23810.2
2025-12-18,Hydro Pumped Storage Consumption,67.7
2025-12-18,Hydro Run-of-river and poundage,51109.3
2025-12-18,Hydro Water Reservoir,7058.9
2025-12-19,Hydro Pumped Storage,12676.4
2025-12-19,Hydro Pumped Storage Consumption,893.3
2025-12-19,Hydro Run-of-river and poundage,52257.3
2025-12-19,Hydro Water Reservoir,4002.8
2025-12-20,Hydro Pumped Storage,8583.7
2025-12-20,Hydro Pumped Storage Consumption,3461.5
2025-12-20,Hydro Run-of-river and poundage,44831.5
2025-12-20,Hydro Water Reservoir,4497.4
2025-12-21,Hydro Pumped Storage,4612.2
2025-12-21,Hydro Pumped Storage Consumption,7135.1
2025-12-21,Hydro Run-of-river and poundage,40924.6
2025-12-21,Hydro Water Reservoir,4578.5
2025-12-22,Hydro Pumped Storage,6037.5
2025-12-22,Hydro Pumped Storage Consumption,5981.0
2025-12-22,Hydro Run-of-river and poundage,45221.4
2025-12-22,Hydro Water Reservoir,3127.0
2025-12-23,Hydro Pumped Storage,9386.1
2025-12-23,Hydro Pumped Storage Consumption,9039.3
2025-12-23,Hydro Run-of-river and poundage,45878.4
2025-12-23,Hydro Water Reservoir,3557.0
2025-12-24,Hydro Pumped Storage,1526.5
2025-12-24,Hydro Pumped Storage Consumption,8312.8
2025-12-24,Hydro Run-of-river and poundage,36130.9
2025-12-24,Hydro Water Reservoir,1556.0
2025-12-25,Hydro Pumped Storage,3103.3
2025-12-25,Hydro Pumped Storage Consumption,11989.5
2025-12-25,Hydro Run-of-river and poundage,37664.5
2025-12-25,Hydro Water Reservoir,2061.0
2025-12-26,Hydro Pumped Storage,3515.8
2025-12-26,Hydro Pumped Storage Consumption,7797.9
2025-12-26,Hydro Run-of-river and poundage,38305.4
2025-12-26,Hydro Water Reservoir,1980.4
2025-12-27,Hydro Pumped Storage,2195.2
2025-12-27,Hydro Pumped Storage Consumption,10608.7
2025-12-27,Hydro Run-of-river and poundage,38194.4
2025-12-27,Hydro Water Reservoir,1540.8
2025-12-28,Hydro Pumped Storage,1375.2
2025-12-28,Hydro Pumped Storage Consumption,7925.1
2025-12-28,Hydro Run-of-river and poundage,34581.0
2025-12-28,Hydro Water Reservoir,1761.0
2025-12-29,Hydro Pumped Storage,4498.8
2025-12-29,Hydro Pumped Storage Consumption,4892.5
2025-12-29,Hydro Run-of-river and poundage,39674.6
2025-12-29,Hydro Water Reservoir,2683.9
2025-12-30,Hydro Pumped Storage,5322.3
2025-12-30,Hydro Pumped Storage Consumption,6167.7
2025-12-30,Hydro Run-of-river and poundage,35003.2
2025-12-30,Hydro Water Reservoir,2002.3
2025-12-31,Hydro Pumped Storage,7527.8
2025-12-31,Hydro Pumped Storage Consumption,4863.8
2025-12-31,Hydro Run-of-river and poundage,29595.3
2025-12-31,Hydro Water Reservoir,1349.0
2026-01-01,Hydro Pumped Storage,812.6
2026-01-01,Hydro Pumped Storage Consumption,17095.7
2026-01-01,Hydro Run-of-river and poundage,33352.9
2026-01-01,Hydro Water Reservoir,978.8
2026-01-02,Hydro Pumped Storage,8832.0
2026-01-02,Hydro Pumped Storage Consumption,8299.3
2026-01-02,Hydro Run-of-river and poundage,37454.1
2026-01-02,Hydro Water Reservoir,1029.3
2026-01-03,Hydro Pumped Storage,4273.2
2026-01-03,Hydro Pumped Storage Consumption,10468.9
2026-01-03,Hydro Run-of-river and poundage,30509.5
2026-01-03,Hydro Water Reservoir,1230.8
2026-01-04,Hydro Pumped Storage,4585.0
2026-01-04,Hydro Pumped Storage Consumption,13050.5
2026-01-04,Hydro Run-of-river and poundage,30782.1
2026-01-04,Hydro Water Reservoir,1984.9
2026-01-05,Hydro Pumped Storage,42460.6
2026-01-05,Hydro Pumped Storage Consumption,5427.8
2026-01-05,Hydro Run-of-river and poundage,36701.4
2026-01-05,Hydro Water Reservoir,13843.4
2026-01-06,Hydro Pumped Storage,37455.5
2026-01-06,Hydro Pumped Storage Consumption,62.0
2026-01-06,Hydro Run-of-river and poundage,40079.4
2026-01-06,Hydro Water Reservoir,13972.8
2026-01-07,Hydro Pumped Storage,30192.7
2026-01-07,Hydro Pumped Storage Consumption,7766.4
2026-01-07,Hydro Run-of-river and poundage,36121.6
2026-01-07,Hydro Water Reservoir,9605.9
2026-01-08,Hydro Pumped Storage,35159.9
2026-01-08,Hydro Pumped Storage Consumption,6187.4
2026-01-08,Hydro Run-of-river and poundage,32936.4
2026-01-08,Hydro Water Reservoir,14001.2
2026-01-09,Hydro Pumped Storage,29166.3
2026-01-09,Hydro Pumped Storage Consumption,1661.1
2026-01-09,Hydro Run-of-river and poundage,35689.6
2026-01-09,Hydro Water Reservoir,9849.0
2026-01-10,Hydro Pumped Storage,7994.4
2026-01-10,Hydro Pumped Storage Consumption,3211.1
2026-01-10,Hydro Run-of-river and poundage,34975.7
2026-01-10,Hydro Water Reservoir,4751.0
2026-01-11,Hydro Pumped Storage,1585.3
2026-01-11,Hydro Pumped Storage Consumption,20646.1
2026-01-11,Hydro Run-of-river and poundage,30074.5
2026-01-11,Hydro Water Reservoir,1795.8
2026-01-12,Hydro Pumped Storage,39503.6
2026-01-12,Hydro Pumped Storage Consumption,4610.7
2026-01-12,Hydro Run-of-river and poundage,42605.4
2026-01-12,Hydro Water Reservoir,14800.9
2026-01-13,Hydro Pumped Storage,28894.1
2026-01-13,Hydro Pumped Storage Consumption,6520.9
2026-01-13,Hydro Run-of-river and poundage,42330.5
2026-01-13,Hydro Water Reservoir,14408.1
2026-01-14,Hydro Pumped Storage,16152.9
2026-01-14,Hydro Pumped Storage Consumption,8520.7
2026-01-14,Hydro Run-of-river and poundage,46600.5
2026-01-14,Hydro Water Reservoir,9137.4
2026-01-15,Hydro Pumped Storage,26423.2
2026-01-15,Hydro Pumped Storage Consumption,7222.4
2026-01-15,Hydro Run-of-river and poundage,46132.4
2026-01-15,Hydro Water Reservoir,10216.8
2026-01-16,Hydro Pumped Storage,11422.5
2026-01-16,Hydro Pumped Storage Consumption,6345.9
2026-01-16,Hydro Run-of-river and poundage,43077.3
2026-01-16,Hydro Water Reservoir,5980.6
2026-01-17,Hydro Pumped Storage,1102.3
2026-01-17,Hydro Pumped Storage Consumption,17440.5
2026-01-17,Hydro Run-of-river and poundage,36081.4
2026-01-17,Hydro Water Reservoir,2776.8
2026-01-18,Hydro Pumped Storage,1315.4
2026-01-18,Hydro Pumped Storage Consumption,21653.3
2026-01-18,Hydro Run-of-river and poundage,36852.7
2026-01-18,Hydro Water Reservoir,2348.4
2026-01-19,Hydro Pumped Storage,6870.0
2026-01-19,Hydro Pumped Storage Consumption,12073.8
2026-01-19,Hydro Run-of-river and poundage,39029.2
2026-01-19,Hydro Water Reservoir,6445.0
2026-01-20,Hydro Pumped Storage,15163.3
2026-01-20,Hydro Pumped Storage Consumption,6449.3
2026-01-20,Hydro Run-of-river and poundage,37449.3
2026-01-20,Hydro Water Reservoir,7767.4
2026-01-21,Hydro Pumped Storage,26859.6
2026-01-21,Hydro Pumped Storage Consumption,437.5
2026-01-21,Hydro Run-of-river and poundage,36071.3
2026-01-21,Hydro Water Reservoir,10214.0
2026-01-22,Hydro Pumped Storage,32612.7
2026-01-22,Hydro Pumped Storage Consumption,927.9
2026-01-22,Hydro Run-of-river and poundage,39070.7
2026-01-22,Hydro Water Reservoir,13973.2
2026-01-23,Hydro Pumped Storage,28874.3
2026-01-23,Hydro Pumped Storage Consumption,4332.1
2026-01-23,Hydro Run-of-river and poundage,40675.2
2026-01-23,Hydro Water Reservoir,11302.1
2026-01-24,Hydro Pumped Storage,2620.2
2026-01-24,Hydro Pumped Storage Consumption,4874.3
2026-01-24,Hydro Run-of-river and poundage,34037.0
2026-01-24,Hydro Water Reservoir,3011.9
2026-01-25,Hydro Pumped Storage,301.2
2026-01-25,Hydro Pumped Storage Consumption,27432.3
2026-01-25,Hydro Run-of-river and poundage,27407.0
2026-01-25,Hydro Water Reservoir,1665.3
2026-01-26,Hydro Pumped Storage,13734.2
2026-01-26,Hydro Pumped Storage Consumption,9734.3
2026-01-26,Hydro Run-of-river and poundage,35093.8
2026-01-26,Hydro Water Reservoir,7327.6
2026-01-27,Hydro Pumped Storage,15162.2
2026-01-27,Hydro Pumped Storage Consumption,7656.2
2026-01-27,Hydro Run-of-river and poundage,40319.1
2026-01-27,Hydro Water Reservoir,8020.2
2026-01-28,Hydro Pumped Storage,12265.6
2026-01-28,Hydro Pumped Storage Consumption,11112.2
2026-01-28,Hydro Run-of-river and poundage,39693.0
2026-01-28,Hydro Water Reservoir,4710.3
2026-01-29,Hydro Pumped Storage,20356.2
2026-01-29,Hydro Pumped Storage Consumption,9756.3
2026-01-29,Hydro Run-of-river and poundage,40134.4
2026-01-29,Hydro Water Reservoir,7647.7
2026-01-30,Hydro Pumped Storage,12991.0
2026-01-30,Hydro Pumped Storage Consumption,7668.3
2026-01-30,Hydro Run-of-river and poundage,39433.9
2026-01-30,Hydro Water Reservoir,3429.5
2026-01-31,Hydro Pumped Storage,1510.3
2026-01-31,Hydro Pumped Storage Consumption,13679.8
2026-01-31,Hydro Run-of-river and poundage,33899.6
2026-01-31,Hydro Water Reservoir,1504.2
2026-02-01,Hydro Pumped Storage,1390.0
2026-02-01,Hydro Pumped Storage Consumption,20054.6
2026-02-01,Hydro Run-of-river and poundage,27754.3
2026-02-01,Hydro Water Reservoir,1154.4
2026-02-02,Hydro Pumped Storage,14113.5
2026-02-02,Hydro Pumped Storage Consumption,7441.3
2026-02-02,Hydro Run-of-river and poundage,30749.7
2026-02-02,Hydro Water Reservoir,3534.2
2026-02-03,Hydro Pumped Storage,12329.9
2026-02-03,Hydro Pumped Storage Consumption,4535.6
2026-02-03,Hydro Run-of-river and poundage,34747.7
2026-02-03,Hydro Water Reservoir,2014.4
2026-02-04,Hydro Pumped Storage,25736.1
2026-02-04,Hydro Pumped Storage Consumption,4241.3
2026-02-04,Hydro Run-of-river and poundage,36089.5
2026-02-04,Hydro Water Reservoir,6645.5
2026-02-05,Hydro Pumped Storage,11120.4
2026-02-05,Hydro Pumped Storage Consumption,7060.3
2026-02-05,Hydro Run-of-river and poundage,37440.9
2026-02-05,Hydro Water Reservoir,4004.2
2026-02-06,Hydro Pumped Storage,14612.2
2026-02-06,Hydro Pumped Storage Consumption,5056.8
2026-02-06,Hydro Run-of-river and poundage,39623.8
2026-02-06,Hydro Water Reservoir,5224.3
2026-02-07,Hydro Pumped Storage,1247.6
2026-02-07,Hydro Pumped Storage Consumption,16064.8
2026-02-07,Hydro Run-of-river and poundage,39100.8
2026-02-07,Hydro Water Reservoir,1763.3
2026-02-08,Hydro Pumped Storage,1360.3
2026-02-08,Hydro Pumped Storage Consumption,19511.4
2026-02-08,Hydro Run-of-river and poundage,40089.1
2026-02-08,Hydro Water Reservoir,1470.3
2026-02-09,Hydro Pumped Storage,30255.0
2026-02-09,Hydro Pumped Storage Consumption,5200.6
2026-02-09,Hydro Run-of-river and poundage,44868.6
2026-02-09,Hydro Water Reservoir,10174.6
2026-02-10,Hydro Pumped Storage,15569.8
2026-02-10,Hydro Pumped Storage Consumption,221.8
2026-02-10,Hydro Run-of-river and poundage,45677.5
2026-02-10,Hydro Water Reservoir,6121.0
2026-02-11,Hydro Pumped Storage,14946.0
2026-02-11,Hydro Pumped Storage Consumption,3240.3
2026-02-11,Hydro Run-of-river and poundage,45646.1
2026-02-11,Hydro Water Reservoir,4628.2
2026-02-12,Hydro Pumped Storage,8213.8
2026-02-12,Hydro Pumped Storage Consumption,5006.4
2026-02-12,Hydro Run-of-river and poundage,40279.9
2026-02-12,Hydro Water Reservoir,2727.9
2026-02-13,Hydro Pumped Storage,5783.7
2026-02-13,Hydro Pumped Storage Consumption,7897.7
2026-02-13,Hydro Run-of-river and poundage,35507.4
2026-02-13,Hydro Water Reservoir,2151.7
2026-02-14,Hydro Pumped Storage,4522.0
2026-02-14,Hydro Pumped Storage Consumption,8560.6
2026-02-14,Hydro Run-of-river and poundage,65809.8
2026-02-14,Hydro Water Reservoir,2896.5
2026-02-15,Hydro Pumped Storage,2051.4
2026-02-15,Hydro Pumped Storage Consumption,8796.7
2026-02-15,Hydro Run-of-river and poundage,51113.2
2026-02-15,Hydro Water Reservoir,1830.5
2026-02-16,Hydro Pumped Storage,13622.0
2026-02-16,Hydro Pumped Storage Consumption,2457.6
2026-02-16,Hydro Run-of-river and poundage,53629.8
2026-02-16,Hydro Water Reservoir,4698.0
2026-02-17,Hydro Pumped Storage,12723.0
2026-02-17,Hydro Pumped Storage Consumption,2863.4
2026-02-17,Hydro Run-of-river and poundage,56931.7
2026-02-17,Hydro Water Reservoir,5834.7
2026-02-18,Hydro Pumped Storage,14403.5
2026-02-18,Hydro Pumped Storage Consumption,7684.7
2026-02-18,Hydro Run-of-river and poundage,62852.9
2026-02-18,Hydro Water Reservoir,7302.8
2026-02-19,Hydro Pumped Storage,15195.4
2026-02-19,Hydro Pumped Storage Consumption,1977.4
2026-02-19,Hydro Run-of-river and poundage,54508.8
2026-02-19,Hydro Water Reservoir,6087.6
2026-02-20,Hydro Pumped Storage,9110.4
2026-02-20,Hydro Pumped Storage Consumption,4950.6
2026-02-20,Hydro Run-of-river and poundage,48400.6
2026-02-20,Hydro Water Reservoir,3656.6
2026-02-21,Hydro Pumped Storage,5299.4
2026-02-21,Hydro Pumped Storage Consumption,8632.0
2026-02-21,Hydro Run-of-river and poundage,50075.9
2026-02-21,Hydro Water Reservoir,2581.9
2026-02-22,Hydro Pumped Storage,346.4
2026-02-22,Hydro Pumped Storage Consumption,22557.7
2026-02-22,Hydro Run-of-river and poundage,72404.7
2026-02-22,Hydro Water Reservoir,597.7
2026-02-23,Hydro Pumped Storage,10102.0
2026-02-23,Hydro Pumped Storage Consumption,8294.0
2026-02-23,Hydro Run-of-river and poundage,85680.0
2026-02-23,Hydro Water Reservoir,3434.8
2026-02-24,Hydro Pumped Storage,18586.2
2026-02-24,Hydro Pumped Storage Consumption,377.8
2026-02-24,Hydro Run-of-river and poundage,83880.1
2026-02-24,Hydro Water Reservoir,8158.0
2026-02-25,Hydro Pumped Storage,13523.8
2026-02-25,Hydro Pumped Storage Consumption,4273.7
2026-02-25,Hydro Run-of-river and poundage,87786.4
2026-02-25,Hydro Water Reservoir,6776.2
2026-02-26,Hydro Pumped Storage,11027.6
2026-02-26,Hydro Pumped Storage Consumption,5705.0
2026-02-26,Hydro Run-of-river and poundage,88316.4
2026-02-26,Hydro Water Reservoir,4730.5
2026-02-27,Hydro Pumped Storage,17792.8
2026-02-27,Hydro Pumped Storage Consumption,7879.6
2026-02-27,Hydro Run-of-river and poundage,95222.5
2026-02-27,Hydro Water Reservoir,5157.6
2026-02-28,Hydro Pumped Storage,10195.3
2026-02-28,Hydro Pumped Storage Consumption,7033.0
2026-02-28,Hydro Run-of-river and poundage,89712.8
2026-02-28,Hydro Water Reservoir,5038.2
2026-03-01,Hydro Pumped Storage,10272.7
2026-03-01,Hydro Pumped Storage Consumption,10962.8
2026-03-01,Hydro Run-of-river and poundage,84407.2
2026-03-01,Hydro Water Reservoir,4043.6
2026-03-02,Hydro Pumped Storage,19213.4
2026-03-02,Hydro Pumped Storage Consumption,4724.8
2026-03-02,Hydro Run-of-river and poundage,80590.3
2026-03-02,Hydro Water Reservoir,7935.5
2026-03-03,Hydro Pumped Storage,10741.0
2026-03-03,Hydro Pumped Storage Consumption,1960.6
2026-03-03,Hydro Run-of-river and poundage,32901.0
2026-03-03,Hydro Water Reservoir,4451.9
2026-03-04,Hydro Pumped Storage,7641.0
2026-03-04,Hydro Pumped Storage Consumption,3470.3
2026-03-04,Hydro Run-of-river and poundage,21693.2
2026-03-04,Hydro Water Reservoir,2676.2
2026-03-05,Hydro Pumped Storage,17355.4
2026-03-05,Hydro Pumped Storage Consumption,5028.5
2026-03-05,Hydro Run-of-river and poundage,69035.3
2026-03-05,Hydro Water Reservoir,7063.8
2026-03-06,Hydro Pumped Storage,17164.5
2026-03-06,Hydro Pumped Storage Consumption,5908.9
2026-03-06,Hydro Run-of-river and poundage,66357.0
2026-03-06,Hydro Water Reservoir,6590.5
2026-03-07,Hydro Pumped Storage,20906.8
2026-03-07,Hydro Pumped Storage Consumption,4113.3
2026-03-07,Hydro Run-of-river and poundage,59768.9
2026-03-07,Hydro Water Reservoir,7947.3
2026-03-08,Hydro Pumped Storage,12088.0
2026-03-08,Hydro Pumped Storage Consumption,6472.6
2026-03-08,Hydro Run-of-river and poundage,60662.3
2026-03-08,Hydro Water Reservoir,3657.4
2026-03-09,Hydro Pumped Storage,7658.6
2026-03-09,Hydro Pumped Storage Consumption,2222.7
2026-03-09,Hydro Run-of-river and poundage,32871.9
2026-03-09,Hydro Water Reservoir,2617.5
2026-03-10,Hydro Pumped Storage,7993.2
2026-03-10,Hydro Pumped Storage Consumption,4202.0
2026-03-10,Hydro Run-of-river and poundage,36267.2
2026-03-10,Hydro Water Reservoir,3481.4
2026-03-11,Hydro Pumped Storage,8090.4
2026-03-11,Hydro Pumped Storage Consumption,8515.4
2026-03-11,Hydro Run-of-river and poundage,50581.5
2026-03-11,Hydro Water Reservoir,3575.1
2026-03-12,Hydro Pumped Storage,6676.3
2026-03-12,Hydro Pumped Storage Consumption,5633.0
2026-03-12,Hydro Run-of-river and poundage,23968.2
2026-03-12,Hydro Water Reservoir,2214.5
2026-03-13,Hydro Pumped Storage,10485.4
2026-03-13,Hydro Pumped Storage Consumption,9069.8
2026-03-13,Hydro Run-of-river and poundage,55716.4
2026-03-13,Hydro Water Reservoir,3678.6
2026-03-14,Hydro Pumped Storage,11386.5
2026-03-14,Hydro Pumped Storage Consumption,7091.4
2026-03-14,Hydro Run-of-river and poundage,51870.2
2026-03-14,Hydro Water Reservoir,4548.0
2026-03-15,Hydro Pumped Storage,7484.4
2026-03-15,Hydro Pumped Storage Consumption,4591.9
2026-03-15,Hydro Run-of-river and poundage,52599.9
2026-03-15,Hydro Water Reservoir,4155.0
2026-03-16,Hydro Pumped Storage,16972.9
2026-03-16,Hydro Pumped Storage Consumption,8423.9
2026-03-16,Hydro Run-of-river and poundage,50995.3
2026-03-16,Hydro Water Reservoir,6900.4
2026-03-17,Hydro Pumped Storage,10089.1
2026-03-17,Hydro Pumped Storage Consumption,2807.7
2026-03-17,Hydro Run-of-river and poundage,44740.8
2026-03-17,Hydro Water Reservoir,7444.0
2026-03-18,Hydro Pumped Storage,9821.4
2026-03-18,Hydro Pumped Storage Consumption,10440.7
2026-03-18,Hydro Run-of-river and poundage,42821.6
2026-03-18,Hydro Water Reservoir,6208.9
2026-03-19,Hydro Pumped Storage,16861.0
2026-03-19,Hydro Pumped Storage Consumption,3907.8
2026-03-19,Hydro Run-of-river and poundage,26799.3
2026-03-19,Hydro Water Reservoir,7908.5
2026-03-20,Hydro Pumped Storage,4338.8
2026-03-20,Hydro Pumped Storage Consumption,6533.9
2026-03-20,Hydro Run-of-river and poundage,8335.4
2026-03-20,Hydro Water Reservoir,2710.0
2026-03-21,Hydro Pumped Storage,6881.0
2026-03-21,Hydro Pumped Storage Consumption,6883.7
2026-03-21,Hydro Run-of-river and poundage,43507.7
2026-03-21,Hydro Water Reservoir,6365.0
2026-03-22,Hydro Pumped Storage,8453.7
2026-03-22,Hydro Pumped Storage Consumption,16438.8
2026-03-22,Hydro Run-of-river and poundage,41667.1
2026-03-22,Hydro Water Reservoir,5528.3
2026-03-23,Hydro Pumped Storage,6745.8
2026-03-23,Hydro Pumped Storage Consumption,2241.9
2026-03-23,Hydro Run-of-river and poundage,17009.1
2026-03-23,Hydro Water Reservoir,5325.3
2026-03-24,Hydro Pumped Storage,482.6
2026-03-24,Hydro Pumped Storage Consumption,6504.5
2026-03-24,Hydro Run-of-river and poundage,9101.4
2026-03-24,Hydro Water Reservoir,916.5
2026-03-25,Hydro Pumped Storage Consumption,8626.1
2026-03-26,Hydro Pumped Storage Consumption,3758.0
2026-03-27,Hydro Pumped Storage Consumption,5705.5
2026-03-28,Hydro Pumped Storage,8528.9
2026-03-28,Hydro Pumped Storage Consumption,15111.6
2026-03-28,Hydro Run-of-river and poundage,21737.8
2026-03-28,Hydro Water Reservoir,2960.5
2026-03-29,Hydro Pumped Storage,2020.1
2026-03-29,Hydro Pumped Storage Consumption,10225.3
2026-03-29,Hydro Run-of-river and poundage,31629.5
2026-03-29,Hydro Water Reservoir,3693.3
2026-03-30,Hydro Pumped Storage,7292.5
2026-03-30,Hydro Pumped Storage Consumption,3806.4
2026-03-30,Hydro Run-of-river and poundage,19327.5
2026-03-30,Hydro Water Reservoir,4192.1
2026-03-31,Hydro Pumped Storage,11787.9
2026-03-31,Hydro Pumped Storage Consumption,1661.8
2026-03-31,Hydro Run-of-river and poundage,43874.5
2026-03-31,Hydro Water Reservoir,8789.0
2026-04-01,Hydro Pumped Storage,9131.9
2026-04-01,Hydro Pumped Storage Consumption,3304.8
2026-04-01,Hydro Run-of-river and poundage,38022.9
2026-04-01,Hydro Water Reservoir,9184.8
2026-04-02,Hydro Pumped Storage,5985.3
2026-04-02,Hydro Pumped Storage Consumption,856.4
2026-04-02,Hydro Run-of-river and poundage,30440.6
2026-04-02,Hydro Water Reservoir,5107.1
2026-04-03,Hydro Pumped Storage,6383.3
2026-04-03,Hydro Pumped Storage Consumption,8917.3
2026-04-03,Hydro Run-of-river and poundage,34342.4
2026-04-03,Hydro Water Reservoir,2950.3
2026-04-04,Hydro Pumped Storage,7275.8
2026-04-04,Hydro Pumped Storage Consumption,13959.3
2026-04-04,Hydro Run-of-river and poundage,46729.1
2026-04-04,Hydro Water Reservoir,2455.9
2026-04-05,Hydro Pumped Storage,186.8
2026-04-05,Hydro Pumped Storage Consumption,26763.8
2026-04-05,Hydro Run-of-river and poundage,39106.2
2026-04-05,Hydro Water Reservoir,1663.9
2026-04-06,Hydro Pumped Storage,7763.6
2026-04-06,Hydro Pumped Storage Consumption,11979.2
2026-04-06,Hydro Run-of-river and poundage,59736.4
2026-04-06,Hydro Water Reservoir,3372.5
2026-04-07,Hydro Pumped Storage,18175.2
2026-04-07,Hydro Pumped Storage Consumption,10124.1
2026-04-07,Hydro Run-of-river and poundage,70115.7
2026-04-07,Hydro Water Reservoir,10231.7
2026-04-08,Hydro Pumped Storage,14616.6
2026-04-08,Hydro Pumped Storage Consumption,10219.5
2026-04-08,Hydro Run-of-river and poundage,74648.5
2026-04-08,Hydro Water Reservoir,9308.6
2026-04-09,Hydro Pumped Storage,9792.7
2026-04-09,Hydro Pumped Storage Consumption,7931.1
2026-04-09,Hydro Run-of-river and poundage,67110.7
2026-04-09,Hydro Water Reservoir,6876.4
2026-04-10,Hydro Pumped Storage,14504.8
2026-04-10,Hydro Pumped Storage Consumption,1828.0
2026-04-10,Hydro Run-of-river and poundage,60622.2
2026-04-10,Hydro Water Reservoir,9244.2
2026-04-11,Hydro Pumped Storage,1811.4
2026-04-11,Hydro Pumped Storage Consumption,14522.6
2026-04-11,Hydro Run-of-river and poundage,77990.1
2026-04-11,Hydro Water Reservoir,7807.2
2026-04-12,Hydro Pumped Storage,7276.2
2026-04-12,Hydro Pumped Storage Consumption,12589.2
2026-04-12,Hydro Run-of-river and poundage,68200.5
2026-04-12,Hydro Water Reservoir,8855.3
2026-04-13,Hydro Pumped Storage,14450.3
2026-04-13,Hydro Pumped Storage Consumption,3102.8
2026-04-13,Hydro Run-of-river and poundage,69858.2
2026-04-13,Hydro Water Reservoir,13447.6
2026-04-14,Hydro Pumped Storage,12461.6
2026-04-14,Hydro Pumped Storage Consumption,6361.4
2026-04-14,Hydro Run-of-river and poundage,70729.8
2026-04-14,Hydro Water Reservoir,10869.1
2026-04-15,Hydro Pumped Storage,10411.2
2026-04-15,Hydro Pumped Storage Consumption,4681.8
2026-04-15,Hydro Run-of-river and poundage,79684.7
2026-04-15,Hydro Water Reservoir,8650.5
2026-04-16,Hydro Pumped Storage,10501.8
2026-04-16,Hydro Pumped Storage Consumption,8655.3
2026-04-16,Hydro Run-of-river and poundage,75308.9
2026-04-16,Hydro Water Reservoir,7927.4
2026-04-17,Hydro Pumped Storage,7931.8
2026-04-17,Hydro Pumped Storage Consumption,8801.6
2026-04-17,Hydro Run-of-river and poundage,66523.6
2026-04-17,Hydro Water Reservoir,5378.5
2026-04-18,Hydro Pumped Storage,2718.4
2026-04-18,Hydro Pumped Storage Consumption,11596.6
2026-04-18,Hydro Run-of-river and poundage,74322.4
2026-04-18,Hydro Water Reservoir,5799.5
2026-04-19,Hydro Pumped Storage,1344.4
2026-04-19,Hydro Pumped Storage Consumption,14826.4
2026-04-19,Hydro Run-of-river and poundage,70557.6
2026-04-19,Hydro Water Reservoir,4521.1
2026-04-20,Hydro Pumped Storage,10193.4
2026-04-20,Hydro Pumped Storage Consumption,7989.1
2026-04-20,Hydro Run-of-river and poundage,71917.4
2026-04-20,Hydro Water Reservoir,6546.5
2026-04-21,Hydro Pumped Storage,10446.7
2026-04-21,Hydro Pumped Storage Consumption,3510.8
2026-04-21,Hydro Run-of-river and poundage,70218.3
2026-04-21,Hydro Water Reservoir,8001.6
2026-04-22,Hydro Pumped Storage,12373.5
2026-04-22,Hydro Pumped Storage Consumption,10284.9
2026-04-22,Hydro Run-of-river and poundage,70285.0
2026-04-22,Hydro Water Reservoir,7002.4
2026-04-23,Hydro Pumped Storage,10449.5
2026-04-23,Hydro Pumped Storage Consumption,10931.0
2026-04-23,Hydro Run-of-river and poundage,56459.3
2026-04-23,Hydro Water Reservoir,4464.2
2026-04-24,Hydro Pumped Storage,11905.0
2026-04-24,Hydro Pumped Storage Consumption,12265.2
2026-04-24,Hydro Run-of-river and poundage,59238.8
2026-04-24,Hydro Water Reservoir,5150.1
2026-04-25,Hydro Pumped Storage,1485.9
2026-04-25,Hydro Pumped Storage Consumption,15890.8
2026-04-25,Hydro Run-of-river and poundage,52823.8
2026-04-25,Hydro Water Reservoir,2894.8
2026-04-26,Hydro Pumped Storage,6934.7
2026-04-26,Hydro Pumped Storage Consumption,14540.9
2026-04-26,Hydro Run-of-river and poundage,51698.9
2026-04-26,Hydro Water Reservoir,3641.4
2026-04-27,Hydro Pumped Storage,11987.7
2026-04-27,Hydro Pumped Storage Consumption,9750.2
2026-04-27,Hydro Run-of-river and poundage,48243.7
2026-04-27,Hydro Water Reservoir,5980.0
2026-04-28,Hydro Pumped Storage,6957.6
2026-04-28,Hydro Pumped Storage Consumption,11370.6
2026-04-28,Hydro Run-of-river and poundage,62091.1
2026-04-28,Hydro Water Reservoir,5583.7
2026-04-29,Hydro Pumped Storage,15897.1
2026-04-29,Hydro Pumped Storage Consumption,8449.6
2026-04-29,Hydro Run-of-river and poundage,59325.0
2026-04-29,Hydro Water Reservoir,7006.2
2026-04-30,Hydro Pumped Storage,20876.7
2026-04-30,Hydro Pumped Storage Consumption,11538.4
2026-04-30,Hydro Run-of-river and poundage,56713.1
2026-04-30,Hydro Water Reservoir,6934.4
2026-05-01,Hydro Pumped Storage,18752.7
2026-05-01,Hydro Pumped Storage Consumption,14614.5
2026-05-01,Hydro Run-of-river and poundage,49851.1
2026-05-01,Hydro Water Reservoir,7139.2
2026-05-02,Hydro Pumped Storage,14633.9
2026-05-02,Hydro Pumped Storage Consumption,13767.2
2026-05-02,Hydro Run-of-river and poundage,54261.0
2026-05-02,Hydro Water Reservoir,6803.3
2026-05-03,Hydro Pumped Storage,5875.3
2026-05-03,Hydro Pumped Storage Consumption,14877.0
2026-05-03,Hydro Run-of-river and poundage,51888.3
2026-05-03,Hydro Water Reservoir,6962.0
2026-05-04,Hydro Pumped Storage,16647.7
2026-05-04,Hydro Pumped Storage Consumption,6039.2
2026-05-04,Hydro Run-of-river and poundage,55843.0
2026-05-04,Hydro Water Reservoir,9901.5
2026-05-05,Hydro Pumped Storage,16619.4
2026-05-05,Hydro Pumped Storage Consumption,4522.7
2026-05-05,Hydro Run-of-river and poundage,60078.6
2026-05-05,Hydro Water Reservoir,11390.7
2026-05-06,Hydro Pumped Storage,7143.8
2026-05-06,Hydro Pumped Storage Consumption,3577.4
2026-05-06,Hydro Run-of-river and poundage,59367.7
2026-05-06,Hydro Water Reservoir,9410.0
2026-05-07,Hydro Pumped Storage,15898.0
2026-05-07,Hydro Pumped Storage Consumption,1496.6
2026-05-07,Hydro Run-of-river and poundage,60824.8
2026-05-07,Hydro Water Reservoir,11152.6
2026-05-08,Hydro Pumped Storage,9347.0
2026-05-08,Hydro Pumped Storage Consumption,6191.7
2026-05-08,Hydro Run-of-river and poundage,59631.8
2026-05-08,Hydro Water Reservoir,8290.9
2026-05-09,Hydro Pumped Storage,8111.4
2026-05-09,Hydro Pumped Storage Consumption,10259.9
2026-05-09,Hydro Run-of-river and poundage,59729.2
2026-05-09,Hydro Water Reservoir,7958.6
2026-05-10,Hydro Pumped Storage,2667.5
2026-05-10,Hydro Pumped Storage Consumption,14339.7
2026-05-10,Hydro Run-of-river and poundage,57535.7
2026-05-10,Hydro Water Reservoir,7664.6
2026-05-11,Hydro Pumped Storage,8989.2
2026-05-11,Hydro Pumped Storage Consumption,4536.9
2026-05-11,Hydro Run-of-river and poundage,55656.1
2026-05-11,Hydro Water Reservoir,10141.9
2026-05-12,Hydro Pumped Storage,10585.8
2026-05-12,Hydro Pumped Storage Consumption,5465.2
2026-05-12,Hydro Run-of-river and poundage,57373.9
2026-05-12,Hydro Water Reservoir,6938.7
2026-05-13,Hydro Pumped Storage,17020.9
2026-05-13,Hydro Pumped Storage Consumption,8723.0
2026-05-13,Hydro Run-of-river and poundage,62237.0
2026-05-13,Hydro Water Reservoir,7038.5
2026-05-14,Hydro Pumped Storage,11890.0
2026-05-14,Hydro Pumped Storage Consumption,9465.6
2026-05-14,Hydro Run-of-river and poundage,54529.3
2026-05-14,Hydro Water Reservoir,5985.6
2026-05-15,Hydro Pumped Storage,13165.5
2026-05-15,Hydro Pumped Storage Consumption,9452.9
2026-05-15,Hydro Run-of-river and poundage,66536.9
2026-05-15,Hydro Water Reservoir,4886.8
2026-05-16,Hydro Pumped Storage,5640.0
2026-05-16,Hydro Pumped Storage Consumption,8698.5
2026-05-16,Hydro Run-of-river and poundage,61615.4
2026-05-16,Hydro Water Reservoir,4720.2
2026-05-17,Hydro Pumped Storage,9688.0
2026-05-17,Hydro Pumped Storage Consumption,21577.9
2026-05-17,Hydro Run-of-river and poundage,57208.7
2026-05-17,Hydro Water Reservoir,4663.9
2026-05-18,Hydro Pumped Storage,17469.3
2026-05-18,Hydro Pumped Storage Consumption,8295.5
2026-05-18,Hydro Run-of-river and poundage,61345.1
2026-05-18,Hydro Water Reservoir,7626.8
2026-05-19,Hydro Pumped Storage,17056.0
2026-05-19,Hydro Pumped Storage Consumption,10571.4
2026-05-19,Hydro Run-of-river and poundage,60959.7
2026-05-19,Hydro Water Reservoir,7151.8
2026-05-20,Hydro Pumped Storage,10695.4
2026-05-20,Hydro Pumped Storage Consumption,9210.9
2026-05-20,Hydro Run-of-river and poundage,55773.8
2026-05-20,Hydro Water Reservoir,8024.7
2026-05-21,Hydro Pumped Storage,10669.4
2026-05-21,Hydro Pumped Storage Consumption,12375.3
2026-05-21,Hydro Run-of-river and poundage,54569.1
2026-05-21,Hydro Water Reservoir,8032.7
2026-05-22,Hydro Pumped Storage,14242.9
2026-05-22,Hydro Pumped Storage Consumption,9826.3
2026-05-22,Hydro Run-of-river and poundage,63490.0
2026-05-22,Hydro Water Reservoir,8635.7
2026-05-23,Hydro Pumped Storage,11609.6
2026-05-23,Hydro Pumped Storage Consumption,16478.4
2026-05-23,Hydro Run-of-river and poundage,65303.9
2026-05-23,Hydro Water Reservoir,9224.0
2026-05-24,Hydro Pumped Storage,1745.7
2026-05-24,Hydro Pumped Storage Consumption,21023.2
2026-05-24,Hydro Run-of-river and poundage,65816.7
2026-05-24,Hydro Water Reservoir,7904.5
2026-05-25,Hydro Pumped Storage,10524.7
2026-05-25,Hydro Pumped Storage Consumption,15985.0
2026-05-25,Hydro Run-of-river and poundage,65224.8
2026-05-25,Hydro Water Reservoir,8545.3
2026-05-26,Hydro Pumped Storage,12761.2
2026-05-26,Hydro Pumped Storage Consumption,13081.4
2026-05-26,Hydro Run-of-river and poundage,75189.2
2026-05-26,Hydro Water Reservoir,10115.2
2026-05-27,Hydro Pumped Storage,9504.5
2026-05-27,Hydro Pumped Storage Consumption,13474.4
2026-05-27,Hydro Run-of-river and poundage,69560.9
2026-05-27,Hydro Water Reservoir,10681.2
2026-05-28,Hydro Pumped Storage,12051.0
2026-05-28,Hydro Pumped Storage Consumption,14639.8
2026-05-28,Hydro Run-of-river and poundage,64497.5
2026-05-28,Hydro Water Reservoir,8548.2
2026-05-29,Hydro Pumped Storage,12954.7
2026-05-29,Hydro Pumped Storage Consumption,13246.2
2026-05-29,Hydro Run-of-river and poundage,76075.1
2026-05-29,Hydro Water Reservoir,9684.7
2026-05-30,Hydro Pumped Storage,7686.7
2026-05-30,Hydro Pumped Storage Consumption,15466.2
2026-05-30,Hydro Run-of-river and poundage,69301.9
2026-05-30,Hydro Water Reservoir,7783.2
2026-05-31,Hydro Pumped Storage,7986.0
2026-05-31,Hydro Pumped Storage Consumption,14316.4
2026-05-31,Hydro Run-of-river and poundage,67701.0
2026-05-31,Hydro Water Reservoir,9350.2
2026-06-01,Hydro Pumped Storage,20488.5
2026-06-01,Hydro Pumped Storage Consumption,5999.1
2026-06-01,Hydro Run-of-river and poundage,79249.7
2026-06-01,Hydro Water Reservoir,8989.4
2026-06-02,Hydro Pumped Storage,12460.3
2026-06-02,Hydro Pumped Storage Consumption,10475.6
2026-06-02,Hydro Run-of-river and poundage,82458.5
2026-06-02,Hydro Water Reservoir,8959.9
2026-06-03,Hydro Pumped Storage,8101.8
2026-06-03,Hydro Pumped Storage Consumption,8028.3
2026-06-03,Hydro Run-of-river and poundage,84107.2
2026-06-03,Hydro Water Reservoir,9013.5
2026-06-04,Hydro Pumped Storage,3079.0
2026-06-04,Hydro Pumped Storage Consumption,20196.1
2026-06-04,Hydro Run-of-river and poundage,89630.6
2026-06-04,Hydro Water Reservoir,5368.5
2026-06-05,Hydro Pumped Storage,15476.9
2026-06-05,Hydro Pumped Storage Consumption,8464.7
2026-06-05,Hydro Run-of-river and poundage,90870.3
2026-06-05,Hydro Water Reservoir,10105.8
2026-06-06,Hydro Pumped Storage,5585.2
2026-06-06,Hydro Pumped Storage Consumption,16972.0
2026-06-06,Hydro Run-of-river and poundage,83905.8
2026-06-06,Hydro Water Reservoir,8490.4
2026-06-07,Hydro Pumped Storage,4851.5
2026-06-07,Hydro Pumped Storage Consumption,20960.3
2026-06-07,Hydro Run-of-river and poundage,71298.1
2026-06-07,Hydro Water Reservoir,6236.3
2026-06-08,Hydro Pumped Storage,14051.8
2026-06-08,Hydro Pumped Storage Consumption,10577.7
2026-06-08,Hydro Run-of-river and poundage,67031.8
2026-06-08,Hydro Water Reservoir,8483.1
2026-06-09,Hydro Pumped Storage,11445.0
2026-06-09,Hydro Pumped Storage Consumption,5106.4
2026-06-09,Hydro Run-of-river and poundage,75296.4
2026-06-09,Hydro Water Reservoir,9202.3
2026-06-10,Hydro Pumped Storage,13141.0
2026-06-10,Hydro Pumped Storage Consumption,6482.2
2026-06-10,Hydro Run-of-river and poundage,91245.4
2026-06-10,Hydro Water Reservoir,9723.6
2026-06-11,Hydro Pumped Storage,8367.5
2026-06-11,Hydro Pumped Storage Consumption,8311.9
2026-06-11,Hydro Run-of-river and poundage,110762.8
2026-06-11,Hydro Water Reservoir,9849.8
2026-06-12,Hydro Pumped Storage,11999.8
2026-06-12,Hydro Pumped Storage Consumption,5763.6
2026-06-12,Hydro Run-of-river and poundage,109868.0
2026-06-12,Hydro Water Reservoir,8796.1
2026-06-13,Hydro Pumped Storage,3450.3
2026-06-13,Hydro Pumped Storage Consumption,20889.5
2026-06-13,Hydro Run-of-river and poundage,110317.8
2026-06-13,Hydro Water Reservoir,5505.2
2026-06-14,Hydro Pumped Storage,6803.9
2026-06-14,Hydro Pumped Storage Consumption,22388.6
2026-06-14,Hydro Run-of-river and poundage,106177.8
2026-06-14,Hydro Water Reservoir,5309.2
2026-06-15,Hydro Pumped Storage,19038.5
2026-06-15,Hydro Pumped Storage Consumption,11018.4
2026-06-15,Hydro Run-of-river and poundage,103886.0
2026-06-15,Hydro Water Reservoir,8868.9
2026-06-16,Hydro Pumped Storage,20824.7
2026-06-16,Hydro Pumped Storage Consumption,9156.8
2026-06-16,Hydro Run-of-river and poundage,90976.1
2026-06-16,Hydro Water Reservoir,8966.1
2026-06-17,Hydro Pumped Storage,18042.8
2026-06-17,Hydro Pumped Storage Consumption,4682.6
2026-06-17,Hydro Run-of-river and poundage,88424.4
2026-06-17,Hydro Water Reservoir,8847.3
2026-06-18,Hydro Pumped Storage,17538.2
2026-06-18,Hydro Pumped Storage Consumption,8669.7
2026-06-18,Hydro Run-of-river and poundage,83980.3
2026-06-18,Hydro Water Reservoir,9224.2
2026-06-19,Hydro Pumped Storage,13205.0
2026-06-19,Hydro Pumped Storage Consumption,12292.9
2026-06-19,Hydro Run-of-river and poundage,81343.6
2026-06-19,Hydro Water Reservoir,9985.6
2026-06-20,Hydro Pumped Storage,12585.1
2026-06-20,Hydro Pumped Storage Consumption,14113.4
2026-06-20,Hydro Run-of-river and poundage,78151.9
2026-06-20,Hydro Water Reservoir,9021.0
2026-06-21,Hydro Pumped Storage,8264.9
2026-06-21,Hydro Pumped Storage Consumption,15235.6
2026-06-21,Hydro Run-of-river and poundage,80319.3
2026-06-21,Hydro Water Reservoir,10033.8
2026-06-22,Hydro Pumped Storage,16653.4
2026-06-22,Hydro Pumped Storage Consumption,7550.7
2026-06-22,Hydro Run-of-river and poundage,76591.0
2026-06-22,Hydro Water Reservoir,11984.8
2026-06-23,Hydro Pumped Storage,26273.8
2026-06-23,Hydro Pumped Storage Consumption,5964.8
2026-06-23,Hydro Run-of-river and poundage,72963.0
2026-06-23,Hydro Water Reservoir,13761.5
2026-06-24,Hydro Pumped Storage,20403.8
2026-06-24,Hydro Pumped Storage Consumption,10874.8
2026-06-24,Hydro Run-of-river and poundage,73945.7
2026-06-24,Hydro Water Reservoir,12226.3
2026-06-25,Hydro Pumped Storage,19147.4
2026-06-25,Hydro Pumped Storage Consumption,9991.0
2026-06-25,Hydro Run-of-river and poundage,70577.2
2026-06-25,Hydro Water Reservoir,11735.9
2026-06-26,Hydro Pumped Storage,14270.2
2026-06-26,Hydro Pumped Storage Consumption,12051.3
2026-06-26,Hydro Run-of-river and poundage,65999.6
2026-06-26,Hydro Water Reservoir,10202.5
2026-06-27,Hydro Pumped Storage,10658.4
2026-06-27,Hydro Pumped Storage Consumption,14363.1
2026-06-27,Hydro Run-of-river and poundage,60596.8
2026-06-27,Hydro Water Reservoir,9471.7
2026-06-28,Hydro Pumped Storage,6881.8
2026-06-28,Hydro Pumped Storage Consumption,18371.4
2026-06-28,Hydro Run-of-river and poundage,55483.3
2026-06-28,Hydro Water Reservoir,6955.6
2026-06-29,Hydro Pumped Storage,21019.4
2026-06-29,Hydro Pumped Storage Consumption,7312.8
2026-06-29,Hydro Run-of-river and poundage,63118.0
2026-06-29,Hydro Water Reservoir,11913.1
2026-06-30,Hydro Pumped Storage,23161.0
2026-06-30,Hydro Pumped Storage Consumption,7403.4
2026-06-30,Hydro Run-of-river and poundage,68734.6
2026-06-30,Hydro Water Reservoir,11331.3
2026-07-01,Hydro Pumped Storage,16500.4
2026-07-01,Hydro Pumped Storage Consumption,298.7
2026-07-01,Hydro Run-of-river and poundage,71612.4
2026-07-01,Hydro Water Reservoir,12906.5
2026-07-02,Hydro Pumped Storage,6039.1
2026-07-02,Hydro Pumped Storage Consumption,15386.3
2026-07-02,Hydro Run-of-river and poundage,76368.5
2026-07-02,Hydro Water Reservoir,9112.3
2026-07-03,Hydro Pumped Storage,13528.7
2026-07-03,Hydro Pumped Storage Consumption,15369.8
2026-07-03,Hydro Run-of-river and poundage,69616.9
2026-07-03,Hydro Water Reservoir,8996.9
2026-07-04,Hydro Pumped Storage,10571.8
2026-07-04,Hydro Pumped Storage Consumption,19971.1
2026-07-04,Hydro Run-of-river and poundage,61658.2
2026-07-04,Hydro Water Reservoir,6968.1
2026-07-05,Hydro Pumped Storage,5798.2
2026-07-05,Hydro Pumped Storage Consumption,15874.0
2026-07-05,Hydro Run-of-river and poundage,53568.4
2026-07-05,Hydro Water Reservoir,5908.4
2026-07-06,Hydro Pumped Storage,8014.9
2026-07-06,Hydro Pumped Storage Consumption,8321.5
2026-07-06,Hydro Run-of-river and poundage,56067.9
2026-07-06,Hydro Water Reservoir,9042.0
2026-07-07,Hydro Pumped Storage,10899.2
2026-07-07,Hydro Pumped Storage Consumption,5343.3
2026-07-07,Hydro Run-of-river and poundage,56103.8
2026-07-07,Hydro Water Reservoir,9469.8
2026-07-08,Hydro Pumped Storage,13473.4
2026-07-08,Hydro Pumped Storage Consumption,3544.4
2026-07-08,Hydro Run-of-river and poundage,51010.6
2026-07-08,Hydro Water Reservoir,10647.0
2026-07-09,Hydro Pumped Storage,15072.4
2026-07-09,Hydro Pumped Storage Consumption,11791.5
2026-07-09,Hydro Run-of-river and poundage,59419.3
2026-07-09,Hydro Water Reservoir,10194.2
2026-07-10,Hydro Pumped Storage,19499.7
2026-07-10,Hydro Pumped Storage Consumption,9536.0
2026-07-10,Hydro Run-of-river and poundage,52973.7
2026-07-10,Hydro Water Reservoir,9894.4
2026-07-11,Hydro Pumped Storage,11251.7
2026-07-11,Hydro Pumped Storage Consumption,13791.7
2026-07-11,Hydro Run-of-river and poundage,49602.6
2026-07-11,Hydro Water Reservoir,7970.2
2026-07-12,Hydro Pumped Storage,5530.3
2026-07-12,Hydro Pumped Storage Consumption,17050.9
2026-07-12,Hydro Run-of-river and poundage,44260.8
2026-07-12,Hydro Water Reservoir,5995.0
2026-07-13,Hydro Pumped Storage,18052.7
2026-07-13,Hydro Pumped Storage Consumption,9602.5
2026-07-13,Hydro Run-of-river and poundage,46759.2
2026-07-13,Hydro Water Reservoir,9054.7
2026-07-14,Hydro Pumped Storage,2250.6
2026-07-14,Hydro Pumped Storage Consumption,5377.4
2026-07-14,Hydro Run-of-river and poundage,29045.2
2026-07-14,Hydro Water Reservoir,4532.0
