,,1,Rhein,10000 km² Gewässer,Rhein,Hauptgewässer,000001
,,2,Spirsbach,10 km² Gewässer,Rhein,Hauptgewässer,000002
,,58,Samina,10 km² Gewässer,Rhein,Hauptgewässer,000058
,,73,"Alter Rhein, Chelenbach, Rheintaler Binnenkanal",100 km² Gewässer,Rhein,Hauptgewässer,000073
,,74,"Lustenauer Kanal (Lustenauerkanal), Neunerkanal, Scheibenbach",10 km² Gewässer,Rhein,Hauptgewässer,000074
,,114,"Rubach, Achbach",10 km² Gewässer,Rhein,Hauptgewässer,000114
,,117,Weißach,100 km² Gewässer,Rhein,Hauptgewässer,000117
,,119,"Eibele, Eibelebach",10 km² Gewässer,Rhein,Hauptgewässer,000119
,,120,Bolgenach,10 km² Gewässer,Rhein,Hauptgewässer,000120
,,121,Leckenbach,10 km² Gewässer,Rhein,Hauptgewässer,000121
,,123,Rotach,100 km² Gewässer,Rhein,Hauptgewässer,000123
,,124,Kesselbach,10 km² Gewässer,Rhein,Hauptgewässer,000124
,,126,Leiblach,100 km² Gewässer,Rhein,Hauptgewässer,000126
,,127,"Rickenbach, Riedbach (Rickenbach/Riedbach)",10 km² Gewässer,Rhein,Hauptgewässer,000127
,,130,Donau,10000 km² Gewässer,Donau,Hauptgewässer,000130
,,131,Iller,1000 km² Gewässer,Donau,Hauptgewässer,000131
,,132,Breitach,1000 km² Gewässer,Donau,Hauptgewässer,000132
,,139,Stillach,100 km² Gewässer,Donau,Hauptgewässer,000139
,,140,Lech,4000 km² Gewässer,Donau,Hauptgewässer,000140
,,144,"Krumbach, Bärguntbach",10 km² Gewässer,Donau,Hauptgewässer,000144
,,145,Bockbach,10 km² Gewässer,Donau,Hauptgewässer,000145
,,146,Krabach,10 km² Gewässer,Donau,Hauptgewässer,000146
,,147,Kaiserbach,10 km² Gewässer,Donau,Hauptgewässer,000147
,,148,Almajurbach,10 km² Gewässer,Donau,Hauptgewässer,000148
,,149,Erlachbach,10 km² Gewässer,Donau,Hauptgewässer,000149
,,150,Höhenbach,10 km² Gewässer,Donau,Hauptgewässer,000150
,,151,Schochenalpbach,10 km² Gewässer,Donau,Hauptgewässer,000151
,,152,Sulzlbach,10 km² Gewässer,Donau,Hauptgewässer,000152
,,153,Alperschonbach,10 km² Gewässer,Donau,Hauptgewässer,000153
,,154,Parseierbach,10 km² Gewässer,Donau,Hauptgewässer,000154
,,155,Röttalbach,10 km² Gewässer,Donau,Hauptgewässer,000155
,,156,Grießlbach,10 km² Gewässer,Donau,Hauptgewässer,000156
,,157,Bernhardsbach,10 km² Gewässer,Donau,Hauptgewässer,000157
,,158,Griesbach,10 km² Gewässer,Donau,Hauptgewässer,000158
,,159,Otterbach,10 km² Gewässer,Donau,Hauptgewässer,000159
,,160,Streinbach,10 km² Gewässer,Donau,Hauptgewässer,000160
,,161,Fundaisbach,10 km² Gewässer,Donau,Hauptgewässer,000161
,,162,Plötzigbach,10 km² Gewässer,Donau,Hauptgewässer,000162
,,163,Hornbach,10 km² Gewässer,Donau,Hauptgewässer,000163
,,164,Jochbach,10 km² Gewässer,Donau,Hauptgewässer,000164
,,165,Namlosbach,10 km² Gewässer,Donau,Hauptgewässer,000165
,,166,Sommerbergbach,10 km² Gewässer,Donau,Hauptgewässer,000166
,,167,Schwarzwasserbach,10 km² Gewässer,Donau,Hauptgewässer,000167
,,168,Weißenbach,10 km² Gewässer,Donau,Hauptgewässer,000168
,,169,Nesselwängler Ache,10 km² Gewässer,Donau,Hauptgewässer,000169
,,170,Rotlech,10 km² Gewässer,Donau,Hauptgewässer,000170
,,171,Liegfeistbach,10 km² Gewässer,Donau,Hauptgewässer,000171
,,172,Katzenbichlbach (Thanellerkarbach),10 km² Gewässer,Donau,Hauptgewässer,000172
,,173,Archbach,100 km² Gewässer,Donau,Hauptgewässer,000173
,,174,Torsäulenbach,10 km² Gewässer,Donau,Hauptgewässer,000174
,,175,Schafblassenbach,10 km² Gewässer,Donau,Hauptgewässer,000175
,,176,Spießbach,10 km² Gewässer,Donau,Hauptgewässer,000176
,,178,Grundbach,10 km² Gewässer,Donau,Hauptgewässer,000178
,,179,Talbach,10 km² Gewässer,Donau,Hauptgewässer,000179
,,180,Mühlbach,10 km² Gewässer,Donau,Hauptgewässer,000180
,,181,Zwieselbach,10 km² Gewässer,Donau,Hauptgewässer,000181
,,182,Sababach,10 km² Gewässer,Donau,Hauptgewässer,000182
,,183,Vils,100 km² Gewässer,Donau,Hauptgewässer,000183
,,184,Berger Ache,10 km² Gewässer,Donau,Hauptgewässer,000184
,,185,Seebach,10 km² Gewässer,Donau,Hauptgewässer,000185
,,186,Isar,4000 km² Gewässer,Donau,Hauptgewässer,000186
,,187,Moserkarbach,10 km² Gewässer,Donau,Hauptgewässer,000187
,2023-08-09,188,Roßlochgraben,10 km² Gewässer,Donau,Hauptgewässer,000188
,,189,Gleirschbach,10 km² Gewässer,Donau,Hauptgewässer,000189
,,190,Kristenbach,10 km² Gewässer,Donau,Hauptgewässer,000190
,,191,Karwendelbach,10 km² Gewässer,Donau,Hauptgewässer,000191
,,192,Gießenbach,10 km² Gewässer,Donau,Hauptgewässer,000192
,,193,Drahnbach,10 km² Gewässer,Donau,Hauptgewässer,000193
,,194,Hagelbach,10 km² Gewässer,Donau,Hauptgewässer,000194
,,195,Wildsee,10 km² Gewässer,Donau,Hauptgewässer,000195
,,196,Leutascher Ache,100 km² Gewässer,Donau,Hauptgewässer,000196
,,197,Rißbach,100 km² Gewässer,Donau,Hauptgewässer,000197
,,198,Laliderer Bach,10 km² Gewässer,Donau,Hauptgewässer,000198
,,199,Johannesbach,10 km² Gewässer,Donau,Hauptgewässer,000199
,,200,Fermersbach,10 km² Gewässer,Donau,Hauptgewässer,000200
,,201,Dürrach,100 km² Gewässer,Donau,Hauptgewässer,000201
,,202,Plumsbach,10 km² Gewässer,Donau,Hauptgewässer,000202
,,203,Eiskönigbach,10 km² Gewässer,Donau,Hauptgewässer,000203
,,204,Baumgartenbach,10 km² Gewässer,Donau,Hauptgewässer,000204
,,205,Ache (Seeache Achensee),100 km² Gewässer,Donau,Hauptgewässer,000205
,,206,Wankratzbach,10 km² Gewässer,Donau,Hauptgewässer,000206
,,207,Pletzach,10 km² Gewässer,Donau,Hauptgewässer,000207
,,208,Falzthurnbach,10 km² Gewässer,Donau,Hauptgewässer,000208
,,209,Dristenaubach,10 km² Gewässer,Donau,Hauptgewässer,000209
,,210,Oberaubach,10 km² Gewässer,Donau,Hauptgewässer,000210
,,211,Ampelsbach,10 km² Gewässer,Donau,Hauptgewässer,000211
,,212,Klammbach,10 km² Gewässer,Donau,Hauptgewässer,000212
,,213,Hühnersbach,10 km² Gewässer,Donau,Hauptgewässer,000213
,,214,Loisach,1000 km² Gewässer,Donau,Hauptgewässer,000214
,,215,Gaisbach,10 km² Gewässer,Donau,Hauptgewässer,000215
,,216,Lussbach,10 km² Gewässer,Donau,Hauptgewässer,000216
,,217,Neidernach,10 km² Gewässer,Donau,Hauptgewässer,000217
,,218,Neuweidbach,10 km² Gewässer,Donau,Hauptgewässer,000218
,,219,Inn,10000 km² Gewässer,Donau,Hauptgewässer,000219
,,220,Stiller Bach,10 km² Gewässer,Donau,Hauptgewässer,000220
,,221,Arsangsbach,10 km² Gewässer,Donau,Hauptgewässer,000221
,,222,Schalklbach,100 km² Gewässer,Donau,Hauptgewässer,000222
,,223,Zandersbach,10 km² Gewässer,Donau,Hauptgewässer,000223
,,224,Stubenbach,10 km² Gewässer,Donau,Hauptgewässer,000224
,,225,Masner Bach,10 km² Gewässer,Donau,Hauptgewässer,000225
,,226,Pfundsertalbach,10 km² Gewässer,Donau,Hauptgewässer,000226
,,227,Nauderer Tscheybach,10 km² Gewässer,Donau,Hauptgewässer,000227
,,228,Pfundser Tscheybach,10 km² Gewässer,Donau,Hauptgewässer,000228
,,229,Tschupbach,10 km² Gewässer,Donau,Hauptgewässer,000229
,,230,Moosbach (Lausbach),10 km² Gewässer,Donau,Hauptgewässer,000230
,,231,Tösnertalbach,10 km² Gewässer,Donau,Hauptgewässer,000231
,,232,Platzer Bach,10 km² Gewässer,Donau,Hauptgewässer,000232
,,233,Argebach,10 km² Gewässer,Donau,Hauptgewässer,000233
,,234,Stalanzerbach,10 km² Gewässer,Donau,Hauptgewässer,000234
,,235,Stalanzer Bach,10 km² Gewässer,Donau,Hauptgewässer,000235
,,236,Beutelbach,10 km² Gewässer,Donau,Hauptgewässer,000236
,,237,Fendler Bach,10 km² Gewässer,Donau,Hauptgewässer,000237
,,238,Fagge,100 km² Gewässer,Donau,Hauptgewässer,000238
,,239,Riffelbach,10 km² Gewässer,Donau,Hauptgewässer,000239
,,240,Krummgampenbach,10 km² Gewässer,Donau,Hauptgewässer,000240
,,241,Kaiserseebach,10 km² Gewässer,Donau,Hauptgewässer,000241
,,242,Fissladbach,10 km² Gewässer,Donau,Hauptgewässer,000242
,,243,Verpeilbach,10 km² Gewässer,Donau,Hauptgewässer,000243
,,244,Urgbach,10 km² Gewässer,Donau,Hauptgewässer,000244
,,245,Sanna,500 km² Gewässer,Donau,Hauptgewässer,000245
,,246,Rosanna,100 km² Gewässer,Donau,Hauptgewässer,000246
,,247,Fasulbach,10 km² Gewässer,Donau,Hauptgewässer,000247
,,248,Maroibach,10 km² Gewässer,Donau,Hauptgewässer,000248
,,249,Moosbach,10 km² Gewässer,Donau,Hauptgewässer,000249
,,250,Malfonbach,10 km² Gewässer,Donau,Hauptgewässer,000250
,,251,Trisanna,100 km² Gewässer,Donau,Hauptgewässer,000251
,,253,Jambach,10 km² Gewässer,Donau,Hauptgewässer,000253
,,254,Futschölbach,10 km² Gewässer,Donau,Hauptgewässer,000254
,,255,Lareinbach,10 km² Gewässer,Donau,Hauptgewässer,000255
,,256,Madleinbach,10 km² Gewässer,Donau,Hauptgewässer,000256
,,257,Fimbabach,10 km² Gewässer,Donau,Hauptgewässer,000257
,,258,Visnitzbach,10 km² Gewässer,Donau,Hauptgewässer,000258
,,259,Griweleabach,10 km² Gewässer,Donau,Hauptgewässer,000259
,,260,Flathbach,10 km² Gewässer,Donau,Hauptgewässer,000260
,,261,Istalanzbach,10 km² Gewässer,Donau,Hauptgewässer,000261
,,262,Lötzbach,10 km² Gewässer,Donau,Hauptgewässer,000262
,,263,Starkenbach,10 km² Gewässer,Donau,Hauptgewässer,000263
,,264,Larsennbach,10 km² Gewässer,Donau,Hauptgewässer,000264
,,265,Gurglbach (Pigerbach),100 km² Gewässer,Donau,Hauptgewässer,000265
,,266,Tegesbach,10 km² Gewässer,Donau,Hauptgewässer,000266
,,267,Roßbach,10 km² Gewässer,Donau,Hauptgewässer,000267
,,268,Salvesenbach,10 km² Gewässer,Donau,Hauptgewässer,000268
,,269,Malchbach,10 km² Gewässer,Donau,Hauptgewässer,000269
,,270,Pitze,100 km² Gewässer,Donau,Hauptgewässer,000270
,,271,Taschachbach,10 km² Gewässer,Donau,Hauptgewässer,000271
,,272,Sexegertenbach,10 km² Gewässer,Donau,Hauptgewässer,000272
,,273,Rifflbach,10 km² Gewässer,Donau,Hauptgewässer,000273
,,274,Pillerbach,10 km² Gewässer,Donau,Hauptgewässer,000274
,,275,Walder Bach,10 km² Gewässer,Donau,Hauptgewässer,000275
,,276,Ötztaler Ache,500 km² Gewässer,Donau,Hauptgewässer,000276
,,277,Vernagtbach,10 km² Gewässer,Donau,Hauptgewässer,000277
,,278,Niedertalbach,10 km² Gewässer,Donau,Hauptgewässer,000278
,,279,Schaltbach,10 km² Gewässer,Donau,Hauptgewässer,000279
,,280,Gurgler Ache,100 km² Gewässer,Donau,Hauptgewässer,000280
,,281,Rotmoosache,10 km² Gewässer,Donau,Hauptgewässer,000281
,,282,Timmelsbach,10 km² Gewässer,Donau,Hauptgewässer,000282
,,283,Windache,10 km² Gewässer,Donau,Hauptgewässer,000283
,,284,Rettenbach,10 km² Gewässer,Donau,Hauptgewässer,000284
,,285,Pollesbach,10 km² Gewässer,Donau,Hauptgewässer,000285
,,286,Achenaltarm,10 km² Gewässer,Donau,Hauptgewässer,000286
,,287,Hubener Mühlbach,10 km² Gewässer,Donau,Hauptgewässer,000287
,,289,Poltbach,10 km² Gewässer,Donau,Hauptgewässer,000289
,,290,Fischbach,10 km² Gewässer,Donau,Hauptgewässer,000290
,,291,Winnebach,10 km² Gewässer,Donau,Hauptgewässer,000291
,,292,Klammlasbach,10 km² Gewässer,Donau,Hauptgewässer,000292
,,293,Unterrieder Bach,10 km² Gewässer,Donau,Hauptgewässer,000293
,,294,Leiersbach,10 km² Gewässer,Donau,Hauptgewässer,000294
,,295,Fundusbach,10 km² Gewässer,Donau,Hauptgewässer,000295
,,296,Hairlachbach,10 km² Gewässer,Donau,Hauptgewässer,000296
,,297,Stuibenbach,10 km² Gewässer,Donau,Hauptgewässer,000297
,,298,Klammbach,10 km² Gewässer,Donau,Hauptgewässer,000298
,,299,Alz,1000 km² Gewässer,Donau,Hauptgewässer,000299
,,301,Stamser Bach,10 km² Gewässer,Donau,Hauptgewässer,000301
,,302,Lehnbach,10 km² Gewässer,Donau,Hauptgewässer,000302
,,303,Krebsbach,10 km² Gewässer,Donau,Hauptgewässer,000303
,,304,Griesbach,10 km² Gewässer,Donau,Hauptgewässer,000304
,,305,Erzbergklammbach,10 km² Gewässer,Donau,Hauptgewässer,000305
,,306,Kanzingbach,10 km² Gewässer,Donau,Hauptgewässer,000306
,,307,Giessenbach (Wiesenbach),10 km² Gewässer,Donau,Hauptgewässer,000307
,,308,Niederbach,10 km² Gewässer,Donau,Hauptgewässer,000308
,,309,Enterbach,10 km² Gewässer,Donau,Hauptgewässer,000309
,,310,Schloßbach,10 km² Gewässer,Donau,Hauptgewässer,000310
,,311,Blachfelder Gießen,< 10 km² Gewässer,Donau,Hauptgewässer,000311
,,312,Ehnbach,10 km² Gewässer,Donau,Hauptgewässer,000312
,,313,Melach,100 km² Gewässer,Donau,Hauptgewässer,000313
,,314,Oberer Lisenser Bach,10 km² Gewässer,Donau,Hauptgewässer,000314
,,315,Längentaler Bach,10 km² Gewässer,Donau,Hauptgewässer,000315
,,316,Zirmbach,10 km² Gewässer,Donau,Hauptgewässer,000316
,,317,Klammbach l.,10 km² Gewässer,Donau,Hauptgewässer,000317
,,318,Stockachbach r.,10 km² Gewässer,Donau,Hauptgewässer,000318
,,319,Kraspesbach r.,10 km² Gewässer,Donau,Hauptgewässer,000319
,,320,Gleirschbach,10 km² Gewässer,Donau,Hauptgewässer,000320
,,321,Fotscher Bach,10 km² Gewässer,Donau,Hauptgewässer,000321
,,322,Sendersbach,10 km² Gewässer,Donau,Hauptgewässer,000322
,,323,Axamer Bach,10 km² Gewässer,Donau,Hauptgewässer,000323
,,324,Geroldsbach,10 km² Gewässer,Donau,Hauptgewässer,000324
,,325,Lohbach,10 km² Gewässer,Donau,Hauptgewässer,000325
,,326,Sill,500 km² Gewässer,Donau,Hauptgewässer,000326
,,327,Vennbach,10 km² Gewässer,Donau,Hauptgewässer,000327
,,328,Obernberger Seebach,10 km² Gewässer,Donau,Hauptgewässer,000328
,,329,Valser Bach,100 km² Gewässer,Donau,Hauptgewässer,000329
,,330,Tscheischbach,10 km² Gewässer,Donau,Hauptgewässer,000330
,,331,Alpeinerbach,10 km² Gewässer,Donau,Hauptgewässer,000331
,,332,Schmirnbach,10 km² Gewässer,Donau,Hauptgewässer,000332
,,333,Kaserer Bach,10 km² Gewässer,Donau,Hauptgewässer,000333
,,334,Wildlahnerbach,10 km² Gewässer,Donau,Hauptgewässer,000334
,,335,Padasterbach,10 km² Gewässer,Donau,Hauptgewässer,000335
,,336,Gschnitzbach,100 km² Gewässer,Donau,Hauptgewässer,000336
,,337,Sandesbach,10 km² Gewässer,Donau,Hauptgewässer,000337
,,338,Finetzbach,10 km² Gewässer,Donau,Hauptgewässer,000338
,,339,Navisbach,10 km² Gewässer,Donau,Hauptgewässer,000339
,,340,Weinrichbach,10 km² Gewässer,Donau,Hauptgewässer,000340
,,341,Waldraster Bach,10 km² Gewässer,Donau,Hauptgewässer,000341
,,342,Falkasanerbach,10 km² Gewässer,Donau,Hauptgewässer,000342
,,343,Mühlbach,10 km² Gewässer,Donau,Hauptgewässer,000343
,,344,Ruetz,100 km² Gewässer,Donau,Hauptgewässer,000344
,,345,Daunkogelfernerbach,10 km² Gewässer,Donau,Hauptgewässer,000345
,,347,Fernaubach,10 km² Gewässer,Donau,Hauptgewässer,000347
,,348,Sulzenaubach,10 km² Gewässer,Donau,Hauptgewässer,000348
,,349,Langentalbach,10 km² Gewässer,Donau,Hauptgewässer,000349
,,350,Falbesoner Bach,10 km² Gewässer,Donau,Hauptgewässer,000350
,,351,Oberbergbach,10 km² Gewässer,Donau,Hauptgewässer,000351
,,352,Pinnisbach,10 km² Gewässer,Donau,Hauptgewässer,000352
,,353,Schlickerbach,10 km² Gewässer,Donau,Hauptgewässer,000353
,,354,Amraser Gießen,10 km² Gewässer,Donau,Hauptgewässer,000354
,,355,Herztalbach,10 km² Gewässer,Donau,Hauptgewässer,000355
,,356,Arzler Bach (Haller Gießen),10 km² Gewässer,Donau,Hauptgewässer,000356
,,357,Kienzachbach,10 km² Gewässer,Donau,Hauptgewässer,000357
,,358,Weißenbach,10 km² Gewässer,Donau,Hauptgewässer,000358
,,359,Freudenbach,10 km² Gewässer,Donau,Hauptgewässer,000359
,,360,Lavierenbach,10 km² Gewässer,Donau,Hauptgewässer,000360
,,361,Voldertalbach,10 km² Gewässer,Donau,Hauptgewässer,000361
,,362,Fritzener Bach,10 km² Gewässer,Donau,Hauptgewässer,000362
,,363,Wattenbach,10 km² Gewässer,Donau,Hauptgewässer,000363
,,364,Lizumbach,10 km² Gewässer,Donau,Hauptgewässer,000364
,,365,Mölsbach,10 km² Gewässer,Donau,Hauptgewässer,000365
,,366,Weerbach,10 km² Gewässer,Donau,Hauptgewässer,000366
,,367,Nurpensbach,10 km² Gewässer,Donau,Hauptgewässer,000367
,,368,Grandlbach,10 km² Gewässer,Donau,Hauptgewässer,000368
,,369,Pillbach,10 km² Gewässer,Donau,Hauptgewässer,000369
,,370,Vomperbach,10 km² Gewässer,Donau,Hauptgewässer,000370
,,371,Stanserbach,10 km² Gewässer,Donau,Hauptgewässer,000371
,2023-08-09,372,Stallenbach,10 km² Gewässer,Donau,Hauptgewässer,000372
,,373,Augiessen (Tratzberger Gießen),10 km² Gewässer,Donau,Hauptgewässer,000373
,,374,Kasbach,10 km² Gewässer,Donau,Hauptgewässer,000374
,,375,Ziller,1000 km² Gewässer,Donau,Hauptgewässer,000375
,,376,Hundskehlbach,10 km² Gewässer,Donau,Hauptgewässer,000376
,,377,Sunderbach,10 km² Gewässer,Donau,Hauptgewässer,000377
,,378,Bodenbach,10 km² Gewässer,Donau,Hauptgewässer,000378
,,379,Zemmbach,100 km² Gewässer,Donau,Hauptgewässer,000379
,,380,Zamserbach,10 km² Gewässer,Donau,Hauptgewässer,000380
,,381,Schlegeisbach,10 km² Gewässer,Donau,Hauptgewässer,000381
,,382,Gungglbach,10 km² Gewässer,Donau,Hauptgewässer,000382
,,383,Floitenbach,10 km² Gewässer,Donau,Hauptgewässer,000383
,,384,Tuxbach,100 km² Gewässer,Donau,Hauptgewässer,000384
,,385,Großer Kunerbach,10 km² Gewässer,Donau,Hauptgewässer,000385
,,387,Junsbach,10 km² Gewässer,Donau,Hauptgewässer,000387
,,388,Hobarbach (Niklasbach),10 km² Gewässer,Donau,Hauptgewässer,000388
,,389,Stilluppbach,10 km² Gewässer,Donau,Hauptgewässer,000389
,,390,Sidanbach,10 km² Gewässer,Donau,Hauptgewässer,000390
,,391,Hoarbergbach,10 km² Gewässer,Donau,Hauptgewässer,000391
,,392,Talbach,10 km² Gewässer,Donau,Hauptgewässer,000392
,,393,Gerlosbach,100 km² Gewässer,Donau,Hauptgewässer,000393
,,394,Krummbach,10 km² Gewässer,Donau,Hauptgewässer,000394
,,395,Schönach,10 km² Gewässer,Donau,Hauptgewässer,000395
,,396,Wimmerbach,10 km² Gewässer,Donau,Hauptgewässer,000396
,,397,Schwarzach,10 km² Gewässer,Donau,Hauptgewässer,000397
,,398,Riedbach,10 km² Gewässer,Donau,Hauptgewässer,000398
,,399,Märzenbach,10 km² Gewässer,Donau,Hauptgewässer,000399
,,400,Finsingbach,10 km² Gewässer,Donau,Hauptgewässer,000400
,,401,Uderner Giessen,10 km² Gewässer,Donau,Hauptgewässer,000401
,,402,Schlitterer Giessen,10 km² Gewässer,Donau,Hauptgewässer,000402
,,403,Öxlbach,10 km² Gewässer,Donau,Hauptgewässer,000403
,,404,Haberbach,10 km² Gewässer,Donau,Hauptgewässer,000404
,,405,Alpbach,10 km² Gewässer,Donau,Hauptgewässer,000405
,,406,Lueger Bach,10 km² Gewässer,Donau,Hauptgewässer,000406
,,407,Greiter Bach,10 km² Gewässer,Donau,Hauptgewässer,000407
,,408,Brandenberger Ache,100 km² Gewässer,Donau,Hauptgewässer,000408
,,409,Weiße Valepp,10 km² Gewässer,Donau,Hauptgewässer,000409
,,410,Marchbach,10 km² Gewässer,Donau,Hauptgewässer,000410
,,411,Bairache,10 km² Gewässer,Donau,Hauptgewässer,000411
,,412,Weißache,10 km² Gewässer,Donau,Hauptgewässer,000412
,,413,Ellbach,10 km² Gewässer,Donau,Hauptgewässer,000413
,,414,Steinberger Ache,10 km² Gewässer,Donau,Hauptgewässer,000414
,,415,Gaismoosbach,10 km² Gewässer,Donau,Hauptgewässer,000415
,,416,Mühlbach,10 km² Gewässer,Donau,Hauptgewässer,000416
,,417,Mühlbach,10 km² Gewässer,Donau,Hauptgewässer,000417
,,418,Radfelder Giessen,10 km² Gewässer,Donau,Hauptgewässer,000418
,,419,Dorfbach (Mühlbach Breitenbach),10 km² Gewässer,Donau,Hauptgewässer,000419
,,420,Wildschönauer Ache,10 km² Gewässer,Donau,Hauptgewässer,000420
,,421,Liesfelder Giessen,10 km² Gewässer,Donau,Hauptgewässer,000421
,,422,Wörgler Bach,10 km² Gewässer,Donau,Hauptgewässer,000422
,,423,Brixentaler Ache (Brixenbach),100 km² Gewässer,Donau,Hauptgewässer,000423
,,424,Schleicherbach,10 km² Gewässer,Donau,Hauptgewässer,000424
,,425,Windauer Ache,10 km² Gewässer,Donau,Hauptgewässer,000425
,,426,Rettenbach,10 km² Gewässer,Donau,Hauptgewässer,000426
,,427,Miesfanggraben,10 km² Gewässer,Donau,Hauptgewässer,000427
,,429,Schönauer Graben,10 km² Gewässer,Donau,Hauptgewässer,000429
,,431,Kelchsauer Ache,100 km² Gewässer,Donau,Hauptgewässer,000431
,,432,Langer Grund Ache,10 km² Gewässer,Donau,Hauptgewässer,000432
,,433,Frommbach,10 km² Gewässer,Donau,Hauptgewässer,000433
,,434,Kurzer Grund Ache,10 km² Gewässer,Donau,Hauptgewässer,000434
,,435,Brummer Graben,10 km² Gewässer,Donau,Hauptgewässer,000435
,,436,Luecher Bach,10 km² Gewässer,Donau,Hauptgewässer,000436
,,437,Nasenbach,10 km² Gewässer,Donau,Hauptgewässer,000437
,,438,Glaurachbach,10 km² Gewässer,Donau,Hauptgewässer,000438
,,439,Weißache (Weißachgraben),100 km² Gewässer,Donau,Hauptgewässer,000439
,,440,Hintersteiner Seebach,10 km² Gewässer,Donau,Hauptgewässer,000440
,,441,Stampfangerbach,10 km² Gewässer,Donau,Hauptgewässer,000441
,,442,Filzenbach,10 km² Gewässer,Donau,Hauptgewässer,000442
,,445,Gaisbach,10 km² Gewässer,Donau,Hauptgewässer,000445
,,446,Sparchenbach,10 km² Gewässer,Donau,Hauptgewässer,000446
,,447,Thierseer Ache (Ursprungbach),100 km² Gewässer,Donau,Hauptgewässer,000447
,,448,Stallenbach,10 km² Gewässer,Donau,Hauptgewässer,000448
,,449,Glemmbach,10 km² Gewässer,Donau,Hauptgewässer,000449
,,450,Gießenbach,10 km² Gewässer,Donau,Hauptgewässer,000450
,,451,Jennbach,10 km² Gewässer,Donau,Hauptgewässer,000451
,,452,Walchentaler Bach,10 km² Gewässer,Donau,Hauptgewässer,000452
,,453,Ebbsbach,10 km² Gewässer,Donau,Hauptgewässer,000453
,,454,Trockenbach,10 km² Gewässer,Donau,Hauptgewässer,000454
,,455,Großache,1000 km² Gewässer,Donau,Hauptgewässer,000455
,,456,Trattenbach,10 km² Gewässer,Donau,Hauptgewässer,000456
,,457,Sintersbach,10 km² Gewässer,Donau,Hauptgewässer,000457
,,458,Saukaserbach,10 km² Gewässer,Donau,Hauptgewässer,000458
,,459,Auracher Wildbach,10 km² Gewässer,Donau,Hauptgewässer,000459
,,460,Aschauer Ache,100 km² Gewässer,Donau,Hauptgewässer,000460
,,461,Unterer-Grund-Ache,10 km² Gewässer,Donau,Hauptgewässer,000461
,,462,Oberer-Grund-Ache,10 km² Gewässer,Donau,Hauptgewässer,000462
,,463,Goinger Bach (Hausbach),10 km² Gewässer,Donau,Hauptgewässer,000463
,,464,Fieberbrunner Ache (Schwarzache),100 km² Gewässer,Donau,Hauptgewässer,000464
,,465,Spielbergbach,10 km² Gewässer,Donau,Hauptgewässer,000465
,,466,Rotache,10 km² Gewässer,Donau,Hauptgewässer,000466
,,467,Pletzerbach,10 km² Gewässer,Donau,Hauptgewässer,000467
,,470,Grubalmbach,10 km² Gewässer,Donau,Hauptgewässer,000470
,,471,Trattenbach,10 km² Gewässer,Donau,Hauptgewässer,000471
,,472,Mühlbach,10 km² Gewässer,Donau,Hauptgewässer,000472
,,473,Brunnbach (Oberhofenbach),10 km² Gewässer,Donau,Hauptgewässer,000473
,,474,Griesbach,10 km² Gewässer,Donau,Hauptgewässer,000474
,,476,Unreingastgraben,10 km² Gewässer,Donau,Hauptgewässer,000476
,,478,Waldbach,10 km² Gewässer,Donau,Hauptgewässer,000478
,,481,Moratalbach,10 km² Gewässer,Donau,Hauptgewässer,000481
,,482,Loferbach,10 km² Gewässer,Donau,Hauptgewässer,000482
,,483,Kohlenbach,100 km² Gewässer,Donau,Hauptgewässer,000483
,,484,Kaisertalbach,10 km² Gewässer,Donau,Hauptgewässer,000484
,,485,Weißenbach (Gem. Kössen),10 km² Gewässer,Donau,Hauptgewässer,000485
,,486,Walchseebach,10 km² Gewässer,Donau,Hauptgewässer,000486
,,487,Rahmbach,10 km² Gewässer,Donau,Hauptgewässer,000487
,,488,Fischbach-Unken,100 km² Gewässer,Donau,Hauptgewässer,000488
,,489,Salzach,4000 km² Gewässer,Donau,Hauptgewässer,000489
,,490,Nadernache,10 km² Gewässer,Donau,Hauptgewässer,000490
,,491,Krimmler Ache,100 km² Gewässer,Donau,Hauptgewässer,000491
,,492,Windbach,10 km² Gewässer,Donau,Hauptgewässer,000492
,,493,Rainbach-Achental,10 km² Gewässer,Donau,Hauptgewässer,000493
,,494,Trattenbach-Wald,10 km² Gewässer,Donau,Hauptgewässer,000494
,,495,Obersulzbach,10 km² Gewässer,Donau,Hauptgewässer,000495
,,496,Untersulzbach,10 km² Gewässer,Donau,Hauptgewässer,000496
,,497,Habach,10 km² Gewässer,Donau,Hauptgewässer,000497
,,498,Bramberger Mühlbach,10 km² Gewässer,Donau,Hauptgewässer,000498
,,499,Hollersbach,10 km² Gewässer,Donau,Hauptgewässer,000499
,,500,Rettenbach-Mittersill,10 km² Gewässer,Donau,Hauptgewässer,000500
,,501,Burkbach,10 km² Gewässer,Donau,Hauptgewässer,000501
,,502,Felber Ache,10 km² Gewässer,Donau,Hauptgewässer,000502
,,503,Amerbach,10 km² Gewässer,Donau,Hauptgewässer,000503
,,504,Stubache,100 km² Gewässer,Donau,Hauptgewässer,000504
,,505,Tauernmoosbach,10 km² Gewässer,Donau,Hauptgewässer,000505
,,506,Ödbach,10 km² Gewässer,Donau,Hauptgewässer,000506
,,507,Guggernbach,10 km² Gewässer,Donau,Hauptgewässer,000507
,,508,Wilhelmsdorferkanal,10 km² Gewässer,Donau,Hauptgewässer,000508
,,509,Pölsenbach,10 km² Gewässer,Donau,Hauptgewässer,000509
,,510,Muehlbach-Niedernsill,10 km² Gewässer,Donau,Hauptgewässer,000510
,,511,Walcherbach,10 km² Gewässer,Donau,Hauptgewässer,000511
,,512,Kleine Salzach,100 km² Gewässer,Donau,Nebengewässer,000512
,,513,Friedensbach-Piesendorf,10 km² Gewässer,Donau,Hauptgewässer,000513
,,515,Kaprunerache,10 km² Gewässer,Donau,Hauptgewässer,000515
,,516,Seekanal Zeller See,10 km² Gewässer,Donau,Hauptgewässer,000516
,,517,Schmittenbach,10 km² Gewässer,Donau,Hauptgewässer,000517
,,518,Thumersbach,10 km² Gewässer,Donau,Hauptgewässer,000518
,,519,Fuscherache,100 km² Gewässer,Donau,Hauptgewässer,000519
,,520,Weixlbach,10 km² Gewässer,Donau,Hauptgewässer,000520
,,521,Hirzbach,10 km² Gewässer,Donau,Hauptgewässer,000521
,,522,Sulzbach-Fusch,10 km² Gewässer,Donau,Hauptgewässer,000522
,,523,Brandenauer Graben,10 km² Gewässer,Donau,Hauptgewässer,000523
,,524,Wolfsbach,10 km² Gewässer,Donau,Hauptgewässer,000524
,,525,Rauriser Ache,100 km² Gewässer,Donau,Hauptgewässer,000525
,,526,Krumlbach,10 km² Gewässer,Donau,Hauptgewässer,000526
,,527,Seidlwinklache,10 km² Gewässer,Donau,Hauptgewässer,000527
,,528,Gaisbach - Hauptbach,10 km² Gewässer,Donau,Hauptgewässer,000528
,,529,Trattenbach,10 km² Gewässer,Donau,Hauptgewässer,000529
,,530,Dientenbach,10 km² Gewässer,Donau,Hauptgewässer,000530
,,531,Schwarzenbach-Dienten,10 km² Gewässer,Donau,Hauptgewässer,000531
,,532,Gasteinerache,100 km² Gewässer,Donau,Hauptgewässer,000532
,,533,Nassfelder Ache,100 km² Gewässer,Donau,Hauptgewässer,000533
,,534,Anlaufbach,10 km² Gewässer,Donau,Hauptgewässer,000534
,,535,Höhkarbach,10 km² Gewässer,Donau,Hauptgewässer,000535
,2023-08-09,536,Koetschachbach,10 km² Gewässer,Donau,Hauptgewässer,000536
,,537,Angerbach,10 km² Gewässer,Donau,Hauptgewässer,000537
,,538,Luggauerbach,10 km² Gewässer,Donau,Hauptgewässer,000538
,,539,Wengerbach,10 km² Gewässer,Donau,Hauptgewässer,000539
,,540,Grossarler Ache,100 km² Gewässer,Donau,Hauptgewässer,000540
,,541,Karteisgraben,10 km² Gewässer,Donau,Hauptgewässer,000541
,,542,Hubalpsbach,10 km² Gewässer,Donau,Hauptgewässer,000542
,,543,Reitalpsbach,10 km² Gewässer,Donau,Hauptgewässer,000543
,,544,Tofererbach,10 km² Gewässer,Donau,Hauptgewässer,000544
,,545,Ellmaubach-Grossarl,10 km² Gewässer,Donau,Hauptgewässer,000545
,,546,Labenbach,10 km² Gewässer,Donau,Hauptgewässer,000546
,,547,Kleinarlerache,100 km² Gewässer,Donau,Hauptgewässer,000547
,,548,Schwaighofbach,10 km² Gewässer,Donau,Hauptgewässer,000548
,,549,Ginaubach,10 km² Gewässer,Donau,Hauptgewässer,000549
,,550,Muehlbach-Muehlbach,10 km² Gewässer,Donau,Hauptgewässer,000550
,,551,Gainfeldbach,10 km² Gewässer,Donau,Hauptgewässer,000551
,,552,Fritzbach,100 km² Gewässer,Donau,Hauptgewässer,000552
,,553,St.Martinsbach,10 km² Gewässer,Donau,Hauptgewässer,000553
,,554,Iglsbach,10 km² Gewässer,Donau,Hauptgewässer,000554
,,555,Larzenbach,10 km² Gewässer,Donau,Hauptgewässer,000555
,,556,Wengerbach Werfenweng,10 km² Gewässer,Donau,Hauptgewässer,000556
,,557,Imlaubach,10 km² Gewässer,Donau,Hauptgewässer,000557
,,558,Hoellngraben,10 km² Gewässer,Donau,Hauptgewässer,000558
,,559,Blühnbach,10 km² Gewässer,Donau,Hauptgewässer,000559
,,560,Gruenwaldrinne,10 km² Gewässer,Donau,Hauptgewässer,000560
,,561,Lammer,100 km² Gewässer,Donau,Hauptgewässer,000561
,,562,Neubach,10 km² Gewässer,Donau,Hauptgewässer,000562
,,563,Rauhenbach,10 km² Gewässer,Donau,Hauptgewässer,000563
,,564,Russbach,10 km² Gewässer,Donau,Hauptgewässer,000564
,,565,Randobach,10 km² Gewässer,Donau,Hauptgewässer,000565
,,566,Rigausbach,10 km² Gewässer,Donau,Hauptgewässer,000566
,,567,Schwarzenbach-Abtenau,10 km² Gewässer,Donau,Hauptgewässer,000567
,,568,Aubach-Weitenau,10 km² Gewässer,Donau,Hauptgewässer,000568
,,569,Ackersbach,10 km² Gewässer,Donau,Hauptgewässer,000569
,,570,Marchgrabenbach,10 km² Gewässer,Donau,Hauptgewässer,000570
,,571,Weitenaubach,10 km² Gewässer,Donau,Hauptgewässer,000571
,,572,Schwarzerbach-Scheffau,10 km² Gewässer,Donau,Hauptgewässer,000572
,,573,Torrenerache,10 km² Gewässer,Donau,Hauptgewässer,000573
,,574,Weissenbach in Kuchl,10 km² Gewässer,Donau,Hauptgewässer,000574
,,575,Schöllbach (Mannsbach),10 km² Gewässer,Donau,Hauptgewässer,000575
,,576,Taugl Tennengau,10 km² Gewässer,Donau,Hauptgewässer,000576
,,577,Oberalm,100 km² Gewässer,Donau,Hauptgewässer,000577
,,578,Brunnbach,10 km² Gewässer,Donau,Hauptgewässer,000578
,,579,Laemmerbach-Hintersee,10 km² Gewässer,Donau,Hauptgewässer,000579
,,580,Schwarzaubach,10 km² Gewässer,Donau,Hauptgewässer,000580
,,581,Mörtelbach,10 km² Gewässer,Donau,Hauptgewässer,000581
,,582,Spumbach,10 km² Gewässer,Donau,Hauptgewässer,000582
,,583,Königseeache,100 km² Gewässer,Donau,Hauptgewässer,000583
,,585,Klausbach,10 km² Gewässer,Donau,Hauptgewässer,000585
,,587,Alterbach,10 km² Gewässer,Donau,Hauptgewässer,000587
,,588,Soellheimer Bach,10 km² Gewässer,Donau,Hauptgewässer,000588
,,589,Glan [Salzach],10 km² Gewässer,Donau,Hauptgewässer,000589
,,591,Fischach,100 km² Gewässer,Donau,Hauptgewässer,000591
,,592,Eisbach [Wallersee],10 km² Gewässer,Donau,Hauptgewässer,000592
,,593,Schoenbach,10 km² Gewässer,Donau,Hauptgewässer,000593
,,594,Henndorfer Bach,10 km² Gewässer,Donau,Hauptgewässer,000594
,,595,Eugenbach,10 km² Gewässer,Donau,Hauptgewässer,000595
,,596,Saalach,1000 km² Gewässer,Donau,Hauptgewässer,000596
,,597,Vogelalpsgraben,10 km² Gewässer,Donau,Hauptgewässer,000597
,,598,Schwarzachergraben,10 km² Gewässer,Donau,Hauptgewässer,000598
,,599,Löhnersbach,10 km² Gewässer,Donau,Hauptgewässer,000599
,,600,Kreuzerlehengraben,10 km² Gewässer,Donau,Hauptgewässer,000600
,,601,Oite Kirchham,10 km² Gewässer,Donau,Hauptgewässer,000601
,,602,Harhamer Oite,10 km² Gewässer,Donau,Hauptgewässer,000602
,,603,Urslau,100 km² Gewässer,Donau,Hauptgewässer,000603
,,604,Handlergraben,10 km² Gewässer,Donau,Hauptgewässer,000604
,,605,Jetzbach,10 km² Gewässer,Donau,Hauptgewässer,000605
,,606,Krallerwinklbach,10 km² Gewässer,Donau,Hauptgewässer,000606
,,607,Leoganger Ache,100 km² Gewässer,Donau,Hauptgewässer,000607
,,608,Grießnerbach,10 km² Gewässer,Donau,Hauptgewässer,000608
,,609,Astgraben,10 km² Gewässer,Donau,Hauptgewässer,000609
,,611,Schwarzbach-Leogang,10 km² Gewässer,Donau,Hauptgewässer,000611
,,612,Kalmbach,10 km² Gewässer,Donau,Hauptgewässer,000612
,,613,Buchweissbach,10 km² Gewässer,Donau,Hauptgewässer,000613
,,614,Diessbach,10 km² Gewässer,Donau,Hauptgewässer,000614
,,615,Weissbach in Weissbach,10 km² Gewässer,Donau,Hauptgewässer,000615
,,616,"Schidergraben (Schüttachgraben, Römergraben)",10 km² Gewässer,Donau,Hauptgewässer,000616
,,617,Wildenbach,10 km² Gewässer,Donau,Hauptgewässer,000617
,,618,"Loferbach, Grießelbach (Haselbach)",100 km² Gewässer,Donau,Hauptgewässer,000618
,,619,Schoberweissbach,10 km² Gewässer,Donau,Hauptgewässer,000619
,,620,Innersbach,10 km² Gewässer,Donau,Hauptgewässer,000620
,,622,Steinbach-Unken,10 km² Gewässer,Donau,Hauptgewässer,000622
,,623,Weissbach in Grossgmain,10 km² Gewässer,Donau,Hauptgewässer,000623
,,624,Augustinerbach,10 km² Gewässer,Donau,Hauptgewässer,000624
,,625,Oichten (Oichtenbach),100 km² Gewässer,Donau,Hauptgewässer,000625
,,626,Reitbach,10 km² Gewässer,Donau,Hauptgewässer,000626
,,627,Achartinger Bach,10 km² Gewässer,Donau,Hauptgewässer,000627
,,629,Moosache,100 km² Gewässer,Donau,Hauptgewässer,000629
,,630,Heratinger Seebach,10 km² Gewässer,Donau,Hauptgewässer,000630
,,631,Waidmoosbach,10 km² Gewässer,Donau,Hauptgewässer,000631
,,632,Pladenbach,10 km² Gewässer,Donau,Hauptgewässer,000632
,,633,Riedersbach,10 km² Gewässer,Donau,Hauptgewässer,000633
,,635,Steinbach,10 km² Gewässer,Donau,Hauptgewässer,000635
,,637,Mühltaler Bach,10 km² Gewässer,Donau,Hauptgewässer,000637
,,638,Enknach,100 km² Gewässer,Donau,Hauptgewässer,000638
,,639,Fillmannsbach,10 km² Gewässer,Donau,Hauptgewässer,000639
,,640,Hartbach [Enkbach],10 km² Gewässer,Donau,Hauptgewässer,000640
,,642,Mattig,100 km² Gewässer,Donau,Hauptgewässer,000642
,,643,Verbindungskanal Mattsee-Obertrumersee,10 km² Gewässer,Donau,Hauptgewässer,000643
,,644,"Berndorferbach, Reiterbach",10 km² Gewässer,Donau,Hauptgewässer,000644
,,645,Mühlberger Bach,10 km² Gewässer,Donau,Hauptgewässer,000645
,,647,Schwemmbach,100 km² Gewässer,Donau,Hauptgewässer,000647
,,648,Weißenbach [Schwemmbach],10 km² Gewässer,Donau,Hauptgewässer,000648
,,650,Hainbach,10 km² Gewässer,Donau,Hauptgewässer,000650
,,651,Irrsdorfer Bach,10 km² Gewässer,Donau,Hauptgewässer,000651
,,652,Schalchener Brunnbach (Kindstalbach),10 km² Gewässer,Donau,Hauptgewässer,000652
,,653,Holzwiesenbach,100 km² Gewässer,Donau,Hauptgewässer,000653
,,655,Mauerkirchner Brunnbach,100 km² Gewässer,Donau,Hauptgewässer,000655
,,656,"Fußgraben, Grillhamer Bach",10 km² Gewässer,Donau,Hauptgewässer,000656
,,658,Miningbach,10 km² Gewässer,Donau,Hauptgewässer,000658
,,659,Ach,100 km² Gewässer,Donau,Hauptgewässer,000659
,,661,Schanbach,10 km² Gewässer,Donau,Hauptgewässer,000661
,,662,Mettmach,10 km² Gewässer,Donau,Hauptgewässer,000662
,,663,Sankt Veiter Bach,10 km² Gewässer,Donau,Hauptgewässer,000663
,,664,Altbach [Ach],10 km² Gewässer,Donau,Hauptgewässer,000664
,,665,Lochbach [Ach],100 km² Gewässer,Donau,Hauptgewässer,000665
,,666,Moosbach [Lochbach],10 km² Gewässer,Donau,Hauptgewässer,000666
,,668,Gurtenbach,100 km² Gewässer,Donau,Hauptgewässer,000668
,,669,Ellrechinger Bach,10 km² Gewässer,Donau,Hauptgewässer,000669
,,670,Nonsbach,10 km² Gewässer,Donau,Hauptgewässer,000670
,,671,Simetshamer Bach,10 km² Gewässer,Donau,Hauptgewässer,000671
,,674,"Hartbach [Inn], Senftenbach",10 km² Gewässer,Donau,Hauptgewässer,000674
,,675,Antiesen,100 km² Gewässer,Donau,Hauptgewässer,000675
,,676,Oberach,10 km² Gewässer,Donau,Hauptgewässer,000676
,,677,Breitsach,10 km² Gewässer,Donau,Hauptgewässer,000677
,,678,Windischhuber Bach,10 km² Gewässer,Donau,Hauptgewässer,000678
,,679,Aubach [Oberach],10 km² Gewässer,Donau,Hauptgewässer,000679
,,680,Kretschbach,10 km² Gewässer,Donau,Hauptgewässer,000680
,,681,Osternach,10 km² Gewässer,Donau,Hauptgewässer,000681
,,682,Gehnbach,10 km² Gewässer,Donau,Hauptgewässer,000682
,,683,Todtenmannbach,10 km² Gewässer,Donau,Hauptgewässer,000683
,,684,Etzelshofener Bach,10 km² Gewässer,Donau,Hauptgewässer,000684
,,685,Pram,100 km² Gewässer,Donau,Hauptgewässer,000685
,,687,Raab [Pram],10 km² Gewässer,Donau,Hauptgewässer,000687
,,688,Wiesbach,10 km² Gewässer,Donau,Hauptgewässer,000688
,,689,Messenbach,10 km² Gewässer,Donau,Hauptgewässer,000689
,,690,Pramauer Bach,10 km² Gewässer,Donau,Hauptgewässer,000690
,,691,Pfudabach,10 km² Gewässer,Donau,Hauptgewässer,000691
,,693,Kenadinger Bach,10 km² Gewässer,Donau,Hauptgewässer,000693
,,695,Hackinger Bach,10 km² Gewässer,Donau,Hauptgewässer,000695
,,697,Diersbach,10 km² Gewässer,Donau,Hauptgewässer,000697
,,698,Rainbach [Pram],10 km² Gewässer,Donau,Hauptgewässer,000698
,,700,Doblbach [Pram],10 km² Gewässer,Donau,Hauptgewässer,000700
,,701,Haibach,10 km² Gewässer,Donau,Hauptgewässer,000701
,,702,Kößlbach,10 km² Gewässer,Donau,Hauptgewässer,000702
,,704,"Kleiner Kößlbach, Leitenbach [Kleiner Kößlbach]",10 km² Gewässer,Donau,Hauptgewässer,000704
,,706,Ranna,100 km² Gewässer,Donau,Hauptgewässer,000706
,,707,Osterbach [Ranna],10 km² Gewässer,Donau,Hauptgewässer,000707
,,708,Pfeilbach,10 km² Gewässer,Donau,Hauptgewässer,000708
,,710,Kesselbach [Donau],10 km² Gewässer,Donau,Hauptgewässer,000710
,,712,Adlersbach,10 km² Gewässer,Donau,Hauptgewässer,000712
,,715,Kleine Mühl,100 km² Gewässer,Donau,Hauptgewässer,000715
,,716,Fischbach [Kleine Mühl],10 km² Gewässer,Donau,Hauptgewässer,000716
,,717,Lichtenbach,10 km² Gewässer,Donau,Hauptgewässer,000717
,,718,Leitenbach [Lichtenbach],10 km² Gewässer,Donau,Hauptgewässer,000718
,,719,Daglesbach,10 km² Gewässer,Donau,Hauptgewässer,000719
,,722,Große Mühl,500 km² Gewässer,Donau,Hauptgewässer,000722
,,723,Schwarzenberger Gegenbach,10 km² Gewässer,Donau,Hauptgewässer,000723
,,725,Finsterbach,10 km² Gewässer,Donau,Hauptgewässer,000725
,,726,Klafferbach,10 km² Gewässer,Donau,Hauptgewässer,000726
,,728,Altbach [Große Mühl],10 km² Gewässer,Donau,Hauptgewässer,000728
,,729,Krenbach,10 km² Gewässer,Donau,Hauptgewässer,000729
,,730,Zwettler Bach/ Zwettl (Schwarzenberg'scher Kanal),10 km² Gewässer,Donau,Hauptgewässer,000730
,,731,Iglbach [Zwettl],10 km² Gewässer,Donau,Hauptgewässer,000731
,,732,Jaunitzbach [Große Mühl]/ Stadelgraben,10 km² Gewässer,Donau,Hauptgewässer,000732
,,734,Kleine Michl,100 km² Gewässer,Donau,Hauptgewässer,000734
,,735,Michluo potok,100 km² Gewässer,Donau,Hauptgewässer,000735
,,736,Scheidebach,100 km² Gewässer,Donau,Hauptgewässer,000736
,,738,"Gaisbach [Weißenbach], Weißenbach [Kleine Michl]",10 km² Gewässer,Donau,Hauptgewässer,000738
,,740,Pummermüllerbach,10 km² Gewässer,Donau,Hauptgewässer,000740
,,741,Froschbach,10 km² Gewässer,Donau,Hauptgewässer,000741
,,743,Bachmüllerbach,10 km² Gewässer,Donau,Hauptgewässer,000743
,,744,Neufeldener Bayrerbach,10 km² Gewässer,Donau,Hauptgewässer,000744
,,745,Diessenbach,10 km² Gewässer,Donau,Hauptgewässer,000745
,,746,Große Mühl (Nebeng.) [bei Klaffer] südl.,10 km² Gewässer,Donau,Nebengewässer,000746
,,747,Aschach,100 km² Gewässer,Donau,Hauptgewässer,000747
,,748,Dürre Aschach,100 km² Gewässer,Donau,Hauptgewässer,000748
,,749,Faule Aschach,10 km² Gewässer,Donau,Hauptgewässer,000749
,,751,Michaelnbach,10 km² Gewässer,Donau,Hauptgewässer,000751
,,752,Prambach,10 km² Gewässer,Donau,Hauptgewässer,000752
,,753,Leitenbach [Aschach],10 km² Gewässer,Donau,Hauptgewässer,000753
,,754,Natternbach,10 km² Gewässer,Donau,Hauptgewässer,000754
,,755,Sandbach [Aschach],10 km² Gewässer,Donau,Hauptgewässer,000755
,,757,Ritzinger Bach,10 km² Gewässer,Donau,Hauptgewässer,000757
,,758,Hainbach [Aschach],10 km² Gewässer,Donau,Hauptgewässer,000758
,,759,Innbach,500 km² Gewässer,Donau,Hauptgewässer,000759
,,760,Aschacharm,10 km² Gewässer,Donau,Hauptgewässer,000760
,,761,Hinzenbach,10 km² Gewässer,Donau,Hauptgewässer,000761
,,762,Gallsbach,10 km² Gewässer,Donau,Hauptgewässer,000762
,,764,Mühlbach [Innbach],10 km² Gewässer,Donau,Nebengewässer,000764
,,765,Wilder Innbach,10 km² Gewässer,Donau,Hauptgewässer,000765
,,766,Sulzbach [Innbach],10 km² Gewässer,Donau,Hauptgewässer,000766
,,767,Katzbach [Innbach],10 km² Gewässer,Donau,Hauptgewässer,000767
,,769,Trattnach,100 km² Gewässer,Donau,Hauptgewässer,000769
,,770,Rottenbach [Trattnach],10 km² Gewässer,Donau,Hauptgewässer,000770
,,771,Stillbach (Fuchsgrabenbach),10 km² Gewässer,Donau,Hauptgewässer,000771
,,773,Leitnerbach [Trattnach],10 km² Gewässer,Donau,Hauptgewässer,000773
,,775,"Hundshamer Bach, Perwender Bach",10 km² Gewässer,Donau,Hauptgewässer,000775
,,777,Polsenz,10 km² Gewässer,Donau,Hauptgewässer,000777
,,779,Blumbach,10 km² Gewässer,Donau,Hauptgewässer,000779
,,780,Pesenbach,100 km² Gewässer,Donau,Hauptgewässer,000780
,,783,Freudensteiner Bach,10 km² Gewässer,Donau,Hauptgewässer,000783
,,785,Große Rodl,100 km² Gewässer,Donau,Hauptgewässer,000785
,,786,Steinbach [Große Rodl],10 km² Gewässer,Donau,Hauptgewässer,000786
,,787,Sägemühlbach,10 km² Gewässer,Donau,Hauptgewässer,000787
,,788,"Distlbach, Matzenbach",10 km² Gewässer,Donau,Hauptgewässer,000788
,,790,Ranitzbach,10 km² Gewässer,Donau,Hauptgewässer,000790
,,791,Kleine Rodl,10 km² Gewässer,Donau,Hauptgewässer,000791
,,793,Eschelbach,10 km² Gewässer,Donau,Hauptgewässer,000793
,,794,Ofenwasser,10 km² Gewässer,Donau,Hauptgewässer,000794
,,795,Seltenbach,10 km² Gewässer,Donau,Hauptgewässer,000795
,,796,Gumpoldinger Bach,10 km² Gewässer,Donau,Hauptgewässer,000796
,,797,Mühlbach [Donau] (Gem. Wilhering),10 km² Gewässer,Donau,Hauptgewässer,000797
,,798,Bleicherbach,10 km² Gewässer,Donau,Hauptgewässer,000798
,,799,"Großer Haselbach, Großer Haselbach (Diesenleitenbach), Großer Haselbach (Donau-Altarm)",100 km² Gewässer,Donau,Hauptgewässer,000799
,,800,Diesenleitenbach,10 km² Gewässer,Donau,Hauptgewässer,000800
,,801,Katzbach [Diesenleitenbach],10 km² Gewässer,Donau,Hauptgewässer,000801
,,802,Füchselbachkanal,10 km² Gewässer,Donau,Hauptgewässer,000802
,,803,"Aubach [Staudacher Bach], Staudacher Bach, Grundbach (Breitbrunner Bach)",10 km² Gewässer,Donau,Hauptgewässer,000803
,,805,"Traun, Grundlseer-Traun, Koppentraun, Toplitzbach, Traun-Ursprung, Vereinigte Traun",4000 km² Gewässer,Donau,Hauptgewässer,000805
,,806,Zimitzbach,10 km² Gewässer,Donau,Hauptgewässer,000806
,,811,Miesenbach [Traun],10 km² Gewässer,Donau,Hauptgewässer,000811
,,812,"Großer Zlambach, Leistlingbach",10 km² Gewässer,Donau,Hauptgewässer,000812
,,813,Waldbach [Hallstätter See],10 km² Gewässer,Donau,Hauptgewässer,000813
,,815,Gosaubach,100 km² Gewässer,Donau,Hauptgewässer,000815
,,816,Brielgraben,10 km² Gewässer,Donau,Hauptgewässer,000816
,,819,Weißenbach [Traun],10 km² Gewässer,Donau,Hauptgewässer,000819
,,821,Ischl,100 km² Gewässer,Donau,Hauptgewässer,000821
,,823,Zinkenbach,10 km² Gewässer,Donau,Hauptgewässer,000823
,,824,Schreinbach,10 km² Gewässer,Donau,Hauptgewässer,000824
,,825,Steingraben,10 km² Gewässer,Donau,Hauptgewässer,000825
,,826,Rußbach [Ischl],10 km² Gewässer,Donau,Hauptgewässer,000826
,,828,Strobler Weißenbach,10 km² Gewässer,Donau,Hauptgewässer,000828
,,830,Schoeffaubach,10 km² Gewässer,Donau,Hauptgewässer,000830
,,831,Rettenbach [Traun],10 km² Gewässer,Donau,Hauptgewässer,000831
,,832,Karbach [Rettenbach],10 km² Gewässer,Donau,Hauptgewässer,000832
,,833,"Grabenbach, Vorderer Sandlinggraben",10 km² Gewässer,Donau,Hauptgewässer,000833
,,834,"Höllbach [Mitterweißenbach], Mitterweißenbach",10 km² Gewässer,Donau,Hauptgewässer,000834
,,835,"Dürre Pölitz, Trattengraben",10 km² Gewässer,Donau,Hauptgewässer,000835
,,838,"Frauenweißenbach, Offenseebach, Rinnerbach [Offensee]",10 km² Gewässer,Donau,Hauptgewässer,000838
,,839,"Grieseneckbach, Steinbach [Grießeneckbach]",10 km² Gewässer,Donau,Hauptgewässer,000839
,,840,Schwarzenbach [Frauenweißenbach],10 km² Gewässer,Donau,Hauptgewässer,000840
,,841,"Hirschbach [Pfrillenbach], Langbathbach, Pfrillenbach",10 km² Gewässer,Donau,Hauptgewässer,000841
,,842,Rindbach,10 km² Gewässer,Donau,Hauptgewässer,000842
,,844,Karbach [Traunsee],10 km² Gewässer,Donau,Hauptgewässer,000844
,,846,Lainaubach,10 km² Gewässer,Donau,Hauptgewässer,000846
,,847,"Ager, Riedelbach, Seeache, Zeller Ache",1000 km² Gewässer,Donau,Hauptgewässer,000847
,,848,Fuschlerache [Wolfgangsee],10 km² Gewässer,Donau,Hauptgewässer,000848
,,849,Fuschlerache (Fuschler Ache),100 km² Gewässer,Donau,Hauptgewässer,000849
,,851,Fischbach-Thalgau,10 km² Gewässer,Donau,Hauptgewässer,000851
,,852,Plainfelder Bach,10 km² Gewässer,Donau,Hauptgewässer,000852
,,854,Wangauer Ache,10 km² Gewässer,Donau,Hauptgewässer,000854
,,855,Äußerer Weißenbach,10 km² Gewässer,Donau,Hauptgewässer,000855
,,858,Kienbach,10 km² Gewässer,Donau,Hauptgewässer,000858
,,860,Weyregger Bach,10 km² Gewässer,Donau,Hauptgewässer,000860
,,866,Steinbach [Ager],10 km² Gewässer,Donau,Hauptgewässer,000866
,,867,Vöckla,100 km² Gewässer,Donau,Hauptgewässer,000867
,,868,Noessenbach,10 km² Gewässer,Donau,Hauptgewässer,000868
,,869,Kirchhamer Bach,10 km² Gewässer,Donau,Hauptgewässer,000869
,,870,Große Ach,10 km² Gewässer,Donau,Hauptgewässer,000870
,,872,Fornacher Redlbach,10 km² Gewässer,Donau,Hauptgewässer,000872
,,874,Bruckwiesenbach,10 km² Gewässer,Donau,Hauptgewässer,000874
,,875,Frankenburger Redlbach,10 km² Gewässer,Donau,Hauptgewässer,000875
,,877,"Haselbach [Perschlinger Bach], Perschlinger Bach",10 km² Gewässer,Donau,Hauptgewässer,000877
,,879,Ampflwangbach,10 km² Gewässer,Donau,Hauptgewässer,000879
,,880,Ungenachbach,10 km² Gewässer,Donau,Hauptgewässer,000880
,,881,"Dürre Ager, Ruezingbach",100 km² Gewässer,Donau,Hauptgewässer,000881
,,882,Sagerer Bach,10 km² Gewässer,Donau,Hauptgewässer,000882
,,883,Klausbach [Dürre Ager],10 km² Gewässer,Donau,Hauptgewässer,000883
,,884,Dürre Aurach,10 km² Gewässer,Donau,Hauptgewässer,000884
,,885,Hainbach [Dürre Aurach],10 km² Gewässer,Donau,Hauptgewässer,000885
,,886,Aubach [Dürre Aurach],10 km² Gewässer,Donau,Hauptgewässer,000886
,,888,Aurach,10 km² Gewässer,Donau,Hauptgewässer,000888
,,889,"Hölltalgrabenbach, Wesenaurach",10 km² Gewässer,Donau,Hauptgewässer,000889
,,891,Kollaichbach,10 km² Gewässer,Donau,Hauptgewässer,000891
,,892,Stegmüllerbach,10 km² Gewässer,Donau,Hauptgewässer,000892
,,893,Ottnanger Redlbach,10 km² Gewässer,Donau,Hauptgewässer,000893
,,894,Englfingbach,10 km² Gewässer,Donau,Hauptgewässer,000894
,,895,Schwanenbach,10 km² Gewässer,Donau,Hauptgewässer,000895
,,896,"Holzbach, Staiger Bach",10 km² Gewässer,Donau,Hauptgewässer,000896
,,897,"Schwaiger Bach (Schwaigbach), Thalheimer Bach",10 km² Gewässer,Donau,Hauptgewässer,000897
,,898,Pisdorfer Bach,10 km² Gewässer,Donau,Hauptgewässer,000898
,,899,"Alm, Kolmkarbach (Alm)",500 km² Gewässer,Donau,Hauptgewässer,000899
,,900,Weißeneckbach,10 km² Gewässer,Donau,Hauptgewässer,000900
,,901,Straneckbach,10 km² Gewässer,Donau,Hauptgewässer,000901
,,903,Auerbach,10 km² Gewässer,Donau,Hauptgewässer,000903
,,904,Hinterer Rinnbach,10 km² Gewässer,Donau,Hauptgewässer,000904
,,905,Vorderer Rinnbach,10 km² Gewässer,Donau,Hauptgewässer,000905
,,906,"Grünaubach [Alm], Stoßbach, Weißenbach [Stoßbach]",10 km² Gewässer,Donau,Hauptgewässer,000906
,,907,Schindlbach,10 km² Gewässer,Donau,Hauptgewässer,000907
,,909,Trambach,10 km² Gewässer,Donau,Hauptgewässer,000909
,,910,Steinbach [Alm],10 km² Gewässer,Donau,Hauptgewässer,000910
,,911,Sausbach,10 km² Gewässer,Donau,Hauptgewässer,000911
,,912,"Laudach, Äußere Laudach",10 km² Gewässer,Donau,Hauptgewässer,000912
,,913,Keppbach (Kothbach),10 km² Gewässer,Donau,Hauptgewässer,000913
,,915,"Dürre Laudach, Rehkoglbach",10 km² Gewässer,Donau,Hauptgewässer,000915
,,916,Wimbach [Alm],10 km² Gewässer,Donau,Hauptgewässer,000916
,,917,Kößlwanger Bach,10 km² Gewässer,Donau,Hauptgewässer,000917
,,918,Wimbach (östlicher Quellast),10 km² Gewässer,Donau,Hauptgewässer,000918
,,919,Mühlbach (Überleitung aus der Alm),10 km² Gewässer,Donau,Nebengewässer,000919
,,921,Grünbach (Zeilinger Bach),10 km² Gewässer,Donau,Hauptgewässer,000921
,,922,"Fischlhamer Bach, Katzenbach",10 km² Gewässer,Donau,Hauptgewässer,000922
,,923,"Dürnbach [Fischlhamer Bach], Fischlhamer Bach (Oberlauf), Pettenbachrinne (Dürnbach)",10 km² Gewässer,Donau,Hauptgewässer,000923
,,924,Heischbach,10 km² Gewässer,Donau,Hauptgewässer,000924
,,925,Aiterbach,10 km² Gewässer,Donau,Hauptgewässer,000925
,,926,Thalbach [Traun],10 km² Gewässer,Donau,Hauptgewässer,000926
,,927,Welser Mühlbach,10 km² Gewässer,Donau,Hauptgewässer,000927
,,928,Grünbach Zubringer [bei Wels],10 km² Gewässer,Donau,Hauptgewässer,000928
,,929,Fallsbach,10 km² Gewässer,Donau,Hauptgewässer,000929
,,930,"Breitenauer Bach [Grünbach], Weinzierlbach",10 km² Gewässer,Donau,Hauptgewässer,000930
,,931,Grünbach [Welser Mühlbach],10 km² Gewässer,Donau,Hauptgewässer,000931
,,932,Schleißbach,10 km² Gewässer,Donau,Hauptgewässer,000932
,,933,Weyerbach,10 km² Gewässer,Donau,Hauptgewässer,000933
,,934,Stinnbach,10 km² Gewässer,Donau,Hauptgewässer,000934
,,935,Sipbach,10 km² Gewässer,Donau,Hauptgewässer,000935
,,936,Schönmairbach,10 km² Gewässer,Donau,Hauptgewässer,000936
,,937,Hörschinger Bach,10 km² Gewässer,Donau,Hauptgewässer,000937
,,939,Krems [Traun],100 km² Gewässer,Donau,Hauptgewässer,000939
,,940,Nußbach [Krems],10 km² Gewässer,Donau,Hauptgewässer,000940
,,941,"Sulzbach [Krems], Wiesmüllerbach",10 km² Gewässer,Donau,Hauptgewässer,000941
,,942,Fernbach,10 km² Gewässer,Donau,Hauptgewässer,000942
,,943,Reiflbach,10 km² Gewässer,Donau,Hauptgewässer,000943
,,944,Piberbach,10 km² Gewässer,Donau,Hauptgewässer,000944
,,946,Dambach [Krems],10 km² Gewässer,Donau,Hauptgewässer,000946
,,947,Vallabach,10 km² Gewässer,Donau,Hauptgewässer,000947
,,949,Wambach,10 km² Gewässer,Donau,Hauptgewässer,000949
,,951,Mitterwasser [Tagerbach],10 km² Gewässer,Donau,Hauptgewässer,000951
,,952,Reichenbach,10 km² Gewässer,Donau,Hauptgewässer,000952
,,953,Ipfbach,100 km² Gewässer,Donau,Hauptgewässer,000953
,,954,Sankt Marienbach,10 km² Gewässer,Donau,Hauptgewässer,000954
,,955,Grünbrunner Bach,10 km² Gewässer,Donau,Hauptgewässer,000955
,,956,"Kristeiner Bach, Penkinger Bach, Simsenberger Bach",100 km² Gewässer,Donau,Hauptgewässer,000956
,,957,Stahlbach (Bleicherbach),10 km² Gewässer,Donau,Hauptgewässer,000957
,,958,Thannerbach,10 km² Gewässer,Donau,Hauptgewässer,000958
,,959,Hagleiten Bach,10 km² Gewässer,Donau,Hauptgewässer,000959
,,960,"Große Gusen, Gusen",100 km² Gewässer,Donau,Hauptgewässer,000960
,,961,Rohrbach [Große Gusen],10 km² Gewässer,Donau,Hauptgewässer,000961
,,962,Grasbach,100 km² Gewässer,Donau,Hauptgewässer,000962
,,964,Steinbach [Große Gusen],10 km² Gewässer,Donau,Hauptgewässer,000964
,,966,"Grubbach, Lehrreitbach, Mirellenbach",10 km² Gewässer,Donau,Hauptgewässer,000966
,,968,Kleine Gusen,100 km² Gewässer,Donau,Hauptgewässer,000968
,,969,Gusenbach [Kleine Gusen],10 km² Gewässer,Donau,Hauptgewässer,000969
,,970,Fisnitzbach,10 km² Gewässer,Donau,Hauptgewässer,000970
,,972,Marbach [Gusen],10 km² Gewässer,Donau,Hauptgewässer,000972
,,974,Enns,4000 km² Gewässer,Donau,Hauptgewässer,000974
,,975,Pleißlingbach,10 km² Gewässer,Donau,Hauptgewässer,000975
,,976,Marbach,10 km² Gewässer,Donau,Hauptgewässer,000976
,,977,Litzlingbach,10 km² Gewässer,Donau,Hauptgewässer,000977
,,978,Zauchenbach,10 km² Gewässer,Donau,Hauptgewässer,000978
,,979,Taurach-Pongau,10 km² Gewässer,Donau,Hauptgewässer,000979
,,980,Mandling,10 km² Gewässer,Donau,Hauptgewässer,000980
,,981,Warme Mandling,10 km² Gewässer,Donau,Hauptgewässer,000981
,,982,Kalte Mandling,10 km² Gewässer,Donau,Hauptgewässer,000982
,,983,Schildlehenbach,10 km² Gewässer,Donau,Hauptgewässer,000983
,,984,Forstaubach,10 km² Gewässer,Donau,Hauptgewässer,000984
,,986,Talbach [Enns],100 km² Gewässer,Donau,Hauptgewässer,000986
,,988,Riesachbach,10 km² Gewässer,Donau,Hauptgewässer,000988
,,989,Obertalbach,100 km² Gewässer,Donau,Hauptgewässer,000989
,,990,Giglachbach,10 km² Gewässer,Donau,Hauptgewässer,000990
,,991,Dürrenbach (Enns),10 km² Gewässer,Donau,Hauptgewässer,000991
,,993,Gumpenbach,10 km² Gewässer,Donau,Hauptgewässer,000993
,,994,Gradenbach (Enns],10 km² Gewässer,Donau,Hauptgewässer,000994
,,996,Sattentalbach,10 km² Gewässer,Donau,Hauptgewässer,000996
,,998,Bräualmbach,10 km² Gewässer,Donau,Hauptgewässer,000998
,,999,Riedlbach [Riedlbach-Traun],10 km² Gewässer,Donau,Hauptgewässer,000999
,,1000,Seifriedbach,10 km² Gewässer,Donau,Hauptgewässer,001000
,,1001,Kleinsölkbach,100 km² Gewässer,Donau,Hauptgewässer,001001
,,1002,Strieglerbach,10 km² Gewässer,Donau,Hauptgewässer,001002
,,1003,Tuchmoarbach,10 km² Gewässer,Donau,Hauptgewässer,001003
,,1005,Neualmbach,10 km² Gewässer,Donau,Hauptgewässer,001005
,,1007,"Salza [Enns, bei Öblarn]",100 km² Gewässer,Donau,Hauptgewässer,001007
,,1008,Rödschitzbach,10 km² Gewässer,Donau,Hauptgewässer,001008
,,1009,Zauchenbach [Salza],10 km² Gewässer,Donau,Hauptgewässer,001009
,,1010,Klausgrabenbach,10 km² Gewässer,Donau,Hauptgewässer,001010
,,1011,Gröbmingbach,10 km² Gewässer,Donau,Hauptgewässer,001011
,,1012,Salza-Seitenarm,10 km² Gewässer,Donau,Nebengewässer,001012
,,1014,Donnersbach,100 km² Gewässer,Donau,Hauptgewässer,001014
,,1016,Mörsbach,10 km² Gewässer,Donau,Hauptgewässer,001016
,,1018,Grimming,10 km² Gewässer,Donau,Hauptgewässer,001018
,,1020,Krunglbach,10 km² Gewässer,Donau,Hauptgewässer,001020
,,1024,Wörschachbach,10 km² Gewässer,Donau,Hauptgewässer,001024
,,1027,Pyhrnbach,10 km² Gewässer,Donau,Hauptgewässer,001027
,,1029,Palten,100 km² Gewässer,Donau,Hauptgewässer,001029
,,1031,Flitzenbach,10 km² Gewässer,Donau,Hauptgewässer,001031
,,1033,Sunkbach,10 km² Gewässer,Donau,Hauptgewässer,001033
,,1035,Lorenzerbach,10 km² Gewässer,Donau,Hauptgewässer,001035
,,1036,Lacknergraben,10 km² Gewässer,Donau,Hauptgewässer,001036
,,1037,Strechaubach,10 km² Gewässer,Donau,Hauptgewässer,001037
,,1039,Ardningbach,10 km² Gewässer,Donau,Hauptgewässer,001039
,,1041,"Eßlingbach [Enns, bei Admont]",10 km² Gewässer,Donau,Hauptgewässer,001041
,,1042,Hallbach,10 km² Gewässer,Donau,Hauptgewässer,001042
,,1043,Rabengrabenbach,10 km² Gewässer,Donau,Hauptgewässer,001043
,,1044,Johnsbach,10 km² Gewässer,Donau,Hauptgewässer,001044
,,1045,Hartelsgrabenbach,10 km² Gewässer,Donau,Hauptgewässer,001045
,,1046,Erzbach [Enns],100 km² Gewässer,Donau,Hauptgewässer,001046
,,1047,Ramsaubach [Erzbach],10 km² Gewässer,Donau,Hauptgewässer,001047
,,1051,Finstergrabenbach [Radmer Bach],10 km² Gewässer,Donau,Hauptgewässer,001051
,,1052,Schwabelbach,10 km² Gewässer,Donau,Hauptgewässer,001052
,,1053,Salza,500 km² Gewässer,Donau,Hauptgewässer,001053
,,1054,Walster (Rottenbach),10 km² Gewässer,Donau,Hauptgewässer,001054
,,1055,Grünaubach [Salza],10 km² Gewässer,Donau,Hauptgewässer,001055
,,1057,Gollradbach,10 km² Gewässer,Donau,Hauptgewässer,001057
,,1058,Steinschalenbach,10 km² Gewässer,Donau,Hauptgewässer,001058
,,1059,Falbersbach,10 km² Gewässer,Donau,Hauptgewässer,001059
,,1061,Nappenbach,10 km² Gewässer,Donau,Hauptgewässer,001061
,,1064,"Lassingbach, Zellerbrunnbach",100 km² Gewässer,Donau,Hauptgewässer,001064
,,1066,Schneckengraben,10 km² Gewässer,Donau,Hauptgewässer,001066
,,1067,Mendlingbach,10 km² Gewässer,Donau,Hauptgewässer,001067
,,1068,Gamsbach [Salza],10 km² Gewässer,Donau,Hauptgewässer,001068
,,1070,Tamischbach,10 km² Gewässer,Donau,Hauptgewässer,001070
,,1071,Mühlbach [Tamischbach],10 km² Gewässer,Donau,Hauptgewässer,001071
,,1072,"Eßlingbach [Enns, bei Altenmarkt bei St. Gallen)",10 km² Gewässer,Donau,Hauptgewässer,001072
,,1075,Spitzenbach,10 km² Gewässer,Donau,Hauptgewässer,001075
,,1076,"Karbach [Laussabach], Laussabach [Enns, bei Altenmarkt bei St. Gallen]",10 km² Gewässer,Donau,Hauptgewässer,001076
,,1078,Pölzalmbach,10 km² Gewässer,Donau,Hauptgewässer,001078
,,1079,Frenzbach,10 km² Gewässer,Donau,Hauptgewässer,001079
,,1080,Schleifenbach,10 km² Gewässer,Donau,Hauptgewässer,001080
,,1081,Mayerhofer Bach,10 km² Gewässer,Donau,Hauptgewässer,001081
,,1082,Gaflenzbach,10 km² Gewässer,Donau,Hauptgewässer,001082
,,1084,"Gschnaidbach, Kleiner Gschnaidbach",10 km² Gewässer,Donau,Hauptgewässer,001084
,,1085,"Altrappelsbach, Dürnbach [Gaflenzbach]",10 km² Gewässer,Donau,Hauptgewässer,001085
,,1087,Lumpelbach,10 km² Gewässer,Donau,Hauptgewässer,001087
,,1089,"Hundsbach, Neustifter Bach",10 km² Gewässer,Donau,Hauptgewässer,001089
,,1091,Pechgraben,10 km² Gewässer,Donau,Hauptgewässer,001091
,,1093,Rodelsbach,10 km² Gewässer,Donau,Hauptgewässer,001093
,,1095,Reichramingbach,100 km² Gewässer,Donau,Hauptgewässer,001095
,,1096,Schwarzer Bach,10 km² Gewässer,Donau,Hauptgewässer,001096
,,1100,Haselbach,10 km² Gewässer,Donau,Hauptgewässer,001100
,,1102,Plaißabach,10 km² Gewässer,Donau,Hauptgewässer,001102
,,1104,Großer Weißenbach,10 km² Gewässer,Donau,Hauptgewässer,001104
,,1105,Laussabach [Enns] bei Losenstein],10 km² Gewässer,Donau,Hauptgewässer,001105
,,1107,Trattenbach [Enns],10 km² Gewässer,Donau,Hauptgewässer,001107
,,1108,Dambach [Enns],10 km² Gewässer,Donau,Hauptgewässer,001108
,,1110,Garstner Bach,10 km² Gewässer,Donau,Hauptgewässer,001110
,,1111,Steyr,500 km² Gewässer,Donau,Hauptgewässer,001111
,,1112,"Weißenbach [Steyr, bei Hinterstoder]",10 km² Gewässer,Donau,Hauptgewässer,001112
,,1113,Krumme Steyr,10 km² Gewässer,Donau,Hauptgewässer,001113
,,1114,Klausgraben [Steyr],10 km² Gewässer,Donau,Hauptgewässer,001114
,,1115,Loigisbach,10 km² Gewässer,Donau,Hauptgewässer,001115
,,1117,"Weißenbach [Steyr, bei Steyrbrücke]",10 km² Gewässer,Donau,Hauptgewässer,001117
,,1118,Teichl,100 km² Gewässer,Donau,Hauptgewässer,001118
,,1119,Fallbach [Teichl],10 km² Gewässer,Donau,Hauptgewässer,001119
,,1121,Seebach [Teichl],10 km² Gewässer,Donau,Hauptgewässer,001121
,,1122,Dambach [Teichl],10 km² Gewässer,Donau,Hauptgewässer,001122
,,1124,Fraitgraben,10 km² Gewässer,Donau,Hauptgewässer,001124
,,1126,Edlbach,10 km² Gewässer,Donau,Hauptgewässer,001126
,,1127,Pießling,10 km² Gewässer,Donau,Hauptgewässer,001127
,,1129,Hinterer Rettenbach,10 km² Gewässer,Donau,Hauptgewässer,001129
,,1130,Vorderer Rettenbach,10 km² Gewässer,Donau,Hauptgewässer,001130
,,1131,Steyrling,10 km² Gewässer,Donau,Hauptgewässer,001131
,,1135,Zösengraben,10 km² Gewässer,Donau,Hauptgewässer,001135
,,1137,Evertsbach,10 km² Gewässer,Donau,Hauptgewässer,001137
,,1139,Paltenbach,10 km² Gewässer,Donau,Hauptgewässer,001139
,,1140,Mollner Bach,10 km² Gewässer,Donau,Hauptgewässer,001140
,,1141,Krumme Steyrling,100 km² Gewässer,Donau,Hauptgewässer,001141
,,1142,Blöttenbach,10 km² Gewässer,Donau,Hauptgewässer,001142
,,1143,Hilgerbach,10 km² Gewässer,Donau,Hauptgewässer,001143
,,1144,Hausbach [Krumme Steyrling],10 km² Gewässer,Donau,Hauptgewässer,001144
,,1147,Rinnerbach [Steyr],10 km² Gewässer,Donau,Hauptgewässer,001147
,,1150,Ramingbach,10 km² Gewässer,Donau,Hauptgewässer,001150
,,1151,Großer Kollergraben,10 km² Gewässer,Donau,Hauptgewässer,001151
,,1152,Oberwasserkanal [KW St. Pantaleon],100 km² Gewässer,Donau,Nebengewässer,001152
,,1153,Aist,500 km² Gewässer,Donau,Hauptgewässer,001153
,,1154,Feldaist,500 km² Gewässer,Donau,Hauptgewässer,001154
,,1155,Jaunitzbach [Feldaist],10 km² Gewässer,Donau,Hauptgewässer,001155
,,1156,Kronbach,10 km² Gewässer,Donau,Hauptgewässer,001156
,,1158,Feistritzbach [Feldaist],10 km² Gewässer,Donau,Hauptgewässer,001158
,,1160,Lester Bach,10 km² Gewässer,Donau,Hauptgewässer,001160
,,1161,Flanitzbach  [Elmbergerbach],10 km² Gewässer,Donau,Hauptgewässer,001161
,,1162,Waldaist,100 km² Gewässer,Donau,Hauptgewässer,001162
,,1164,Flammbach,10 km² Gewässer,Donau,Hauptgewässer,001164
,,1165,Harbaist,10 km² Gewässer,Donau,Hauptgewässer,001165
,,1166,Weiße Aist,10 km² Gewässer,Donau,Hauptgewässer,001166
,,1167,Fuchsreiterbach,10 km² Gewässer,Donau,Hauptgewässer,001167
,,1169,Stampfenbach,10 km² Gewässer,Donau,Hauptgewässer,001169
,,1171,Klammbach [Wald Aist],10 km² Gewässer,Donau,Hauptgewässer,001171
,,1173,Kettenbach [Aist],10 km² Gewässer,Donau,Hauptgewässer,001173
,,1174,"Aisthofener Bach, Windegger Bach",10 km² Gewässer,Donau,Hauptgewässer,001174
,,1175,Erla,100 km² Gewässer,Donau,Hauptgewässer,001175
,,1183,Mitterwasser,10 km² Gewässer,Donau,Hauptgewässer,001183
,,1185,"Naarn, Große Naarn",100 km² Gewässer,Donau,Hauptgewässer,001185
,,1186,Klammleitenbach,100 km² Gewässer,Donau,Hauptgewässer,001186
,,1188,"Schwarzaubach, Arnberggraben",10 km² Gewässer,Donau,Hauptgewässer,001188
,,1189,Naarnfluß,10 km² Gewässer,Donau,Hauptgewässer,001189
,,1190,Nußbach,10 km² Gewässer,Donau,Hauptgewässer,001190
,,1191,Kleine Naarn,10 km² Gewässer,Donau,Hauptgewässer,001191
,,1192,"Mettensdorfer Mühlbach, Tobrakanal",10 km² Gewässer,Donau,Hauptgewässer,001192
,,1195,Schwemmnaarn,100 km² Gewässer,Donau,Hauptgewässer,001195
,,1196,Klambach,100 km² Gewässer,Donau,Hauptgewässer,001196
,,1197,Käfermühlbach,10 km² Gewässer,Donau,Hauptgewässer,001197
,,1198,Klausbach [Klambach],100 km² Gewässer,Donau,Hauptgewässer,001198
,,1199,"Klausbach (Masldorfer Bach), Masldorfer Bach",10 km² Gewässer,Donau,Hauptgewässer,001199
,,1200,Schurgenmühlbach,100 km² Gewässer,Donau,Hauptgewässer,001200
,,1213,Gießenbach [Donau],10 km² Gewässer,Donau,Hauptgewässer,001213
,,1214,Vogelsammühlbach,10 km² Gewässer,Donau,Hauptgewässer,001214
,,1216,Blümelbach,10 km² Gewässer,Donau,Hauptgewässer,001216
,,1217,Dimbach,10 km² Gewässer,Donau,Hauptgewässer,001217
,,1219,Sarmingbach,10 km² Gewässer,Donau,Hauptgewässer,001219
,,1223,Kleine Ysper,10 km² Gewässer,Donau,Hauptgewässer,001223
,,1249,Waidhofenbach (Schwarzbach),10 km² Gewässer,Donau,Hauptgewässer,001249
,,1250,Rettenbach,10 km² Gewässer,Donau,Hauptgewässer,001250
,,1269,Neue Donau,10 km² Gewässer,Donau,Nebengewässer,001269
,,1270,Mosoni-Duna,10000 km² Gewässer,Donau,Hauptgewässer,001270
,,1272,Erlauf (Große Erlauf),500 km² Gewässer,Donau,Hauptgewässer,001272
,,1292,Steinbach [Erlauf],< 10 km² Gewässer,Donau,Hauptgewässer,001292
,,1373,"Kamp, Großer Kamp",1000 km² Gewässer,Donau,Hauptgewässer,001373
,,1374,"Komaubach, Grenzbach",10 km² Gewässer,Donau,Hauptgewässer,001374
,,1497,Marchfeldkanal,100 km² Gewässer,Donau,Hauptgewässer,001497
,,1498,Donaukanal,500 km² Gewässer,Donau,Nebengewässer,001498
,,1499,Wienfluss (Wien),100 km² Gewässer,Donau,Hauptgewässer,001499
,,1505,Mauerbach,10 km² Gewässer,Donau,Hauptgewässer,001505
,,1532,Petersbach [Schwechat],10 km² Gewässer,Donau,Hauptgewässer,001532
,,1534,Liesing (Liesingbach),100 km² Gewässer,Donau,Hauptgewässer,001534
,,1536,Dürre Liesing,10 km² Gewässer,Donau,Hauptgewässer,001536
,,1573,March,10000 km² Gewässer,Donau,Hauptgewässer,001573
,,1574,"Thaya, Deutsche Thaya",10000 km² Gewässer,Donau,Hauptgewässer,001574
,,1591,Taxenbach,100 km² Gewässer,Donau,Hauptgewässer,001591
,,1592,Stuhlbach,10 km² Gewässer,Donau,Hauptgewässer,001592
,,1598,Gehringsbach,< 10 km² Gewässer,Donau,Hauptgewässer,001598
,,1603,Mährische Thaya,500 km² Gewässer,Donau,Hauptgewässer,001603
,,1611,Jihlava,1000 km² Gewässer,Donau,Hauptgewässer,001611
,,1612,"Svitava, Svratka",4000 km² Gewässer,Donau,Hauptgewässer,001612
,,1614,Langauer Bach,10 km² Gewässer,Donau,Hauptgewässer,001614
,,1615,Želetavka,100 km² Gewässer,Donau,Hauptgewässer,001615
,,1616,Frattingbach,10 km² Gewässer,Donau,Hauptgewässer,001616
,,1634,Schatzgraben,10 km² Gewässer,Donau,Hauptgewässer,001634
,,1641,Thayamühlbach,10 km² Gewässer,Donau,Nebengewässer,001641
,,1642,Daníž,10 km² Gewässer,Donau,Hauptgewässer,001642
,,1652,Alter Bockgraben,10 km² Gewässer,Donau,Hauptgewässer,001652
,,1653,Wildendürnbach,10 km² Gewässer,Donau,Hauptgewässer,001653
,,1654,Basteingraben,10 km² Gewässer,Donau,Hauptgewässer,001654
,,1655,Polní p.,10 km² Gewässer,Donau,Hauptgewässer,001655
,,1656,Mühlgraben (Pottenhofener Graben),10 km² Gewässer,Donau,Hauptgewässer,001656
,,1657,Ottenthaler Bach,10 km² Gewässer,Donau,Hauptgewässer,001657
,,1658,"Vèelínek, Odlehèovaci rameno  Dyje",10 km² Gewässer,Donau,Hauptgewässer,001658
,,1659,Mühlbach [Niklasgraben]/ (Drasenhofner) Mühlbach,10 km² Gewässer,Donau,Hauptgewässer,001659
,,1661,Niklasgraben,10 km² Gewässer,Donau,Hauptgewässer,001661
,,1710,Myjava,500 km² Gewässer,Donau,Hauptgewässer,001710
,,1711,Wiesgraben,100 km² Gewässer,Donau,Hauptgewässer,001711
,,1712,Spitzerbach [Hirschländerinne],10 km² Gewässer,Donau,Hauptgewässer,001712
,,1713,Hirschländerrinne,10 km² Gewässer,Donau,Hauptgewässer,001713
,,1715,Leitha,1000 km² Gewässer,Donau,Hauptgewässer,001715
,,1729,Preiner Bach,10 km² Gewässer,Donau,Hauptgewässer,001729
,,1757,Neudörfler Graben,< 10 km² Gewässer,Donau,Hauptgewässer,001757
,,1765,Leitha-Werkskanal (Pottendorfer Werkskanal),10 km² Gewässer,Donau,Hauptgewässer,001765
,,1766,Johannesbach [Leitha],10 km² Gewässer,Donau,Hauptgewässer,001766
,,1767,Erlbach EU,10 km² Gewässer,Donau,Hauptgewässer,001767
,,1772,Groisbach,10 km² Gewässer,Donau,Hauptgewässer,001772
,,1773,Tiefer Weg,10 km² Gewässer,Donau,Hauptgewässer,001773
,,1775,Leithakanal,10 km² Gewässer,Donau,Hauptgewässer,001775
,,1778,Alte Leitha,10 km² Gewässer,Donau,Hauptgewässer,001778
,,1781,Graben von Pachfurth,10 km² Gewässer,Donau,Hauptgewässer,001781
,,1783,Rabnitz (im Oberlauf Spratzbach),4000 km² Gewässer,Donau,Hauptgewässer,001783
,,1785,Spratzbach,4000 km² Gewässer,Donau,Hauptgewässer,001785
,2023-08-09,1790,"Außeraubach, Erlaubach",10 km² Gewässer,Donau,Hauptgewässer,001790
,,1794,Rustenbach bei Oberloisdorf,10 km² Gewässer,Donau,Hauptgewässer,001794
,,1796,"Stoober Bach, Schwarzenbach",100 km² Gewässer,Donau,Hauptgewässer,001796
,,1800,Mühlbach bei Kobersdorf,10 km² Gewässer,Donau,Hauptgewässer,001800
,,1802,Sieggrabenbach,10 km² Gewässer,Donau,Hauptgewässer,001802
,,1804,Tessenbach,10 km² Gewässer,Donau,Hauptgewässer,001804
,,1806,Gaberlingbach,10 km² Gewässer,Donau,Hauptgewässer,001806
,,1808,Finsterfurtbach,10 km² Gewässer,Donau,Hauptgewässer,001808
,,1809,Potoschze,10 km² Gewässer,Donau,Hauptgewässer,001809
,,1810,"Raidingbach, Selitzabach",10 km² Gewässer,Donau,Hauptgewässer,001810
,,1814,Zagabach [Rabnitz],10 km² Gewässer,Donau,Hauptgewässer,001814
,,1815,Einserkanal,100 km² Gewässer,Donau,Hauptgewässer,001815
,,1816,Wulka,100 km² Gewässer,Donau,Hauptgewässer,001816
,,1819,Marzer Bach,10 km² Gewässer,Donau,Hauptgewässer,001819
,,1821,Hirmer Bach,100 km² Gewässer,Donau,Hauptgewässer,001821
,,1822,Edlesbach,100 km² Gewässer,Donau,Hauptgewässer,001822
,,1823,Kaltwasserbach,10 km² Gewässer,Donau,Hauptgewässer,001823
,,1824,Sulzbach EU,10 km² Gewässer,Donau,Hauptgewässer,001824
,,1826,Eisbach [Wulka],10 km² Gewässer,Donau,Hauptgewässer,001826
,,1828,Nodbach,10 km² Gewässer,Donau,Hauptgewässer,001828
,,1834,Parndorfer Bach,10 km² Gewässer,Donau,Hauptgewässer,001834
,,1836,Golser Kanal,10 km² Gewässer,Donau,Hauptgewässer,001836
,,1837,Zweierkanal,10 km² Gewässer,Donau,Hauptgewässer,001837
,,1844,Salziger Bach,10 km² Gewässer,Donau,Hauptgewässer,001844
,,1845,Tauscherbach,100 km² Gewässer,Donau,Hauptgewässer,001845
,,1847,Aubach,10 km² Gewässer,Donau,Hauptgewässer,001847
,,1848,Goldbach,100 km² Gewässer,Donau,Hauptgewässer,001848
,,1849,"Frauenbrunnbach, Kuchelbach",10 km² Gewässer,Donau,Hauptgewässer,001849
,,1850,Geißbach,10 km² Gewässer,Donau,Hauptgewässer,001850
,,1852,Nikitschbach,100 km² Gewässer,Donau,Hauptgewässer,001852
,,1854,Verbindung Repce-Raba,4000 km² Gewässer,Donau,Hauptgewässer,001854
,,1855,Raab,10000 km² Gewässer,Donau,Hauptgewässer,001855
,,1858,Wöllingbach,10 km² Gewässer,Donau,Hauptgewässer,001858
,,1859,Kleinsemmeringbach,10 km² Gewässer,Donau,Hauptgewässer,001859
,,1860,Weizbach [Raab],100 km² Gewässer,Donau,Hauptgewässer,001860
,,1861,Fladnitzbach,10 km² Gewässer,Donau,Hauptgewässer,001861
,,1862,Rabnitzbach,100 km² Gewässer,Donau,Hauptgewässer,001862
,,1864,Urschabach,10 km² Gewässer,Donau,Hauptgewässer,001864
,,1865,Laßnitzbach [Rabnitzbach],10 km² Gewässer,Donau,Hauptgewässer,001865
,,1867,Goggitschbach [Raab],10 km² Gewässer,Donau,Hauptgewässer,001867
,,1869,"Petersdorfer Bach [Raab, bei Kirchberg]",10 km² Gewässer,Donau,Hauptgewässer,001869
,,1870,Mitterfladnitzbach,10 km² Gewässer,Donau,Hauptgewässer,001870
,,1871,Oberfladnitzbach,10 km² Gewässer,Donau,Hauptgewässer,001871
,,1873,Edelsbach [Raab],10 km² Gewässer,Donau,Hauptgewässer,001873
,,1875,Schützingbach,10 km² Gewässer,Donau,Hauptgewässer,001875
,,1876,Auersbach [Schützingbach],10 km² Gewässer,Donau,Hauptgewässer,001876
,,1877,Giemerbach,10 km² Gewässer,Donau,Hauptgewässer,001877
,,1878,Kornbach,10 km² Gewässer,Donau,Hauptgewässer,001878
,,1879,Schwengentalbach,10 km² Gewässer,Donau,Hauptgewässer,001879
,,1880,Haselbach [Raab],10 km² Gewässer,Donau,Hauptgewässer,001880
,,1881,Grazbach [Raab],10 km² Gewässer,Donau,Hauptgewässer,001881
,,1886,Doiberbach,10 km² Gewässer,Donau,Hauptgewässer,001886
,,1889,Drosenbach,10 km² Gewässer,Donau,Hauptgewässer,001889
,,1890,Grieselbach (Körblergraben),10 km² Gewässer,Donau,Hauptgewässer,001890
,,1898,Szölnöki-patak,10 km² Gewässer,Donau,Hauptgewässer,001898
,,1899,Lafnitz,1000 km² Gewässer,Donau,Hauptgewässer,001899
,,1900,"Weißenbach [Lafnitz, bei Wenigzell]",10 km² Gewässer,Donau,Hauptgewässer,001900
,,1901,Kraxenbach,10 km² Gewässer,Donau,Hauptgewässer,001901
,,1902,Waldbach [Lafnitz],10 km² Gewässer,Donau,Hauptgewässer,001902
,,1904,Schwarze Lafnitz,10 km² Gewässer,Donau,Hauptgewässer,001904
,,1907,Voraubach,10 km² Gewässer,Donau,Hauptgewässer,001907
,,1909,Limbach [Lafnitz],10 km² Gewässer,Donau,Hauptgewässer,001909
,,1910,Stögersbach,10 km² Gewässer,Donau,Hauptgewässer,001910
,,1914,Lobenbach [Lafnitz],10 km² Gewässer,Donau,Nebengewässer,001914
,,1916,Fischbachgraben,10 km² Gewässer,Donau,Hauptgewässer,001916
,,1918,Stambach,10 km² Gewässer,Donau,Hauptgewässer,001918
,,1920,Waldbach [Hopfgrabenbach],10 km² Gewässer,Donau,Hauptgewässer,001920
,,1921,Dombach,10 km² Gewässer,Donau,Hauptgewässer,001921
,,1923,Pöllauer Saifen,100 km² Gewässer,Donau,Hauptgewässer,001923
,,1924,Prätisbach,10 km² Gewässer,Donau,Hauptgewässer,001924
,,1925,Rauschbach,10 km² Gewässer,Donau,Hauptgewässer,001925
,,1926,Tiefenbach [Pöllauer Saifen],10 km² Gewässer,Donau,Hauptgewässer,001926
,,1927,Nörningbach,10 km² Gewässer,Donau,Hauptgewässer,001927
,,1928,Lahnbach zur Lafnitz,10 km² Gewässer,Donau,Hauptgewässer,001928
,,1933,Niesnitzbach,10 km² Gewässer,Donau,Hauptgewässer,001933
,,1934,Hirschbach [Feistritz],10 km² Gewässer,Donau,Hauptgewässer,001934
,,1935,Arbesbach,10 km² Gewässer,Donau,Hauptgewässer,001935
,,1936,"Miesenbach [Feistritz], Rothallerbach",10 km² Gewässer,Donau,Hauptgewässer,001936
,,1937,Waisenbach,10 km² Gewässer,Donau,Hauptgewässer,001937
,,1939,Gasenbach,10 km² Gewässer,Donau,Hauptgewässer,001939
,,1941,Naintschbach,10 km² Gewässer,Donau,Hauptgewässer,001941
,,1944,Mühlbach [Feistritz],10 km² Gewässer,Donau,Hauptgewässer,001944
,,1945,Ilzbach,100 km² Gewässer,Donau,Hauptgewässer,001945
,,1946,Schirnitzbach [Ilzbach],10 km² Gewässer,Donau,Hauptgewässer,001946
,,1948,Rettenbach [Ilzbach],10 km² Gewässer,Donau,Hauptgewässer,001948
,,1949,Gschmaierbach,10 km² Gewässer,Donau,Hauptgewässer,001949
,,1951,Limbach bei Königsdorf,10 km² Gewässer,Donau,Hauptgewässer,001951
,,1954,Lahn [Rittschein],10 km² Gewässer,Donau,Nebengewässer,001954
,,1957,Hoppachbach,10 km² Gewässer,Donau,Hauptgewässer,001957
,,1959,"Dragenbach, Reinersdorfer Bach",10 km² Gewässer,Donau,Hauptgewässer,001959
,,1960,Lahnbach bei Heiligenkreuz,10 km² Gewässer,Donau,Hauptgewässer,001960
,,1961,Hausergraben,10 km² Gewässer,Donau,Hauptgewässer,001961
,,1963,Pinka,1000 km² Gewässer,Donau,Hauptgewässer,001963
,,1965,"Tauchenbach [Pinka, bei Pinggau]",10 km² Gewässer,Donau,Hauptgewässer,001965
,,1966,Schäffernbach [Pinka],10 km² Gewässer,Donau,Hauptgewässer,001966
,,1967,Hochneukirchnerbach,10 km² Gewässer,Donau,Hauptgewässer,001967
,,1971,"Fröscheraubach, Seraubach, Wiesenbach, Zickenbach OW",100 km² Gewässer,Donau,Hauptgewässer,001971
,,1972,Panzerbach,10 km² Gewässer,Donau,Hauptgewässer,001972
,,1976,Willersbach,10 km² Gewässer,Donau,Hauptgewässer,001976
,,1978,"Schützenbach, Tschabach",10 km² Gewässer,Donau,Hauptgewässer,001978
,,1979,Drumlingbach,10 km² Gewässer,Donau,Hauptgewässer,001979
,,1981,"Rohrbach, Teichbach",10 km² Gewässer,Donau,Hauptgewässer,001981
,,1982,"Gerenthbach, Greutbach",10 km² Gewässer,Donau,Hauptgewässer,001982
,,1983,Tauchenbach,100 km² Gewässer,Donau,Hauptgewässer,001983
,,1984,Stubenbach,10 km² Gewässer,Donau,Hauptgewässer,001984
,,1987,Glasbach,10 km² Gewässer,Donau,Hauptgewässer,001987
,,1988,Unterkohlstättner Bach,10 km² Gewässer,Donau,Hauptgewässer,001988
,,1994,Dornauer Bach,10 km² Gewässer,Donau,Hauptgewässer,001994
,,1996,Rumpersdorfer Bach,10 km² Gewässer,Donau,Hauptgewässer,001996
,,1999,Zuberbach,10 km² Gewässer,Donau,Hauptgewässer,001999
,,2002,Erlbach OW [Tauchenbach],10 km² Gewässer,Donau,Hauptgewässer,002002
,,2007,Rodlingbach,10 km² Gewässer,Donau,Hauptgewässer,002007
,,2011,Strem,100 km² Gewässer,Donau,Hauptgewässer,002011
,,2013,Hartlsbach,10 km² Gewässer,Donau,Hauptgewässer,002013
,,2017,"Dürrebach, Neustiftbach",10 km² Gewässer,Donau,Hauptgewässer,002017
,,2019,Haselbach,10 km² Gewässer,Donau,Hauptgewässer,002019
,,2020,Lukabach,10 km² Gewässer,Donau,Hauptgewässer,002020
,,2022,Güttenbach,10 km² Gewässer,Donau,Hauptgewässer,002022
,,2025,"Rohrer Bach, Zickenbach GS",10 km² Gewässer,Donau,Hauptgewässer,002025
,,2029,Rettenbach,10 km² Gewässer,Donau,Hauptgewässer,002029
,,2034,"Hausgraben, Limbach bei Punitz",10 km² Gewässer,Donau,Hauptgewässer,002034
,,2035,Haselgraben,10 km² Gewässer,Donau,Hauptgewässer,002035
,,2036,Limpigraben,10 km² Gewässer,Donau,Hauptgewässer,002036
,,2041,Güns,500 km² Gewässer,Donau,Hauptgewässer,002041
,,2042,Zöbernbach,100 km² Gewässer,Donau,Hauptgewässer,002042
,2023-08-09,2050,"Gainaubach, Steinbach bei Glashütten",10 km² Gewässer,Donau,Hauptgewässer,002050
,,2051,Vogelsangbach,10 km² Gewässer,Donau,Hauptgewässer,002051
,,2056,Drau,10000 km² Gewässer,Donau,Hauptgewässer,002056
,,2057,Sägebach,10 km² Gewässer,Donau,Hauptgewässer,002057
,,2058,Villgratenbach,100 km² Gewässer,Donau,Hauptgewässer,002058
,,2059,Kalksteiner Bach,10 km² Gewässer,Donau,Hauptgewässer,002059
,,2060,Einatbach,10 km² Gewässer,Donau,Hauptgewässer,002060
,,2061,Winkeltalbach,10 km² Gewässer,Donau,Hauptgewässer,002061
,,2062,Gailbach,10 km² Gewässer,Donau,Hauptgewässer,002062
,,2063,Erlbach,10 km² Gewässer,Donau,Hauptgewässer,002063
,,2064,Margarethenbach,10 km² Gewässer,Donau,Hauptgewässer,002064
,,2065,Kristeinbach,10 km² Gewässer,Donau,Hauptgewässer,002065
,,2066,Thaler Bach,10 km² Gewässer,Donau,Hauptgewässer,002066
,,2067,Galitzenbach,10 km² Gewässer,Donau,Hauptgewässer,002067
,,2068,Isel,1000 km² Gewässer,Donau,Hauptgewässer,002068
,,2069,Daberbach,10 km² Gewässer,Donau,Hauptgewässer,002069
,,2070,Maurerbach,10 km² Gewässer,Donau,Hauptgewässer,002070
,,2071,Dorferbach,10 km² Gewässer,Donau,Hauptgewässer,002071
,,2072,Timmelbach,10 km² Gewässer,Donau,Hauptgewässer,002072
,,2073,Mullitzbach,10 km² Gewässer,Donau,Hauptgewässer,002073
,,2074,Nillbach,10 km² Gewässer,Donau,Hauptgewässer,002074
,,2075,Steinkasbach,10 km² Gewässer,Donau,Hauptgewässer,002075
,,2076,Tauernbach,100 km² Gewässer,Donau,Hauptgewässer,002076
,,2077,Gschlössbach,10 km² Gewässer,Donau,Hauptgewässer,002077
,,2078,Schlatenbach,10 km² Gewässer,Donau,Hauptgewässer,002078
,,2079,Landeggbach,10 km² Gewässer,Donau,Hauptgewässer,002079
,,2080,Frosnitzbach,10 km² Gewässer,Donau,Hauptgewässer,002080
,,2082,Innerer Schnitzbach,10 km² Gewässer,Donau,Hauptgewässer,002082
,,2083,Steiner Bach,10 km² Gewässer,Donau,Hauptgewässer,002083
,,2084,Bretterwandbach,10 km² Gewässer,Donau,Hauptgewässer,002084
,,2085,Schwarzach,100 km² Gewässer,Donau,Hauptgewässer,002085
,,2086,Arventalbach,10 km² Gewässer,Donau,Hauptgewässer,002086
,,2087,Patscher Bach,10 km² Gewässer,Donau,Hauptgewässer,002087
,,2088,Staller Almbach,10 km² Gewässer,Donau,Hauptgewässer,002088
,,2089,Ragötzbach,10 km² Gewässer,Donau,Hauptgewässer,002089
,,2090,Trojeralmbach,10 km² Gewässer,Donau,Hauptgewässer,002090
,,2091,Bruggeralmbach,10 km² Gewässer,Donau,Hauptgewässer,002091
,,2092,Zwenewaldbach,10 km² Gewässer,Donau,Hauptgewässer,002092
,,2093,Grünalmbach,10 km² Gewässer,Donau,Hauptgewässer,002093
,,2094,Kalserbach,100 km² Gewässer,Donau,Hauptgewässer,002094
,,2095,Teischnitzbach,10 km² Gewässer,Donau,Hauptgewässer,002095
,,2096,Ködnitzbach,10 km² Gewässer,Donau,Hauptgewässer,002096
,,2097,Lesachbach,10 km² Gewässer,Donau,Hauptgewässer,002097
,,2098,Michlbach,10 km² Gewässer,Donau,Hauptgewässer,002098
,,2099,Leibnitzbach,10 km² Gewässer,Donau,Hauptgewässer,002099
,,2100,Taberbach,10 km² Gewässer,Donau,Hauptgewässer,002100
,,2101,Debantbach,10 km² Gewässer,Donau,Hauptgewässer,002101
,,2102,Auenlaue,10 km² Gewässer,Donau,Hauptgewässer,002102
,,2104,Große Laue,10 km² Gewässer,Donau,Hauptgewässer,002104
,,2118,Leiterbach (Gem. Heiligenblut),10 km² Gewässer,Donau,Hauptgewässer,002118
,,2148,Krems,10 km² Gewässer,Donau,Hauptgewässer,002148
,,2191,Gail,1000 km² Gewässer,Donau,Hauptgewässer,002191
,,2192,Dorferbach,10 km² Gewässer,Donau,Hauptgewässer,002192
,,2193,Gärberbach,10 km² Gewässer,Donau,Hauptgewässer,002193
,,2194,Eggenbach,10 km² Gewässer,Donau,Hauptgewässer,002194
,,2229,"Bistrica, Großwalzer-Grenzbach (Riegengrabenbach)",10 km² Gewässer,Donau,Hauptgewässer,002229
,,2234,Großwalzer-Grenzbach (Roppitschgrabenbach),10 km² Gewässer,Donau,Hauptgewässer,002234
,,2278,Olsa,100 km² Gewässer,Donau,Hauptgewässer,002278
,,2279,Urtelbach,10 km² Gewässer,Donau,Hauptgewässer,002279
,,2280,Ursprungbach,10 km² Gewässer,Donau,Hauptgewässer,002280
,,2281,"Greitherbach, Grotscherbach",10 km² Gewässer,Donau,Hauptgewässer,002281
,,2282,St. Georgener Bach [Olsa],10 km² Gewässer,Donau,Hauptgewässer,002282
,,2283,Kulmer Bach,10 km² Gewässer,Donau,Hauptgewässer,002283
,,2284,Pörtschachbach (Gem. Hüttenberg) (Althauserbach),10 km² Gewässer,Donau,Hauptgewässer,002284
,,2285,Pöllauer Bach,10 km² Gewässer,Donau,Hauptgewässer,002285
,,2290,Görtschitz,100 km² Gewässer,Donau,Hauptgewässer,002290
,,2291,Fallgrabenbach,10 km² Gewässer,Donau,Hauptgewässer,002291
,,2292,Grenzbach bei Mühlen,10 km² Gewässer,Donau,Hauptgewässer,002292
,,2346,Lavant,500 km² Gewässer,Donau,Hauptgewässer,002346
,,2348,Rossbach (Gem. Reichenfels) (Roßbach [Lavant]),10 km² Gewässer,Donau,Hauptgewässer,002348
,,2350,Lacknerbach,10 km² Gewässer,Donau,Hauptgewässer,002350
,,2351,Lobenbach [Lacknerbach],10 km² Gewässer,Donau,Hauptgewässer,002351
,,2380,Feistritz (Bistrica) [Drau],100 km² Gewässer,Donau,Hauptgewässer,002380
,,2381,"Krummbach (Gem. St. Georgen i. L.) (Krennbach, Krumbach [Feistritz])",10 km² Gewässer,Donau,Hauptgewässer,002381
,,2382,Pessnitz,500 km² Gewässer,Donau,Hauptgewässer,002382
,,2383,Glanzbach [Pessnitz],10 km² Gewässer,Donau,Hauptgewässer,002383
,,2384,Mur,10000 km² Gewässer,Donau,Hauptgewässer,002384
,,2385,Muritzenbach,10 km² Gewässer,Donau,Hauptgewässer,002385
,,2386,Rotgüldenbach,10 km² Gewässer,Donau,Hauptgewässer,002386
,,2387,Zederhausbach,100 km² Gewässer,Donau,Hauptgewässer,002387
,,2388,Riedingbach,100 km² Gewässer,Donau,Hauptgewässer,002388
,,2389,Grosser Kesselbach,10 km² Gewässer,Donau,Hauptgewässer,002389
,,2390,Nahendfeldbach,10 km² Gewässer,Donau,Hauptgewässer,002390
,,2391,Feller Bach,10 km² Gewässer,Donau,Hauptgewässer,002391
,,2392,Leißnitzbach,10 km² Gewässer,Donau,Hauptgewässer,002392
,,2393,Taurach-Lungau,100 km² Gewässer,Donau,Hauptgewässer,002393
,,2394,Lantschfeldbach,10 km² Gewässer,Donau,Hauptgewässer,002394
,,2395,Lonka,10 km² Gewässer,Donau,Hauptgewässer,002395
,,2396,Znachbach,10 km² Gewässer,Donau,Hauptgewässer,002396
,,2397,Lignitzbach,10 km² Gewässer,Donau,Hauptgewässer,002397
,,2398,Goeriachbach,10 km² Gewässer,Donau,Hauptgewässer,002398
,,2399,Lessach,10 km² Gewässer,Donau,Hauptgewässer,002399
,,2400,Leißnitzbach-Tamsweg,10 km² Gewässer,Donau,Hauptgewässer,002400
,,2401,Preberbach,10 km² Gewässer,Donau,Hauptgewässer,002401
,,2402,Thomatalerbach,10 km² Gewässer,Donau,Hauptgewässer,002402
,,2403,Weißbach Thomatal,10 km² Gewässer,Donau,Hauptgewässer,002403
,,2404,Mislitzbach,10 km² Gewässer,Donau,Hauptgewässer,002404
,,2405,Kendlbrucker-Muehlbachgraben,10 km² Gewässer,Donau,Hauptgewässer,002405
,,2406,"Turrach, Geißeckbach",100 km² Gewässer,Donau,Hauptgewässer,002406
,,2408,Minibach [Turrach],10 km² Gewässer,Donau,Hauptgewässer,002408
,,2410,Paalbach,100 km² Gewässer,Donau,Hauptgewässer,002410
,,2412,Paalbach,10 km² Gewässer,Donau,Hauptgewässer,002412
,,2414,Schachmannbach,10 km² Gewässer,Donau,Hauptgewässer,002414
,,2416,Berglergrabenbach,10 km² Gewässer,Donau,Hauptgewässer,002416
,,2417,"Allgaubach [Mur, bei St. Ruprecht ob Murau]",10 km² Gewässer,Donau,Hauptgewässer,002417
,,2418,"Allgaubach [Mur, bei Pernegg]",10 km² Gewässer,Donau,Nebengewässer,002418
,,2420,Lorenzer Bach,10 km² Gewässer,Donau,Hauptgewässer,002420
,,2421,Rantenbach,100 km² Gewässer,Donau,Hauptgewässer,002421
,,2422,Preberbach [Rantenbach],10 km² Gewässer,Donau,Hauptgewässer,002422
,,2423,Breitenbach,10 km² Gewässer,Donau,Hauptgewässer,002423
,,2424,Feisterbach,10 km² Gewässer,Donau,Hauptgewässer,002424
,,2425,Rossbodenbach,10 km² Gewässer,Donau,Hauptgewässer,002425
,,2426,Etrachbach,10 km² Gewässer,Donau,Hauptgewässer,002426
,,2427,Laßnitzbach [Mur],10 km² Gewässer,Donau,Hauptgewässer,002427
,,2430,Auenbach [Laßnitzbach],10 km² Gewässer,Donau,Hauptgewässer,002430
,,2431,Katschbach,100 km² Gewässer,Donau,Hauptgewässer,002431
,,2432,Schöderbach,10 km² Gewässer,Donau,Hauptgewässer,002432
,,2433,Feistritzbach [Katschbach],10 km² Gewässer,Donau,Hauptgewässer,002433
,,2434,Hinterburgerbach,10 km² Gewässer,Donau,Hauptgewässer,002434
,,2437,Dörflbach [Eselsbergbach],10 km² Gewässer,Donau,Hauptgewässer,002437
,,2438,Hintereggerbach,10 km² Gewässer,Donau,Hauptgewässer,002438
,,2439,Schöttlbach,10 km² Gewässer,Donau,Hauptgewässer,002439
,,2441,"Falmbach, Schönbergerbach",10 km² Gewässer,Donau,Hauptgewässer,002441
,,2442,Doppelbach,10 km² Gewässer,Donau,Hauptgewässer,002442
,,2443,Feßnachbach,10 km² Gewässer,Donau,Hauptgewässer,002443
,,2445,Möschitzbach,10 km² Gewässer,Donau,Hauptgewässer,002445
,,2446,Großer Feistritzbach,10 km² Gewässer,Donau,Hauptgewässer,002446
,,2449,Bärntalbach,10 km² Gewässer,Donau,Hauptgewässer,002449
,,2451,Scharnitzbach,10 km² Gewässer,Donau,Hauptgewässer,002451
,,2453,Bretsteinbach,10 km² Gewässer,Donau,Hauptgewässer,002453
,,2454,Authalbach,10 km² Gewässer,Donau,Hauptgewässer,002454
,,2455,Blahbach,10 km² Gewässer,Donau,Hauptgewässer,002455
,,2457,Zeiringbach,10 km² Gewässer,Donau,Hauptgewässer,002457
,,2458,Allerheiligenbach,10 km² Gewässer,Donau,Hauptgewässer,002458
,,2460,Lauslingbach,10 km² Gewässer,Donau,Hauptgewässer,002460
,,2462,St. Georgener Bach [Granitzenbach],10 km² Gewässer,Donau,Hauptgewässer,002462
,,2463,Schwarzenbach [Granitzenbach],10 km² Gewässer,Donau,Hauptgewässer,002463
,,2464,Feistritzbach [Granitzenbach],10 km² Gewässer,Donau,Hauptgewässer,002464
,,2465,Stüblerbach,10 km² Gewässer,Donau,Hauptgewässer,002465
,,2466,Kothbach,10 km² Gewässer,Donau,Hauptgewässer,002466
,,2469,Ingeringbach,100 km² Gewässer,Donau,Hauptgewässer,002469
,,2470,Gaalbach,10 km² Gewässer,Donau,Hauptgewässer,002470
,,2471,Vorwitzbach,10 km² Gewässer,Donau,Hauptgewässer,002471
,,2472,Gradenbach [Ingeringbach],10 km² Gewässer,Donau,Hauptgewässer,002472
,2023-08-09,2473,Zinkenbach [Schwaigerbach],10 km² Gewässer,Donau,Hauptgewässer,002473
,,2474,Schwaigerbach,10 km² Gewässer,Donau,Hauptgewässer,002474
,,2475,Sachendorferbach,10 km² Gewässer,Donau,Hauptgewässer,002475
,,2477,Gleinbach,10 km² Gewässer,Donau,Hauptgewässer,002477
,,2478,Rachauer Bach,10 km² Gewässer,Donau,Hauptgewässer,002478
,,2479,Stefflbach,10 km² Gewässer,Donau,Hauptgewässer,002479
,,2481,Seckauer Werkskanal,10 km² Gewässer,Donau,Nebengewässer,002481
,,2482,Leissingbach,10 km² Gewässer,Donau,Hauptgewässer,002482
,,2483,Feistritzbach [Mur],10 km² Gewässer,Donau,Hauptgewässer,002483
,,2484,Pregbach,10 km² Gewässer,Donau,Hauptgewässer,002484
,,2485,Kraubathbach,10 km² Gewässer,Donau,Hauptgewässer,002485
,,2486,Pressnitzbach,10 km² Gewässer,Donau,Hauptgewässer,002486
,,2487,"Lobmingbach [Mur, bei St. Stefan ob Leoben]",10 km² Gewässer,Donau,Hauptgewässer,002487
,2023-08-09,2488,Weitentalbach,10 km² Gewässer,Donau,Hauptgewässer,002488
,,2489,Kapellengrabenbach,10 km² Gewässer,Donau,Hauptgewässer,002489
,,2491,Schönebenbach,10 km² Gewässer,Donau,Hauptgewässer,002491
,,2492,Sulzbach [Liesing],10 km² Gewässer,Donau,Hauptgewässer,002492
,,2493,Teichenbach,10 km² Gewässer,Donau,Hauptgewässer,002493
,,2494,Langteichenbach,10 km² Gewässer,Donau,Hauptgewässer,002494
,,2495,Kurzteichenbach,10 km² Gewässer,Donau,Hauptgewässer,002495
,2023-08-09,2497,Stubalmbach,10 km² Gewässer,Donau,Hauptgewässer,002497
,,2499,Reitingbach,10 km² Gewässer,Donau,Hauptgewässer,002499
,,2500,"Ploderbach, Seizerbach",10 km² Gewässer,Donau,Hauptgewässer,002500
,,2501,Veitscherbach,10 km² Gewässer,Donau,Hauptgewässer,002501
,,2503,Lainsachbach,10 km² Gewässer,Donau,Hauptgewässer,002503
,,2504,Schladnitzbach,10 km² Gewässer,Donau,Hauptgewässer,002504
,,2506,Kleiner Gößbach,10 km² Gewässer,Donau,Hauptgewässer,002506
,,2508,Krumpenbach,10 km² Gewässer,Donau,Hauptgewässer,002508
,,2509,Rötzbach [Vordernberger Bach],10 km² Gewässer,Donau,Hauptgewässer,002509
,,2511,Laintalbach,10 km² Gewässer,Donau,Hauptgewässer,002511
,,2512,Kletschachbach,10 km² Gewässer,Donau,Hauptgewässer,002512
,,2513,Kotzbach,10 km² Gewässer,Donau,Hauptgewässer,002513
,,2514,Utschbach,10 km² Gewässer,Donau,Hauptgewässer,002514
,,2515,Mürz,1000 km² Gewässer,Donau,Hauptgewässer,002515
,,2516,Stille Mürz,1000 km² Gewässer,Donau,Hauptgewässer,002516
,,2517,Kriegskogelbach (Saugraben),< 10 km² Gewässer,Donau,Hauptgewässer,002517
,,2518,Kalte Mürz,10 km² Gewässer,Donau,Hauptgewässer,002518
,,2521,Arzbach [Mürz],10 km² Gewässer,Donau,Hauptgewässer,002521
,,2522,Raxenbach,10 km² Gewässer,Donau,Hauptgewässer,002522
,,2523,Altenberger Bach,10 km² Gewässer,Donau,Hauptgewässer,002523
,,2524,Fröschnitzbach,10 km² Gewässer,Donau,Hauptgewässer,002524
,,2525,Dürrbach,10 km² Gewässer,Donau,Hauptgewässer,002525
,,2526,Ganzbach [Mürz],10 km² Gewässer,Donau,Hauptgewässer,002526
,,2527,Pretulbach,10 km² Gewässer,Donau,Hauptgewässer,002527
,,2528,Traibach,10 km² Gewässer,Donau,Hauptgewässer,002528
,,2530,Freßnitzbach,10 km² Gewässer,Donau,Hauptgewässer,002530
,,2533,Scheibsgrabenbach,10 km² Gewässer,Donau,Hauptgewässer,002533
,,2534,Mürz-Seitenarm Langenwang,10 km² Gewässer,Donau,Nebengewässer,002534
,,2536,Fochnitzbach,10 km² Gewässer,Donau,Hauptgewässer,002536
,,2537,Jasnitzbach,10 km² Gewässer,Donau,Hauptgewässer,002537
,,2539,Graschnitzbach,10 km² Gewässer,Donau,Hauptgewässer,002539
,,2540,Pöneggbach,10 km² Gewässer,Donau,Hauptgewässer,002540
,,2542,Brücklerbach,10 km² Gewässer,Donau,Hauptgewässer,002542
,,2543,Seebach [Stübmingbach],10 km² Gewässer,Donau,Hauptgewässer,002543
,,2544,Thalbach [Stübmingbach],10 km² Gewässer,Donau,Hauptgewässer,002544
,,2545,Jauringbach,10 km² Gewässer,Donau,Hauptgewässer,002545
,,2546,Fölzbach,10 km² Gewässer,Donau,Hauptgewässer,002546
,,2548,Lonschitzbach,10 km² Gewässer,Donau,Hauptgewässer,002548
,,2549,Oischingbach,10 km² Gewässer,Donau,Hauptgewässer,002549
,,2550,Laming,100 km² Gewässer,Donau,Hauptgewässer,002550
,,2551,"Haringbach, Lahmgangbach",10 km² Gewässer,Donau,Hauptgewässer,002551
,,2552,Zlattenbach,10 km² Gewässer,Donau,Hauptgewässer,002552
,,2555,Mixnitzbach,10 km² Gewässer,Donau,Hauptgewässer,002555
,,2556,Laufnitzbach,10 km² Gewässer,Donau,Hauptgewässer,002556
,,2557,Gamsbach [Mur],10 km² Gewässer,Donau,Hauptgewässer,002557
,,2560,Talgrabenbach,10 km² Gewässer,Donau,Hauptgewässer,002560
,,2561,Übelbach,100 km² Gewässer,Donau,Hauptgewässer,002561
,,2562,Kleintalbach,10 km² Gewässer,Donau,Hauptgewässer,002562
,,2563,Arzbach [Übelbach],10 km² Gewässer,Donau,Hauptgewässer,002563
,,2564,Stübingbach,10 km² Gewässer,Donau,Hauptgewässer,002564
,,2567,Mühlbach [Schirningbach],10 km² Gewässer,Donau,Hauptgewässer,002567
,,2568,Rötzbach [Mur],10 km² Gewässer,Donau,Hauptgewässer,002568
,,2569,Andritzbach,10 km² Gewässer,Donau,Hauptgewässer,002569
,,2571,Grazbach [Mur],10 km² Gewässer,Donau,Hauptgewässer,002571
,,2573,Leonhardbach,10 km² Gewässer,Donau,Hauptgewässer,002573
,,2575,Ragnitzbach,10 km² Gewässer,Donau,Hauptgewässer,002575
,,2576,Fernitzer Mühlkanal,10 km² Gewässer,Donau,Nebengewässer,002576
,,2577,Gössendorfer Mühlkanal,10 km² Gewässer,Donau,Hauptgewässer,002577
,,2580,"Mühlgang-Rechts, Mühlgang-Rechts-II",10 km² Gewässer,Donau,Hauptgewässer,002580
,,2582,Ponigl Bach,10 km² Gewässer,Donau,Hauptgewässer,002582
,,2583,Laabach [Ponigl Bach],10 km² Gewässer,Donau,Hauptgewässer,002583
,,2584,Himmelreichbach,10 km² Gewässer,Donau,Hauptgewässer,002584
,,2585,Kainach,500 km² Gewässer,Donau,Hauptgewässer,002585
,,2586,Oswaldgrabenbach,10 km² Gewässer,Donau,Hauptgewässer,002586
,,2587,Freisingbach,10 km² Gewässer,Donau,Hauptgewässer,002587
,,2588,Gailbach [Kainach],10 km² Gewässer,Donau,Hauptgewässer,002588
,,2590,Sallabach,10 km² Gewässer,Donau,Hauptgewässer,002590
,,2592,Teigitsch,100 km² Gewässer,Donau,Hauptgewässer,002592
,,2593,Mittereggbach [Teigitsch],10 km² Gewässer,Donau,Hauptgewässer,002593
,,2594,Packer-Bach,10 km² Gewässer,Donau,Hauptgewässer,002594
,,2595,Modriachbach,10 km² Gewässer,Donau,Hauptgewässer,002595
,,2596,Gößnitzbach [Teigitsch],10 km² Gewässer,Donau,Hauptgewässer,002596
,,2597,Frei-Gößnitzbach,10 km² Gewässer,Donau,Hauptgewässer,002597
,,2598,Lankowitzbach,10 km² Gewässer,Donau,Hauptgewässer,002598
,,2600,Södingbach,10 km² Gewässer,Donau,Hauptgewässer,002600
,,2601,Liebochbach,10 km² Gewässer,Donau,Hauptgewässer,002601
,,2602,Rohrbach [Liebochbach],10 km² Gewässer,Donau,Hauptgewässer,002602
,,2604,Lahnbach [Teigitsch],10 km² Gewässer,Donau,Hauptgewässer,002604
,,2605,Doblbach (Kainach),10 km² Gewässer,Donau,Hauptgewässer,002605
,,2607,Stiefing,100 km² Gewässer,Donau,Hauptgewässer,002607
,,2608,Weissenegger Mühlkanal,10 km² Gewässer,Donau,Hauptgewässer,002608
,,2609,"Erabach, Tropbach",10 km² Gewässer,Donau,Hauptgewässer,002609
,,2610,Stiefen,10 km² Gewässer,Donau,Hauptgewässer,002610
,,2611,Hirtzenbach,10 km² Gewässer,Donau,Hauptgewässer,002611
,,2612,Sulm,1000 km² Gewässer,Donau,Hauptgewässer,002612
,,2613,Weiße Sulm,10 km² Gewässer,Donau,Hauptgewässer,002613
,,2614,Stierriegelbach,10 km² Gewässer,Donau,Hauptgewässer,002614
,,2615,Meßnitzbach,10 km² Gewässer,Donau,Hauptgewässer,002615
,,2616,Schwarze Sulm,1000 km² Gewässer,Donau,Hauptgewässer,002616
,,2617,Seebach [Schwarze Sulm],10 km² Gewässer,Donau,Hauptgewässer,002617
,,2618,Goslitzbach,10 km² Gewässer,Donau,Hauptgewässer,002618
,,2619,Leibenbach,10 km² Gewässer,Donau,Hauptgewässer,002619
,,2620,Stullneggbach,10 km² Gewässer,Donau,Hauptgewässer,002620
,,2621,Otternitz Bach,10 km² Gewässer,Donau,Hauptgewässer,002621
,,2625,Pößnitzbach,10 km² Gewässer,Donau,Hauptgewässer,002625
,,2626,Heiligengeistbach,10 km² Gewässer,Donau,Hauptgewässer,002626
,,2627,Kleingrabenbach,10 km² Gewässer,Donau,Hauptgewässer,002627
,,2628,Fahrenbach,10 km² Gewässer,Donau,Hauptgewässer,002628
,,2630,Muggenaubach,10 km² Gewässer,Donau,Hauptgewässer,002630
,,2632,Rettenbach [Niedere Laßnitz],10 km² Gewässer,Donau,Hauptgewässer,002632
,,2633,Osterwitzbach,10 km² Gewässer,Donau,Hauptgewässer,002633
,,2634,Wildbach [Laßnitz],10 km² Gewässer,Donau,Hauptgewässer,002634
,,2635,Gamsbach [Laßnitz],10 km² Gewässer,Donau,Hauptgewässer,002635
,,2636,Vochera Bach,10 km² Gewässer,Donau,Hauptgewässer,002636
,,2637,Rassachbach,10 km² Gewässer,Donau,Hauptgewässer,002637
,,2638,Saubach [Laßnitz],10 km² Gewässer,Donau,Hauptgewässer,002638
,,2639,Stainzbach,100 km² Gewässer,Donau,Hauptgewässer,002639
,,2641,Zirknitzbach,10 km² Gewässer,Donau,Hauptgewässer,002641
,,2642,Teipl Bach,10 km² Gewässer,Donau,Hauptgewässer,002642
,,2643,Oisnitz Bach,10 km² Gewässer,Donau,Hauptgewässer,002643
,,2644,Gleinzbach,10 km² Gewässer,Donau,Hauptgewässer,002644
,,2645,Sulm-Seitenarm [bei Mantrach (Gem. Pistorf)],10 km² Gewässer,Donau,Nebengewässer,002645
,,2646,Retzneibach,10 km² Gewässer,Donau,Hauptgewässer,002646
,,2647,Ewitschbach,10 km² Gewässer,Donau,Hauptgewässer,002647
,,2649,Steinbach [Gamlitzbach],10 km² Gewässer,Donau,Hauptgewässer,002649
,,2650,Ratscherbach,10 km² Gewässer,Donau,Hauptgewässer,002650
,,2651,Strasser Mühlgang,10 km² Gewässer,Donau,Hauptgewässer,002651
,,2653,Dörflabach,10 km² Gewässer,Donau,Hauptgewässer,002653
,,2656,Lieberbach,10 km² Gewässer,Donau,Hauptgewässer,002656
,,2657,Linderbach [Strasser Mühlgang],10 km² Gewässer,Donau,Hauptgewässer,002657
,,2658,Pfaffenbach [Linderbach],10 km² Gewässer,Donau,Hauptgewässer,002658
,,2660,"Mühlgang (Mureck-Radkersburger Mühlkanal, westlich Saßbach)",100 km² Gewässer,Donau,Nebengewässer,002660
,,2661,Saßbach,100 km² Gewässer,Donau,Hauptgewässer,002661
,,2662,Saßbach-Vorfluter,10 km² Gewässer,Donau,Nebengewässer,002662
,,2663,Ottersbach,10 km² Gewässer,Donau,Hauptgewässer,002663
,,2664,Auersbach [Ottersbach],10 km² Gewässer,Donau,Hauptgewässer,002664
,,2670,Kölldorfer Bach,10 km² Gewässer,Donau,Hauptgewässer,002670
,,2673,Hartelbach,10 km² Gewässer,Donau,Hauptgewässer,002673
,,2674,Murarm,10 km² Gewässer,Donau,Nebengewässer,002674
,,2675,Kutschenitza,10 km² Gewässer,Donau,Hauptgewässer,002675
,,2676,Lendva (Limbach),500 km² Gewässer,Donau,Hauptgewässer,002676
,,2677,"Hausgrabenbach, Klausenbach",10 km² Gewässer,Donau,Hauptgewässer,002677
,,2681,"Vltava, Vodni Nadrz Lipnoi, Tepla Vltava",10000 km² Gewässer,Elbe,Hauptgewässer,002681
,,2682,Rotbach [Moldau],10 km² Gewässer,Elbe,Hauptgewässer,002682
,,2683,Bügelbach (Schrollenbach),10 km² Gewässer,Elbe,Hauptgewässer,002683
,,2684,Irrenwaldbach,10 km² Gewässer,Elbe,Hauptgewässer,002684
,,2685,Schwarze Runse,10 km² Gewässer,Elbe,Hauptgewässer,002685
,,2687,Igelbach,10 km² Gewässer,Elbe,Hauptgewässer,002687
,,2688,Dürnauer Bach (Dürnaubach),10 km² Gewässer,Elbe,Hauptgewässer,002688
,,2689,Kettenbach [Moldau],100 km² Gewässer,Elbe,Hauptgewässer,002689
,,2690,Stegmühlbach,10 km² Gewässer,Elbe,Hauptgewässer,002690
,,2691,Hainbach [Kettenbach],10 km² Gewässer,Elbe,Hauptgewässer,002691
,,2692,Grasslbach (Graslbach),10 km² Gewässer,Elbe,Hauptgewässer,002692
,,2693,Schildbach (Schildbachl),10 km² Gewässer,Elbe,Hauptgewässer,002693
,,2695,Maltsch,1000 km² Gewässer,Elbe,Hauptgewässer,002695
,,2696,Felbenbach,10 km² Gewässer,Elbe,Hauptgewässer,002696
,,2697,Schwarzaubach,100 km² Gewässer,Elbe,Hauptgewässer,002697
,,2698,Lainsitz,1000 km² Gewässer,Elbe,Hauptgewässer,002698
,,2707,Braunaubach,100 km² Gewässer,Elbe,Hauptgewässer,002707
,,2709,Romaubach,10 km² Gewässer,Elbe,Hauptgewässer,002709
,,2715,Gamsbach,10 km² Gewässer,Elbe,Hauptgewässer,002715
,,2716,Reißbach,100 km² Gewässer,Elbe,Hauptgewässer,002716
,,2717,Kastenitzerbach (Kastanitzerbach),10 km² Gewässer,Elbe,Hauptgewässer,002717
,,2718,Lunkowitzbach,10 km² Gewässer,Elbe,Hauptgewässer,002718
,,2719,Neumühlbach,100 km² Gewässer,Elbe,Hauptgewässer,002719
,,2720,Rottaler Bach,10 km² Gewässer,Elbe,Hauptgewässer,002720
,,2721,Tannerbach,10 km² Gewässer,Elbe,Hauptgewässer,002721
,,2722,"Sandbach (Vodotec, Hranièní p., Vodoteè I)",10 km² Gewässer,Elbe,Hauptgewässer,002722
2023-08-10,,2723,Hinterrhein,1000 km² Gewässer,Rhein,Hauptgewässer,002723
,,2724,Inn-Stausee,10 km² Gewässer,Donau,Nebengewässer,002724
,,2725,"Pritschengraben/Esche, Pritschengraben",10 km² Gewässer,Rhein,Hauptgewässer,002725
,,2727,Wertach,1000 km² Gewässer,Donau,Hauptgewässer,002727
,,2728,Fischbach,1000 km² Gewässer,Donau,Hauptgewässer,002728
,,2729,Rott,1000 km² Gewässer,Donau,Hauptgewässer,002729
,,2730,Prien,100 km² Gewässer,Donau,Hauptgewässer,002730
,,2731,Sur,100 km² Gewässer,Donau,Hauptgewässer,002731
,,2732,Götzinger Achen,100 km² Gewässer,Donau,Hauptgewässer,002732
,,2733,Rettenbach-Ebenau,10 km² Gewässer,Donau,Hauptgewässer,002733
,,2734,Altglan,10 km² Gewässer,Donau,Hauptgewässer,002734
,,2735,Tiefsteinbach,10 km² Gewässer,Donau,Hauptgewässer,002735
,,2736,Schlachterbach,10 km² Gewässer,Donau,Hauptgewässer,002736
,,2738,Kembbach,10 km² Gewässer,Donau,Hauptgewässer,002738
,,2739,Zachegraben,10 km² Gewässer,Donau,Hauptgewässer,002739
,,2741,"Erlau, Saußbach, Schauerbach",100 km² Gewässer,Donau,Hauptgewässer,002741
,,2746,Lehenbach,10 km² Gewässer,Donau,Hauptgewässer,002746
,,2747,Gerenthbach Zubringer,10 km² Gewässer,Donau,Hauptgewässer,002747
,,2748,Guribach (Althodisbach),10 km² Gewässer,Donau,Hauptgewässer,002748
,,2749,Rechnitzbach_x000D_,10 km² Gewässer,Donau,Hauptgewässer,002749
,,2754,Seebach Tamsweg,10 km² Gewässer,Donau,Hauptgewässer,002754
,,2755,Schwarzenberger Holzschwemmkanal,10 km² Gewässer,Donau,Hauptgewässer,002755
,,2756,Feinitzbach,10 km² Gewässer,Donau,Hauptgewässer,002756
,,2757,Heidgraben,10 km² Gewässer,Donau,Hauptgewässer,002757
,,2759,Pohoøský p.,10 km² Gewässer,Elbe,Hauptgewässer,002759
,,2801,Auwiesenbach,10 km² Gewässer,Donau,Hauptgewässer,002801
,,2802,Ribicabach,10 km² Gewässer,Donau,Hauptgewässer,002802
,,2803,"Klettenbach, Ödenmühlbach",10 km² Gewässer,Donau,Hauptgewässer,002803
,,2805,Loosbach,10 km² Gewässer,Donau,Hauptgewässer,002805
,,2806,Rustenbach bei Deutschkreutz,10 km² Gewässer,Donau,Hauptgewässer,002806
,,2808,Schachendorfer Bach,10 km² Gewässer,Donau,Hauptgewässer,002808
,,2809,Krebsbach,10 km² Gewässer,Donau,Hauptgewässer,002809
,,2810,"Salziger Graben, Sós árok",10 km² Gewässer,Donau,Hauptgewässer,002810
,,2811,Poschbach,10 km² Gewässer,Donau,Hauptgewässer,002811
,,2812,Kirchgraben,10 km² Gewässer,Donau,Hauptgewässer,002812
,,2813,Ribnyákbach,10 km² Gewässer,Donau,Hauptgewässer,002813
,,2814,Rabnitz Altlauf,10 km² Gewässer,Donau,Nebengewässer,002814
,,2815,Grenzgraben bei Moschendorf,10 km² Gewässer,Donau,Hauptgewässer,002815
,,2816,Moschendorfer Bach,10 km² Gewässer,Donau,Hauptgewässer,002816
,,2817,Müllerwiesnergraben,10 km² Gewässer,Donau,Hauptgewässer,002817
,,2818,Jáki-Sorok,10 km² Gewässer,Donau,Hauptgewässer,002818
,,2819,Herztalerbach,10 km² Gewässer,Donau,Hauptgewässer,002819
,,2820,Vogelsangbach,10 km² Gewässer,Donau,Hauptgewässer,002820
,,5003,Moosache Nebengewässer,10 km² Gewässer,Donau,Nebengewässer,005003
,,5004,Moosache Nebengewässer,10 km² Gewässer,Donau,Nebengewässer,005004
,,5005,Waidmoosbach Nebengewässer,10 km² Gewässer,Donau,Nebengewässer,005005
,,5006,Steinbach Zubringer,10 km² Gewässer,Donau,Hauptgewässer,005006
,,5008,Mühltalerbach Nebengewässer,10 km² Gewässer,Donau,Nebengewässer,005008
,,5009,Steckenbach Nebengewässer,10 km² Gewässer,Donau,Nebengewässer,005009
,,5011,Enknach Nebengewässer,10 km² Gewässer,Donau,Nebengewässer,005011
,,5012,Enknach Nebengewässer,10 km² Gewässer,Donau,Nebengewässer,005012
,,5013,Hainbach (Nebeng.) [bei Lengau] I,10 km² Gewässer,Donau,Nebengewässer,005013
,,5015,Holzwiesenbach (Nebeng.),10 km² Gewässer,Donau,Nebengewässer,005015
,,5016,Schalchener Brunnbach (Nebeng.),10 km² Gewässer,Donau,Nebengewässer,005016
,,5018,Schwemmbach (Nebeng.) [bei Munderfing] I,10 km² Gewässer,Donau,Nebengewässer,005018
,,5019,Schwemmbach (Nebeng.) [bei Lengau] I,10 km² Gewässer,Donau,Nebengewässer,005019
,,5020,Schwemmbach (Nebeng.) [bei Lengau] II,10 km² Gewässer,Donau,Nebengewässer,005020
,,5021,Schwemmbach (Nebeng.) [bei Munderfing] II,10 km² Gewässer,Donau,Nebengewässer,005021
,,5022,Schwemmbach (Nebeng.) [bei Munderfing] III,10 km² Gewässer,Donau,Nebengewässer,005022
,,5023,Schwemmbach (Nebeng.) [bei Munderfing] IV,10 km² Gewässer,Donau,Nebengewässer,005023
,,5024,Mauerkirchner Brunnbach Nebengewässer,10 km² Gewässer,Donau,Nebengewässer,005024
,,5025,Mauerkirchner Brunnbach Nebengewässer,10 km² Gewässer,Donau,Nebengewässer,005025
,,5026,Mauerkirchner Brunnbach Nebengewässer,10 km² Gewässer,Donau,Nebengewässer,005026
,,5027,Mauerkirchner Brunnbach Nebengewässer,10 km² Gewässer,Donau,Nebengewässer,005027
,,5029,Mauerkirchner Brunnbach Nebengewässer,10 km² Gewässer,Donau,Nebengewässer,005029
,,5030,Mattig Nebengewässer,10 km² Gewässer,Donau,Nebengewässer,005030
,,5033,Mauerkirchner Brunnbach Nebengewässer,10 km² Gewässer,Donau,Nebengewässer,005033
,,5034,Mattig Ausleitung,10 km² Gewässer,Donau,Nebengewässer,005034
,,5035,Mattig Nebengewässer,10 km² Gewässer,Donau,Nebengewässer,005035
,,5036,Mattig Nebengewässer,10 km² Gewässer,Donau,Nebengewässer,005036
,,5037,Mattig Nebengewässer,10 km² Gewässer,Donau,Nebengewässer,005037
,,5038,Mattig Nebengewässer,10 km² Gewässer,Donau,Nebengewässer,005038
,,5039,Mattig Nebengewässer,10 km² Gewässer,Donau,Nebengewässer,005039
,,5040,Mattig Nebengewässer,10 km² Gewässer,Donau,Nebengewässer,005040
,,5041,Mattig Nebengewässer,10 km² Gewässer,Donau,Nebengewässer,005041
,,5042,Mattig Nebengewässer,10 km² Gewässer,Donau,Nebengewässer,005042
,,5043,Mattig Zubringer,10 km² Gewässer,Donau,Nebengewässer,005043
,,5044,Mattig Nebengewässer,10 km² Gewässer,Donau,Nebengewässer,005044
,,5045,Mattig Nebengewässer,10 km² Gewässer,Donau,Nebengewässer,005045
,,5046,Mattig Nebengewässer,10 km² Gewässer,Donau,Nebengewässer,005046
,,5047,Mattig Nebengewässer,10 km² Gewässer,Donau,Nebengewässer,005047
,,5048,Mattig Nebengewässer,10 km² Gewässer,Donau,Nebengewässer,005048
,,5049,Mattig Nebengewässer,10 km² Gewässer,Donau,Nebengewässer,005049
,2023-08-09,5050,Ausleitung Mattig (Nebeng.),10 km² Gewässer,Donau,Nebengewässer,005050
,,5051,Mattig Nebengewässer,10 km² Gewässer,Donau,Nebengewässer,005051
,,5052,Mattig Nebengewässer,10 km² Gewässer,Donau,Nebengewässer,005052
,,5053,Mattig Nebengewässer,10 km² Gewässer,Donau,Nebengewässer,005053
,,5054,Miningbach (Nebeng.),10 km² Gewässer,Donau,Nebengewässer,005054
,,5055,Miningbach (Nebeng.) [bei Mining] I,10 km² Gewässer,Donau,Nebengewässer,005055
,,5056,Miningbach (Nebeng.) [bei Mining] II,10 km² Gewässer,Donau,Nebengewässer,005056
,,5057,Sankt Veiter Bach (Nebeng.) [bei Höhnhart] I,10 km² Gewässer,Donau,Nebengewässer,005057
,,5058,Sankt Veiter Bach (Nebeng.) [bei Roßbach],10 km² Gewässer,Donau,Nebengewässer,005058
,,5059,Sankt Veiter Bach (Nebeng.) [bei Sankt Veit im Innkreis],10 km² Gewässer,Donau,Nebengewässer,005059
,,5060,Sankt Veiter Bach (Nebeng.) [bei Höhnhart] II,10 km² Gewässer,Donau,Nebengewässer,005060
,,5061,Sankt Veiter Bach (Nebeng.) [bei Aspach],10 km² Gewässer,Donau,Nebengewässer,005061
,,5062,Mettmach (Nebeng.) [bei Sankt Veit],10 km² Gewässer,Donau,Nebengewässer,005062
,,5063,Mettmach (Nebeng.) [bei Polling],10 km² Gewässer,Donau,Nebengewässer,005063
,,5064,Mettmach (Nebeng.) [bei Aspach],10 km² Gewässer,Donau,Nebengewässer,005064
,,5065,Mettmach (Nebeng.) [bei Mettmach] I,10 km² Gewässer,Donau,Nebengewässer,005065
,,5066,Mettmach (Nebeng.) [bei Mettmach] II,10 km² Gewässer,Donau,Nebengewässer,005066
,,5067,Mettmach (Nebeng.) [bei Mettmach] III,10 km² Gewässer,Donau,Nebengewässer,005067
,,5068,Mettmach (Nebeng.) [bei Mettmach] IV,10 km² Gewässer,Donau,Nebengewässer,005068
,,5069,Moosbach (Nebeng.) [Lochbach] [bei Moosbach] I,10 km² Gewässer,Donau,Nebengewässer,005069
,,5070,Moosbach (Nebeng.) [Lochbach] [bei Maria Schmolln] I,10 km² Gewässer,Donau,Nebengewässer,005070
,,5071,Moosbach (Nebeng.) [Lochbach] [bei Moosbach] II,10 km² Gewässer,Donau,Nebengewässer,005071
,,5072,Moosbach (Nebeng.) [Lochbach] [bei Moosbach] III,10 km² Gewässer,Donau,Nebengewässer,005072
,,5073,Lochbach (Nebeng.) [bei Moosbach] I,10 km² Gewässer,Donau,Nebengewässer,005073
,,5074,Lochbach (Nebeng.) [bei Moosbach] II,10 km² Gewässer,Donau,Nebengewässer,005074
,,5075,Lochbach (Nebeng.) [bei Moosbach] III,10 km² Gewässer,Donau,Nebengewässer,005075
,,5076,Lochbach (Nebeng.) [bei Treubach],10 km² Gewässer,Donau,Nebengewässer,005076
,,5077,Lochbach (Nebeng.) [bei Moosbach] IV,10 km² Gewässer,Donau,Nebengewässer,005077
,,5078,Lochbach (Nebeng.) [bei Moosbach] V,10 km² Gewässer,Donau,Nebengewässer,005078
,,5079,Lochbach (Nebeng.) [bei Moosbach] VI,10 km² Gewässer,Donau,Nebengewässer,005079
,,5080,Lochbach (Nebeng.) [bei Moosbach] VII,10 km² Gewässer,Donau,Nebengewässer,005080
,,5081,Ach (Nebeng.) [bei Kirchheim] I,10 km² Gewässer,Donau,Nebengewässer,005081
,,5082,Ach (Nebeng.),10 km² Gewässer,Donau,Nebengewässer,005082
,,5083,Ach (Nebeng.) [bei Lohnsburg] IV,10 km² Gewässer,Donau,Nebengewässer,005083
,,5084,Ach (Nebeng.) [bei Altheim] III,10 km² Gewässer,Donau,Nebengewässer,005084
,,5085,Ach (Nebeng.) [bei Lohnsburg] V,10 km² Gewässer,Donau,Nebengewässer,005085
,,5086,Ach (Nebeng.) [bei Lohnsburg] VI,10 km² Gewässer,Donau,Nebengewässer,005086
,,5088,Ach (Nebeng.) [bei Altheim] I,10 km² Gewässer,Donau,Nebengewässer,005088
,,5089,Ach (Nebeng.) [bei Lohnsburg] I,10 km² Gewässer,Donau,Nebengewässer,005089
,,5090,Ach (Nebeng.) [bei Waldzell] I,10 km² Gewässer,Donau,Nebengewässer,005090
,,5091,Ach (Nebeng.) [bei Kirchheim] II,10 km² Gewässer,Donau,Nebengewässer,005091
,,5092,Ach (Nebeng.) [bei Lohnsburg] II,10 km² Gewässer,Donau,Nebengewässer,005092
,,5093,Ach (Nebeng.) [bei Kirchheim] III,10 km² Gewässer,Donau,Nebengewässer,005093
,,5094,Ach (Nebeng.) [bei Altheim] II,10 km² Gewässer,Donau,Nebengewässer,005094
,,5095,Ach (Nebeng.) [bei Kirchheim] IV,10 km² Gewässer,Donau,Nebengewässer,005095
,,5096,Nonsbach (Nebeng.),10 km² Gewässer,Donau,Nebengewässer,005096
,,5097,Gurtenbach (Nebeng.) II,10 km² Gewässer,Donau,Nebengewässer,005097
,,5098,Gurtenbach (Nebeng.) I,10 km² Gewässer,Donau,Nebengewässer,005098
,,5099,Gurtenbach (Nebeng.) [bei Mehrnbach],10 km² Gewässer,Donau,Nebengewässer,005099
,,5100,Senftenbach (Nebeng.),10 km² Gewässer,Donau,Nebengewässer,005100
,,5102,Windischhuber Bach (Nebeng.),10 km² Gewässer,Donau,Nebengewässer,005102
,,5103,Oberach (Nebeng.) [bei Pattigham],10 km² Gewässer,Donau,Nebengewässer,005103
,,5104,Oberach (Nebeng.) [bei Neuhofen],10 km² Gewässer,Donau,Nebengewässer,005104
,,5105,Oberach (Nebeng.) [bei Schildorn],10 km² Gewässer,Donau,Nebengewässer,005105
,,5106,Oberach (Nebeng.) [bei Pramet],10 km² Gewässer,Donau,Nebengewässer,005106
,,5107,Oberach (Nebeng.) [bei Aurolzmünster],10 km² Gewässer,Donau,Nebengewässer,005107
,,5108,Kretschbach (Nebeng.),10 km² Gewässer,Donau,Nebengewässer,005108
,,5109,Osternach (Nebeng.) [bei Utzenaich] I,10 km² Gewässer,Donau,Nebengewässer,005109
,,5110,Osternach (Nebeng.) [bei Lambrechten],10 km² Gewässer,Donau,Nebengewässer,005110
,,5111,Osternach (Nebeng.) [bei Utzenaich] II,10 km² Gewässer,Donau,Nebengewässer,005111
,,5112,Osternach (Nebeng.) [bei Utzenaich] III,10 km² Gewässer,Donau,Nebengewässer,005112
,,5113,Osternach (Nebeng.) [bei Peterskirchen],10 km² Gewässer,Donau,Nebengewässer,005113
,,5114,Antiesen (Nebeng.) [bei Tumeltsham] I,10 km² Gewässer,Donau,Nebengewässer,005114
,,5115,Antiesen (Nebeng.) [bei Sankt Martin],10 km² Gewässer,Donau,Nebengewässer,005115
,,5116,Antiesen (Nebeng.) [bei Eberschwang] III,10 km² Gewässer,Donau,Nebengewässer,005116
,,5117,Antiesen (Nebeng.),10 km² Gewässer,Donau,Nebengewässer,005117
,,5118,Antiesen (Nebeng.) [bei Antiesenhofen] I,10 km² Gewässer,Donau,Nebengewässer,005118
,,5119,Antiesen (Nebeng.) [bei Aurolzmünster] III,10 km² Gewässer,Donau,Nebengewässer,005119
,,5120,Antiesen (Nebeng.) [bei Hohenzell] III,10 km² Gewässer,Donau,Nebengewässer,005120
,,5121,Antiesen (Nebeng.) [bei Eberschwang] V,10 km² Gewässer,Donau,Nebengewässer,005121
,,5122,Antiesen (Nebeng.) [bei Eberschwang] VI,10 km² Gewässer,Donau,Nebengewässer,005122
,,5123,Antiesen (Nebeng.) [bei Eberschwang] I,10 km² Gewässer,Donau,Nebengewässer,005123
,,5124,Antiesen (Nebeng.) [bei Hohenzell] I,10 km² Gewässer,Donau,Nebengewässer,005124
,,5125,Antiesen (Nebeng.) [bei Hohenzell] II,10 km² Gewässer,Donau,Nebengewässer,005125
,,5126,Antiesen (Nebeng.) [bei Tumeltsham] II,10 km² Gewässer,Donau,Nebengewässer,005126
,,5127,Antiesen (Nebeng.) [bei Aurolzmünster] I,10 km² Gewässer,Donau,Nebengewässer,005127
,,5128,Antiesen (Nebeng.) [bei Aurolzmünster] II,10 km² Gewässer,Donau,Nebengewässer,005128
,,5129,Antiesen (Nebeng.) [bei Eberschwang] II,10 km² Gewässer,Donau,Nebengewässer,005129
,,5130,Antiesen (Nebeng.) [bei Reichersberg] I,10 km² Gewässer,Donau,Nebengewässer,005130
,,5132,Wiesbach (Nebeng.) [bei Raab] II,10 km² Gewässer,Donau,Nebengewässer,005132
,,5133,Wiesbach (Nebeng.) [bei Raab] III,10 km² Gewässer,Donau,Nebengewässer,005133
,,5134,Wiesbach (Nebeng.) [bei Raab] IV,10 km² Gewässer,Donau,Nebengewässer,005134
,,5135,Wiesbach (Nebeng.) [bei Raab] I,10 km² Gewässer,Donau,Nebengewässer,005135
,,5138,Messenbach (Nebeng.),10 km² Gewässer,Donau,Nebengewässer,005138
,,5139,Rainbach (Nebeng.),10 km² Gewässer,Donau,Nebengewässer,005139
,,5140,Doblbach (Nebeng.) [Pram] [bei Brunnenthal] I,10 km² Gewässer,Donau,Nebengewässer,005140
,,5141,Doblbach (Nebeng.) [Pram] [bei Brunnenthal] II,10 km² Gewässer,Donau,Nebengewässer,005141
,,5142,Pram (Nebeng.) [bei Sankt Florian am Inn] I,10 km² Gewässer,Donau,Nebengewässer,005142
,,5144,Pram (Nebeng.) [bei Zell an der Pram] I,10 km² Gewässer,Donau,Nebengewässer,005144
,,5146,Pram (Nebeng.) [bei Taiskirchen] III,10 km² Gewässer,Donau,Nebengewässer,005146
,,5147,Pram (Nebeng.) [bei Sankt Florian am Inn] VI,10 km² Gewässer,Donau,Nebengewässer,005147
,,5148,Pram (Nebeng.) [bei Schärding] II,10 km² Gewässer,Donau,Nebengewässer,005148
,,5149,Pram (Nebeng.) [bei Sankt Florian am Inn] VII,10 km² Gewässer,Donau,Nebengewässer,005149
,,5150,Pram (Nebeng.) [bei Sankt Florian am Inn] VIII,10 km² Gewässer,Donau,Nebengewässer,005150
,,5151,Pram (Nebeng.) [bei Sankt Florian am Inn] II,10 km² Gewässer,Donau,Nebengewässer,005151
,,5152,Pram (Nebeng.) [bei Sankt Florian am Inn] III,10 km² Gewässer,Donau,Nebengewässer,005152
,,5153,Pram (Nebeng.) [bei Schärding] I,10 km² Gewässer,Donau,Nebengewässer,005153
,,5154,Pram (Nebeng.) [bei Andorf] I,10 km² Gewässer,Donau,Nebengewässer,005154
,,5155,Pram (Nebeng.) [bei Sankt Florian am Inn] IV,10 km² Gewässer,Donau,Nebengewässer,005155
,,5158,Pram (Nebeng.) [bei Andorf] II,10 km² Gewässer,Donau,Nebengewässer,005158
,,5159,Kößlbach (Nebeng.) [bei Esternberg] I,10 km² Gewässer,Donau,Nebengewässer,005159
,,5160,Kößlbach (Nebeng.) [bei Esternberg] II,10 km² Gewässer,Donau,Nebengewässer,005160
,,5161,Pfeilbach (Nebeng.),10 km² Gewässer,Donau,Nebengewässer,005161
,,5162,Osterbach (Nebeng.) [bei Kollerschlag] I,10 km² Gewässer,Donau,Nebengewässer,005162
,,5163,Osterbach (Nebeng.) [bei Kollerschlag] II,10 km² Gewässer,Donau,Nebengewässer,005163
,,5164,Osterbach (Nebeng.) [bei Oberkappel],10 km² Gewässer,Donau,Nebengewässer,005164
,,5165,Osterbach (Nebeng.) [bei Kollerschlag] III,10 km² Gewässer,Donau,Nebengewässer,005165
,,5166,Osterbach (Nebeng.) [bei Kollerschlag] IV,10 km² Gewässer,Donau,Nebengewässer,005166
,,5167,Osterbach (Nebeng.) [bei Kollerschlag] V,10 km² Gewässer,Donau,Nebengewässer,005167
,,5168,Kesselbach (Nebeng.) [bei Sankt Aegidi] I,10 km² Gewässer,Donau,Nebengewässer,005168
,,5169,Kesselbach (Nebeng.) [bei Sankt Aegidi] II,10 km² Gewässer,Donau,Nebengewässer,005169
,,5170,Kesselbach (Nebeng.) [bei Neukirchen],10 km² Gewässer,Donau,Nebengewässer,005170
,,5171,Kesselbach (Nebeng.) [bei Sankt Aegidi] III,10 km² Gewässer,Donau,Nebengewässer,005171
,,5172,Leitenbach (Nebeng.) [Lichtenbach] [bei Sarleinsbach] I,10 km² Gewässer,Donau,Nebengewässer,005172
,,5173,Leitenbach (Nebeng.) [Lichtenbach] [bei Sarleinsbach] II,10 km² Gewässer,Donau,Nebengewässer,005173
,,5174,Daglesbach (Nebeng.) [bei Putzleinsdorf],10 km² Gewässer,Donau,Nebengewässer,005174
,,5176,Daglesbach (Nebeng.) [bei Niederkappel] II,10 km² Gewässer,Donau,Nebengewässer,005176
,,5177,Daglesbach (Nebeng.) [bei Niederkappel] III,10 km² Gewässer,Donau,Nebengewässer,005177
,,5178,Daglesbach (Nebeng.) [bei Lembach],10 km² Gewässer,Donau,Nebengewässer,005178
,,5179,Kleine Mühl (Nebeng.) [bei Oepping],10 km² Gewässer,Donau,Nebengewässer,005179
,,5180,Kleine Mühl (Nebeng.) [bei Julbach],10 km² Gewässer,Donau,Nebengewässer,005180
,,5181,Kleine Mühl (Nebeng.) [bei Peilstein] I,10 km² Gewässer,Donau,Nebengewässer,005181
,,5182,Kleine Mühl (Nebeng.) [bei Sarleinsbach],10 km² Gewässer,Donau,Nebengewässer,005182
,,5183,Kleine Mühl (Nebeng.) [bei Niederkappel],10 km² Gewässer,Donau,Nebengewässer,005183
,,5184,Kleine Mühl (Nebeng.) [bei Peilstein] II,10 km² Gewässer,Donau,Nebengewässer,005184
,,5185,Schwarzenberger Gegenbach (Nebeng.) [bei Schwarzenberg] I,10 km² Gewässer,Donau,Nebengewässer,005185
,,5186,Schwarzenberger Gegenbach (Nebeng.),10 km² Gewässer,Donau,Nebengewässer,005186
,,5187,Schwarzenberger Gegenbach (Nebeng.) [bei Schwarzenberg] II,10 km² Gewässer,Donau,Nebengewässer,005187
,,5188,Schwarzenberger Gegenbach (Nebeng.) [bei Schwarzenberg] III,10 km² Gewässer,Donau,Nebengewässer,005188
,,5189,Klafferbach (Nebeng.) [bei Klaffer] I,10 km² Gewässer,Donau,Nebengewässer,005189
,,5190,Klafferbach (Nebeng.) [bei Klaffer] II,10 km² Gewässer,Donau,Nebengewässer,005190
,,5191,Kleine Michl (Nebeng.) [bei Afiesl],10 km² Gewässer,Donau,Nebengewässer,005191
,,5192,Kleine Michl (Nebeng.) [bei Sankt Peter am Wimberg],10 km² Gewässer,Donau,Nebengewässer,005192
,,5193,Große Mühl (Nebeng.) [bei Schwarzenberg],10 km² Gewässer,Donau,Nebengewässer,005193
,,5194,Große Mühl (Nebeng.) [bei Haslach],10 km² Gewässer,Donau,Nebengewässer,005194
,,5195,Große Mühl (Nebeng.) [bei Schlägl] III,10 km² Gewässer,Donau,Nebengewässer,005195
,,5196,Große Mühl (Nebeng.) [bei Schlägl] IV,10 km² Gewässer,Donau,Nebengewässer,005196
,,5197,Große Mühl (Nebeng.) [bei Lichtenau] II,10 km² Gewässer,Donau,Nebengewässer,005197
,,5198,Große Mühl (Nebeng.) [bei Lichtenau] III,10 km² Gewässer,Donau,Nebengewässer,005198
,,5199,Große Mühl (Nebeng.) [bei Klaffer] nördl.,10 km² Gewässer,Donau,Nebengewässer,005199
,,5200,Große Mühl (Nebeng.) [bei Aigen] I,10 km² Gewässer,Donau,Nebengewässer,005200
,,5201,Große Mühl (Nebeng.) [bei Schlägl] I,10 km² Gewässer,Donau,Nebengewässer,005201
,,5202,Große Mühl (Nebeng.) [bei Lichtenau] I,10 km² Gewässer,Donau,Nebengewässer,005202
,,5203,Große Mühl (Nebeng.) [bei Ulrichsberg] I,10 km² Gewässer,Donau,Nebengewässer,005203
,,5204,Große Mühl (Nebeng.) [bei Ulrichsberg] II,10 km² Gewässer,Donau,Nebengewässer,005204
,,5205,Große Mühl (Nebeng.) [bei Aigen] II,10 km² Gewässer,Donau,Nebengewässer,005205
,,5206,Große Mühl (Nebeng.) [bei Schlägl] II,10 km² Gewässer,Donau,Nebengewässer,005206
,,5207,Natternbach (Nebeng.),10 km² Gewässer,Donau,Nebengewässer,005207
,,5208,Leitenbach (Nebeng.) [bei Peuerbach],10 km² Gewässer,Donau,Nebengewässer,005208
,,5209,Leitenbach (Nebeng.) [bei Waizenkirchen] I,10 km² Gewässer,Donau,Nebengewässer,005209
,,5210,Leitenbach (Nebeng.) [bei Waizenkirchen] II,10 km² Gewässer,Donau,Nebengewässer,005210
,,5211,Leitenbach (Nebeng.) [bei Neukirchen],10 km² Gewässer,Donau,Nebengewässer,005211
,,5212,Sandbach (Nebeng.),10 km² Gewässer,Donau,Nebengewässer,005212
,,5213,Aschach (Nebeng.) [bei Hartkirchen] I,10 km² Gewässer,Donau,Nebengewässer,005213
,,5215,Aschach (Nebeng.) [bei Hartkirchen] II,10 km² Gewässer,Donau,Nebengewässer,005215
,,5216,Aschach (Nebeng.) [bei Hartkirchen] III,10 km² Gewässer,Donau,Nebengewässer,005216
,,5217,Gallsbach (Nebeng.),10 km² Gewässer,Donau,Nebengewässer,005217
,,5218,Hinzenbach (Nebeng.) [bei Eferding],10 km² Gewässer,Donau,Nebengewässer,005218
,,5219,Hinzenbach (Nebeng.) [bei Fraham],10 km² Gewässer,Donau,Nebengewässer,005219
,,5220,Hinzenbach (Nebeng.) [bei Hinzenbach],10 km² Gewässer,Donau,Nebengewässer,005220
,,5221,Wilder Innbach (Nebeng.),10 km² Gewässer,Donau,Nebengewässer,005221
,,5222,Sulzbach (Nebeng.) [Innbach],10 km² Gewässer,Donau,Nebengewässer,005222
,,5223,Trattnach (Nebeng.) [bei Weibern] I,10 km² Gewässer,Donau,Nebengewässer,005223
,,5224,Trattnach (Nebeng.) [bei Weibern] II,10 km² Gewässer,Donau,Nebengewässer,005224
,,5225,Trattnach (Nebeng.) [bei Tollet] II,10 km² Gewässer,Donau,Nebengewässer,005225
,2023-08-09,5226,Trattnach (Nebeng.) [bei Tollet] III,10 km² Gewässer,Donau,Nebengewässer,005226
,,5227,Trattnach (Nebeng.) [bei Grieskirchen] I,10 km² Gewässer,Donau,Nebengewässer,005227
,,5228,Trattnach (Nebeng.) [bei Grieskirchen] II,10 km² Gewässer,Donau,Nebengewässer,005228
,,5229,Trattnach (Nebeng.) [bei Schlüßlberg],10 km² Gewässer,Donau,Nebengewässer,005229
,2023-08-09,5230,Trattnach (Nebeng.) [bei Tollet] I,10 km² Gewässer,Donau,Nebengewässer,005230
,,5231,Trattnach (Nebeng.) [bei Taufkirchen],10 km² Gewässer,Donau,Nebengewässer,005231
,,5232,Trattnach (Nebeng.) [bei Wallern],10 km² Gewässer,Donau,Nebengewässer,005232
,2023-08-09,5233,Trattnach (Nebeng.) [bei Bad Schallerbach],10 km² Gewässer,Donau,Nebengewässer,005233
,,5234,Trattnach (Nebeng.) [bei Hofkirchen],10 km² Gewässer,Donau,Nebengewässer,005234
,,5235,Polsenz (Nebeng.) [bei Sankt Marienkirchen] I,10 km² Gewässer,Donau,Nebengewässer,005235
,,5237,Innbach (Nebeng.) [bei Wallern],10 km² Gewässer,Donau,Nebengewässer,005237
,,5238,Innbach (Nebeng.) [bei Gaspoltshofen],10 km² Gewässer,Donau,Nebengewässer,005238
,,5239,Innbach (Nebeng.) [bei Pichl bei Wels] III,10 km² Gewässer,Donau,Nebengewässer,005239
,,5240,Innbach (Nebeng.) [bei Pichl bei Wels] IV,10 km² Gewässer,Donau,Nebengewässer,005240
,,5241,Innbach (Nebeng.) [bei Scharten],10 km² Gewässer,Donau,Nebengewässer,005241
,,5242,Innbach (Nebeng.) [bei Pichl bei Wels] I,10 km² Gewässer,Donau,Nebengewässer,005242
,,5244,Innbach (Nebeng.) [bei Pichl bei Wels] II,10 km² Gewässer,Donau,Nebengewässer,005244
,,5245,Innbach (Nebeng.) [bei Fraham] I,10 km² Gewässer,Donau,Nebengewässer,005245
,,5246,Innbach (Nebeng.) [bei Fraham] II,10 km² Gewässer,Donau,Nebengewässer,005246
,,5247,Innbach (Nebeng.) [bei Sankt Marienkirchen],10 km² Gewässer,Donau,Nebengewässer,005247
,,5248,Innbach (Nebeng.) [bei Kematen],10 km² Gewässer,Donau,Nebengewässer,005248
,,5249,Pesenbach (Nebeng.),10 km² Gewässer,Donau,Nebengewässer,005249
,,5250,Steinbach (Nebeng.) [Große Rodl],10 km² Gewässer,Donau,Nebengewässer,005250
,,5251,Distlbach (Nebeng.) [bei Zwettl an der Rodl] I,10 km² Gewässer,Donau,Nebengewässer,005251
,,5252,Distlbach (Nebeng.) [bei Oberneukirchen] I,10 km² Gewässer,Donau,Nebengewässer,005252
,,5253,Distlbach (Nebeng.) [bei Zwettl an der Rodl] II,10 km² Gewässer,Donau,Nebengewässer,005253
,,5254,Distlbach (Nebeng.) [bei Oberneukirchen] II,10 km² Gewässer,Donau,Nebengewässer,005254
,,5255,Große Rodl (Nebeng.) [bei Walding] I,10 km² Gewässer,Donau,Nebengewässer,005255
,,5256,Große Rodl (Nebeng.) [bei Walding] III,10 km² Gewässer,Donau,Nebengewässer,005256
,2023-08-09,5257,Große Rodl (Nebeng.) [bei Walding] IV,10 km² Gewässer,Donau,Nebengewässer,005257
,,5258,Große Rodl (Nebeng.) [bei Eidenberg] I,10 km² Gewässer,Donau,Nebengewässer,005258
,,5259,Große Rodl (Nebeng.) [bei Zwettl an der Rodl] I,10 km² Gewässer,Donau,Nebengewässer,005259
,,5260,Große Rodl (Nebeng.) [bei Bad Leonfelden],10 km² Gewässer,Donau,Nebengewässer,005260
,,5261,Große Rodl (Nebeng.) [bei Zwettl an der Rodl] II,10 km² Gewässer,Donau,Nebengewässer,005261
,,5262,Große Rodl (Nebeng.) [bei Sonnberg],10 km² Gewässer,Donau,Nebengewässer,005262
,,5263,Große Rodl (Nebeng.) [bei Oberneukirchen],10 km² Gewässer,Donau,Nebengewässer,005263
,,5264,Große Rodl (Nebeng.) [bei Eidenberg] II,10 km² Gewässer,Donau,Nebengewässer,005264
,,5265,Große Rodl (Nebeng.) [bei Walding] II,10 km² Gewässer,Donau,Nebengewässer,005265
,,5266,Bleicherbach Nebengewässer,10 km² Gewässer,Donau,Nebengewässer,005266
,,5267,Großer Haselbach (Nebeng.) [bei Linz] I,10 km² Gewässer,Donau,Nebengewässer,005267
,,5268,Großer Haselbach (Nebeng.) [bei Lichtenberg],10 km² Gewässer,Donau,Nebengewässer,005268
,,5269,Großer Haselbach (Nebeng.) [bei Linz] II,10 km² Gewässer,Donau,Nebengewässer,005269
,,5270,Großer Haselbach (Nebeng.) [bei Kirchschlag bei Linz],10 km² Gewässer,Donau,Nebengewässer,005270
,,5271,Mühlbach,10 km² Gewässer,Donau,Nebengewässer,005271
,,5273,Schwarzenbach (Nebeng.) [Frauenweißenbach] [bei Ebensee] I,10 km² Gewässer,Donau,Nebengewässer,005273
,,5274,Schwarzenbach (Nebeng.) [Frauenweißenbach] [bei Ebensee] II,10 km² Gewässer,Donau,Nebengewässer,005274
,,5275,Schwarzenbach (Nebeng.) [Frauenweißenbach] [bei Ebensee] III,10 km² Gewässer,Donau,Nebengewässer,005275
,,5276,Schwarzenbach (Nebeng.) [Frauenweißenbach] [bei Ebensee] IV,10 km² Gewässer,Donau,Nebengewässer,005276
,,5277,Schwarzenbach (Nebeng.) [Frauenweißenbach] [bei Ebensee] V,10 km² Gewässer,Donau,Nebengewässer,005277
,,5278,Frauenweißenbach (Nebeng.),10 km² Gewässer,Donau,Nebengewässer,005278
,,5279,Offenseebach (Nebeng.) [bei Ebensee] I,10 km² Gewässer,Donau,Nebengewässer,005279
,,5280,Offenseebach (Nebeng.) [bei Ebensee] II,10 km² Gewässer,Donau,Nebengewässer,005280
,,5281,Offenseebach (Nebeng.) [bei Ebensee] III,10 km² Gewässer,Donau,Nebengewässer,005281
,,5282,Offenseebach (Nebeng.) [bei Ebensee] IV,10 km² Gewässer,Donau,Nebengewässer,005282
,,5283,Zeller Ache (Nebeng.) [bei Tiefgraben] I,10 km² Gewässer,Donau,Nebengewässer,005283
,,5284,Zeller Ache (Nebeng.) [bei Tiefgraben] II,10 km² Gewässer,Donau,Nebengewässer,005284
,,5285,Fuschlerache (Nebeng.) [bei Sankt Lorenz] I,10 km² Gewässer,Donau,Nebengewässer,005285
,,5286,Fuschlerache (Nebeng.) [bei Sankt Lorenz] II,10 km² Gewässer,Donau,Nebengewässer,005286
,,5287,Äußerer Weißenbach (Nebeng.),10 km² Gewässer,Donau,Nebengewässer,005287
,,5288,Große Ach (Nebeng.) [bei Weißenkirchen im Attergau],10 km² Gewässer,Donau,Nebengewässer,005288
,,5289,Große Ach (Nebeng.) [bei Frankenmarkt],10 km² Gewässer,Donau,Nebengewässer,005289
,,5290,Fornacher Redlbach (Nebeng.) [bei Fornach],10 km² Gewässer,Donau,Nebengewässer,005290
,,5291,Fornacher Redlbach (Nebeng.) [bei Vöcklamarkt] I,10 km² Gewässer,Donau,Nebengewässer,005291
,,5292,Fornacher Redlbach (Nebeng.) [bei Vöcklamarkt] II,10 km² Gewässer,Donau,Nebengewässer,005292
,,5293,Frankenburger Redlbach (Nebeng.),10 km² Gewässer,Donau,Nebengewässer,005293
,,5294,Ungenachbach (Nebeng.),10 km² Gewässer,Donau,Nebengewässer,005294
,,5295,Ampflwangbach (Nebeng.) [bei Puchkirchen],10 km² Gewässer,Donau,Nebengewässer,005295
,,5296,Ampflwangbach (Nebeng.) [bei Zell am Pettenfirst],10 km² Gewässer,Donau,Nebengewässer,005296
,,5297,Ampflwangbach (Nebeng.) [bei Timelkam],10 km² Gewässer,Donau,Nebengewässer,005297
,,5298,Ampflwangbach (Nebeng.) [bei Ungenach] I,10 km² Gewässer,Donau,Nebengewässer,005298
,,5299,Ampflwangbach (Nebeng.) [bei Ungenach] II,10 km² Gewässer,Donau,Nebengewässer,005299
,,5300,Dürre Ager (Nebeng.) [bei Vöcklamarkt],10 km² Gewässer,Donau,Nebengewässer,005300
,,5301,Dürre Ager (Nebeng.) [bei Berg im Attergau] I,10 km² Gewässer,Donau,Nebengewässer,005301
,,5302,Dürre Ager (Nebeng.) [bei Berg im Attergau] II,10 km² Gewässer,Donau,Nebengewässer,005302
,,5303,Dürre Ager (Nebeng.) [bei Berg im Attergau] III,10 km² Gewässer,Donau,Nebengewässer,005303
,,5304,Vöckla (Nebeng.) [bei Vöcklamarkt] I,10 km² Gewässer,Donau,Nebengewässer,005304
,,5305,Vöckla (Nebeng.) [bei Vöcklamarkt] VIII,10 km² Gewässer,Donau,Nebengewässer,005305
,,5306,Vöckla (Nebeng.) [bei Vöcklamarkt] IX,10 km² Gewässer,Donau,Nebengewässer,005306
,,5307,Vöckla (Nebeng.) [bei Vöcklamarkt] II,10 km² Gewässer,Donau,Nebengewässer,005307
,,5308,Vöckla (Nebeng.) [bei Weißenkirchen],10 km² Gewässer,Donau,Nebengewässer,005308
,,5309,Vöckla (Nebeng.) [bei Frankenmarkt],10 km² Gewässer,Donau,Nebengewässer,005309
,,5310,Vöckla (Nebeng.) [bei Vöcklamarkt] III,10 km² Gewässer,Donau,Nebengewässer,005310
,,5311,Vöckla (Nebeng.) [bei Vöcklamarkt] IV,10 km² Gewässer,Donau,Nebengewässer,005311
,,5312,Vöckla (Nebeng.) [bei Vöcklamarkt] V,10 km² Gewässer,Donau,Nebengewässer,005312
,,5313,Vöckla (Nebeng.) [bei Vöcklamarkt] VI,10 km² Gewässer,Donau,Nebengewässer,005313
,,5314,Vöckla (Nebeng.) [bei Vöcklamarkt] VII,10 km² Gewässer,Donau,Nebengewässer,005314
,,5315,Aurach (Nebeng.) [bei Pinsdorf] I,10 km² Gewässer,Donau,Nebengewässer,005315
,,5316,Aurach (Nebeng.) [bei Pinsdorf] II,10 km² Gewässer,Donau,Nebengewässer,005316
,,5317,Kollaichbach (Nebeng.),10 km² Gewässer,Donau,Nebengewässer,005317
,,5318,Englfingbach (Nebeng.) [bei Ottnang],10 km² Gewässer,Donau,Nebengewässer,005318
,,5319,Englfingbach (Nebeng.) [bei Manning],10 km² Gewässer,Donau,Nebengewässer,005319
,,5320,Schwanenbach (Nebeng.),10 km² Gewässer,Donau,Nebengewässer,005320
,,5321,Ager (Nebeng.) [bei Lenzing],10 km² Gewässer,Donau,Nebengewässer,005321
,,5322,Ager (Nebeng.) [bei Regau] III,10 km² Gewässer,Donau,Nebengewässer,005322
,,5323,Ager (Nebeng.) [bei Rüstorf] II,10 km² Gewässer,Donau,Nebengewässer,005323
,,5324,Ager (Nebeng.) [bei Puchheim],10 km² Gewässer,Donau,Nebengewässer,005324
,,5325,Ager (Nebeng.) [bei Rüstorf] III,10 km² Gewässer,Donau,Nebengewässer,005325
,,5326,Ager (Nebeng.) [bei Rüstorf] IV,10 km² Gewässer,Donau,Nebengewässer,005326
,,5327,Ager (Nebeng.) [bei Rüstorf] V,10 km² Gewässer,Donau,Nebengewässer,005327
,,5328,Ager (Nebeng.) [bei Rüstorf] VI,10 km² Gewässer,Donau,Nebengewässer,005328
,,5329,Ager (Nebeng.) [bei Rüstorf] VII,10 km² Gewässer,Donau,Nebengewässer,005329
,,5330,Ager (Nebeng.) [bei Regau] IV,10 km² Gewässer,Donau,Nebengewässer,005330
,,5331,Ager (Nebeng.) [bei Rüstorf] I,10 km² Gewässer,Donau,Nebengewässer,005331
,,5332,Ager (Nebeng.) [bei Timelkam] I,10 km² Gewässer,Donau,Nebengewässer,005332
,,5333,Ager (Nebeng.) [bei Desselbrunn],10 km² Gewässer,Donau,Nebengewässer,005333
,,5334,Ager (Nebeng.) [bei Regau] I,10 km² Gewässer,Donau,Nebengewässer,005334
,,5335,Ager (Nebeng.) [bei Vöcklabruck],10 km² Gewässer,Donau,Nebengewässer,005335
,,5336,Ager (Nebeng.) [bei Seewalchen],10 km² Gewässer,Donau,Nebengewässer,005336
,,5337,Kriechbach [Ager],10 km² Gewässer,Donau,Nebengewässer,005337
,,5338,Ager (Nebeng.) [bei Timelkam] II,10 km² Gewässer,Donau,Nebengewässer,005338
,,5339,Pisdorfer Bach (Nebeng.),10 km² Gewässer,Donau,Nebengewässer,005339
,,5340,Schwaiger Bach (Nebeng.) [bei Lambach] I,10 km² Gewässer,Donau,Nebengewässer,005340
,,5341,Schwaiger Bach (Nebeng.) [bei Lambach] II,10 km² Gewässer,Donau,Nebengewässer,005341
,,5342,Schwaiger Bach (Nebeng.) [bei Lambach] III,10 km² Gewässer,Donau,Nebengewässer,005342
,,5343,Auerbach (Nebeng.),10 km² Gewässer,Donau,Nebengewässer,005343
,,5344,Vorderer Rinnbach (Nebeng.),10 km² Gewässer,Donau,Nebengewässer,005344
,,5345,Trambach (Nebeng.),10 km² Gewässer,Donau,Nebengewässer,005345
,,5346,Steinbach (Nebeng.) [Alm],10 km² Gewässer,Donau,Nebengewässer,005346
,,5347,Äußere Laudach (Nebeng.) [bei Kirchham],10 km² Gewässer,Donau,Nebengewässer,005347
,,5348,Äußere Laudach (Nebeng.) [bei Vorchdorf],10 km² Gewässer,Donau,Nebengewässer,005348
,,5349,Wimbach (Nebeng.) [bei Roitham],10 km² Gewässer,Donau,Nebengewässer,005349
,,5351,Wimbach (Nebeng.) [bei Bad Wimsbach-Neydharting] II,10 km² Gewässer,Donau,Nebengewässer,005351
,,5352,Mühlbach (Überleitung aus der Alm) (Nebeng.),10 km² Gewässer,Donau,Nebengewässer,005352
,,5353,Alm (Nebeng.) [bei Pettenbach] I,10 km² Gewässer,Donau,Nebengewässer,005353
,,5354,Kolmkarbach (Nebeng.) (Aagbach) I,10 km² Gewässer,Donau,Nebengewässer,005354
,,5355,Alm (Nebeng.) [bei Vorchdorf] III,10 km² Gewässer,Donau,Nebengewässer,005355
,,5356,Alm (Nebeng.) [bei Pettenbach] IV,10 km² Gewässer,Donau,Nebengewässer,005356
,,5357,Alm (Nebeng.) [bei Scharnstein] III,10 km² Gewässer,Donau,Nebengewässer,005357
,,5358,Alm (Nebeng.) [bei Grünau] III,10 km² Gewässer,Donau,Nebengewässer,005358
,,5359,Alm (Nebeng.) [bei Vorchdorf] IV,10 km² Gewässer,Donau,Nebengewässer,005359
,,5360,Alm (Nebeng.) [bei Pettenbach] V,10 km² Gewässer,Donau,Nebengewässer,005360
,,5361,Alm (Nebeng.) [bei Scharnstein] IV,10 km² Gewässer,Donau,Nebengewässer,005361
,,5362,Alm (Nebeng.) [bei Scharnstein] V,10 km² Gewässer,Donau,Nebengewässer,005362
,,5363,Alm (Nebeng.) [bei Grünau] IV,10 km² Gewässer,Donau,Nebengewässer,005363
,,5364,Alm (Nebeng.) [bei Pettenbach] II,10 km² Gewässer,Donau,Nebengewässer,005364
,,5365,Kolmkarbach (Nebeng.) (Aagbach) II,10 km² Gewässer,Donau,Nebengewässer,005365
,,5366,Alm (Nebeng.) [bei Vorchdorf] V,10 km² Gewässer,Donau,Nebengewässer,005366
,,5367,Alm (Nebeng.) [bei Vorchdorf] VI,10 km² Gewässer,Donau,Nebengewässer,005367
,,5368,Alm (Nebeng.) [bei Scharnstein] VI,10 km² Gewässer,Donau,Nebengewässer,005368
,,5369,Alm (Nebeng.) [bei Vorchdorf] VII,10 km² Gewässer,Donau,Nebengewässer,005369
,,5370,Alm (Nebeng.) [bei Vorchdorf] VIII,10 km² Gewässer,Donau,Nebengewässer,005370
,,5371,Alm (Nebeng.) [bei Vorchdorf] IX,10 km² Gewässer,Donau,Nebengewässer,005371
,,5372,Alm (Nebeng.) [bei Vorchdorf] X,10 km² Gewässer,Donau,Nebengewässer,005372
,,5373,Alm (Nebeng.) [bei Vorchdorf] XI,10 km² Gewässer,Donau,Nebengewässer,005373
,,5374,Alm (Nebeng.) [bei Scharnstein] VII,10 km² Gewässer,Donau,Nebengewässer,005374
,2023-08-09,5375,Alm (Nebeng.) [bei Vorchdorf] I,10 km² Gewässer,Donau,Nebengewässer,005375
,,5376,Alm (Nebeng.) [bei Scharnstein] VIII,10 km² Gewässer,Donau,Nebengewässer,005376
,,5377,Alm (Nebeng.) [bei Scharnstein] IX,10 km² Gewässer,Donau,Nebengewässer,005377
,,5378,Alm (Nebeng.) [bei Scharnstein] X,10 km² Gewässer,Donau,Nebengewässer,005378
,,5379,Alm (Nebeng.) [bei Scharnstein] XI,10 km² Gewässer,Donau,Nebengewässer,005379
,,5380,Alm (Nebeng.) [bei Scharnstein] XII,10 km² Gewässer,Donau,Nebengewässer,005380
,,5381,Alm (Nebeng.) [bei Scharnstein] I,10 km² Gewässer,Donau,Nebengewässer,005381
,,5382,Alm (Nebeng.) [bei Grünau] I,10 km² Gewässer,Donau,Nebengewässer,005382
,,5383,Alm (Nebeng.) [bei Grünau] II,10 km² Gewässer,Donau,Nebengewässer,005383
,,5384,Alm (Nebeng.) [bei Vorchdorf] II,10 km² Gewässer,Donau,Nebengewässer,005384
,,5385,Alm (Nebeng.) [bei Pettenbach] III,10 km² Gewässer,Donau,Nebengewässer,005385
,,5386,Alm (Nebeng.) [bei Scharnstein] II,10 km² Gewässer,Donau,Nebengewässer,005386
,,5387,Zeilinger Bach (Nebeng.),10 km² Gewässer,Donau,Nebengewässer,005387
,,5388,Fischlhamer Bach (Nebeng.) [bei Fischlham] I,10 km² Gewässer,Donau,Nebengewässer,005388
,,5389,Fischlhamer Bach (Nebeng.) [bei Fischlham] II,10 km² Gewässer,Donau,Nebengewässer,005389
,,5390,Aiterbach (Nebeng.) [bei Thalheim] I,10 km² Gewässer,Donau,Nebengewässer,005390
,,5391,Aiterbach (Nebeng.) [bei Thalheim] II,10 km² Gewässer,Donau,Nebengewässer,005391
,,5392,Aiterbach (Nebeng.) [bei Thalheim] III,10 km² Gewässer,Donau,Nebengewässer,005392
,,5393,Aiterbach (Nebeng.) [bei Steinhaus] I,10 km² Gewässer,Donau,Nebengewässer,005393
,,5394,Aiterbach (Nebeng.) [bei Steinhaus] II,10 km² Gewässer,Donau,Nebengewässer,005394
,,5395,Aiterbach (Nebeng.) [bei Steinerkirchen],10 km² Gewässer,Donau,Nebengewässer,005395
,,5396,Aiterbach (Nebeng.) [bei Thalheim] IV,10 km² Gewässer,Donau,Nebengewässer,005396
,,5397,Aiterbach (Nebeng.) [bei Steinhaus] III,10 km² Gewässer,Donau,Nebengewässer,005397
,,5398,Aiterbach (Nebeng.) [bei Sattledt],10 km² Gewässer,Donau,Nebengewässer,005398
,,5399,Grünbach (Nebeng.) [Welser Mühlbach] [bei Wels],10 km² Gewässer,Donau,Nebengewässer,005399
,,5400,Welser Mühlbach (Nebeng.) [bei Traun] I,10 km² Gewässer,Donau,Nebengewässer,005400
,,5401,Welser Mühlbach (Nebeng.) [bei Marchtrenk] II,10 km² Gewässer,Donau,Nebengewässer,005401
,,5402,Welser Mühlbach (Nebeng.) [bei Wels] II,10 km² Gewässer,Donau,Nebengewässer,005402
,,5403,Welser Mühlbach (Nebeng.) [bei Wels] III,10 km² Gewässer,Donau,Nebengewässer,005403
,,5404,Welser Mühlbach (Nebeng.) [bei Wels] IV,10 km² Gewässer,Donau,Nebengewässer,005404
,,5405,Welser Mühlbach (Nebeng.) [bei Wels] V,10 km² Gewässer,Donau,Nebengewässer,005405
,,5406,Welser Mühlbach (Nebeng.) [bei Gunskirchen],10 km² Gewässer,Donau,Nebengewässer,005406
,,5407,Welser Mühlbach (Nebeng.) [bei Marchtrenk] III,10 km² Gewässer,Donau,Nebengewässer,005407
,,5408,Welser Mühlbach (Nebeng.) [bei Marchtrenk] IV,10 km² Gewässer,Donau,Nebengewässer,005408
,,5409,Welser Mühlbach (Nebeng.) [bei Linz] II,10 km² Gewässer,Donau,Nebengewässer,005409
,,5410,Welser Mühlbach (Nebeng.) [bei Traun] VI,10 km² Gewässer,Donau,Nebengewässer,005410
,,5411,Welser Mühlbach (Nebeng.) [bei Marchtrenk] I,10 km² Gewässer,Donau,Nebengewässer,005411
,,5412,Welser Mühlbach (Nebeng.) [bei Traun] VII,10 km² Gewässer,Donau,Nebengewässer,005412
,,5413,Welser Mühlbach (Nebeng.) [bei Wels] I,10 km² Gewässer,Donau,Nebengewässer,005413
,,5414,Welser Mühlbach (Nebeng.) [bei Traun] II,10 km² Gewässer,Donau,Nebengewässer,005414
,,5415,Welser Mühlbach (Nebeng.) [bei Traun] III,10 km² Gewässer,Donau,Nebengewässer,005415
,,5416,Welser Mühlbach (Nebeng.) [bei Traun] IV,10 km² Gewässer,Donau,Nebengewässer,005416
,,5417,Welser Mühlbach (Nebeng.) [bei Linz] I,10 km² Gewässer,Donau,Nebengewässer,005417
,,5418,Welser Mühlbach (Nebeng.) [bei Traun] V,10 km² Gewässer,Donau,Nebengewässer,005418
,,5419,Welser Mühlbach (Nebeng.) ] (Innerwasser),10 km² Gewässer,Donau,Nebengewässer,005419
,,5420,Weyerbach (Nebeng.) [bei Weißkirchen],10 km² Gewässer,Donau,Nebengewässer,005420
,,5421,Weyerbach (Nebeng.) [bei Sipbachzell],10 km² Gewässer,Donau,Nebengewässer,005421
,,5422,Sipbach (Nebeng.) [bei Ansfelden] II,10 km² Gewässer,Donau,Nebengewässer,005422
,,5423,Sipbach (Nebeng.) [bei Sipbachzell] I,10 km² Gewässer,Donau,Nebengewässer,005423
,,5424,Sipbach (Nebeng.) [bei Sipbachzell] II,10 km² Gewässer,Donau,Nebengewässer,005424
,,5426,Sipbach (Nebeng.) [bei Pucking] II,10 km² Gewässer,Donau,Nebengewässer,005426
,,5429,Sipbach (Nebeng.) [bei Pucking] III,10 km² Gewässer,Donau,Nebengewässer,005429
,,5430,Fernbach (Nebeng.),10 km² Gewässer,Donau,Nebengewässer,005430
,,5431,Reiflbach (Nebeng.),10 km² Gewässer,Donau,Nebengewässer,005431
,,5432,Piberbach (Nebeng.) [bei Rohr],10 km² Gewässer,Donau,Nebengewässer,005432
,,5433,Piberbach (Nebeng.) [bei Piberbach] I,10 km² Gewässer,Donau,Nebengewässer,005433
,,5434,Piberbach (Nebeng.) [bei Piberbach] II,10 km² Gewässer,Donau,Nebengewässer,005434
,,5435,Piberbach (Nebeng.) [bei Piberbach] III,10 km² Gewässer,Donau,Nebengewässer,005435
,,5436,Piberbach (Nebeng.) [bei Piberbach] IV,10 km² Gewässer,Donau,Nebengewässer,005436
,,5437,Piberbach (Nebeng.) [bei Piberbach] V,10 km² Gewässer,Donau,Nebengewässer,005437
,,5438,Piberbach (Nebeng.) [bei Piberbach] VI,10 km² Gewässer,Donau,Nebengewässer,005438
,,5439,Vallabach (Nebeng.),10 km² Gewässer,Donau,Nebengewässer,005439
,,5440,Krems [Traun] (Nebeng.) [bei Kremsmünster] I,10 km² Gewässer,Donau,Nebengewässer,005440
,,5441,Krems [Traun] (Nebeng.) [bei Kremsmünster] II,10 km² Gewässer,Donau,Nebengewässer,005441
,,5442,Krems [Traun] (Nebeng.) [bei Schlierbach] II,10 km² Gewässer,Donau,Nebengewässer,005442
,,5443,Krems [Traun] (Nebeng.) [bei Schlierbach] III,10 km² Gewässer,Donau,Nebengewässer,005443
,,5444,Krems [Traun] (Nebeng.) [bei Schlierbach] IV,10 km² Gewässer,Donau,Nebengewässer,005444
,,5445,Krems [Traun] (Nebeng.) [bei Schlierbach] V,10 km² Gewässer,Donau,Nebengewässer,005445
,,5446,Krems [Traun] (Nebeng.) [bei Inzersdorf] I,10 km² Gewässer,Donau,Nebengewässer,005446
,,5447,Krems [Traun] (Nebeng.) [bei Schlierbach] VI,10 km² Gewässer,Donau,Nebengewässer,005447
,,5448,Krems [Traun] (Nebeng.) [bei Inzersdorf] II,10 km² Gewässer,Donau,Nebengewässer,005448
,,5449,Krems [Traun] (Nebeng.) [bei Schlierbach] VII,10 km² Gewässer,Donau,Nebengewässer,005449
,,5450,Krems [Traun] (Nebeng.) [bei Schlierbach] VIII,10 km² Gewässer,Donau,Nebengewässer,005450
,,5451,Krems [Traun] (Nebeng.) [bei Neuhofen] I,10 km² Gewässer,Donau,Nebengewässer,005451
,,5452,Krems [Traun] (Nebeng.) [bei Schlierbach] IX,10 km² Gewässer,Donau,Nebengewässer,005452
,,5453,Krems [Traun] (Nebeng.) [bei Schlierbach] X,10 km² Gewässer,Donau,Nebengewässer,005453
,,5454,Krems [Traun] (Nebeng.) [bei Schlierbach] XI,10 km² Gewässer,Donau,Nebengewässer,005454
,,5455,Krems [Traun] (Nebeng.) [bei Ansfelden] IV,10 km² Gewässer,Donau,Nebengewässer,005455
,,5456,Krems [Traun] (Nebeng.) [bei Linz] I,10 km² Gewässer,Donau,Nebengewässer,005456
,,5457,Krems [Traun] (Nebeng.) [bei Linz] II,10 km² Gewässer,Donau,Nebengewässer,005457
,,5458,Krems [Traun] (Nebeng.) [bei Ansfelden] I,10 km² Gewässer,Donau,Nebengewässer,005458
,,5459,Krems [Traun] (Nebeng.) [bei Ansfelden] II,10 km² Gewässer,Donau,Nebengewässer,005459
,,5460,Krems [Traun] (Nebeng.) [bei Neuhofen] II,10 km² Gewässer,Donau,Nebengewässer,005460
,,5461,Krems [Traun] (Nebeng.) [bei Ansfelden] III,10 km² Gewässer,Donau,Nebengewässer,005461
,,5462,Krems [Traun] (Nebeng.) [bei Neuhofen] III,10 km² Gewässer,Donau,Nebengewässer,005462
,,5463,Krems [Traun] (Nebeng.) [bei Schlierbach] I,10 km² Gewässer,Donau,Nebengewässer,005463
,,5464,Krems [Traun] (Nebeng.) [bei Micheldorf],10 km² Gewässer,Donau,Nebengewässer,005464
,,5465,Wambach (Nebeng.),10 km² Gewässer,Donau,Nebengewässer,005465
,,5466,Alte Traun,10 km² Gewässer,Donau,Nebengewässer,005466
,,5467,Traun (Nebeng.) [bei Bad Goisern] I,10 km² Gewässer,Donau,Nebengewässer,005467
,,5468,Traun (Nebeng.) [bei Bad Goisern] II,10 km² Gewässer,Donau,Nebengewässer,005468
,,5469,Traun (Nebeng.) [bei Bad Goisern] III,10 km² Gewässer,Donau,Nebengewässer,005469
,,5470,Traun (Nebeng.) [bei Steinhaus],10 km² Gewässer,Donau,Nebengewässer,005470
,,5471,Traun (Nebeng.) [bei Linz] I,10 km² Gewässer,Donau,Nebengewässer,005471
,,5472,Traun (Nebeng.) [bei Linz] II,10 km² Gewässer,Donau,Nebengewässer,005472
,,5473,Traun (Nebeng.) [bei Linz] III,10 km² Gewässer,Donau,Nebengewässer,005473
,,5474,Traun (Nebeng.) [bei Linz] IV,10 km² Gewässer,Donau,Nebengewässer,005474
,,5476,Traun (Nebeng.) [bei Roitham],10 km² Gewässer,Donau,Nebengewässer,005476
,,5477,Traun (Nebeng.) [bei Gschwandt],10 km² Gewässer,Donau,Nebengewässer,005477
,2023-08-09,5478,Tagerbach (Nebeng.),10 km² Gewässer,Donau,Nebengewässer,005478
,,5480,Sankt Marienbach (Nebeng.) [bei Sankt Florian],10 km² Gewässer,Donau,Nebengewässer,005480
,,5481,Sankt Marienbach (Nebeng.) [bei Sankt Marien] I,10 km² Gewässer,Donau,Nebengewässer,005481
,,5482,Sankt Marienbach (Nebeng.) [bei Schiedlberg],10 km² Gewässer,Donau,Nebengewässer,005482
,,5483,Sankt Marienbach (Nebeng.) [bei Sankt Marien] II,10 km² Gewässer,Donau,Nebengewässer,005483
,,5484,Sankt Marienbach (Nebeng.) [bei Sankt Marien] III,10 km² Gewässer,Donau,Nebengewässer,005484
,,5485,Sankt Marienbach (Nebeng.) [bei Niederneukirchen],10 km² Gewässer,Donau,Nebengewässer,005485
,,5486,Sankt Marienbach (Nebeng.) [bei Sankt Marien] IV,10 km² Gewässer,Donau,Nebengewässer,005486
,,5487,Sankt Marienbach (Nebeng.) [bei Sankt Marien] V,10 km² Gewässer,Donau,Nebengewässer,005487
,,5488,Kristeiner Bach (Nebeng.) [bei Tillysburg],10 km² Gewässer,Donau,Nebengewässer,005488
,,5489,Kristeiner Bach (Nebeng.) [bei Enns] I,10 km² Gewässer,Donau,Nebengewässer,005489
,,5490,Kristeiner Bach (Nebeng.) [bei Enns] II,10 km² Gewässer,Donau,Nebengewässer,005490
,2023-08-09,5491,Simsenberger Bach (Nebeng.) [bei Grillenberg],10 km² Gewässer,Donau,Nebengewässer,005491
,,5492,Simsenberger Bach (Nebeng.) Ibei Kothmühle],10 km² Gewässer,Donau,Nebengewässer,005492
,,5493,Kristeiner Bach (Nebeng.) [bei Winkling],10 km² Gewässer,Donau,Nebengewässer,005493
,2023-08-09,5494,Hagleiten Bach (Nebeng.) [bei Hofkirchen],10 km² Gewässer,Donau,Nebengewässer,005494
,,5495,Hagleiten Bach (Nebeng.) [bei Wolfern],10 km² Gewässer,Donau,Nebengewässer,005495
,,5496,Ipfbach (Nebeng.) [bei Niederneukirchen] I,10 km² Gewässer,Donau,Nebengewässer,005496
,,5497,Ipfbach (Nebeng.) [bei Niederneukirchen] II,10 km² Gewässer,Donau,Nebengewässer,005497
,,5498,Ipfbach (Nebeng.) [bei Schiedlberg],10 km² Gewässer,Donau,Nebengewässer,005498
,,5499,Ipfbach (Nebeng.) [bei Sankt Florian],10 km² Gewässer,Donau,Nebengewässer,005499
,,5500,Ipfbach (Nebeng.) [bei Niederneukirchen] III,10 km² Gewässer,Donau,Nebengewässer,005500
,,5501,Kleine Gusen (Nebeng.),10 km² Gewässer,Donau,Nebengewässer,005501
,,5502,Große Gusen (Nebeng.) [bei Engerwitzdorf],10 km² Gewässer,Donau,Nebengewässer,005502
,2023-08-09,5503,Große Gusen (Nebeng.) [bei Gallneukirchen],10 km² Gewässer,Donau,Nebengewässer,005503
,,5504,Große Gusen (Nebeng.) [bei Alberndorf] I,10 km² Gewässer,Donau,Nebengewässer,005504
,,5505,Große Gusen (Nebeng.) [bei Haibach im Mühlkreis] I,10 km² Gewässer,Donau,Nebengewässer,005505
,,5506,Große Gusen (Nebeng.) [bei Haibach im Mühlkreis] II,10 km² Gewässer,Donau,Nebengewässer,005506
,,5507,Große Gusen (Nebeng.) [bei Alberndorf] II,10 km² Gewässer,Donau,Nebengewässer,005507
,,5508,Große Gusen (Nebeng.) [bei Alberndorf] III,10 km² Gewässer,Donau,Nebengewässer,005508
,,5509,Große Gusen (Nebeng.) [bei Alberndorf] IV,10 km² Gewässer,Donau,Nebengewässer,005509
,,5510,Große Gusen (Nebeng.) [bei Alberndorf] V,10 km² Gewässer,Donau,Nebengewässer,005510
,,5511,Große Gusen (Nebeng.) [bei Alberndorf] VI,10 km² Gewässer,Donau,Nebengewässer,005511
,,5518,Salza Seitenarm,10 km² Gewässer,Donau,Nebengewässer,005518
,,5519,Hinterer Rettenbach (Nebeng.),10 km² Gewässer,Donau,Nebengewässer,005519
,,5520,Teichl Nebengewässer,10 km² Gewässer,Donau,Nebengewässer,005520
,,5521,Paltenbach (Nebeng.),10 km² Gewässer,Donau,Nebengewässer,005521
,,5522,Hilgerbach (Nebeng.),10 km² Gewässer,Donau,Nebengewässer,005522
,,5523,Krumme Steyrling (Nebeng.) [bei Molln] I,10 km² Gewässer,Donau,Nebengewässer,005523
,,5524,Krumme Steyrling (Nebeng.) [bei Molln] II,10 km² Gewässer,Donau,Nebengewässer,005524
,,5525,Krumme Steyrling (Nebeng.) [bei Molln] III,10 km² Gewässer,Donau,Nebengewässer,005525
,,5526,Steyr (Nebeng.) [bei Molln] I,10 km² Gewässer,Donau,Nebengewässer,005526
,,5527,Steyr (Nebeng.) [bei Steyr] III,10 km² Gewässer,Donau,Nebengewässer,005527
,,5528,Steyr (Nebeng.) [bei Steyr] IV,10 km² Gewässer,Donau,Nebengewässer,005528
,,5529,Steyr (Nebeng.) [bei Steyr] V,10 km² Gewässer,Donau,Nebengewässer,005529
,,5530,Steyr (Nebeng.) [bei Steyr] VI,10 km² Gewässer,Donau,Nebengewässer,005530
,,5531,Steyr (Nebeng.) [bei Steyr] VII,10 km² Gewässer,Donau,Nebengewässer,005531
,,5532,Steyr (Nebeng.) [bei Steyr] VIII,10 km² Gewässer,Donau,Nebengewässer,005532
,,5533,Steyr (Nebeng.) [bei Sierning],10 km² Gewässer,Donau,Nebengewässer,005533
,,5534,Steyr (Nebeng.) [bei Hinterstoder],10 km² Gewässer,Donau,Nebengewässer,005534
,,5535,Steyr (Nebeng.) [bei Molln] II,10 km² Gewässer,Donau,Nebengewässer,005535
,,5536,Alte Steyr I,10 km² Gewässer,Donau,Nebengewässer,005536
,,5537,Steyr (Nebeng.) [bei Steyr] I,10 km² Gewässer,Donau,Nebengewässer,005537
,,5538,Alte Steyr II,10 km² Gewässer,Donau,Nebengewässer,005538
,,5539,Steyr (Nebeng.) [bei Grünburg],10 km² Gewässer,Donau,Nebengewässer,005539
,,5540,Steyr (Nebeng.) [bei Steyr] II,10 km² Gewässer,Donau,Nebengewässer,005540
,,5541,Ramingbach (Nebeng.),10 km² Gewässer,Donau,Nebengewässer,005541
,,5542,Feistritzbach (Nebeng.) [Feldaist],10 km² Gewässer,Donau,Nebengewässer,005542
,,5543,Flanitzbach (Nebeng.),10 km² Gewässer,Donau,Nebengewässer,005543
,,5544,Feldaist (Nebeng.) [bei Grünbach] I,10 km² Gewässer,Donau,Nebengewässer,005544
,,5545,Feldaist (Nebeng.) [bei Freistadt],10 km² Gewässer,Donau,Nebengewässer,005545
,,5546,Feldaist (Nebeng.) [bei Grünbach] II,10 km² Gewässer,Donau,Nebengewässer,005546
,,5547,Wald Aist (Nebeng.) [bei Weitersfelden] I,10 km² Gewässer,Donau,Nebengewässer,005547
,,5548,Wald Aist (Nebeng.) [bei Weitersfelden] II,10 km² Gewässer,Donau,Nebengewässer,005548
,,5549,Wald Aist (Nebeng.) [bei Sankt Leonhard],10 km² Gewässer,Donau,Nebengewässer,005549
,,5550,Wald Aist (Nebeng.) [bei Schönau],10 km² Gewässer,Donau,Nebengewässer,005550
,,5552,Wald Aist (Nebeng.) [bei Weitersfelden] III,10 km² Gewässer,Donau,Nebengewässer,005552
,,5553,Aist (Nebeng.) [bei Schwertberg] I,10 km² Gewässer,Donau,Nebengewässer,005553
,,5554,Aist (Nebeng.) [bei Schwertberg] II,10 km² Gewässer,Donau,Nebengewässer,005554
,,5555,Aist (Nebeng.) [bei Tragwein],10 km² Gewässer,Donau,Nebengewässer,005555
,,5569,Mitterwasser (Nebeng.),10 km² Gewässer,Donau,Nebengewässer,005569
,,5570,Nußbach (Nebeng.) [Große Naarn],10 km² Gewässer,Donau,Nebengewässer,005570
,,5571,Kleine Naarn (Nebeng.) [bei Pierbach] I,10 km² Gewässer,Donau,Nebengewässer,005571
,2023-08-09,5572,Kleine Naarn (Nebeng.) [bei Unterweißenbach] I,10 km² Gewässer,Donau,Nebengewässer,005572
,,5573,Kleine Naarn (Nebeng.) [bei Pierbach] II,10 km² Gewässer,Donau,Nebengewässer,005573
,,5574,Kleine Naarn (Nebeng.) [bei Unterweißenbach] II,10 km² Gewässer,Donau,Nebengewässer,005574
,,5575,Kleine Naarn (Nebeng.) [bei Unterweißenbach] III,10 km² Gewässer,Donau,Nebengewässer,005575
,,5576,Kleine Naarn (Nebeng.) [bei Pierbach] III,10 km² Gewässer,Donau,Nebengewässer,005576
,,5577,Kleine Naarn (Nebeng.) [bei Schönau],10 km² Gewässer,Donau,Nebengewässer,005577
,,5578,Tobrakanal (Nebeng.) [bei Perg],10 km² Gewässer,Donau,Nebengewässer,005578
,,5579,Tobrakanal (Nebeng.) [bei Baumgartenberg],10 km² Gewässer,Donau,Nebengewässer,005579
,,5580,Mettensdorfer Mühlbach (Nebeng.),10 km² Gewässer,Donau,Nebengewässer,005580
,,5581,Schwemmnaarn (Nebeng.),10 km² Gewässer,Donau,Nebengewässer,005581
,,5582,Schurgenmühlbach (Nebeng.),10 km² Gewässer,Donau,Nebengewässer,005582
,,5583,Große Naarn (Nebeng.),10 km² Gewässer,Donau,Nebengewässer,005583
,,5589,Mattig Nebengewässer,10 km² Gewässer,Donau,Nebengewässer,005589
,,5590,Vogelsammühlbach (Nebeng.) [bei Pabneukirchen],10 km² Gewässer,Donau,Nebengewässer,005590
,,5591,Vogelsammühlbach (Nebeng.) [bei Sankt Georgen am Walde],10 km² Gewässer,Donau,Nebengewässer,005591
,,5629,Donau (Nebeng.) [bei Alkoven] I,10 km² Gewässer,Donau,Nebengewässer,005629
,,5630,Dunaj (Nebeng.),10 km² Gewässer,Donau,Nebengewässer,005630
,,5631,Donau (Nebeng.) [bei Alkoven] II,10 km² Gewässer,Donau,Nebengewässer,005631
,,5632,Donau (Nebeng.) [bei Alkoven] III,10 km² Gewässer,Donau,Nebengewässer,005632
,,5636,Gewässerzug Mühlwasser bis Groß-Enzersdorfer Arm,10 km² Gewässer,Donau,Nebengewässer,005636
,2023-08-09,5637,Donau-Oder-Kanal,10 km² Gewässer,Donau,Nebengewässer,005637
,,5640,Mühlgraben [Donau],10 km² Gewässer,Donau,Nebengewässer,005640
,,5651,Umgehungsgerinne Kraftwerk Freudenau,10 km² Gewässer,Donau,Nebengewässer,005651
,,5893,Donaukanal,10 km² Gewässer,Donau,Nebengewässer,005893
,,6030,Aubachl [Mühlgang-Rechts],10 km² Gewässer,Donau,Nebengewässer,006030
,,6210,"Leithakanal (Nebeng.) [bei Bruckneudorf] I, Leithakanal (Nebeng.) [bei Bruckneudorf] II",10 km² Gewässer,Donau,Nebengewässer,006210
,,6218,Komitatskanal,10 km² Gewässer,Donau,Nebengewässer,006218
,,6219,Kleine Leitha,10 km² Gewässer,Donau,Nebengewässer,006219
,,6221,Kardos-er (Nebeng.),10 km² Gewässer,Donau,Nebengewässer,006221
,,6222,Weizbach-Seitenbach [bei Sankt Ruprecht] I,10 km² Gewässer,Donau,Nebengewässer,006222
,,6223,Weizbach-Seitenbach [bei Unterfladnitz] II,10 km² Gewässer,Donau,Nebengewässer,006223
,,6224,Rabnitzbach-Seitenarm,10 km² Gewässer,Donau,Nebengewässer,006224
,,6225,Voraubach-Seitenarm [bei Reinberg (Gem. Eichberg)] I,10 km² Gewässer,Donau,Nebengewässer,006225
,,6228,Riedlbach [Lobenbach],10 km² Gewässer,Donau,Nebengewässer,006228
,,6229,Werksbach [Pöllauer Saifen],10 km² Gewässer,Donau,Nebengewässer,006229
,,6230,Feistritz-Seitenarm [bei Kaibing],10 km² Gewässer,Donau,Nebengewässer,006230
,,6231,Feistritz-Seitenarm [bei Blaindorf],10 km² Gewässer,Donau,Nebengewässer,006231
,,6232,Feistritz-Seitenarm [bei Hirnsdorf],10 km² Gewässer,Donau,Nebengewässer,006232
,,6233,Feistritz-Seitenarm [bei Großwilfersdorf],10 km² Gewässer,Donau,Nebengewässer,006233
,,6234,Feistritz-Seitenarm [bei Koglhof],10 km² Gewässer,Donau,Nebengewässer,006234
,,6235,Feistritz-Seitenarm [bei Gersdorf],10 km² Gewässer,Donau,Nebengewässer,006235
,,6236,Mühlgang [Feistritz],10 km² Gewässer,Donau,Nebengewässer,006236
,,6237,Alte Rittschein,10 km² Gewässer,Donau,Nebengewässer,006237
,,6238,"Flutmulde Heiligenkreuz, Flutmulde Dotierung",10 km² Gewässer,Donau,Nebengewässer,006238
,,6239,Mühlbach [Lafnitz] I,10 km² Gewässer,Donau,Nebengewässer,006239
,,6240,Mühlbach [Lafnitz] II,10 km² Gewässer,Donau,Nebengewässer,006240
,,6241,Tauchenbach-Seitenarm [bei Pinggau] I,10 km² Gewässer,Donau,Nebengewässer,006241
,,6242,Tauchenbach-Seitenarm [bei Pinggau] II,10 km² Gewässer,Donau,Nebengewässer,006242
,,6243,Tauchenbach-Seitenarm [bei Pinggau] III,10 km² Gewässer,Donau,Nebengewässer,006243
,,6244,Schäffernbach-Seitenarm,10 km² Gewässer,Donau,Nebengewässer,006244
,,6248,Pinka Entlastungskanal,10 km² Gewässer,Donau,Nebengewässer,006248
,,6250,Nádaljai övárok,10 km² Gewässer,Donau,Nebengewässer,006250
,,6251,Günskanal,10 km² Gewässer,Donau,Nebengewässer,006251
,,6430,Mur-Seitenarm Oberaich,10 km² Gewässer,Donau,Nebengewässer,006430
,,6431,Triebwasserkanal Leykam I,10 km² Gewässer,Donau,Nebengewässer,006431
,,6433,Triebwasserkanal Leykam II,10 km² Gewässer,Donau,Nebengewässer,006433
,,6435,Mühlkanal [Mur],10 km² Gewässer,Donau,Nebengewässer,006435
,,6438,Rainergraben [Mur],10 km² Gewässer,Donau,Nebengewässer,006438
,,6439,Triebwasserkanal Mayr-Melnhof,10 km² Gewässer,Donau,Nebengewässer,006439
,,6440,Mur-Seitenarm Proleb,10 km² Gewässer,Donau,Nebengewässer,006440
,,6441,Etrachbach-Seitenarm,10 km² Gewässer,Donau,Nebengewässer,006441
,,6445,Lachtalbach-Seitenarm,10 km² Gewässer,Donau,Nebengewässer,006445
,,6449,Feistritzbach-Seitenarm [Granitzenbach],10 km² Gewässer,Donau,Nebengewässer,006449
,,6453,Mühlbach [Mürz],10 km² Gewässer,Donau,Nebengewässer,006453
,,6454,Mürz-Seitenarm Ganz,10 km² Gewässer,Donau,Nebengewässer,006454
,,6455,Vorfluter [Mürz],10 km² Gewässer,Donau,Nebengewässer,006455
,,6456,Schöllerbach [Mürz],10 km² Gewässer,Donau,Nebengewässer,006456
,,6457,Stanzbach Seitenarm,10 km² Gewässer,Donau,Nebengewässer,006457
,,6458,Mühlbach [Fochnitzbach],10 km² Gewässer,Donau,Nebengewässer,006458
,,6462,Teilbach,10 km² Gewässer,Donau,Nebengewässer,006462
,,6463,Zachenbach [Mur] (Nebeng.),10 km² Gewässer,Donau,Nebengewässer,006463
,,6465,Pulverbach [Mühlgang-Rechts-II],10 km² Gewässer,Donau,Nebengewässer,006465
,,6466,Mühlgang-Rechts (Nebeng.) [bei Kalsdorf],10 km² Gewässer,Donau,Nebengewässer,006466
,,6467,Mühlgang-Rechts (Nebeng.) [bei Graz],10 km² Gewässer,Donau,Nebengewässer,006467
,,6468,Himmelreichbach [Mühlgang-Rechts-II],10 km² Gewässer,Donau,Nebengewässer,006468
,,6472,Liebochbach-Seitenarm,10 km² Gewässer,Donau,Nebengewässer,006472
,,6473,Kainach-Seitenarm [bei Kainach] I,10 km² Gewässer,Donau,Nebengewässer,006473
,,6476,Hochwassergerinne-Poels [Kainach],10 km² Gewässer,Donau,Nebengewässer,006476
,,6477,Weissenegger Mühlkanal (Nebeng.),10 km² Gewässer,Donau,Nebengewässer,006477
,,6478,Fehlbach [Stiefing],10 km² Gewässer,Donau,Nebengewässer,006478
,,6479,Fallbach [Stiefing],10 km² Gewässer,Donau,Nebengewässer,006479
,,6480,Saggaubach-Seitenarm,10 km² Gewässer,Donau,Nebengewässer,006480
,,6481,Laßnitz (Nebeng.) (Ledererbach),10 km² Gewässer,Donau,Nebengewässer,006481
,,6482,Mühlgang [Laßnitz],10 km² Gewässer,Donau,Nebengewässer,006482
,,6483,Mühlbach [Wildbach],10 km² Gewässer,Donau,Nebengewässer,006483
,,6484,Mühlgang [Lemsitz Bach],10 km² Gewässer,Donau,Nebengewässer,006484
,,6486,Sulm-Seitenarm [bei Gleinstätten],10 km² Gewässer,Donau,Nebengewässer,006486
,,6487,Alter Schwarzaubach,10 km² Gewässer,Donau,Nebengewässer,006487
,,6488,Mühlgang [Schwarzaubach],10 km² Gewässer,Donau,Nebengewässer,006488
,,6489,Mühlgang [Strasser Mühlgang],10 km² Gewässer,Donau,Nebengewässer,006489
,,6490,Wiesengraben [Saßbach],10 km² Gewässer,Donau,Nebengewässer,006490
,,6491,Mühlgang [Saßbach],10 km² Gewässer,Donau,Nebengewässer,006491
,,6492,Gnasbach-Altlauf,10 km² Gewässer,Donau,Nebengewässer,006492
,,6493,Sulzbach-Entlastungsgerinne [Mur],10 km² Gewässer,Donau,Nebengewässer,006493
,,6494,Drauchenbach-Seitenarm,10 km² Gewässer,Donau,Nebengewässer,006494
,,6520,Pestrice (Nebeng.),10 km² Gewässer,Elbe,Nebengewässer,006520
,,6524,Gnasbach-Ausleitung,10 km² Gewässer,Donau,Nebengewässer,006524
,,6525,Weizbach-Ausleitung,10 km² Gewässer,Donau,Nebengewässer,006525
,,6526,"Altarm A5 (BEWAG), KG St. Martin an der Raab",10 km² Gewässer,Donau,Nebengewässer,006526
,,6527,"Altarm A4, KG Neumarkt an der Raab",10 km² Gewässer,Donau,Nebengewässer,006527
,,6528,"Altarm A3 (VOSSEN), KG Jennersdorf",10 km² Gewässer,Donau,Nebengewässer,006528
,,6529,"Altarm A1 (Mühlbach), KG Neumarkt an der Raab",10 km² Gewässer,Donau,Nebengewässer,006529
,,6530,Alte Rittschein Dotierung [Lafnitz] I,10 km² Gewässer,Donau,Nebengewässer,006530
,,6531,Alte Rittschein Dotierung [Lafnitz] II,10 km² Gewässer,Donau,Nebengewässer,006531
,,6532,Alte Rittschein Dotierung [Lafnitz] III,10 km² Gewässer,Donau,Nebengewässer,006532
,,6533,Altarm Deutsch-Minihof [Lafnitz],10 km² Gewässer,Donau,Nebengewässer,006533
,,6534,Altarm Königsdorf [Lafnitz],10 km² Gewässer,Donau,Nebengewässer,006534
,,6535,Rustenbachsystem Dotierung,10 km² Gewässer,Donau,Nebengewässer,006535
,,6536,Granitzbach [Grasslbach],10 km² Gewässer,Elbe,Hauptgewässer,006536
,,6537,Wullewitzer Bach,10 km² Gewässer,Elbe,Hauptgewässer,006537
,,6538,Stropnitz (Losgraben),100 km² Gewässer,Elbe,Hauptgewässer,006538
,,6539,Veversky potok,10 km² Gewässer,Elbe,Hauptgewässer,006539
,,6540,Stankovsky rybnik,10 km² Gewässer,Elbe,Nebengewässer,006540
,,6541,Mlynsky potok,100 km² Gewässer,Donau,Hauptgewässer,006541
,,6542,Pinka-Werkskanal [bei Vaskeresztes (Großdorf)],10 km² Gewässer,Donau,Nebengewässer,006542
,,6543,Pinka-Werkskanal [bei Deutsch-Schützen],10 km² Gewässer,Donau,Nebengewässer,006543
,,6547,Mühlgang Wollingermühle Dotierung,10 km² Gewässer,Donau,Nebengewässer,006547
,,6548,Strem-Altarm Heiligenbrunn,10 km² Gewässer,Donau,Nebengewässer,006548
,,6549,Pinka-Werkskanal [bei Pinkafeld],10 km² Gewässer,Donau,Nebengewässer,006549
,,6551,Edelbach,10 km² Gewässer,Donau,Hauptgewässer,006551
,,6585,Hermannskarbach,< 10 km² Gewässer,Donau,Hauptgewässer,006585
,,6586,Hahntennbach,< 10 km² Gewässer,Donau,Hauptgewässer,006586
,,6587,Hahntennbach,< 10 km² Gewässer,Donau,Hauptgewässer,006587
,,6588,Reifelsbach,< 10 km² Gewässer,Donau,Hauptgewässer,006588
,,6589,Steinkarbach,< 10 km² Gewässer,Donau,Hauptgewässer,006589
,,6590,Loreggbach,< 10 km² Gewässer,Donau,Hauptgewässer,006590
,,6591,Mitterkarbach,< 10 km² Gewässer,Donau,Hauptgewässer,006591
,,6592,Schwellenbach,< 10 km² Gewässer,Donau,Hauptgewässer,006592
,,6593,"Mühlbach (bei Hornberg, Reutte)",< 10 km² Gewässer,Donau,Hauptgewässer,006593
,,6594,Lainmure,< 10 km² Gewässer,Donau,Hauptgewässer,006594
,,6595,Alpelesbach,< 10 km² Gewässer,Donau,Hauptgewässer,006595
,,6596,Stockachbach,< 10 km² Gewässer,Donau,Hauptgewässer,006596
,,6597,Weittalbach,< 10 km² Gewässer,Donau,Hauptgewässer,006597
,,6598,Mühlbach,< 10 km² Gewässer,Donau,Hauptgewässer,006598
,,6599,Raabach,< 10 km² Gewässer,Donau,Hauptgewässer,006599
,,6600,Seebach,< 10 km² Gewässer,Donau,Hauptgewässer,006600
,,6601,Plumsbach,< 10 km² Gewässer,Donau,Hauptgewässer,006601
,,6602,Karwendelgraben,< 10 km² Gewässer,Donau,Hauptgewässer,006602
,,6603,Rohntalbach,< 10 km² Gewässer,Donau,Hauptgewässer,006603
,,6604,Vorderschleimsbach,< 10 km² Gewässer,Donau,Hauptgewässer,006604
,,6605,Filzmoosbach,< 10 km² Gewässer,Donau,Hauptgewässer,006605
,,6606,Mahrmoosbach,< 10 km² Gewässer,Donau,Hauptgewässer,006606
,,6607,Tschigenbach,< 10 km² Gewässer,Donau,Hauptgewässer,006607
,,6608,Malfragbach,< 10 km² Gewässer,Donau,Hauptgewässer,006608
,,6609,Verjunsbach,< 10 km² Gewässer,Donau,Hauptgewässer,006609
,,6610,Saderer Bach,< 10 km² Gewässer,Donau,Hauptgewässer,006610
,,6611,Gscheierbach,< 10 km² Gewässer,Donau,Hauptgewässer,006611
,,6612,Lafairsbach,< 10 km² Gewässer,Donau,Hauptgewässer,006612
,,6613,Lausbach,< 10 km² Gewässer,Donau,Hauptgewässer,006613
,,6614,Hintergreitbach,< 10 km² Gewässer,Donau,Hauptgewässer,006614
,,6615,Fendlermure,< 10 km² Gewässer,Donau,Hauptgewässer,006615
,,6616,Watzebach,< 10 km² Gewässer,Donau,Hauptgewässer,006616
,,6617,Gallruttbach,< 10 km² Gewässer,Donau,Hauptgewässer,006617
,,6618,Schloßbach,< 10 km² Gewässer,Donau,Hauptgewässer,006618
,,6619,Albonabach,< 10 km² Gewässer,Donau,Hauptgewässer,006619
,,6620,Faselfadbach,< 10 km² Gewässer,Donau,Hauptgewässer,006620
,,6621,Griesbach,< 10 km² Gewässer,Donau,Hauptgewässer,006621
,,6622,Vergatschgraben,< 10 km² Gewässer,Donau,Hauptgewässer,006622
,,6623,Äußerer Klausbach,< 10 km² Gewässer,Donau,Hauptgewässer,006623
,,6624,Idbach,< 10 km² Gewässer,Donau,Hauptgewässer,006624
,,6625,Vesulbach,< 10 km² Gewässer,Donau,Hauptgewässer,006625
,,6626,Diasbach,< 10 km² Gewässer,Donau,Hauptgewässer,006626
,,6627,Rauchbach,< 10 km² Gewässer,Donau,Hauptgewässer,006627
,,6628,Blankabach,< 10 km² Gewässer,Donau,Hauptgewässer,006628
,,6629,Gigglbach,< 10 km² Gewässer,Donau,Hauptgewässer,006629
,,6630,Hintergiggler Bach,< 10 km² Gewässer,Donau,Hauptgewässer,006630
,,6631,Flatbach,< 10 km² Gewässer,Donau,Hauptgewässer,006631
,,6632,Grinner Mühlbach,< 10 km² Gewässer,Donau,Hauptgewässer,006632
,,6633,Gasillbach,< 10 km² Gewässer,Donau,Hauptgewässer,006633
,,6634,Medriolbach,< 10 km² Gewässer,Donau,Hauptgewässer,006634
,,6635,Zammer Dorfbach,< 10 km² Gewässer,Donau,Hauptgewässer,006635
,,6636,Kronburgerbach,< 10 km² Gewässer,Donau,Hauptgewässer,006636
,,6637,Steinseebach,< 10 km² Gewässer,Donau,Hauptgewässer,006637
,,6639,Markbach,< 10 km² Gewässer,Donau,Hauptgewässer,006639
,,6640,Markbach,< 10 km² Gewässer,Donau,Hauptgewässer,006640
,,6641,Brieglbach,< 10 km² Gewässer,Donau,Hauptgewässer,006641
,,6642,Schinderbach,< 10 km² Gewässer,Donau,Hauptgewässer,006642
,,6643,Lussbach,< 10 km² Gewässer,Donau,Hauptgewässer,006643
,,6644,Leibach,< 10 km² Gewässer,Donau,Hauptgewässer,006644
,,6645,Stoibenbach,< 10 km² Gewässer,Donau,Hauptgewässer,006645
,,6646,Jerzener Mühlbach,< 10 km² Gewässer,Donau,Hauptgewässer,006646
,,6647,Kielebergbach,< 10 km² Gewässer,Donau,Hauptgewässer,006647
,,6648,Waldelebach,< 10 km² Gewässer,Donau,Hauptgewässer,006648
,,6649,Verwallbach,< 10 km² Gewässer,Donau,Hauptgewässer,006649
,,6650,Wütenbach,< 10 km² Gewässer,Donau,Hauptgewässer,006650
,,6651,Pirchlbach,< 10 km² Gewässer,Donau,Hauptgewässer,006651
,,6652,Sulzkarbach,< 10 km² Gewässer,Donau,Hauptgewässer,006652
,,6653,Lehnbach,< 10 km² Gewässer,Donau,Hauptgewässer,006653
,,6654,Larstigbach,< 10 km² Gewässer,Donau,Hauptgewässer,006654
,,6655,Grastalbach,< 10 km² Gewässer,Donau,Hauptgewässer,006655
,,6656,Farstrinne,< 10 km² Gewässer,Donau,Hauptgewässer,006656
,,6657,Acherbach,< 10 km² Gewässer,Donau,Hauptgewässer,006657
,,6658,Habicher Seebach,< 10 km² Gewässer,Donau,Hauptgewässer,006658
,,6659,Finstertalbach,< 10 km² Gewässer,Donau,Hauptgewässer,006659
,,6660,Mittertalbach,< 10 km² Gewässer,Donau,Hauptgewässer,006660
,,6661,Stöttlbach,< 10 km² Gewässer,Donau,Hauptgewässer,006661
,,6662,Klausbach,< 10 km² Gewässer,Donau,Hauptgewässer,006662
,,6663,Alplbach,< 10 km² Gewässer,Donau,Hauptgewässer,006663
,,6664,Taxer-See-Bach,< 10 km² Gewässer,Donau,Hauptgewässer,006664
,,6665,Oberbach,< 10 km² Gewässer,Donau,Hauptgewässer,006665
,,6666,Tieftalbach,< 10 km² Gewässer,Donau,Hauptgewässer,006666
,,6667,Tiefentalbach,< 10 km² Gewässer,Donau,Hauptgewässer,006667
,,6668,Griesbach,< 10 km² Gewässer,Donau,Hauptgewässer,006668
,,6669,Griesbach,< 10 km² Gewässer,Donau,Hauptgewässer,006669
,,6670,Giessenbach (Völserbach),< 10 km² Gewässer,Donau,Hauptgewässer,006670
,,6671,Grubenbach,< 10 km² Gewässer,Donau,Hauptgewässer,006671
,,6672,Höttinger Bach,< 10 km² Gewässer,Donau,Hauptgewässer,006672
,,6673,Frader Bach,< 10 km² Gewässer,Donau,Hauptgewässer,006673
,,6674,Griebenbach,< 10 km² Gewässer,Donau,Hauptgewässer,006674
,,6675,Kluppenbach,< 10 km² Gewässer,Donau,Hauptgewässer,006675
,,6676,Martairbach,< 10 km² Gewässer,Donau,Hauptgewässer,006676
,,6677,Nennesbach,< 10 km² Gewässer,Donau,Hauptgewässer,006677
,,6678,Trunabach,< 10 km² Gewässer,Donau,Hauptgewässer,006678
,,6679,Pfoner Bach,< 10 km² Gewässer,Donau,Hauptgewässer,006679
,,6680,Seibach,< 10 km² Gewässer,Donau,Hauptgewässer,006680
,2023-08-09,6681,Halslbach,< 10 km² Gewässer,Donau,Hauptgewässer,006681
,,6682,Klaushofbach,< 10 km² Gewässer,Donau,Hauptgewässer,006682
,,6683,Zirggenbach,< 10 km² Gewässer,Donau,Hauptgewässer,006683
,,6684,Sagbach,< 10 km² Gewässer,Donau,Hauptgewässer,006684
,,6685,Mühlbach,< 10 km² Gewässer,Donau,Hauptgewässer,006685
,,6686,Grafennsbach,< 10 km² Gewässer,Donau,Hauptgewässer,006686
,,6687,Sagbach,< 10 km² Gewässer,Donau,Hauptgewässer,006687
,,6688,Karbach,< 10 km² Gewässer,Donau,Hauptgewässer,006688
,,6689,Lahnbach,< 10 km² Gewässer,Donau,Hauptgewässer,006689
,,6690,Tatzlbach,< 10 km² Gewässer,Donau,Hauptgewässer,006690
,,6691,Fuchsgraben,< 10 km² Gewässer,Donau,Hauptgewässer,006691
,,6692,Gamsgartenbach,< 10 km² Gewässer,Donau,Hauptgewässer,006692
,,6694,Bucherbach,< 10 km² Gewässer,Donau,Hauptgewässer,006694
,,6695,Mehrseitenbach,< 10 km² Gewässer,Donau,Hauptgewässer,006695
,,6696,Niederleitenbach,< 10 km² Gewässer,Donau,Hauptgewässer,006696
,,6697,Weißenbach,< 10 km² Gewässer,Donau,Hauptgewässer,006697
,,6698,Hohenankarbach,< 10 km² Gewässer,Donau,Hauptgewässer,006698
,,6699,Lapenkarbach,< 10 km² Gewässer,Donau,Hauptgewässer,006699
,,6700,Weitentalbach,< 10 km² Gewässer,Donau,Hauptgewässer,006700
,,6701,Nasse-Tux-Bach,< 10 km² Gewässer,Donau,Hauptgewässer,006701
,,6702,Schwarzachbach,< 10 km² Gewässer,Donau,Hauptgewässer,006702
,,6703,Neederbach,< 10 km² Gewässer,Donau,Hauptgewässer,006703
,,6704,Neederbach,< 10 km² Gewässer,Donau,Hauptgewässer,006704
,,6705,Rieder Bach,< 10 km² Gewässer,Donau,Hauptgewässer,006705
,,6706,Schönbach,< 10 km² Gewässer,Donau,Hauptgewässer,006706
,,6707,Triplonbach,< 10 km² Gewässer,Donau,Hauptgewässer,006707
,,6708,Südlicher Durachbach,< 10 km² Gewässer,Donau,Hauptgewässer,006708
,,6709,Nördlicher Durachbach,< 10 km² Gewässer,Donau,Hauptgewässer,006709
,,6710,Lamargbach,< 10 km² Gewässer,Donau,Hauptgewässer,006710
,,6711,Harter Bach,< 10 km² Gewässer,Donau,Hauptgewässer,006711
,,6712,Hansletbach,< 10 km² Gewässer,Donau,Hauptgewässer,006712
,,6714,Farmkehrbach,< 10 km² Gewässer,Donau,Hauptgewässer,006714
,,6715,Kargraben,< 10 km² Gewässer,Donau,Hauptgewässer,006715
,,6716,Fellentaler Bach,< 10 km² Gewässer,Donau,Hauptgewässer,006716
,,6717,Bacher Bach,< 10 km² Gewässer,Donau,Hauptgewässer,006717
,,6718,Wildenbach,< 10 km² Gewässer,Donau,Hauptgewässer,006718
,,6719,Stockerbach,< 10 km² Gewässer,Donau,Hauptgewässer,006719
,,6720,Traubach,< 10 km² Gewässer,Donau,Hauptgewässer,006720
,,6721,Kurzgraben,< 10 km² Gewässer,Donau,Hauptgewässer,006721
,,6722,Astengraben,< 10 km² Gewässer,Donau,Hauptgewässer,006722
,,6723,Pechlgraben,< 10 km² Gewässer,Donau,Hauptgewässer,006723
,,6724,Schwoicher Bach,< 10 km² Gewässer,Donau,Hauptgewässer,006724
,,6725,Himberger Bach,< 10 km² Gewässer,Donau,Hauptgewässer,006725
,,6726,Mitterndorfer Bach,< 10 km² Gewässer,Donau,Hauptgewässer,006726
,,6727,Kreuzbach,< 10 km² Gewässer,Donau,Hauptgewässer,006727
,,6728,Kienbach,< 10 km² Gewässer,Donau,Hauptgewässer,006728
,,6729,Morsbach,< 10 km² Gewässer,Donau,Hauptgewässer,006729
,,6730,Staudinger Bach,< 10 km² Gewässer,Donau,Hauptgewässer,006730
,,6731,Heubach,< 10 km² Gewässer,Donau,Hauptgewässer,006731
,,6732,Rumersbach,< 10 km² Gewässer,Donau,Hauptgewässer,006732
,,6733,Achentalbach,< 10 km² Gewässer,Donau,Hauptgewässer,006733
,,6734,Oberndorfer Bach,< 10 km² Gewässer,Donau,Hauptgewässer,006734
,,6735,Schwarzseebach,< 10 km² Gewässer,Donau,Hauptgewässer,006735
,,6736,Klempfererbach,< 10 km² Gewässer,Donau,Hauptgewässer,006736
,,6737,Lengfilzenbach,< 10 km² Gewässer,Donau,Hauptgewässer,006737
,,6738,Lechnerbach,< 10 km² Gewässer,Donau,Hauptgewässer,006738
,,6739,Maurerbach,< 10 km² Gewässer,Donau,Hauptgewässer,006739
,,6740,Steinerbachl,< 10 km² Gewässer,Donau,Hauptgewässer,006740
,,6741,Kapellbach,< 10 km² Gewässer,Donau,Hauptgewässer,006741
,,6742,Hoechbach,< 10 km² Gewässer,Donau,Hauptgewässer,006742
,,6743,Loitbach,< 10 km² Gewässer,Donau,Hauptgewässer,006743
,,6744,Notdorfergraben,< 10 km² Gewässer,Donau,Hauptgewässer,006744
,,6745,Lahnbach,< 10 km² Gewässer,Donau,Hauptgewässer,006745
,,6746,Duernbach,< 10 km² Gewässer,Donau,Hauptgewässer,006746
,,6747,Wiesbach,< 10 km² Gewässer,Donau,Hauptgewässer,006747
,,6748,Weichseldorferbach,< 10 km² Gewässer,Donau,Hauptgewässer,006748
,,6749,Jochbergbach,< 10 km² Gewässer,Donau,Hauptgewässer,006749
,,6750,Bürgerbach,< 10 km² Gewässer,Donau,Hauptgewässer,006750
,,6751,Thalbach,< 10 km² Gewässer,Donau,Hauptgewässer,006751
,,6752,Stuhlfeldnerbach,< 10 km² Gewässer,Donau,Hauptgewässer,006752
,,6753,Manlitz,< 10 km² Gewässer,Donau,Hauptgewässer,006753
,,6754,Uttendorfer Bach,< 10 km² Gewässer,Donau,Hauptgewässer,006754
,,6755,Tobersbach,< 10 km² Gewässer,Donau,Hauptgewässer,006755
,,6756,Aisdorferbach,< 10 km² Gewässer,Donau,Hauptgewässer,006756
,,6757,Hauptmannsdorferkanal,< 10 km² Gewässer,Donau,Hauptgewässer,006757
,,6758,Polzergraben,< 10 km² Gewässer,Donau,Hauptgewässer,006758
,,6759,Hummersdorferbach,< 10 km² Gewässer,Donau,Hauptgewässer,006759
,,6760,Ledererbach,< 10 km² Gewässer,Donau,Hauptgewässer,006760
,,6761,Hummersdorfer Bach,< 10 km² Gewässer,Donau,Hauptgewässer,006761
,,6762,Mühlkanal-Neukirchen,< 10 km² Gewässer,Donau,Nebengewässer,006762
,,6763,Piesendorferbach,< 10 km² Gewässer,Donau,Hauptgewässer,006763
,,6764,Imbach,< 10 km² Gewässer,Donau,Hauptgewässer,006764
,,6765,Fuerthbach,< 10 km² Gewässer,Donau,Hauptgewässer,006765
,,6766,Aufhausenbach,< 10 km² Gewässer,Donau,Hauptgewässer,006766
,,6767,Reitersbach,< 10 km² Gewässer,Donau,Hauptgewässer,006767
,,6768,Höllbach,< 10 km² Gewässer,Donau,Hauptgewässer,006768
,,6769,Hundsbach,< 10 km² Gewässer,Donau,Hauptgewässer,006769
,,6770,Teufenbach-Bucheben,< 10 km² Gewässer,Donau,Hauptgewässer,006770
,,6771,Vorsterbach,< 10 km² Gewässer,Donau,Hauptgewässer,006771
,,6772,Hundsdorferbach,< 10 km² Gewässer,Donau,Hauptgewässer,006772
,,6773,Teufenbach,< 10 km² Gewässer,Donau,Hauptgewässer,006773
,,6774,Remsachbach,< 10 km² Gewässer,Donau,Hauptgewässer,006774
,,6775,Lafenbach,< 10 km² Gewässer,Donau,Hauptgewässer,006775
,,6776,Hundsdorfer Graben,< 10 km² Gewässer,Donau,Hauptgewässer,006776
,,6777,Heissing Kanal,< 10 km² Gewässer,Donau,Hauptgewässer,006777
,,6778,Putzengraben,< 10 km² Gewässer,Donau,Hauptgewässer,006778
,,6779,Schiedbach,< 10 km² Gewässer,Donau,Hauptgewässer,006779
,,6780,Rainbach,< 10 km² Gewässer,Donau,Hauptgewässer,006780
,,6781,Palfnerbach,< 10 km² Gewässer,Donau,Hauptgewässer,006781
,,6782,Trockenbach Zubringer B,< 10 km² Gewässer,Donau,Hauptgewässer,006782
,,6783,Schrambach,< 10 km² Gewässer,Donau,Hauptgewässer,006783
,,6784,Gsengbach,< 10 km² Gewässer,Donau,Hauptgewässer,006784
,,6785,Zaglaugraben,< 10 km² Gewässer,Donau,Hauptgewässer,006785
,,6786,Karbach,< 10 km² Gewässer,Donau,Hauptgewässer,006786
,,6787,Daittersbach,< 10 km² Gewässer,Donau,Hauptgewässer,006787
,,6788,Rinnbach,< 10 km² Gewässer,Donau,Hauptgewässer,006788
,,6789,Elendbach,< 10 km² Gewässer,Donau,Hauptgewässer,006789
,,6790,Fischbach-Abtenau,< 10 km² Gewässer,Donau,Hauptgewässer,006790
,,6791,Glaserbach,< 10 km² Gewässer,Donau,Hauptgewässer,006791
,,6792,Mitterbach,< 10 km² Gewässer,Donau,Hauptgewässer,006792
,,6793,Schwarzbach-Kuchl,< 10 km² Gewässer,Donau,Hauptgewässer,006793
,,6794,Kertererbach,< 10 km² Gewässer,Donau,Hauptgewässer,006794
,,6795,Kothbach,< 10 km² Gewässer,Donau,Hauptgewässer,006795
,,6797,Kehlbach Elsbethen,< 10 km² Gewässer,Donau,Hauptgewässer,006797
,,6798,Aubach-Stadt Salzburg,< 10 km² Gewässer,Donau,Nebengewässer,006798
,,6799,Gersbach,< 10 km² Gewässer,Donau,Hauptgewässer,006799
,,6800,Glanfeldbach,< 10 km² Gewässer,Donau,Hauptgewässer,006800
,,6801,Statzenbach,< 10 km² Gewässer,Donau,Hauptgewässer,006801
,,6802,Kirchbergbach,< 10 km² Gewässer,Donau,Hauptgewässer,006802
,,6803,Markterbach-Seekirchen,< 10 km² Gewässer,Donau,Hauptgewässer,006803
,,6804,Waldprechtinger Muehlbach,< 10 km² Gewässer,Donau,Hauptgewässer,006804
,,6805,Hippingerbach,< 10 km² Gewässer,Donau,Hauptgewässer,006805
,,6806,Hagergraben,< 10 km² Gewässer,Donau,Hauptgewässer,006806
,,6807,Prossingerbach,< 10 km² Gewässer,Donau,Hauptgewässer,006807
,,6808,Ehrenbach,< 10 km² Gewässer,Donau,Hauptgewässer,006808
,,6809,Plainbach,< 10 km² Gewässer,Donau,Hauptgewässer,006809
,,6810,Spielbergbach,< 10 km² Gewässer,Donau,Hauptgewässer,006810
,,6811,Exenbach,< 10 km² Gewässer,Donau,Hauptgewässer,006811
,,6812,Gerlingerbach,< 10 km² Gewässer,Donau,Hauptgewässer,006812
,,6813,Huehnerbach,< 10 km² Gewässer,Donau,Hauptgewässer,006813
,,6814,Harhamer Bach,< 10 km² Gewässer,Donau,Hauptgewässer,006814
,,6815,Kehlbach,< 10 km² Gewässer,Donau,Hauptgewässer,006815
,,6816,Pirnbach,< 10 km² Gewässer,Donau,Hauptgewässer,006816
,,6817,Reiter Bach,< 10 km² Gewässer,Donau,Hauptgewässer,006817
,,6818,Griessbach,< 10 km² Gewässer,Donau,Hauptgewässer,006818
,,6819,Jufersbach,< 10 km² Gewässer,Donau,Hauptgewässer,006819
,,6820,Lärchbach,< 10 km² Gewässer,Donau,Hauptgewässer,006820
,,6821,Öfenbach,< 10 km² Gewässer,Donau,Hauptgewässer,006821
,,6822,Erltalgraben,< 10 km² Gewässer,Donau,Hauptgewässer,006822
,,6823,Katzelbach,< 10 km² Gewässer,Donau,Hauptgewässer,006823
,,6824,Kohlgraben,< 10 km² Gewässer,Donau,Hauptgewässer,006824
,,6825,Donnersbach,< 10 km² Gewässer,Donau,Hauptgewässer,006825
,,6827,Olchingerbach,< 10 km² Gewässer,Donau,Hauptgewässer,006827
,,6828,Schloesslbach-Nussdorf,< 10 km² Gewässer,Donau,Hauptgewässer,006828
,,6829,Gasteinergraben,< 10 km² Gewässer,Donau,Hauptgewässer,006829
,,6830,Weitwoerthbach,< 10 km² Gewässer,Donau,Hauptgewässer,006830
,,6831,Oberdorferbach,< 10 km² Gewässer,Donau,Hauptgewässer,006831
,,6832,Lehen- oder Frauenbach,< 10 km² Gewässer,Donau,Hauptgewässer,006832
,,6833,Antheringer Bach,< 10 km² Gewässer,Donau,Hauptgewässer,006833
,,6834,Kletzlbergbach,< 10 km² Gewässer,Donau,Hauptgewässer,006834
,,6835,Kroisbach,< 10 km² Gewässer,Donau,Hauptgewässer,006835
,,6836,Apfelbach,< 10 km² Gewässer,Donau,Hauptgewässer,006836
,,6837,Höllerer Seebach,< 10 km² Gewässer,Donau,Hauptgewässer,006837
,,6838,Eknach Zubringer (Auerbach),< 10 km² Gewässer,Donau,Hauptgewässer,006838
,,6839,Kirchstätterbach,< 10 km² Gewässer,Donau,Hauptgewässer,006839
,,6840,Pfarrgraben,< 10 km² Gewässer,Donau,Hauptgewässer,006840
,,6841,Pfongauerbach,< 10 km² Gewässer,Donau,Hauptgewässer,006841
,,6842,Mattig Nebengewässer,10 km² Gewässer,Donau,Nebengewässer,006842
,,6843,Eidsbach,< 10 km² Gewässer,Donau,Hauptgewässer,006843
,,6844,Neundlinger Bach,< 10 km² Gewässer,Donau,Hauptgewässer,006844
,,6845,Neundlinger Bach Zubringer,< 10 km² Gewässer,Donau,Hauptgewässer,006845
,,6846,Leithenbach,< 10 km² Gewässer,Donau,Hauptgewässer,006846
,,6847,Kochbach,< 10 km² Gewässer,Donau,Hauptgewässer,006847
,,6848,Schwarzbach,< 10 km² Gewässer,Donau,Hauptgewässer,006848
,,6849,Schwarzbach Zubringer,< 10 km² Gewässer,Donau,Hauptgewässer,006849
,,6850,Schwarzbach Zubringer östl. Quellbach,< 10 km² Gewässer,Donau,Hauptgewässer,006850
,,6851,Tiefen,< 10 km² Gewässer,Donau,Hauptgewässer,006851
,,6852,Kernpeterbach,< 10 km² Gewässer,Donau,Hauptgewässer,006852
,,6853,Kernpeterbach Zubringer,< 10 km² Gewässer,Donau,Hauptgewässer,006853
,,6854,Jetzingerdorfer Bach,< 10 km² Gewässer,Donau,Hauptgewässer,006854
,,6855,Fichtbach,< 10 km² Gewässer,Donau,Hauptgewässer,006855
,,6856,Haarmühler Bach,< 10 km² Gewässer,Donau,Hauptgewässer,006856
,,6857,Weißenbach Zubringer (Finsterholzbach),< 10 km² Gewässer,Donau,Hauptgewässer,006857
,,6858,Gallsbach Zubringer,< 10 km² Gewässer,Donau,Hauptgewässer,006858
,,6859,Damberger Bach,< 10 km² Gewässer,Donau,Hauptgewässer,006859
,,6860,Altschwendter Bach,< 10 km² Gewässer,Donau,Hauptgewässer,006860
,,6861,Altschwendter Bach (Altarm),< 10 km² Gewässer,Donau,Nebengewässer,006861
,,6862,Reitbach,< 10 km² Gewässer,Donau,Hauptgewässer,006862
,,6863,Ritzingerbach Zubringer,< 10 km² Gewässer,Donau,Hauptgewässer,006863
,,6864,Hametnerbach,< 10 km² Gewässer,Donau,Hauptgewässer,006864
,,6865,Schallenbergbach,< 10 km² Gewässer,Donau,Hauptgewässer,006865
,,6866,Schauerbach,< 10 km² Gewässer,Donau,Hauptgewässer,006866
,,6867,Riedlbach,< 10 km² Gewässer,Donau,Hauptgewässer,006867
,,6868,Stambach (bei Bad Goisern),< 10 km² Gewässer,Donau,Hauptgewässer,006868
,,6869,Abtenauerbach,< 10 km² Gewässer,Donau,Hauptgewässer,006869
,,6870,Gunzenbach,< 10 km² Gewässer,Donau,Hauptgewässer,006870
,,6871,Dietelbach,< 10 km² Gewässer,Donau,Hauptgewässer,006871
,,6872,"Moosbach, Schwarzenbach",< 10 km² Gewässer,Donau,Hauptgewässer,006872
,,6873,Nussenbach [Ischl],< 10 km² Gewässer,Donau,Hauptgewässer,006873
,,6874,Nussenbach [Ischl] Quellbach,< 10 km² Gewässer,Donau,Hauptgewässer,006874
,,6876,Rettenbach [Traun] Quellbach (Loser),< 10 km² Gewässer,Donau,Hauptgewässer,006876
,,6877,Eibenseebach,< 10 km² Gewässer,Donau,Hauptgewässer,006877
,,6878,Scheyerbach,< 10 km² Gewässer,Donau,Hauptgewässer,006878
,,6879,Sickingerbach Zubringer,< 10 km² Gewässer,Donau,Hauptgewässer,006879
,,6880,Beinhäuslbach,< 10 km² Gewässer,Donau,Hauptgewässer,006880
,,6881,Dammbach,< 10 km² Gewässer,Donau,Hauptgewässer,006881
,,6882,Eggerbach [Frankenburger Redlbach],< 10 km² Gewässer,Donau,Hauptgewässer,006882
,,6883,Eggerbach Zubringer nördl. Ast,< 10 km² Gewässer,Donau,Hauptgewässer,006883
,,6884,Eggerbach Zubringer südl. Ast,< 10 km² Gewässer,Donau,Hauptgewässer,006884
,,6885,"Feyregger Bach, Schlöglgruber Bach",< 10 km² Gewässer,Donau,Hauptgewässer,006885
,,6886,Forsthuber Bach,< 10 km² Gewässer,Donau,Hauptgewässer,006886
,,6887,Faberbach,< 10 km² Gewässer,Donau,Hauptgewässer,006887
,,6888,Faberbach Zubringer,< 10 km² Gewässer,Donau,Hauptgewässer,006888
,,6889,Walchaugraben,< 10 km² Gewässer,Donau,Hauptgewässer,006889
,,6890,Marbach Quellbach (bei Dachstein Südwand),< 10 km² Gewässer,Donau,Hauptgewässer,006890
,,6891,Kranzlbach,< 10 km² Gewässer,Donau,Hauptgewässer,006891
,,6894,Duisitzkarbach,< 10 km² Gewässer,Donau,Hauptgewässer,006894
,,6895,Obertalbach Zubringer,< 10 km² Gewässer,Donau,Hauptgewässer,006895
,,6896,Obertalbach Zubringer (nördl. Quellast),< 10 km² Gewässer,Donau,Hauptgewässer,006896
,,6899,Hohenseebach,< 10 km² Gewässer,Donau,Hauptgewässer,006899
,,6900,Wildbach [Großsölkbach],< 10 km² Gewässer,Donau,Hauptgewässer,006900
,,6901,Fleißkargraben,< 10 km² Gewässer,Donau,Hauptgewässer,006901
,,6902,Strickerbach,< 10 km² Gewässer,Donau,Hauptgewässer,006902
,,6903,Strieglerbach (Nebeng.),10 km² Gewässer,Donau,Nebengewässer,006903
,,6904,Neualmbach Zubringer,< 10 km² Gewässer,Donau,Hauptgewässer,006904
,,6905,Teltschengraben,< 10 km² Gewässer,Donau,Hauptgewässer,006905
,,6906,Leistental,< 10 km² Gewässer,Donau,Hauptgewässer,006906
,,6907,Salza (Nebeng. bei Bad Heilbrunn),10 km² Gewässer,Donau,Nebengewässer,006907
,,6908,Beireutbach,< 10 km² Gewässer,Donau,Hauptgewässer,006908
,,6909,Schwarzabach Zubringer,< 10 km² Gewässer,Donau,Hauptgewässer,006909
,,6910,Goldbach,< 10 km² Gewässer,Donau,Hauptgewässer,006910
,,6911,Goldbach Zubringer (Nebeng.),< 10 km² Gewässer,Donau,Nebengewässer,006911
,,6912,Goldbach Zubringer,< 10 km² Gewässer,Donau,Hauptgewässer,006912
,,6913,Finsterkarbach,< 10 km² Gewässer,Donau,Hauptgewässer,006913
,,6914,Ahornkogelbach,< 10 km² Gewässer,Donau,Hauptgewässer,006914
,,6915,Lerchenbach,< 10 km² Gewässer,Donau,Hauptgewässer,006915
,,6916,Schartenbach,< 10 km² Gewässer,Donau,Hauptgewässer,006916
,,6917,Moseralmbach,< 10 km² Gewässer,Donau,Hauptgewässer,006917
,,6918,Schwarzabach,< 10 km² Gewässer,Donau,Hauptgewässer,006918
,,6919,Schwarzer Gullingbach Quellbach,< 10 km² Gewässer,Donau,Hauptgewässer,006919
,,6920,Ranzenkarbach,< 10 km² Gewässer,Donau,Hauptgewässer,006920
,,6921,Kothüttenbach Zubringer,< 10 km² Gewässer,Donau,Hauptgewässer,006921
,,6922,"Winkelbach [Weißenbach, bei Liezen] Zubringer",< 10 km² Gewässer,Donau,Hauptgewässer,006922
,,6923,Schoberbach,< 10 km² Gewässer,Donau,Hauptgewässer,006923
,,6924,Schoberbach Zubringer,< 10 km² Gewässer,Donau,Hauptgewässer,006924
,,6925,Eggeralmbach,< 10 km² Gewässer,Donau,Hauptgewässer,006925
,,6926,Brunnkarbach,< 10 km² Gewässer,Donau,Hauptgewässer,006926
,2023-08-09,6927,Kettentalbach,< 10 km² Gewässer,Donau,Hauptgewässer,006927
,,6928,Kirchdorfbach Zubringer,< 10 km² Gewässer,Donau,Hauptgewässer,006928
,,6929,Lichtmessbach Zubringer,< 10 km² Gewässer,Donau,Hauptgewässer,006929
,,6930,Schwarzenbach,< 10 km² Gewässer,Donau,Hauptgewässer,006930
,,6931,Schwarzenbach Quellbach,< 10 km² Gewässer,Donau,Hauptgewässer,006931
,,6933,Klammbach Zubringer,< 10 km² Gewässer,Donau,Hauptgewässer,006933
,,6934,Gerichtsgraben,< 10 km² Gewässer,Donau,Hauptgewässer,006934
,,6935,Große Fölz,< 10 km² Gewässer,Donau,Hauptgewässer,006935
,,6936,Wagnerloch,< 10 km² Gewässer,Donau,Hauptgewässer,006936
,,6938,Schwabelbach Zubringer,< 10 km² Gewässer,Donau,Hauptgewässer,006938
,,6939,"Gleissenriegelbach, Eiblbach",< 10 km² Gewässer,Donau,Hauptgewässer,006939
,,6940,Gleissenriegelbach Zubringer,< 10 km² Gewässer,Donau,Hauptgewässer,006940
,,6942,Eiblbach,< 10 km² Gewässer,Donau,Hauptgewässer,006942
,,6943,Geißangergraben,< 10 km² Gewässer,Donau,Hauptgewässer,006943
,,6944,Geißangergraben Zubringer,< 10 km² Gewässer,Donau,Hauptgewässer,006944
,,6946,Schneckengraben Zubringer,< 10 km² Gewässer,Donau,Hauptgewässer,006946
,,6948,Kotgraben [Mühlbach],< 10 km² Gewässer,Donau,Hauptgewässer,006948
,,6949,Mühlbach [Tamischbach] (bei Erbsattel),< 10 km² Gewässer,Donau,Hauptgewässer,006949
,,6950,Schindlbach [Erbbach],< 10 km² Gewässer,Donau,Hauptgewässer,006950
,,6951,Schindlbach [Erbbach] Zubringer,< 10 km² Gewässer,Donau,Hauptgewässer,006951
,,6952,Klinglbach,< 10 km² Gewässer,Donau,Hauptgewässer,006952
,,6953,Großschnaidtbach,< 10 km² Gewässer,Donau,Hauptgewässer,006953
,,6954,Ursprungbach [Dürnbach],< 10 km² Gewässer,Donau,Hauptgewässer,006954
,,6955,Ahornleitenbach,< 10 km² Gewässer,Donau,Hauptgewässer,006955
,,6956,Kotgraben [Ahornleitenbach],< 10 km² Gewässer,Donau,Hauptgewässer,006956
,,6957,Retschitz,< 10 km² Gewässer,Donau,Hauptgewässer,006957
,,6958,Heindlmühlbach,< 10 km² Gewässer,Donau,Hauptgewässer,006958
,,6959,Heindlmühlbach Zubringer,< 10 km² Gewässer,Donau,Hauptgewässer,006959
,,6960,Mosingmaierbach,< 10 km² Gewässer,Donau,Hauptgewässer,006960
,,6964,Wäschbach,< 10 km² Gewässer,Donau,Hauptgewässer,006964
,,6966,Riedersdorfmühlbach,< 10 km² Gewässer,Donau,Hauptgewässer,006966
,,6967,Sagmüllerbach,< 10 km² Gewässer,Donau,Hauptgewässer,006967
,,7029,Gerberbach,< 10 km² Gewässer,Donau,Hauptgewässer,007029
,,7030,Alfenbach,< 10 km² Gewässer,Donau,Hauptgewässer,007030
,,7031,Marchenbach,< 10 km² Gewässer,Donau,Hauptgewässer,007031
,,7032,Kalksteinbach,< 10 km² Gewässer,Donau,Hauptgewässer,007032
,,7033,Serlbach,< 10 km² Gewässer,Donau,Hauptgewässer,007033
,,7034,Erschbaumer-Tal-Bach,< 10 km² Gewässer,Donau,Hauptgewässer,007034
,,7035,Hollbrucker-Tal-Bach,< 10 km² Gewässer,Donau,Hauptgewässer,007035
,,7036,Thurnbach,< 10 km² Gewässer,Donau,Hauptgewässer,007036
,,7037,Gamsbach,< 10 km² Gewässer,Donau,Hauptgewässer,007037
,,7038,Gamperbach,< 10 km² Gewässer,Donau,Hauptgewässer,007038
,,7039,Gleiersbach,< 10 km² Gewässer,Donau,Hauptgewässer,007039
,,7040,Leisacher Almbach,< 10 km² Gewässer,Donau,Hauptgewässer,007040
,,7042,Kofelbach,< 10 km² Gewässer,Donau,Hauptgewässer,007042
,,7043,Gubach,< 10 km² Gewässer,Donau,Hauptgewässer,007043
,,7044,Leitbach,< 10 km² Gewässer,Donau,Hauptgewässer,007044
,,7045,Großbach,< 10 km² Gewässer,Donau,Hauptgewässer,007045
,,7046,Mullwitzbach,< 10 km² Gewässer,Donau,Hauptgewässer,007046
,,7047,Zopatnitzenbach,< 10 km² Gewässer,Donau,Hauptgewässer,007047
,,7048,Fratnikbach,< 10 km² Gewässer,Donau,Hauptgewässer,007048
,,7049,Dichtenbach,< 10 km² Gewässer,Donau,Hauptgewässer,007049
,,7050,Löbbenbach,< 10 km² Gewässer,Donau,Hauptgewässer,007050
,,7051,Seebach,< 10 km² Gewässer,Donau,Hauptgewässer,007051
,,7052,Löbbenbach,< 10 km² Gewässer,Donau,Hauptgewässer,007052
,,7053,Ladstattbach,< 10 km² Gewässer,Donau,Hauptgewässer,007053
,,7055,Feglitzbach,< 10 km² Gewässer,Donau,Hauptgewässer,007055
,,7056,Froditzbach,< 10 km² Gewässer,Donau,Hauptgewässer,007056
,,7057,Stemmeringer Almbach,< 10 km² Gewässer,Donau,Hauptgewässer,007057
,,7058,Zwenenwaldbach,< 10 km² Gewässer,Donau,Hauptgewässer,007058
,,7059,Peischlachbach,< 10 km² Gewässer,Donau,Hauptgewässer,007059
,,7060,Ruisbach,< 10 km² Gewässer,Donau,Hauptgewässer,007060
,,7061,Ralftalbach,< 10 km² Gewässer,Donau,Hauptgewässer,007061
,,7062,Ganitzbach,< 10 km² Gewässer,Donau,Hauptgewässer,007062
,,7063,Zauchenbach,< 10 km² Gewässer,Donau,Hauptgewässer,007063
,,7064,Dorfbach - Lavant,< 10 km² Gewässer,Donau,Hauptgewässer,007064
,,7065,Pernitzbach,< 10 km² Gewässer,Donau,Hauptgewässer,007065
,,7066,Frauenbach,< 10 km² Gewässer,Donau,Hauptgewässer,007066
,,7085,Leiterbach Zubringer,< 10 km² Gewässer,Donau,Hauptgewässer,007085
,,7086,Moosbach,< 10 km² Gewässer,Donau,Hauptgewässer,007086
,,7148,Leitner Bach,< 10 km² Gewässer,Donau,Hauptgewässer,007148
,,7149,Windischtal,< 10 km² Gewässer,Donau,Hauptgewässer,007149
,,7150,Winkler Bach,< 10 km² Gewässer,Donau,Hauptgewässer,007150
,,7201,Dorferbach,< 10 km² Gewässer,Donau,Hauptgewässer,007201
,,7202,Adendorferbach,< 10 km² Gewässer,Donau,Hauptgewässer,007202
,,7203,Grasluppbach,< 10 km² Gewässer,Donau,Hauptgewässer,007203
,,7206,Plaxnerbach,< 10 km² Gewässer,Donau,Hauptgewässer,007206
,,7210,Grabenbach [Görschitzbach],< 10 km² Gewässer,Donau,Hauptgewässer,007210
,,7211,Fallgrabenbach Zubringer,< 10 km² Gewässer,Donau,Hauptgewässer,007211
,,7212,Fischgraben,< 10 km² Gewässer,Donau,Hauptgewässer,007212
,,7230,Dorfergrabenbach,< 10 km² Gewässer,Donau,Hauptgewässer,007230
,,7231,Markterbach-St.Michael,< 10 km² Gewässer,Donau,Hauptgewässer,007231
,,7232,St. Martinerbach,< 10 km² Gewässer,Donau,Hauptgewässer,007232
,,7233,Plareitbach (Gem. Rennweg),< 10 km² Gewässer,Donau,Hauptgewässer,007233
,,7234,Hoellgraben,< 10 km² Gewässer,Donau,Hauptgewässer,007234
,,7235,Vorderer Seebach,< 10 km² Gewässer,Donau,Hauptgewässer,007235
,,7236,Steinbach [Turrach],< 10 km² Gewässer,Donau,Hauptgewässer,007236
,,7237,Bärentalbach [Turrach],< 10 km² Gewässer,Donau,Hauptgewässer,007237
,,7239,Pichler Bach,< 10 km² Gewässer,Donau,Hauptgewässer,007239
,2023-08-09,7240,Verbindung Zlattenbach-Mur,< 10 km² Gewässer,Donau,Nebengewässer,007240
,,7241,Goppelsbach,< 10 km² Gewässer,Donau,Hauptgewässer,007241
,,7242,Klausergrabenbach,< 10 km² Gewässer,Donau,Hauptgewässer,007242
,,7244,Reichenauerbach,< 10 km² Gewässer,Donau,Hauptgewässer,007244
,,7245,Löwbach,< 10 km² Gewässer,Donau,Hauptgewässer,007245
,,7246,Löwbach Zubringer,< 10 km² Gewässer,Donau,Hauptgewässer,007246
,,7247,Gröblbach,< 10 km² Gewässer,Donau,Hauptgewässer,007247
,,7248,Schafferbach [Mur],< 10 km² Gewässer,Donau,Hauptgewässer,007248
,,7249,Schlattingbach,< 10 km² Gewässer,Donau,Hauptgewässer,007249
,,7250,Schlattingbach Zubringer,< 10 km² Gewässer,Donau,Hauptgewässer,007250
,,7251,Etrachbach Zubringer,< 10 km² Gewässer,Donau,Hauptgewässer,007251
,,7252,Gstoderbach,< 10 km² Gewässer,Donau,Hauptgewässer,007252
,,7254,Probsterbach,< 10 km² Gewässer,Donau,Hauptgewässer,007254
,,7255,Reßlergrabenbach,< 10 km² Gewässer,Donau,Hauptgewässer,007255
,,7256,Karchauer Bach,< 10 km² Gewässer,Donau,Hauptgewässer,007256
,,7257,Gastlbach,< 10 km² Gewässer,Donau,Hauptgewässer,007257
,,7258,Künstenbach,< 10 km² Gewässer,Donau,Hauptgewässer,007258
,,7259,Scheucherbach,< 10 km² Gewässer,Donau,Hauptgewässer,007259
,,7260,Glanzbach [Katschbach],< 10 km² Gewässer,Donau,Hauptgewässer,007260
,,7261,Laasenbach,< 10 km² Gewässer,Donau,Hauptgewässer,007261
,,7262,Talbach [Lambach],< 10 km² Gewässer,Donau,Hauptgewässer,007262
,,7263,Blasenerbach,< 10 km² Gewässer,Donau,Hauptgewässer,007263
,,7264,Weberbach,< 10 km² Gewässer,Donau,Hauptgewässer,007264
,,7265,Halserbach Zubringer,< 10 km² Gewässer,Donau,Hauptgewässer,007265
,,7266,Hintereggerbach Quellbach,< 10 km² Gewässer,Donau,Hauptgewässer,007266
,,7267,Saubach [Feßnachbach],< 10 km² Gewässer,Donau,Hauptgewässer,007267
,,7268,Frauenburgerbach,< 10 km² Gewässer,Donau,Hauptgewässer,007268
,,7270,Großer Feistritzbach Zubringer,< 10 km² Gewässer,Donau,Hauptgewässer,007270
,,7272,Lackneralmbach,< 10 km² Gewässer,Donau,Hauptgewässer,007272
,,7273,Lackneralmbach Zubringer,< 10 km² Gewässer,Donau,Hauptgewässer,007273
,,7274,Lerchbach,< 10 km² Gewässer,Donau,Hauptgewässer,007274
,,7275,Leutschachbach,< 10 km² Gewässer,Donau,Hauptgewässer,007275
,,7276,Mahralmbach,< 10 km² Gewässer,Donau,Hauptgewässer,007276
,,7277,Schafferbach [Scharnitzbach],< 10 km² Gewässer,Donau,Hauptgewässer,007277
,,7278,Scharnitzbach Zubringer (bei Scharnitzhütte),< 10 km² Gewässer,Donau,Hauptgewässer,007278
,,7279,Vorderer Pölsenbach Zubringer,< 10 km² Gewässer,Donau,Hauptgewässer,007279
,,7280,Bärentalbach [Fuchsgrabenbach],< 10 km² Gewässer,Donau,Hauptgewässer,007280
,,7281,Bärentalbach [Fuchsgrabenbach] Zubringer,< 10 km² Gewässer,Donau,Hauptgewässer,007281
,,7282,Höllgrabenbach,< 10 km² Gewässer,Donau,Hauptgewässer,007282
,,7283,Schlattererbach,< 10 km² Gewässer,Donau,Hauptgewässer,007283
,,7284,Zeiringbach Zubringer,< 10 km² Gewässer,Donau,Hauptgewässer,007284
,,7285,Triebenbach [Pöls],< 10 km² Gewässer,Donau,Hauptgewässer,007285
,,7286,Triebengraben,< 10 km² Gewässer,Donau,Hauptgewässer,007286
,,7287,Dietersdorferbach,< 10 km² Gewässer,Donau,Hauptgewässer,007287
,,7288,Schmelzbach Quellbach,< 10 km² Gewässer,Donau,Hauptgewässer,007288
,,7289,Leirerbach,< 10 km² Gewässer,Donau,Hauptgewässer,007289
,,7290,Rosenbach [Lauslingbach],< 10 km² Gewässer,Donau,Hauptgewässer,007290
,,7291,Holzergrabenbach,< 10 km² Gewässer,Donau,Hauptgewässer,007291
,,7292,Ossachbach,< 10 km² Gewässer,Donau,Hauptgewässer,007292
,,7294,Grablerbach,< 10 km² Gewässer,Donau,Hauptgewässer,007294
,,7296,Flatschacherbach,< 10 km² Gewässer,Donau,Hauptgewässer,007296
,,7297,Kropfgrabenbach,< 10 km² Gewässer,Donau,Hauptgewässer,007297
,,7298,Brunngrabenbach,< 10 km² Gewässer,Donau,Hauptgewässer,007298
,,7299,Grabenbach [Lobmingbach],< 10 km² Gewässer,Donau,Hauptgewässer,007299
,,7300,Grabenbach Zubringer Südl.,< 10 km² Gewässer,Donau,Hauptgewässer,007300
,,7301,Grabenbach Zubringer Nördl.,< 10 km² Gewässer,Donau,Hauptgewässer,007301
,,7302,Sundlalmbach,< 10 km² Gewässer,Donau,Hauptgewässer,007302
,,7303,Musenbach,< 10 km² Gewässer,Donau,Hauptgewässer,007303
,,7305,Geierleitenbach,10 km² Gewässer,Donau,Hauptgewässer,007305
,,7306,Stefflbach Zubringer (Augerlgraben),< 10 km² Gewässer,Donau,Hauptgewässer,007306
,,7307,Ritzmoarbach,< 10 km² Gewässer,Donau,Hauptgewässer,007307
,,7308,Ritzmoarbach Zubringer,< 10 km² Gewässer,Donau,Hauptgewässer,007308
,,7309,Stefflbach Zubringer,< 10 km² Gewässer,Donau,Hauptgewässer,007309
,,7310,Aiblbach,< 10 km² Gewässer,Donau,Hauptgewässer,007310
,,7311,"Oberer Bodenbach, Siebenbrünn",< 10 km² Gewässer,Donau,Hauptgewässer,007311
,,7312,Kraubathbach Zubringer,< 10 km² Gewässer,Donau,Hauptgewässer,007312
,,7313,Weitentalbach Zubringer,< 10 km² Gewässer,Donau,Hauptgewässer,007313
,,7314,Kapellengrabenbach Zubringer,< 10 km² Gewässer,Donau,Hauptgewässer,007314
,,7315,"Steilbach, Tanzmeistergrabenbach",< 10 km² Gewässer,Donau,Hauptgewässer,007315
,,7316,Steilbach,< 10 km² Gewässer,Donau,Hauptgewässer,007316
,,7317,Sulzbach [Liesing] Zubringer,< 10 km² Gewässer,Donau,Hauptgewässer,007317
,,7318,Rannsbach,< 10 km² Gewässer,Donau,Hauptgewässer,007318
,,7319,Stubalmbach Zubringer,< 10 km² Gewässer,Donau,Hauptgewässer,007319
,,7320,Rannachbach,< 10 km² Gewässer,Donau,Hauptgewässer,007320
,,7321,Riestalgraben,< 10 km² Gewässer,Donau,Hauptgewässer,007321
,,7322,Hirscheckbach,< 10 km² Gewässer,Donau,Hauptgewässer,007322
,,7323,Handlgrabenbach Zubringer,< 10 km² Gewässer,Donau,Hauptgewässer,007323
,,7324,Brandgrabenbach,< 10 km² Gewässer,Donau,Hauptgewässer,007324
,,7325,Stubenrauchbach,< 10 km² Gewässer,Donau,Hauptgewässer,007325
,,7327,Tattermannbach,< 10 km² Gewässer,Donau,Hauptgewässer,007327
,,7328,Auersbach [Fröschnitzbach],< 10 km² Gewässer,Donau,Hauptgewässer,007328
,,7329,Offenbach,< 10 km² Gewässer,Donau,Hauptgewässer,007329
,,7330,"Kaiblingbach, Steinbach",< 10 km² Gewässer,Donau,Hauptgewässer,007330
,,7331,Steinbach Quellbach,< 10 km² Gewässer,Donau,Hauptgewässer,007331
,,7332,Kaiblingbach,< 10 km² Gewässer,Donau,Hauptgewässer,007332
,,7333,Posseggbach,< 10 km² Gewässer,Donau,Hauptgewässer,007333
,,7334,Schrotterbach,< 10 km² Gewässer,Donau,Hauptgewässer,007334
,,7335,Schrotterbach Zubringer,< 10 km² Gewässer,Donau,Hauptgewässer,007335
,,7336,Reiteibelbach,< 10 km² Gewässer,Donau,Hauptgewässer,007336
,,7337,Finstertalbach [Graschnitzbach],< 10 km² Gewässer,Donau,Hauptgewässer,007337
,,7339,Kaisersteinbach,< 10 km² Gewässer,Donau,Hauptgewässer,007339
,,7340,Ötzbach,< 10 km² Gewässer,Donau,Hauptgewässer,007340
,,7341,Turnerbach,< 10 km² Gewässer,Donau,Hauptgewässer,007341
,,7342,Seebach [Stübmingbach] Zubringer,< 10 km² Gewässer,Donau,Hauptgewässer,007342
,,7343,Feistringbach,< 10 km² Gewässer,Donau,Hauptgewässer,007343
,,7344,Feistringbach Zubringer,< 10 km² Gewässer,Donau,Hauptgewässer,007344
,,7345,Oischingbach Zubringer,< 10 km² Gewässer,Donau,Hauptgewässer,007345
,,7346,Rettenbach [Thörlbach],< 10 km² Gewässer,Donau,Hauptgewässer,007346
,,7347,Zehneralpbach,< 10 km² Gewässer,Donau,Hauptgewässer,007347
,,7348,Eisenpaßbach,< 10 km² Gewässer,Donau,Hauptgewässer,007348
,2023-08-09,7349,Zuckenhutbach,< 10 km² Gewässer,Donau,Hauptgewässer,007349
,,7350,Langensackbach,< 10 km² Gewässer,Donau,Hauptgewässer,007350
,,7351,Ronnerbach,< 10 km² Gewässer,Donau,Hauptgewässer,007351
,,7352,Raucheggerbach,< 10 km² Gewässer,Donau,Hauptgewässer,007352
,,7354,Störingbach,< 10 km² Gewässer,Donau,Hauptgewässer,007354
,,7356,Kreuzbach Zubringer (Kreuzsattelgraben),< 10 km² Gewässer,Donau,Hauptgewässer,007356
,,7357,Kleintalbach Zubringer,< 10 km² Gewässer,Donau,Hauptgewässer,007357
,,7358,Pankrazenbach,< 10 km² Gewässer,Donau,Hauptgewässer,007358
,,7359,Pankrazenbach Zubringer,< 10 km² Gewässer,Donau,Hauptgewässer,007359
,,7361,Dultbach,< 10 km² Gewässer,Donau,Hauptgewässer,007361
,,7362,Dultgraben,< 10 km² Gewässer,Donau,Hauptgewässer,007362
,,7363,Milchgrabenbach,< 10 km² Gewässer,Donau,Hauptgewässer,007363
,,7364,Wiesentalbach,< 10 km² Gewässer,Donau,Hauptgewässer,007364
,,7365,Tiefernitzbach,< 10 km² Gewässer,Donau,Hauptgewässer,007365
,,7366,Eisentalbach,< 10 km² Gewässer,Donau,Hauptgewässer,007366
,,7367,Mühlgang-Rechts (Nebeng.) [bei Feldkirchen],< 10 km² Gewässer,Donau,Nebengewässer,007367
,,7368,Schlögelgrabenbach,< 10 km² Gewässer,Donau,Hauptgewässer,007368
,,7369,Oswaldgrabenbach Zubringer,< 10 km² Gewässer,Donau,Hauptgewässer,007369
,,7370,Randlwagnerbach,< 10 km² Gewässer,Donau,Hauptgewässer,007370
,,7371,Klausbach,< 10 km² Gewässer,Donau,Hauptgewässer,007371
,,7372,Drei Wasser,< 10 km² Gewässer,Donau,Hauptgewässer,007372
,2023-08-09,7373,Schober Im Lichtgraben,< 10 km² Gewässer,Donau,Hauptgewässer,007373
,,7374,Teigitsch Zubringer,< 10 km² Gewässer,Donau,Hauptgewässer,007374
,,7375,Ob. Modriachwinkelbach,< 10 km² Gewässer,Donau,Hauptgewässer,007375
,,7376,Spengerbach,< 10 km² Gewässer,Donau,Hauptgewässer,007376
,,7379,Pilzbach,< 10 km² Gewässer,Donau,Hauptgewässer,007379
,,7380,Oberwaldbach,< 10 km² Gewässer,Donau,Hauptgewässer,007380
,,7382,Geistthalerbach,< 10 km² Gewässer,Donau,Hauptgewässer,007382
,,7383,Raßbach,< 10 km² Gewässer,Donau,Hauptgewässer,007383
,,7384,Raßbach Zubringer,< 10 km² Gewässer,Donau,Hauptgewässer,007384
,,7385,St. Pankrazenbach,< 10 km² Gewässer,Donau,Hauptgewässer,007385
,,7386,Mutschbach,< 10 km² Gewässer,Donau,Hauptgewässer,007386
,,7387,Förstlbach,< 10 km² Gewässer,Donau,Hauptgewässer,007387
,,7388,Lonkesbach,< 10 km² Gewässer,Donau,Hauptgewässer,007388
,,7389,Kesselgrabenbach,< 10 km² Gewässer,Donau,Hauptgewässer,007389
,,7390,Michelbach [Stiefing],< 10 km² Gewässer,Donau,Hauptgewässer,007390
,,7391,Seebach [Schwarze Sulm] Zubringer,< 10 km² Gewässer,Donau,Hauptgewässer,007391
,,7392,Leibenbach Zubringer,< 10 km² Gewässer,Donau,Hauptgewässer,007392
,,7393,Otternitz Bach Zubringer,< 10 km² Gewässer,Donau,Hauptgewässer,007393
,,7394,Sulzhofbach,< 10 km² Gewässer,Donau,Hauptgewässer,007394
,,7395,Sulzhofbach Zubringer,< 10 km² Gewässer,Donau,Hauptgewässer,007395
,,7396,Haderniggbach Zubringer,< 10 km² Gewässer,Donau,Hauptgewässer,007396
,,7397,Auenbach,< 10 km² Gewässer,Donau,Hauptgewässer,007397
,,7398,Auenbach Zubringer,< 10 km² Gewässer,Donau,Hauptgewässer,007398
,,7399,Kleingrabenbach Zubringer,< 10 km² Gewässer,Donau,Hauptgewässer,007399
,,7400,Kleingrabenbach Zubringer Südl. Quellast,< 10 km² Gewässer,Donau,Hauptgewässer,007400
,,7401,Kroisgrabenbach,< 10 km² Gewässer,Donau,Hauptgewässer,007401
,,7402,Rettenbach [Niedere Laßnitz] Zubringer,< 10 km² Gewässer,Donau,Hauptgewässer,007402
,,7403,Bartltonibach,< 10 km² Gewässer,Donau,Hauptgewässer,007403
,,7404,Greimbach,< 10 km² Gewässer,Donau,Hauptgewässer,007404
,,7405,Gamsbach Zubringer,< 10 km² Gewässer,Donau,Hauptgewässer,007405
,2023-08-09,7407,Zachbach,< 10 km² Gewässer,Donau,Hauptgewässer,007407
,,7408,Weissenbach,< 10 km² Gewässer,Donau,Hauptgewässer,007408
,,7409,Bürgerbach,< 10 km² Gewässer,Donau,Hauptgewässer,007409
,,7410,Bürgerbach Zubringer,< 10 km² Gewässer,Donau,Hauptgewässer,007410
,,7411,Steinbach [Gamlitzbach] Zubringer,< 10 km² Gewässer,Donau,Hauptgewässer,007411
,,7412,Wielitschbach,< 10 km² Gewässer,Donau,Hauptgewässer,007412
,,7413,Hollgrabenbach,< 10 km² Gewässer,Donau,Hauptgewässer,007413
,,7414,Wiesenbach,< 10 km² Gewässer,Donau,Hauptgewässer,007414
,,7415,"Wiesenbach Zubringer (bei Seibersdorf, Mur)",< 10 km² Gewässer,Donau,Hauptgewässer,007415
,,7416,Kaufmanngraben,< 10 km² Gewässer,Donau,Hauptgewässer,007416
,,7417,Mühlgang [Strasser Mühlgang] (Überleitung Wiesenbach),< 10 km² Gewässer,Donau,Nebengewässer,007417
,,7418,Giggingbach,< 10 km² Gewässer,Donau,Hauptgewässer,007418
,,7419,Giggingbach Zubringer,< 10 km² Gewässer,Donau,Hauptgewässer,007419
,,7420,Lembach [Saßbach],< 10 km² Gewässer,Donau,Hauptgewässer,007420
,,7421,Reichelgraben,< 10 km² Gewässer,Donau,Hauptgewässer,007421
,,7422,Mitterbach [Auersbach],< 10 km² Gewässer,Donau,Hauptgewässer,007422
,,7424,Trautmannsdorfer Bach,< 10 km² Gewässer,Donau,Hauptgewässer,007424
,,7425,Sulzbach [Mur] Zubringer,< 10 km² Gewässer,Donau,Hauptgewässer,007425
,,7426,Sulzbach [Mur] (Nebeng.),< 10 km² Gewässer,Donau,Nebengewässer,007426
,,7427,Verbindung Trummerbach-Mur,< 10 km² Gewässer,Donau,Nebengewässer,007427
,,7428,Trummerbach [Mur] Zubringer,< 10 km² Gewässer,Donau,Nebengewässer,007428
,,7429,Trummerbach [Mur],< 10 km² Gewässer,Donau,Hauptgewässer,007429
,,7430,Mühlbach (Mureck-Radkersburger Mühlkanal) (Nebeng.),< 10 km² Gewässer,Donau,Nebengewässer,007430
,,7431,Wörthbach Zubringer (Pölzengrabenbach),< 10 km² Gewässer,Donau,Hauptgewässer,007431
,,7432,Wörthbach,< 10 km² Gewässer,Donau,Hauptgewässer,007432
,,7433,Baumgartenbach [Gnasbach] Zubringer,< 10 km² Gewässer,Donau,Hauptgewässer,007433
,,7434,Rohrgrabenbach,< 10 km² Gewässer,Donau,Hauptgewässer,007434
,,7435,"Gnasbach (Nebeng., bei Bergschmidt)",< 10 km² Gewässer,Donau,Nebengewässer,007435
,,7436,Poppendorfer Bach Zubringer,< 10 km² Gewässer,Donau,Hauptgewässer,007436
,,7438,Gnasbach-Altarm,< 10 km² Gewässer,Donau,Hauptgewässer,007438
,,7439,Sattleralmbach,< 10 km² Gewässer,Donau,Hauptgewässer,007439
,,7440,Sattelbach [Roßbach],< 10 km² Gewässer,Donau,Hauptgewässer,007440
,,7459,Skutnibach,< 10 km² Gewässer,Donau,Hauptgewässer,007459
,,7460,Oberehüttengraberl,< 10 km² Gewässer,Donau,Hauptgewässer,007460
,,7461,Kesselbach [Krumbach],< 10 km² Gewässer,Donau,Hauptgewässer,007461
,,7462,Wirtbartlbach,< 10 km² Gewässer,Donau,Hauptgewässer,007462
,,7464,Pessnitz Zubringer,< 10 km² Gewässer,Donau,Hauptgewässer,007464
,,7693,Abfluss aus der Hohlen Gasse,< 10 km² Gewässer,Donau,Hauptgewässer,007693
,,7707,Lexnitzbach Zubringer,< 10 km² Gewässer,Donau,Hauptgewässer,007707
,,7740,Helmbach Zubringer (bei Oberschlag),< 10 km² Gewässer,Elbe,Hauptgewässer,007740
,,7786,Dorfaubach,< 10 km² Gewässer,Donau,Hauptgewässer,007786
,,7788,Heidbach,< 10 km² Gewässer,Donau,Hauptgewässer,007788
,,7789,"Geißgrabenbach, Hochbergbach",< 10 km² Gewässer,Donau,Hauptgewässer,007789
,,7790,Rohrbacher Dorfbach,< 10 km² Gewässer,Donau,Hauptgewässer,007790
,2023-08-09,7791,Pöttschinger Bach,< 10 km² Gewässer,Donau,Hauptgewässer,007791
,2023-08-09,7792,Pöttschinger Bach Zubringer,< 10 km² Gewässer,Donau,Hauptgewässer,007792
,,7793,Zillingtaler Bach,< 10 km² Gewässer,Donau,Hauptgewässer,007793
,,7794,Dorfbach Steinbrunn,< 10 km² Gewässer,Donau,Hauptgewässer,007794
,,7796,Kleinhöfleiner Bach,< 10 km² Gewässer,Donau,Hauptgewässer,007796
,,7797,Buchgraben [Eisbach],< 10 km² Gewässer,Donau,Hauptgewässer,007797
,,7798,Sankt Georgener Graben,< 10 km² Gewässer,Donau,Hauptgewässer,007798
,,7799,Zubringer Sankt Georgener Graben,< 10 km² Gewässer,Donau,Hauptgewässer,007799
,,7800,Klingenbach,< 10 km² Gewässer,Donau,Hauptgewässer,007800
,,7801,Wolfsbrunnbach,< 10 km² Gewässer,Donau,Hauptgewässer,007801
,,7802,Hofergraben,< 10 km² Gewässer,Donau,Hauptgewässer,007802
,,7803,Angerbach bei Purbach,< 10 km² Gewässer,Donau,Hauptgewässer,007803
,,7804,Talbach (Gem. Ritzing),< 10 km² Gewässer,Donau,Hauptgewässer,007804
,,7805,Ritzinger Dorfbach,< 10 km² Gewässer,Donau,Hauptgewässer,007805
,,7806,Toberbach,< 10 km² Gewässer,Donau,Hauptgewässer,007806
,,7808,Kampeggbach Zubringer nördl.,< 10 km² Gewässer,Donau,Hauptgewässer,007808
,,7809,Kampeggbach Zubringer südl.,< 10 km² Gewässer,Donau,Hauptgewässer,007809
,,7810,Schöcklbach [Moderbach [Raab]],< 10 km² Gewässer,Donau,Hauptgewässer,007810
,,7812,Almbach,< 10 km² Gewässer,Donau,Hauptgewässer,007812
,,7813,Mühlgrabenbach Zubringer,< 10 km² Gewässer,Donau,Hauptgewässer,007813
,,7814,Lembach [Rabnitzbach],< 10 km² Gewässer,Donau,Hauptgewässer,007814
,,7815,Nogglerbach,< 10 km² Gewässer,Donau,Hauptgewässer,007815
,,7816,Sparbelbach,< 10 km² Gewässer,Donau,Hauptgewässer,007816
,,7817,Buchbach,< 10 km² Gewässer,Donau,Hauptgewässer,007817
,,7818,Mühlgang,< 10 km² Gewässer,Donau,Nebengewässer,007818
,,7819,Siegensdorfer Bach,< 10 km² Gewässer,Donau,Hauptgewässer,007819
,,7820,Buchgraben [Oberfladnitzbach],< 10 km² Gewässer,Donau,Hauptgewässer,007820
,,7821,Lammbach [Tiefernitzbach],< 10 km² Gewässer,Donau,Hauptgewässer,007821
,,7822,Heroderbach,< 10 km² Gewässer,Donau,Hauptgewässer,007822
,,7823,Hauswiesenbach,< 10 km² Gewässer,Donau,Hauptgewässer,007823
,,7824,Luegerbach,< 10 km² Gewässer,Donau,Hauptgewässer,007824
,,7825,Steinwendergraben,< 10 km² Gewässer,Donau,Hauptgewässer,007825
,,7826,Ofenbach [Weißenbach],< 10 km² Gewässer,Donau,Hauptgewässer,007826
,,7827,Hirschgrabenbach Zubringer,< 10 km² Gewässer,Donau,Hauptgewässer,007827
,,7828,Schmaleggbach,< 10 km² Gewässer,Donau,Hauptgewässer,007828
,,7830,Grießbach,< 10 km² Gewässer,Donau,Hauptgewässer,007830
,,7831,Weißenbach [Voraubach],< 10 km² Gewässer,Donau,Hauptgewässer,007831
,,7832,Furtenbach,< 10 km² Gewässer,Donau,Hauptgewässer,007832
,,7833,Auerbach [Burggrabenbach],< 10 km² Gewässer,Donau,Hauptgewässer,007833
,,7834,Vorflutgraben,< 10 km² Gewässer,Donau,Hauptgewässer,007834
,,7835,Marbach,< 10 km² Gewässer,Donau,Hauptgewässer,007835
,,7836,Pongratzenbach,< 10 km² Gewässer,Donau,Hauptgewässer,007836
,,7837,Ertlhöfbach,< 10 km² Gewässer,Donau,Hauptgewässer,007837
,,7838,Schildbach,< 10 km² Gewässer,Donau,Hauptgewässer,007838
,,7839,Werksbach,< 10 km² Gewässer,Donau,Nebengewässer,007839
,,7840,Prätisbach Zubringer,< 10 km² Gewässer,Donau,Hauptgewässer,007840
,,7841,Kleiner Pfaffenbach Zubringer,< 10 km² Gewässer,Donau,Hauptgewässer,007841
,,7842,Kaltenbach [Feistritz],< 10 km² Gewässer,Donau,Hauptgewässer,007842
,,7843,Brennleitenbach,< 10 km² Gewässer,Donau,Hauptgewässer,007843
,,7844,Brennleitenbach Zubringer,< 10 km² Gewässer,Donau,Hauptgewässer,007844
,,7845,Fraunbach,< 10 km² Gewässer,Donau,Hauptgewässer,007845
,,7846,Zwieselgraben,< 10 km² Gewässer,Donau,Hauptgewässer,007846
,,7847,Zwieselgraben Zubringer südl.,< 10 km² Gewässer,Donau,Hauptgewässer,007847
,,7848,Zwieselgraben Zubringer nördl.,< 10 km² Gewässer,Donau,Hauptgewässer,007848
,,7849,Krebsenbach,< 10 km² Gewässer,Donau,Hauptgewässer,007849
,,7850,Krebsenbach Zubringer,< 10 km² Gewässer,Donau,Hauptgewässer,007850
,2023-08-09,7851,FaÌhofergraben,< 10 km² Gewässer,Donau,Hauptgewässer,007851
,,7852,R.Quellbach Zubringer,< 10 km² Gewässer,Donau,Hauptgewässer,007852
,,7853,R.Quellbach,< 10 km² Gewässer,Donau,Hauptgewässer,007853
,,7854,Offeneggerbach,< 10 km² Gewässer,Donau,Hauptgewässer,007854
,,7855,Schmidbach (Nördl. Quellbach),< 10 km² Gewässer,Donau,Hauptgewässer,007855
,2023-08-09,7856,Ambach,< 10 km² Gewässer,Donau,Hauptgewässer,007856
,,7857,Erhardsgrabenbach,< 10 km² Gewässer,Donau,Hauptgewässer,007857
,,7858,Erhardsgrabenbach Zubringer,< 10 km² Gewässer,Donau,Hauptgewässer,007858
,,7859,Mittereggbach,< 10 km² Gewässer,Donau,Hauptgewässer,007859
,,7860,Harterbach,< 10 km² Gewässer,Donau,Hauptgewässer,007860
,,7861,"Bachlbach, Saubach",< 10 km² Gewässer,Donau,Hauptgewässer,007861
,,7862,Saubach [Hühnerbach],10 km² Gewässer,Donau,Hauptgewässer,007862
,,7863,Saubach [Hühnerbach] Zubringer,< 10 km² Gewässer,Donau,Hauptgewässer,007863
,,7864,Dorfgraben [Feistritz] (bei Altenmarkt bei Fürstenfeld),< 10 km² Gewässer,Donau,Hauptgewässer,007864
,,7865,Hühnerbach (Nebeng.),< 10 km² Gewässer,Donau,Nebengewässer,007865
,,7866,St. Lorenzer Bach,< 10 km² Gewässer,Donau,Hauptgewässer,007866
,,7867,"Kogelgrabenbach, Spitalbach",< 10 km² Gewässer,Donau,Hauptgewässer,007867
,,7868,Spitalbach,< 10 km² Gewässer,Donau,Hauptgewässer,007868
,,7870,Schweinsbach,< 10 km² Gewässer,Donau,Hauptgewässer,007870
,,7871,Wehoferbach,< 10 km² Gewässer,Donau,Hauptgewässer,007871
,,7872,Steingrabenbach,< 10 km² Gewässer,Donau,Hauptgewässer,007872
,,7873,Steingrabenbach Zubringer,< 10 km² Gewässer,Donau,Hauptgewässer,007873
,,7874,Goberlingbach,< 10 km² Gewässer,Donau,Hauptgewässer,007874
,,7877,"Burggrabenbach, Waldbach",< 10 km² Gewässer,Donau,Hauptgewässer,007877
,,7878,Gmosbach,< 10 km² Gewässer,Donau,Hauptgewässer,007878
,,7879,Neuberger Bach,< 10 km² Gewässer,Donau,Hauptgewässer,007879
,,7880,Weingraben,< 10 km² Gewässer,Donau,Hauptgewässer,007880
,,7881,Sulzbach GS,< 10 km² Gewässer,Donau,Hauptgewässer,007881
,,7882,Schindergraben,< 10 km² Gewässer,Donau,Hauptgewässer,007882
,,7883,Pinka Entlastung Jabing,< 10 km² Gewässer,Donau,Nebengewässer,007883
,,7889,Steinbach zum Zöbernbach,< 10 km² Gewässer,Donau,Hauptgewässer,007889
,,7890,Zöbernbach Zubringer I,< 10 km² Gewässer,Donau,Hauptgewässer,007890
,,7891,Siebenbründlbach,< 10 km² Gewässer,Donau,Hauptgewässer,007891
,,7899,Siegleswiesenbach,10 km² Gewässer,Donau,Hauptgewässer,007899
,,7908,Mahderbach,< 10 km² Gewässer,Donau,Hauptgewässer,007908
,,7909,Gamsbach,< 10 km² Gewässer,Donau,Hauptgewässer,007909
,,7910,Oberwegbach,< 10 km² Gewässer,Donau,Hauptgewässer,007910
,,7911,Lesingbach,< 10 km² Gewässer,Donau,Hauptgewässer,007911
,,7912,Neusetzbach,< 10 km² Gewässer,Donau,Hauptgewässer,007912
,,7913,Pausendorferbach,< 10 km² Gewässer,Donau,Nebengewässer,007913
,,7914,Lahnbach,< 10 km² Gewässer,Donau,Hauptgewässer,007914
,,7915,Lobmingbach,< 10 km² Gewässer,Donau,Hauptgewässer,007915
,,7916,Gassingbach,< 10 km² Gewässer,Donau,Hauptgewässer,007916
,,7917,Grambach,< 10 km² Gewässer,Donau,Hauptgewässer,007917
,,7918,Kaltenbach,< 10 km² Gewässer,Donau,Hauptgewässer,007918
,,7919,Wolfgrabenbach,< 10 km² Gewässer,Donau,Hauptgewässer,007919
,,7920,Langwiesenbach [Stainzbach],< 10 km² Gewässer,Donau,Hauptgewässer,007920
,,7921,Leisingbach,< 10 km² Gewässer,Donau,Hauptgewässer,007921
,,7922,Nestelbach,< 10 km² Gewässer,Donau,Hauptgewässer,007922
,,7923,Hoferdorferbach,< 10 km² Gewässer,Donau,Hauptgewässer,007923
,,7924,Petersbach [Mur],< 10 km² Gewässer,Donau,Hauptgewässer,007924
,,7925,Stufenbach,< 10 km² Gewässer,Donau,Hauptgewässer,007925
,,7926,Weizbach,< 10 km² Gewässer,Donau,Hauptgewässer,007926
,,7927,Dürrgrabenbach,< 10 km² Gewässer,Donau,Hauptgewässer,007927
,,7928,Rainleiten,< 10 km² Gewässer,Donau,Hauptgewässer,007928
,,7929,Mariagrüner Bach,< 10 km² Gewässer,Donau,Hauptgewässer,007929
,,7930,Josefbach,< 10 km² Gewässer,Donau,Hauptgewässer,007930
,,7931,Ankesbach,< 10 km² Gewässer,Donau,Hauptgewässer,007931
,,7932,Panzenbeckgraben,< 10 km² Gewässer,Donau,Hauptgewässer,007932
,,7933,Hühnerbergbach,< 10 km² Gewässer,Donau,Hauptgewässer,007933
,,7934,Annabach,< 10 km² Gewässer,Donau,Hauptgewässer,007934
,,7935,Einödbach,< 10 km² Gewässer,Donau,Hauptgewässer,007935
,,7936,Bründlbach,< 10 km² Gewässer,Donau,Hauptgewässer,007936
,,7937,Katzelbach,< 10 km² Gewässer,Donau,Hauptgewässer,007937
,,7938,Tiefentalgerinne,< 10 km² Gewässer,Donau,Hauptgewässer,007938
,,7939,Dürrfeistritz,< 10 km² Gewässer,Donau,Hauptgewässer,007939
,,7941,Haselbach,< 10 km² Gewässer,Donau,Hauptgewässer,007941
,,7942,Faule Sulz,< 10 km² Gewässer,Donau,Hauptgewässer,007942
,,7943,Gabriachbach,< 10 km² Gewässer,Donau,Hauptgewässer,007943
,,7945,Spielbergbach [Mur],< 10 km² Gewässer,Donau,Hauptgewässer,007945
,,7946,Seetraun (Bayern),10 km² Gewässer,Donau,Hauptgewässer,007946
,,7947,Rote Traun (Bayern),100 km² Gewässer,Donau,Hauptgewässer,007947
,2023-08-09,7948,Traun (Bayern),100 km² Gewässer,Donau,Hauptgewässer,007948
2023-08-10,,7958,Eibelebach,10 km² Gewässer,Rhein,Hauptgewässer,007958
2023-08-10,,7960,Hinterer Steinbach,10 km² Gewässer,Donau,Hauptgewässer,007960
2023-08-10,,7962,Steinbach (Achen),10 km² Gewässer,Donau,Hauptgewässer,007962
2023-08-10,,7963,Wechselgraben,10 km² Gewässer,Donau,Hauptgewässer,007963
,,100079,Kroisbach [Stögersbach],< 10 km² Gewässer,Donau,Hauptgewässer,100079
,,100104,Bach von Kirchfidisch,< 10 km² Gewässer,Donau,Hauptgewässer,100104
,,100167,Alt-Strem,10 km² Gewässer,Donau,Hauptgewässer,100167
,,100168,"Lafnitz-Lahnbach zur Lafnitz HW-Überströmstrecke 1, KG Deutch Kaltenbrunn",10 km² Gewässer,Donau,Nebengewässer,100168
,,100169,"Lafnitz-Lahnbach zur Lafnitz HW-Überströmstrecke 3, KG Markt Allhau",10 km² Gewässer,Donau,Nebengewässer,100169
,,100170,Altlauf Lafnitz (Ehemalige Fritzmühle),10 km² Gewässer,Donau,Nebengewässer,100170
,,100171,"Lafnitz-Lahnbach zur Lafnitz HW-Überströmstrecke 2, KG Deutsch Kaltenbrunn",10 km² Gewässer,Donau,Nebengewässer,100171
,,100177,"Altlauf Pinka, KG Pinkafeld",10 km² Gewässer,Donau,Nebengewässer,100177
,,100178,"Raab HW-Überströmstrecke, KG Weichselbaum",10 km² Gewässer,Donau,Nebengewässer,100178
,,100179,"Raab HW-Überströmstrecke 1, KG Rax",10 km² Gewässer,Donau,Nebengewässer,100179
,,100180,"Raab HW-Überströmstrecke 2, KG Rax",10 km² Gewässer,Donau,Nebengewässer,100180
,,100181,"Raab HW-Überströmstrecke 3, KG Rax",10 km² Gewässer,Donau,Nebengewässer,100181
,,100182,"Altarm Jennersdorf, KG Jennersdorf",10 km² Gewässer,Donau,Nebengewässer,100182
,,100183,"Altarm (Unbekanntes Gerinne), KG St. Martin an der Raab",10 km² Gewässer,Donau,Nebengewässer,100183
2023-08-10,,100190,Erlengrabenbach,< 10 km² Gewässer,Donau,Hauptgewässer,100190
2023-08-10,,100191,Höfleiner Ortsbach,< 10 km² Gewässer,Donau,Hauptgewässer,100191
2023-08-10,,100199,"Gainaubach, Steinbach bei Glashütten",10 km² Gewässer,Donau,Hauptgewässer,100199
2023-08-10,,100212,Graben Krautgärten,< 10 km² Gewässer,Donau,Hauptgewässer,100212
2023-08-10,,100213,Schlossgraben,< 10 km² Gewässer,Donau,Hauptgewässer,100213
2023-08-10,,100214,Ortsbach,< 10 km² Gewässer,Donau,Hauptgewässer,100214
2023-08-10,,100215,"Außeraubach, Erlaubach",10 km² Gewässer,Donau,Hauptgewässer,100215
,,1100013,Klostergraben,< 10 km² Gewässer,Donau,Hauptgewässer,1100013
,,1100024,Piringsdorfer Graben,< 10 km² Gewässer,Donau,Hauptgewässer,1100024
,,110003,Kimmbergbachl,< 10 km² Gewässer,Donau,Hauptgewässer,110003
,,110004,Rosenberggraben,< 10 km² Gewässer,Donau,Hauptgewässer,110004
,,110005,Kirchenbach,10 km² Gewässer,Donau,Hauptgewässer,110005
,,110007,Klostergraben (Schöllingbach) - nördl. Quellast,< 10 km² Gewässer,Donau,Hauptgewässer,110007
,,110008,Klostergraben (Schöllingbach) - Zubringer nördl. Quellast,< 10 km² Gewässer,Donau,Hauptgewässer,110008
,,1100088,Angerbach bei Stuben,< 10 km² Gewässer,Donau,Hauptgewässer,1100088
,,1100113,Müllenbach,10 km² Gewässer,Donau,Hauptgewässer,1100113
,,110019,Erlbach MA,10 km² Gewässer,Donau,Hauptgewässer,110019
,,110020,Hornsteiner Bach (Ortsbach Hornstein),10 km² Gewässer,Donau,Hauptgewässer,110020
,,110021,Minibach,10 km² Gewässer,Donau,Hauptgewässer,110021
,,110022,Stubenbach Zubringer,10 km² Gewässer,Donau,Hauptgewässer,110022
,,110024,Zusätzliche Dotierung Rustenbach,10 km² Gewässer,Donau,Nebengewässer,110024
,,110025,Lahn [Lafnitz] (Nebeng.),10 km² Gewässer,Donau,Nebengewässer,110025
,,110026,Gyöngyös-műcsatorna,500 km² Gewässer,Donau,Hauptgewässer,110026
,,110027,Répce (Csepregi)-árapasztó,10 km² Gewässer,Donau,Nebengewässer,110027
,,110031,Bozsoki-patak,10 km² Gewässer,Donau,Hauptgewässer,110031
,,110034,Allerheiligenbach,10 km² Gewässer,Donau,Hauptgewässer,110034
,,110035,Szakonyi-övcsatorna,10 km² Gewässer,Donau,Hauptgewässer,110035
,,110038,Sorok-Perint,500 km² Gewässer,Donau,Hauptgewässer,110038
,,110042,Metőc-patak,10 km² Gewässer,Donau,Hauptgewässer,110042
2023-08-10,,110047,Pinka Mühlbach,10 km² Gewässer,Donau,Nebengewässer,110047
,,110080,Steierbach,10 km² Gewässer,Donau,Hauptgewässer,110080
,,110082,Rábca,4000 km² Gewässer,Donau,Hauptgewässer,110082
,,200001,Lammerbach (Gem. St. Andrä),10 km² Gewässer,Donau,Hauptgewässer,200001
,,200002,Peratschitzenbach (Gem. St. Kanzian),10 km² Gewässer,Donau,Hauptgewässer,200002
,,200003,Suchabach (Gösselsdorfersee),10 km² Gewässer,Donau,Hauptgewässer,200003
,,200004,Muschenigbach (Gem. Eisenkappel),10 km² Gewässer,Donau,Hauptgewässer,200004
,,200005,Vorfluter Kleine Drau (Gem. St. Margarethen),10 km² Gewässer,Donau,Hauptgewässer,200005
,,200006,Hudajamabach (Gem. Ferlach),10 km² Gewässer,Donau,Hauptgewässer,200006
,,200007,Loiblpassbach (Gem. Ferlach),< 10 km² Gewässer,Donau,Hauptgewässer,200007
,,200008,Worounitzabach (Gem. Finkenstein),10 km² Gewässer,Donau,Hauptgewässer,200008
,,200009,Wernberger Schleife,< 10 km² Gewässer,Donau,Hauptgewässer,200009
,,200010,Poludnigbach (Gem. Hermagor),10 km² Gewässer,Donau,Hauptgewässer,200010
,,200011,Rudnigbach (Gem. Hermagor),10 km² Gewässer,Donau,Hauptgewässer,200011
,,200012,Tiefengraben (Gem. Kirchbach),10 km² Gewässer,Donau,Hauptgewässer,200012
,,200013,Wildensenderbach (Gem. Lesachtal),10 km² Gewässer,Donau,Hauptgewässer,200013
,,200014,Winklbach (Gem. Albeck),< 10 km² Gewässer,Donau,Hauptgewässer,200014
,,200015,Hochfeistritzbach (Gem. Eberstein),10 km² Gewässer,Donau,Hauptgewässer,200015
,,200016,Marbach (Gem. Frauenstein),< 10 km² Gewässer,Donau,Hauptgewässer,200016
,,200017,Rajacherbach (Gem. Velden),100 km² Gewässer,Donau,Hauptgewässer,200017
,,200018,Rakouzabach (Gem. Schiefling),10 km² Gewässer,Donau,Hauptgewässer,200018
,,200019,"Tiebel (Gem. Feldkirchen, Himmelberg)",100 km² Gewässer,Donau,Hauptgewässer,200019
,,200020,Kohlweissbach (Gem. Feld am See),100 km² Gewässer,Donau,Hauptgewässer,200020
,,200021,Treffnerbach (Gem. Treffen),100 km² Gewässer,Donau,Hauptgewässer,200021
,,200022,Langwandgraben (Gem. Paternion),10 km² Gewässer,Donau,Hauptgewässer,200022
,,200023,Entwässerungsgraben Rachonerbach (Gem. Steinfeld),< 10 km² Gewässer,Donau,Hauptgewässer,200023
,,200024,Tisoutzgraben (Gem. Paternion),< 10 km² Gewässer,Donau,Hauptgewässer,200024
,,200025,Pöllandbach (Gem. St. Stefan i. Gailtal),< 10 km² Gewässer,Donau,Hauptgewässer,200025
,,200026,Zubringer Weißensee,100 km² Gewässer,Donau,Hauptgewässer,200026
,,200027,Sandgraben (Gem. Stockenboi),10 km² Gewässer,Donau,Hauptgewässer,200027
,,200028,Riegerbach (Gem. Radenthein),100 km² Gewässer,Donau,Hauptgewässer,200028
,,200029,Kleinkirchheimerbach (Gem. Bad Kleinkirchheim),100 km² Gewässer,Donau,Hauptgewässer,200029
,,200030,Rottensteinerbach (Gem. Bad Kleinkirchheim),100 km² Gewässer,Donau,Hauptgewässer,200030
,,200031,Erlachgraben (Gem. Feld am See),10 km² Gewässer,Donau,Hauptgewässer,200031
,,200032,Novakbach (Gem. Millstatt),< 10 km² Gewässer,Donau,Hauptgewässer,200032
,,200033,Tauernbach (Gem. Mallnitz),100 km² Gewässer,Donau,Hauptgewässer,200033
,,200034,Hirnlochbach (Gem. Glödnitz),10 km² Gewässer,Donau,Hauptgewässer,200034
,,200035,Weißenbach (Gem. Finkenstein),10 km² Gewässer,Donau,Hauptgewässer,200035
,,200036,Großelendbach (Gem. Malta),100 km² Gewässer,Donau,Hauptgewässer,200036
,,200037,Pirkner Bach (Gem. Oberdrauburg),10 km² Gewässer,Donau,Hauptgewässer,200037
,,200038,Silbergraben (Gem. Oberdrauburg),10 km² Gewässer,Donau,Hauptgewässer,200038
,,200039,Doblbach (Gem. Oberdrauburg),10 km² Gewässer,Donau,Hauptgewässer,200039
,,200040,Drassnitzbach (Gem. Dellach i. Drautal),10 km² Gewässer,Donau,Hauptgewässer,200040
,,200041,Gursgenbach (Gem. Dellach i. Drautal),10 km² Gewässer,Donau,Hauptgewässer,200041
,,200042,Feistritzbach (Drau - Gem. Berg),10 km² Gewässer,Donau,Hauptgewässer,200042
,,200043,Gnoppnitzbach (Gem. Greifenburg),10 km² Gewässer,Donau,Hauptgewässer,200043
,,200044,Grabach (Gem. Steinfeld),10 km² Gewässer,Donau,Hauptgewässer,200044
,,200045,Fellbach (Drau - Gem. Steinfeld),10 km² Gewässer,Donau,Hauptgewässer,200045
,,200046,Gerlamooser Bach (Gem. Steinfeld),10 km² Gewässer,Donau,Hauptgewässer,200046
,,200047,Siflitzbach (Gem. Kleblach Lind),10 km² Gewässer,Donau,Hauptgewässer,200047
,,200048,Nikolaibach (Gem. Sachsenburg),10 km² Gewässer,Donau,Hauptgewässer,200048
,,200049,Möll,1000 km² Gewässer,Donau,Hauptgewässer,200049
,,200050,Pfandlbach (Gem. Heiligenblut),10 km² Gewässer,Donau,Hauptgewässer,200050
,,200051,Gößnitzbach (Gem. Heiligenblut),10 km² Gewässer,Donau,Hauptgewässer,200051
,,200052,Guttalbach (Gem. Heiligenblut),10 km² Gewässer,Donau,Hauptgewässer,200052
,,200053,Großfleißbach,10 km² Gewässer,Donau,Hauptgewässer,200053
,,200054,Kleinfleißbach,10 km² Gewässer,Donau,Hauptgewässer,200054
,,200055,Gradenbach (Gem. Rangersdorf),10 km² Gewässer,Donau,Hauptgewässer,200055
,,200056,Große Zirknitz,10 km² Gewässer,Donau,Hauptgewässer,200056
,,200057,Kleine Zirknitz,10 km² Gewässer,Donau,Hauptgewässer,200057
,,200058,Wangenitzbach (Gem. Mörtschach),10 km² Gewässer,Donau,Hauptgewässer,200058
,,200059,Astenbach,10 km² Gewässer,Donau,Hauptgewässer,200059
,,200060,Golmitzenbach (Gem. Mörtschach),10 km² Gewässer,Donau,Hauptgewässer,200060
,,200061,Zlainitzbach (Gem. Rangersdorf),10 km² Gewässer,Donau,Hauptgewässer,200061
,,200062,Lamnitzbach,10 km² Gewässer,Donau,Hauptgewässer,200062
,,200063,Wöllabach,10 km² Gewässer,Donau,Hauptgewässer,200063
,,200064,Fragantbach (Gem. Flattach),10 km² Gewässer,Donau,Hauptgewässer,200064
,,200065,Großfraganterbach,10 km² Gewässer,Donau,Hauptgewässer,200065
,,200066,Raggabach (Gem. Flattach),10 km² Gewässer,Donau,Hauptgewässer,200066
,,200067,Mallnitzbach,100 km² Gewässer,Donau,Hauptgewässer,200067
,,200068,Dösenbach (Gem. Mallnitz),10 km² Gewässer,Donau,Hauptgewässer,200068
,,200069,Kaponigbach (Gem. Obervellach),10 km² Gewässer,Donau,Hauptgewässer,200069
,,200070,Zwenbergbach (Gem. Obervellach),10 km² Gewässer,Donau,Hauptgewässer,200070
,,200071,Teuchlbach,10 km² Gewässer,Donau,Hauptgewässer,200071
,,200072,Riekenbach (Gem. Reißeck),10 km² Gewässer,Donau,Hauptgewässer,200072
,,200073,Mühldorfer Bach,10 km² Gewässer,Donau,Hauptgewässer,200073
,,200074,Lieser,1000 km² Gewässer,Donau,Hauptgewässer,200074
,,200075,Wolfsbach,10 km² Gewässer,Donau,Hauptgewässer,200075
,,200076,Laußnitzbach,10 km² Gewässer,Donau,Hauptgewässer,200076
,,200077,Hochfeldbach,10 km² Gewässer,Donau,Hauptgewässer,200077
,,200078,Burgstallbach,10 km² Gewässer,Donau,Hauptgewässer,200078
,,200079,Heiligenbach (Gem. Krems),10 km² Gewässer,Donau,Hauptgewässer,200079
,,200080,Grünsangerlbach,10 km² Gewässer,Donau,Hauptgewässer,200080
,,200081,Leobenbach (Gem. Krems in Kärnten),10 km² Gewässer,Donau,Hauptgewässer,200081
,,200082,Nöringbach,10 km² Gewässer,Donau,Hauptgewässer,200082
,,200083,Gamschitzbach,10 km² Gewässer,Donau,Hauptgewässer,200083
,,200084,Drehtalbach (Gem. Gmünd),10 km² Gewässer,Donau,Hauptgewässer,200084
,,200085,Malta,100 km² Gewässer,Donau,Hauptgewässer,200085
,,200086,Kleinelendbach (Gem. Malta),10 km² Gewässer,Donau,Hauptgewässer,200086
,,200087,Hochalmbach,10 km² Gewässer,Donau,Hauptgewässer,200087
,,200088,Gößbach,10 km² Gewässer,Donau,Hauptgewässer,200088
,,200089,Fallbach II (Zubringer Malta),10 km² Gewässer,Donau,Hauptgewässer,200089
,,200090,Feistritzbach (Malta - Gem. Malta),10 km² Gewässer,Donau,Hauptgewässer,200090
,,200091,Radlbach (Gem. Trebesing),10 km² Gewässer,Donau,Hauptgewässer,200091
,,200092,Steinbrückenbach,10 km² Gewässer,Donau,Hauptgewässer,200092
,,200093,Seebach (Gem. Seeboden),100 km² Gewässer,Donau,Hauptgewässer,200093
,,200094,St. Oswalderbach,10 km² Gewässer,Donau,Hauptgewässer,200094
,,200095,Feldbach (Gem. Feld am See),10 km² Gewässer,Donau,Hauptgewässer,200095
,,200096,Kaningerbach (Gem. Radenthein),10 km² Gewässer,Donau,Hauptgewässer,200096
,,200097,Globatschbach (Gem. Radenthein),10 km² Gewässer,Donau,Hauptgewässer,200097
,,200098,Rossbach (Gem. Radenthein),10 km² Gewässer,Donau,Hauptgewässer,200098
,,200099,Millstätter Riegerbach (Gem. Millstatt),10 km² Gewässer,Donau,Hauptgewässer,200099
,,200100,Trefflinger Bach (Gem. Seeboden),10 km² Gewässer,Donau,Hauptgewässer,200100
,,200101,Weißenbach (Gem. Stockenboi),100 km² Gewässer,Donau,Hauptgewässer,200101
,,200102,Tscherniheimer Bach,10 km² Gewässer,Donau,Hauptgewässer,200102
,,200103,Tiboldbach (Gem. Stockenboi),10 km² Gewässer,Donau,Hauptgewässer,200103
,,200104,Fellbach (Weißenbach - Gem. Stockenboi),10 km² Gewässer,Donau,Hauptgewässer,200104
,,200105,Weiererbach (Gem. Fresach),10 km² Gewässer,Donau,Hauptgewässer,200105
,,200106,Kreuzenbach (Gem. Paternion),10 km² Gewässer,Donau,Hauptgewässer,200106
,,200107,Gailwaldbach (Gem. Paternion),10 km² Gewässer,Donau,Hauptgewässer,200107
,,200108,Golbitschbach (Gem. Paternion),10 km² Gewässer,Donau,Hauptgewässer,200108
,,200109,Stadelbach (Gem. Weißenstein),10 km² Gewässer,Donau,Hauptgewässer,200109
,,200110,Zauchenbach (Gem. Weißenstein),10 km² Gewässer,Donau,Hauptgewässer,200110
,,200111,Weißenbach III (Gem. Bleiberg),10 km² Gewässer,Donau,Hauptgewässer,200111
,,200112,Fellach (Gem. Villach),10 km² Gewässer,Donau,Hauptgewässer,200112
,,200113,Seebach (Gem. Villach),100 km² Gewässer,Donau,Hauptgewässer,200113
,,200114,Teuchenbach,10 km² Gewässer,Donau,Hauptgewässer,200114
,,200115,Tiffner Bach,10 km² Gewässer,Donau,Hauptgewässer,200115
,,200116,Tassachbach,10 km² Gewässer,Donau,Hauptgewässer,200116
,,200117,Arriachbach,10 km² Gewässer,Donau,Hauptgewässer,200117
,,200118,Mühlbach (Gem. Arriach),10 km² Gewässer,Donau,Hauptgewässer,200118
,,200119,Luggauer Bach,10 km² Gewässer,Donau,Hauptgewässer,200119
,,200120,Radegunder Bach (Gem. Lesachtal),10 km² Gewässer,Donau,Hauptgewässer,200120
,,200121,Frohnbach,10 km² Gewässer,Donau,Hauptgewässer,200121
,,200122,Obergailer Bach,10 km² Gewässer,Donau,Hauptgewässer,200122
,,200123,Niedergailergraben,10 km² Gewässer,Donau,Hauptgewässer,200123
,,200124,Wolayer Bach (Gem. Lesachtal),10 km² Gewässer,Donau,Hauptgewässer,200124
,,200125,Podlaniggraben,10 km² Gewässer,Donau,Hauptgewässer,200125
,,200126,Sittmosergraben,10 km² Gewässer,Donau,Hauptgewässer,200126
,,200127,Valentinbach (Gem. Kötschach Mauthen),10 km² Gewässer,Donau,Hauptgewässer,200127
,,200128,Angerbach (Gem. Kötschach Mauthen),10 km² Gewässer,Donau,Hauptgewässer,200128
,,200129,Laaser Bach (Gem. Kötschach Mauthen),10 km² Gewässer,Donau,Hauptgewässer,200129
,,200130,Aßnitzbach (Gem. Kötschach Mauthen),10 km² Gewässer,Donau,Hauptgewässer,200130
,,200131,Dellacherbach,10 km² Gewässer,Donau,Hauptgewässer,200131
,,200132,Grafendorferbach,10 km² Gewässer,Donau,Hauptgewässer,200132
,,200133,Stranigbach (Gem. Kirchbach),10 km² Gewässer,Donau,Hauptgewässer,200133
,,200134,Kirchbachgraben (Gem. Kirchbach),10 km² Gewässer,Donau,Hauptgewässer,200134
,,200135,Gailitzenbach (Gem. Kirchbach),10 km² Gewässer,Donau,Hauptgewässer,200135
,,200136,Doberbach (Gem. Hermagor),10 km² Gewässer,Donau,Hauptgewässer,200136
,,200137,Oselitzenbach (Gem. Hermagor),10 km² Gewässer,Donau,Hauptgewässer,200137
,,200138,Gössering (Gem. Gitschtal),10 km² Gewässer,Donau,Hauptgewässer,200138
,,200139,Garnitzenbach (Gem. Hermagor),10 km² Gewässer,Donau,Hauptgewässer,200139
,,200140,Seebach-Vella (Gem. Hermagor),10 km² Gewässer,Donau,Hauptgewässer,200140
,,200141,Vorderberger Wildbach,10 km² Gewässer,Donau,Hauptgewässer,200141
,,200142,Hadinjabach [Feistritzbach (Gem. Feistritz a. d. Gail)],10 km² Gewässer,Donau,Hauptgewässer,200142
,,200143,Nötschbach,10 km² Gewässer,Donau,Hauptgewässer,200143
,,200144,Draschitzbach (Gem. Hohenthurn),10 km² Gewässer,Donau,Hauptgewässer,200144
,,200145,Moosgrabenbach,10 km² Gewässer,Donau,Hauptgewässer,200145
,,200146,Gailitz,100 km² Gewässer,Donau,Hauptgewässer,200146
,,200147,Kokra (Gem. Arnoldstein),10 km² Gewässer,Donau,Hauptgewässer,200147
,,200148,Fürnitzer Feistritzbach (Gem. Finkenstein),10 km² Gewässer,Donau,Hauptgewässer,200148
,,200149,Suchabach (Gem. Finkenstein),10 km² Gewässer,Donau,Hauptgewässer,200149
,,200150,Seebach (Gem. Finkenstein),10 km² Gewässer,Donau,Hauptgewässer,200150
,,200151,Mühlbach (Gem. St. Jakob i. R.),10 km² Gewässer,Donau,Hauptgewässer,200151
,,200152,Rosenbach,10 km² Gewässer,Donau,Hauptgewässer,200152
,,200153,Feistritz (Gem. Feistritz i. Rosental),10 km² Gewässer,Donau,Hauptgewässer,200153
,,200154,Kleine Drau (Gem. Ferlach),10 km² Gewässer,Donau,Hauptgewässer,200154
,,200155,Loiblbach (Gem. Ferlach),10 km² Gewässer,Donau,Hauptgewässer,200155
,,200156,Bodenbach (Gem. Ferlach),10 km² Gewässer,Donau,Hauptgewässer,200156
,,200157,Waidischbach (Gem. Ferlach),10 km² Gewässer,Donau,Hauptgewässer,200157
,,200158,Ribnica,10 km² Gewässer,Donau,Hauptgewässer,200158
,,200159,Hainschbach (Gem. Zell),10 km² Gewässer,Donau,Hauptgewässer,200159
,,200160,Gotschuchenbach (Gem. St. Margarethen i. R.),10 km² Gewässer,Donau,Hauptgewässer,200160
,,200161,Freibach (Gem. St. Margarethen i. R.),10 km² Gewässer,Donau,Hauptgewässer,200161
,,200162,Wildensteiner Bach,10 km² Gewässer,Donau,Hauptgewässer,200162
,,200163,Vellach,100 km² Gewässer,Donau,Hauptgewässer,200163
,,200164,Remschenigbach (Gem. Eisenkappel),10 km² Gewässer,Donau,Hauptgewässer,200164
,,200165,Leppenbach,10 km² Gewässer,Donau,Hauptgewässer,200165
,,200166,Ebriachbach (Gem. Eisenkappel),10 km² Gewässer,Donau,Hauptgewässer,200166
,,200167,Gurk,1000 km² Gewässer,Donau,Hauptgewässer,200167
,,200168,Stangenbach (Gem. Reichenau),10 km² Gewässer,Donau,Hauptgewässer,200168
,,200169,Winklbach (Gem. Reichenau),10 km² Gewässer,Donau,Hauptgewässer,200169
,,200170,Sauerreggenbach (Gem. Reichenau),10 km² Gewässer,Donau,Hauptgewässer,200170
,,200171,Holzbodenbach (Gem. Reichenau),10 km² Gewässer,Donau,Hauptgewässer,200171
,,200172,Haidenbach,10 km² Gewässer,Donau,Hauptgewässer,200172
,,200173,Görzbach,10 km² Gewässer,Donau,Hauptgewässer,200173
,,200174,Sirnitz (Gem. Albeck),10 km² Gewässer,Donau,Hauptgewässer,200174
,,200175,Griffenbach (Gem. Deutsch-Griffen),10 km² Gewässer,Donau,Hauptgewässer,200175
,,200176,Lammbach (Gem. Deutsch-Griffen),10 km² Gewässer,Donau,Hauptgewässer,200176
,,200177,Glödnitzbach,10 km² Gewässer,Donau,Hauptgewässer,200177
,,200178,Mödringbach (Gem. Weitensfeld),10 km² Gewässer,Donau,Hauptgewässer,200178
,,200179,Zweinitzbach,10 km² Gewässer,Donau,Hauptgewässer,200179
,,200180,Draschelbach (Gem. Gurk),10 km² Gewässer,Donau,Hauptgewässer,200180
,,200181,Langwiesenbach (Gem. Strassburg),10 km² Gewässer,Donau,Hauptgewässer,200181
,,200182,Ratschachbach (Gem. Straßburg),10 km² Gewässer,Donau,Hauptgewässer,200182
,,200183,Höllgraben (Gem. Straßburg),10 km² Gewässer,Donau,Hauptgewässer,200183
,,200184,Metnitz,100 km² Gewässer,Donau,Hauptgewässer,200184
,,200185,Schwarzenbach (Gem. Metnitz),10 km² Gewässer,Donau,Hauptgewässer,200185
,,200186,Wöbringbach,10 km² Gewässer,Donau,Hauptgewässer,200186
,,200187,Vellachbach (Gem. Metnitz),10 km² Gewässer,Donau,Hauptgewässer,200187
,,200188,Teichlbach,10 km² Gewässer,Donau,Hauptgewässer,200188
,,200189,Feistritz (Metnitz - Gem. Metnitz),10 km² Gewässer,Donau,Hauptgewässer,200189
,,200190,Rossbach (Gem. Friesach),10 km² Gewässer,Donau,Hauptgewässer,200190
,,200191,Gwerzbach,10 km² Gewässer,Donau,Hauptgewässer,200191
,,200192,Timrianbach,10 km² Gewässer,Donau,Hauptgewässer,200192
,,200193,Schratzbach,10 km² Gewässer,Donau,Hauptgewässer,200193
,,200194,Zeltschacher Bach,10 km² Gewässer,Donau,Hauptgewässer,200194
,,200195,Tschatschgerbach (Gem. Mölbling),10 km² Gewässer,Donau,Hauptgewässer,200195
,,200196,Silberbach,10 km² Gewässer,Donau,Hauptgewässer,200196
,,200197,Bodnerbach,10 km² Gewässer,Donau,Hauptgewässer,200197
,,200198,Mosinzbach,10 km² Gewässer,Donau,Hauptgewässer,200198
,,200199,Schafgrabenbach (Gem. Hüttenberg),< 10 km² Gewässer,Donau,Hauptgewässer,200199
,,200200,Löllingbach (Gem. Guttaring),10 km² Gewässer,Donau,Hauptgewässer,200200
,,200201,Graierbach,10 km² Gewässer,Donau,Hauptgewässer,200201
,,200202,Grünburger Bach,10 km² Gewässer,Donau,Hauptgewässer,200202
,,200203,Schreckbach,10 km² Gewässer,Donau,Hauptgewässer,200203
,,200204,Tißeckerbach,10 km² Gewässer,Donau,Hauptgewässer,200204
,,200205,Feistritzbach (Gem. Eberstein),10 km² Gewässer,Donau,Hauptgewässer,200205
,,200206,Timenitzenbach,10 km² Gewässer,Donau,Hauptgewässer,200206
,,200207,Arndorfer Bach,10 km² Gewässer,Donau,Hauptgewässer,200207
,,200208,Raba (Gem. Klagenfurt),10 km² Gewässer,Donau,Hauptgewässer,200208
,,200209,Glan,500 km² Gewässer,Donau,Hauptgewässer,200209
,,200210,Klammbach (Gem. Feldkirchen),10 km² Gewässer,Donau,Hauptgewässer,200210
,,200211,Roggbach (Gem. Steuerberg),10 km² Gewässer,Donau,Hauptgewässer,200211
,,200212,Rohnsdorfer Bach,10 km² Gewässer,Donau,Hauptgewässer,200212
,,200213,Feistritzbach im Glantal (Gem. Liebenfels),10 km² Gewässer,Donau,Hauptgewässer,200213
,,200214,Retschitzbach (Gem. Liebenfels),10 km² Gewässer,Donau,Hauptgewässer,200214
,,200215,Sörgerbach (Gem. Liebenfels),10 km² Gewässer,Donau,Hauptgewässer,200215
,,200216,Mühlbach (Gem. Frauenstein),10 km² Gewässer,Donau,Hauptgewässer,200216
,,200217,Wimitzbach,100 km² Gewässer,Donau,Hauptgewässer,200217
,,200218,Kraigerbach,10 km² Gewässer,Donau,Hauptgewässer,200218
,,200219,Ziegelbach (Gem. St. Georgen),10 km² Gewässer,Donau,Hauptgewässer,200219
,,200220,Lavabach,10 km² Gewässer,Donau,Hauptgewässer,200220
,,200221,Wölfnitzbach (Glan),10 km² Gewässer,Donau,Hauptgewässer,200221
,,200222,Rosenauer Bach,10 km² Gewässer,Donau,Hauptgewässer,200222
,,200223,Strugabach (Gem. Klagenfurt),10 km² Gewässer,Donau,Hauptgewässer,200223
,,200224,Glanfurt,100 km² Gewässer,Donau,Hauptgewässer,200224
,,200225,Reifnitzbach (Gem. Schiefling),10 km² Gewässer,Donau,Hauptgewässer,200225
,,200226,Damtschacherbach (Gem. Velden und Wernberg),10 km² Gewässer,Donau,Hauptgewässer,200226
,,200227,Köstenbergerbach,10 km² Gewässer,Donau,Hauptgewässer,200227
,,200228,Viktringerbach (Seebach),10 km² Gewässer,Donau,Hauptgewässer,200228
,,200229,Köttmannsdorfer Bach (Kehrbach),10 km² Gewässer,Donau,Hauptgewässer,200229
,,200230,Zwanzgerberger Bach (Gem. Ebenthal),10 km² Gewässer,Donau,Hauptgewässer,200230
,,200231,Grafensteiner Bach,10 km² Gewässer,Donau,Hauptgewässer,200231
,,200232,"Wölfnitzbach (Gem. Grafenstein, Gem. Poggersdorf) (Thoner Bach)",10 km² Gewässer,Donau,Hauptgewässer,200232
,,200233,Krebsenbach (Gem. Völkermarkt),10 km² Gewässer,Donau,Hauptgewässer,200233
,,200234,Trixnerbach (Gem. Völkermarkt),10 km² Gewässer,Donau,Hauptgewässer,200234
,,200235,Klopeiner Bach,10 km² Gewässer,Donau,Hauptgewässer,200235
,,200236,Seebach (Gösselsdorfersee),10 km² Gewässer,Donau,Hauptgewässer,200236
,,200237,Kotschuschabach,10 km² Gewässer,Donau,Hauptgewässer,200237
,,200238,Wurlabach (Gem. Völkermarkt),10 km² Gewässer,Donau,Hauptgewässer,200238
,,200239,Haimburger Bach (Gem. Völkermarkt),10 km² Gewässer,Donau,Hauptgewässer,200239
,,200240,Lorenzibach,10 km² Gewässer,Donau,Hauptgewässer,200240
,,200241,Globasnitzbach,10 km² Gewässer,Donau,Hauptgewässer,200241
,,200242,"Wölfnitzbach (Gem. Ruden, Gem. Griffen)",100 km² Gewässer,Donau,Hauptgewässer,200242
,,200243,Grafenbach (Gem. Griffen),10 km² Gewässer,Donau,Hauptgewässer,200243
,,200244,Gletschachbach (Gem. Griffen),10 km² Gewässer,Donau,Hauptgewässer,200244
,,200245,Feistritzbach (Gem. Bleiburg),100 km² Gewässer,Donau,Hauptgewässer,200245
,,200246,Loibach (Gem. Bleiburg),10 km² Gewässer,Donau,Hauptgewässer,200246
,,200247,Suchabach bei Neuhaus,10 km² Gewässer,Donau,Hauptgewässer,200247
,,200248,Sommeraubach,10 km² Gewässer,Donau,Hauptgewässer,200248
,,200249,Schirnitzbach,10 km² Gewässer,Donau,Hauptgewässer,200249
,,200250,Lichtengrabenbach (Gem. Bad St. Leonhard),10 km² Gewässer,Donau,Hauptgewässer,200250
,,200251,Feistritz (Lavant - Gem. Bad St. Leonhard),10 km² Gewässer,Donau,Hauptgewässer,200251
,,200252,Klieningbach (Gem. Bad St. Leonhard),10 km² Gewässer,Donau,Hauptgewässer,200252
,,200253,Waldensteiner Bach,100 km² Gewässer,Donau,Hauptgewässer,200253
,,200254,Auerlingbach,10 km² Gewässer,Donau,Hauptgewässer,200254
,,200255,Ödenbach,10 km² Gewässer,Donau,Hauptgewässer,200255
,,200256,Fraßbach,10 km² Gewässer,Donau,Hauptgewässer,200256
,,200257,Prössingbach,10 km² Gewässer,Donau,Hauptgewässer,200257
,,200258,Rassingbach,10 km² Gewässer,Donau,Hauptgewässer,200258
,,200259,Auenbach (Lavant),10 km² Gewässer,Donau,Hauptgewässer,200259
,,200260,Weißenbach (Gem. Wolfsberg),10 km² Gewässer,Donau,Hauptgewässer,200260
,,200261,Arlingbach,10 km² Gewässer,Donau,Hauptgewässer,200261
,,200262,Witrabach,10 km² Gewässer,Donau,Hauptgewässer,200262
,,200263,Pailbach,10 km² Gewässer,Donau,Hauptgewässer,200263
,,200264,Reisberger Bach (Gem. Wolfsberg),10 km² Gewässer,Donau,Hauptgewässer,200264
,,200265,Frauenbach (Gem. Wolfsberg),10 km² Gewässer,Donau,Hauptgewässer,200265
,,200266,Woisbach,10 km² Gewässer,Donau,Hauptgewässer,200266
,,200267,Reidebenbach,10 km² Gewässer,Donau,Hauptgewässer,200267
,,200268,Jaklingbach (Gem. St. Andrä),10 km² Gewässer,Donau,Hauptgewässer,200268
,,200269,Pöllinger Bach (Gem. St. Andrä),10 km² Gewässer,Donau,Hauptgewässer,200269
,,200270,Hahntrattenbach (Gem. St. Andrä),10 km² Gewässer,Donau,Hauptgewässer,200270
,,200271,Ragglbach,10 km² Gewässer,Donau,Hauptgewässer,200271
,,200272,Granitzbach (Gem. St. Andrä),10 km² Gewässer,Donau,Hauptgewässer,200272
,,200273,Frauentumpfbach,10 km² Gewässer,Donau,Hauptgewässer,200273
,,200274,Rainzer Bach,10 km² Gewässer,Donau,Hauptgewässer,200274
,,200275,Flattnitzbach (Gem. Glödnitz),10 km² Gewässer,Donau,Hauptgewässer,200275
,,200276,Felfernigbach,10 km² Gewässer,Donau,Hauptgewässer,200276
,,200277,Nebenarm Drau (Unterhauser),< 10 km² Gewässer,Donau,Nebengewässer,200277
,,200278,Ausleitungsgerinne KW Kostmann (Gem. Wolfsberg),10 km² Gewässer,Donau,Nebengewässer,200278
,,200279,Afritzer Bach (Gem. Afritz),100 km² Gewässer,Donau,Hauptgewässer,200279
,,200280,Pöllinger Bach (Gem. Treffen),10 km² Gewässer,Donau,Hauptgewässer,200280
,,200281,Saubach  (Gem. Oberdrauburg),< 10 km² Gewässer,Donau,Hauptgewässer,200281
,,200282,Mödritschbach (Gem. Irschen),< 10 km² Gewässer,Donau,Hauptgewässer,200282
,,200283,Steinbach,< 10 km² Gewässer,Donau,Hauptgewässer,200283
,,200284,St. Egydenbach,< 10 km² Gewässer,Donau,Hauptgewässer,200284
,,200285,Ochsenschlucht (Gem. Berg im Drautal),< 10 km² Gewässer,Donau,Hauptgewässer,200285
,,200286,Berger Bach (Gem. Berg i. Drautal),< 10 km² Gewässer,Donau,Hauptgewässer,200286
,,200287,Embergbach (Gem. Berg i.D.),< 10 km² Gewässer,Donau,Hauptgewässer,200287
,,200288,Rossalmbach (Gem. Greifenburg),< 10 km² Gewässer,Donau,Hauptgewässer,200288
,,200289,Truggerbach (Gem. Berg i. Drautal),< 10 km² Gewässer,Donau,Hauptgewässer,200289
,,200290,Maisgraben (Gem. Gfreifenburg),< 10 km² Gewässer,Donau,Hauptgewässer,200290
,,200291,Petschkofelgraben (Gem. Greifenburg),< 10 km² Gewässer,Donau,Hauptgewässer,200291
,,200292,Tiefer Graben (Gem. Weißensee),< 10 km² Gewässer,Donau,Hauptgewässer,200292
,,200293,Greinwaldgraben,< 10 km² Gewässer,Donau,Hauptgewässer,200293
,,200294,Oberallacherbach,< 10 km² Gewässer,Donau,Hauptgewässer,200294
,,200295,Gusengraben (Gem. Kleblach Lind),< 10 km² Gewässer,Donau,Hauptgewässer,200295
,,200296,Kaisergraben (Gem. Kleblach Lind),< 10 km² Gewässer,Donau,Hauptgewässer,200296
,,200297,Kaisertalbach (Gem. Sachsenburg),< 10 km² Gewässer,Donau,Hauptgewässer,200297
,,200298,Litzelhoferbach (Gem. Sachsenburg),< 10 km² Gewässer,Donau,Hauptgewässer,200298
,,200299,Seebach (Zirmsee),< 10 km² Gewässer,Donau,Hauptgewässer,200299
,,200300,Zopenitzenbach,< 10 km² Gewässer,Donau,Hauptgewässer,200300
,,200301,Apriacher Bach,< 10 km² Gewässer,Donau,Hauptgewässer,200301
,,200302,Sabernitzenbach,< 10 km² Gewässer,Donau,Hauptgewässer,200302
,,200303,Kaufmannbach (Gem. Winklern),< 10 km² Gewässer,Donau,Hauptgewässer,200303
,,200304,Diebsbach (Gem. Rangersdorf),< 10 km² Gewässer,Donau,Hauptgewässer,200304
,,200305,Marchbach,< 10 km² Gewässer,Donau,Hauptgewässer,200305
,,200306,Tresdorferbach,< 10 km² Gewässer,Donau,Hauptgewässer,200306
,,200307,Latzendorferbach (Gem. Stall),< 10 km² Gewässer,Donau,Hauptgewässer,200307
,,200308,Gößnitzbach (Gem. Stall),< 10 km² Gewässer,Donau,Hauptgewässer,200308
,,200309,Feldseebach (Gem. Flattach),< 10 km² Gewässer,Donau,Hauptgewässer,200309
,,200310,Kleinfragantbach,< 10 km² Gewässer,Donau,Hauptgewässer,200310
,,200311,Wollinitzbach (Gem. Flattach),< 10 km² Gewässer,Donau,Hauptgewässer,200311
,,200312,Striedenbach (Gem. Obervellach),< 10 km² Gewässer,Donau,Hauptgewässer,200312
,,200313,Woisgenbach,< 10 km² Gewässer,Donau,Hauptgewässer,200313
,,200314,Wunzenbach (Gem. Obervellach),< 10 km² Gewässer,Donau,Hauptgewässer,200314
,,200315,Seebach (Gem. Reißeck),< 10 km² Gewässer,Donau,Hauptgewässer,200315
,,200316,Lünitzbach,< 10 km² Gewässer,Donau,Hauptgewässer,200316
,,200317,Torbach (Gem. Rennweg),< 10 km² Gewässer,Donau,Hauptgewässer,200317
,,200318,Lasörnbach,< 10 km² Gewässer,Donau,Hauptgewässer,200318
,,200319,Hofalmbach,< 10 km² Gewässer,Donau,Hauptgewässer,200319
,,200320,Treibenbach (Gem. Krems),< 10 km² Gewässer,Donau,Hauptgewässer,200320
,,200321,Dullniggraben (Gem. Krems in Kärnten),< 10 km² Gewässer,Donau,Hauptgewässer,200321
,,200322,Fallbach I  (Gem. Malta),< 10 km² Gewässer,Donau,Hauptgewässer,200322
,,200323,Langbach,< 10 km² Gewässer,Donau,Hauptgewässer,200323
,,200324,Melnikbach,< 10 km² Gewässer,Donau,Hauptgewässer,200324
,,200325,Romlerbach,< 10 km² Gewässer,Donau,Hauptgewässer,200325
,,200326,Maisbach (Gem. Trebesing),< 10 km² Gewässer,Donau,Hauptgewässer,200326
,,200327,Platzgrabenbach,< 10 km² Gewässer,Donau,Hauptgewässer,200327
,,200328,Zirkitzenbach (Gem. Bad Kleinkirchheim),< 10 km² Gewässer,Donau,Hauptgewässer,200328
,,200329,Hundsfeldgraben (Gem. Bad Kleinkirchheim),< 10 km² Gewässer,Donau,Hauptgewässer,200329
,,200330,Feldpannbach (Gem. Feld am See),< 10 km² Gewässer,Donau,Hauptgewässer,200330
,,200331,Tiefenbach (Gem. Radenthein),< 10 km² Gewässer,Donau,Hauptgewässer,200331
,,200332,Laufenbergerbach (Gem. Radenthein),< 10 km² Gewässer,Donau,Hauptgewässer,200332
,,200333,Gschrieterbach (Gem. Radenthein),< 10 km² Gewässer,Donau,Hauptgewässer,200333
,,200334,Durachgrabenbach (Gem. Spittal),< 10 km² Gewässer,Donau,Hauptgewässer,200334
,,200335,Silbergraben (Gem. Weißensee),< 10 km² Gewässer,Donau,Hauptgewässer,200335
,,200336,Farchtener Seebach (Gem. Paternion),< 10 km² Gewässer,Donau,Hauptgewässer,200336
,,200337,Windischgraben (Gem. Paternion),< 10 km² Gewässer,Donau,Hauptgewässer,200337
,,200338,Höllgraben (Gem. Stockenboi),< 10 km² Gewässer,Donau,Hauptgewässer,200338
,,200339,Karbach (Gem. Stockenboi),< 10 km² Gewässer,Donau,Hauptgewässer,200339
,,200340,Rosentalbach (Gem. Stockenboi),< 10 km² Gewässer,Donau,Hauptgewässer,200340
,,200341,Riederbach (Gem. Stockenboi),< 10 km² Gewässer,Donau,Hauptgewässer,200341
,,200342,Mitterbergbach (Gem. Fresach),< 10 km² Gewässer,Donau,Hauptgewässer,200342
,,200343,Klausenbach (Gem. Paternion),< 10 km² Gewässer,Donau,Hauptgewässer,200343
,,200344,Moschbachgraben (Gem. Paternion),< 10 km² Gewässer,Donau,Hauptgewässer,200344
,,200345,Hachelbach (Gem. Paternion),< 10 km² Gewässer,Donau,Hauptgewässer,200345
,,200346,Wiesenbach (Gem. Weißenstein),< 10 km² Gewässer,Donau,Hauptgewässer,200346
,,200347,Krastalbach (Gem. Weißenstein),< 10 km² Gewässer,Donau,Hauptgewässer,200347
,,200348,Wiesenbach (Gem. Villach),< 10 km² Gewässer,Donau,Hauptgewässer,200348
,,200349,Scheibner Bach (Gem. Arriach),< 10 km² Gewässer,Donau,Hauptgewässer,200349
,,200350,Sonnleitengraben,< 10 km² Gewässer,Donau,Hauptgewässer,200350
,,200351,Powirtschacherbach (Gem. Feldkirchen),< 10 km² Gewässer,Donau,Hauptgewässer,200351
,,200352,St. Ruprechterbach,< 10 km² Gewässer,Donau,Hauptgewässer,200352
,,200353,Körausbach (Gem. Feldkirchen),< 10 km² Gewässer,Donau,Hauptgewässer,200353
,,200354,Finsterbach,< 10 km² Gewässer,Donau,Hauptgewässer,200354
,,200355,Klammerbach,< 10 km² Gewässer,Donau,Hauptgewässer,200355
,,200356,Sauerwaldbach,< 10 km² Gewässer,Donau,Hauptgewässer,200356
,,200357,Mattlingbach,< 10 km² Gewässer,Donau,Hauptgewässer,200357
,,200358,Strajachergraben (Gem. Kötschach Mauthen),< 10 km² Gewässer,Donau,Hauptgewässer,200358
,,200359,Mahlbach (Gem. Kötschach Mauthen),< 10 km² Gewässer,Donau,Hauptgewässer,200359
,,200360,St. Danielerbach (Gem. Dellach),< 10 km² Gewässer,Donau,Hauptgewässer,200360
,,200361,Rinsenbach (Gem. Kirchbach),< 10 km² Gewässer,Donau,Hauptgewässer,200361
,,200362,Oberschütterbach (Gem. Villach),< 10 km² Gewässer,Donau,Hauptgewässer,200362
,,200363,Goderschacherbach (Gem. Kirchbach),< 10 km² Gewässer,Donau,Hauptgewässer,200363
,,200364,Marchgraben (Gem. Kirchbach),< 10 km² Gewässer,Donau,Hauptgewässer,200364
,,200365,Patellgraben,< 10 km² Gewässer,Donau,Hauptgewässer,200365
,,200366,Jenigbach,< 10 km² Gewässer,Donau,Hauptgewässer,200366
,,200367,Schwandgraben (Gem. Hermagor),< 10 km² Gewässer,Donau,Hauptgewässer,200367
,,200368,Tröglbach (Gem. Hermagor),< 10 km² Gewässer,Donau,Hauptgewässer,200368
,,200369,Schwarzenbach (Gem. Gitschtal),< 10 km² Gewässer,Donau,Hauptgewässer,200369
,,200370,Bistritzbach (Gem. Gitschtal),< 10 km² Gewässer,Donau,Hauptgewässer,200370
,,200371,Zitterbach (Gem. Hermagor),< 10 km² Gewässer,Donau,Hauptgewässer,200371
,,200372,Kreuzgraben (Gem. Hermagor),< 10 km² Gewässer,Donau,Hauptgewässer,200372
,,200373,Rosengraben,< 10 km² Gewässer,Donau,Hauptgewässer,200373
,,200374,Almgraben (Gem. Hermagor),< 10 km² Gewässer,Donau,Hauptgewässer,200374
,,200375,Seebach (Gem. Hermagor),< 10 km² Gewässer,Donau,Hauptgewässer,200375
,,200376,Erlachbach (Gem. Bad Bleiberg),< 10 km² Gewässer,Donau,Hauptgewässer,200376
,,200377,Klausbach (Gem. Arnoldstein),< 10 km² Gewässer,Donau,Hauptgewässer,200377
,,200378,Kosiakbach (Gem. Arnoldstein),< 10 km² Gewässer,Donau,Hauptgewässer,200378
,,200379,Montangraben (Gem. Finkenstein),< 10 km² Gewässer,Donau,Hauptgewässer,200379
,,200380,Kropiunabach (Gem. Finkenstein),< 10 km² Gewässer,Donau,Hauptgewässer,200380
,,200381,Bärenbach (Gem. Villach),< 10 km² Gewässer,Donau,Hauptgewässer,200381
,,200382,St. Michaeler Bach (Gem. Villach),< 10 km² Gewässer,Donau,Hauptgewässer,200382
,,200383,Zauchner Bach (Gem. Villach),< 10 km² Gewässer,Donau,Hauptgewässer,200383
,,200384,St. Martinerbach (Gem. Rosegg),< 10 km² Gewässer,Donau,Hauptgewässer,200384
,,200385,Mallenitzenbach,< 10 km² Gewässer,Donau,Hauptgewässer,200385
,,200386,Dieschitzbach,< 10 km² Gewässer,Donau,Hauptgewässer,200386
,,200387,Bärengraben (St. Jakob i. R.),< 10 km² Gewässer,Donau,Hauptgewässer,200387
,,200388,Radischgraben (St. Jakob i. R.),< 10 km² Gewässer,Donau,Hauptgewässer,200388
,,200389,Großer Dürrengraben,< 10 km² Gewässer,Donau,Hauptgewässer,200389
,,200390,Hasengrabenbach (Gem. St. Jakob im Rosental),< 10 km² Gewässer,Donau,Hauptgewässer,200390
,,200391,Strugarzabach (Gem. Feistritz i. R.),< 10 km² Gewässer,Donau,Hauptgewässer,200391
,,200392,Spitzargraben (Gem. Ferlach),< 10 km² Gewässer,Donau,Hauptgewässer,200392
,,200393,Kalter Bach (Gem. Zell),< 10 km² Gewässer,Donau,Hauptgewässer,200393
,,200394,Tschernitza,< 10 km² Gewässer,Donau,Hauptgewässer,200394
,,200395,Kosasmojacher Bach,< 10 km² Gewässer,Donau,Hauptgewässer,200395
,,200396,Grintoutzgraben (Gem.Eisenkappel),< 10 km² Gewässer,Donau,Hauptgewässer,200396
,,200397,Kopreinbach (Gem. Eisenkappel),< 10 km² Gewässer,Donau,Hauptgewässer,200397
,,200398,Lobnigbach,< 10 km² Gewässer,Donau,Hauptgewässer,200398
,,200399,Koschutabach (Gem. Eisenkappel),< 10 km² Gewässer,Donau,Hauptgewässer,200399
,,200400,Schaidabach (Gem. Eisenkappel),10 km² Gewässer,Donau,Hauptgewässer,200400
,,200401,Windebenbach,< 10 km² Gewässer,Donau,Hauptgewässer,200401
,,200402,Kircherbach,< 10 km² Gewässer,Donau,Hauptgewässer,200402
,,200403,Hochrindlbach (Gem. Deutsch-Griffen),< 10 km² Gewässer,Donau,Hauptgewässer,200403
,,200404,Klaußbach (Gem. Glödnitz),< 10 km² Gewässer,Donau,Hauptgewässer,200404
,,200405,Höfermoarbach,< 10 km² Gewässer,Donau,Hauptgewässer,200405
,,200406,Zedlgraben,< 10 km² Gewässer,Donau,Hauptgewässer,200406
,,200407,Meiseldingerbach,< 10 km² Gewässer,Donau,Hauptgewässer,200407
,,200408,Elsgrabenbach,< 10 km² Gewässer,Donau,Hauptgewässer,200408
,,200409,Schottenauerbach (Gem. Hüttenberg),10 km² Gewässer,Donau,Hauptgewässer,200409
,,200410,Rüggenbach (Gem. Eberstein),< 10 km² Gewässer,Donau,Hauptgewässer,200410
,,200411,St. Ulrichbach (Gem. Feldkirchen),< 10 km² Gewässer,Donau,Hauptgewässer,200411
,,200412,Hörzendorfer Bach,< 10 km² Gewässer,Donau,Hauptgewässer,200412
,,200413,Olsabach (Gem. Weitensfeld),< 10 km² Gewässer,Donau,Hauptgewässer,200413
,,200414,Wartschenbachl (Gem. St. Georgen a. L.),< 10 km² Gewässer,Donau,Hauptgewässer,200414
,,200415,Weitentalbach (Gem. St. Georgen a. L),< 10 km² Gewässer,Donau,Hauptgewässer,200415
,,200416,Pörtschacherbach (Gem. Maria Saal),< 10 km² Gewässer,Donau,Hauptgewässer,200416
,,200417,Karnburger Bach,< 10 km² Gewässer,Donau,Hauptgewässer,200417
,,200418,Dobeinitzbach (Gem. Keutschach),< 10 km² Gewässer,Donau,Hauptgewässer,200418
,,200420,St. Kollmannbach (Gem. Griffen),< 10 km² Gewässer,Donau,Hauptgewässer,200420
,,200421,Podritschnigbach (Gem. Bleiburg),< 10 km² Gewässer,Donau,Hauptgewässer,200421
,,200422,St. Georgener Bach (Gem. Bleiburg),< 10 km² Gewässer,Donau,Hauptgewässer,200422
,,200423,Hüblerbach,< 10 km² Gewässer,Donau,Hauptgewässer,200423
,,200424,Tuschenkogelbach (Gem. Bad St. Leonhard),< 10 km² Gewässer,Donau,Hauptgewässer,200424
,,200425,Kamper Bach,< 10 km² Gewässer,Donau,Hauptgewässer,200425
,,200426,Limbergbach (Gem. Frantschach),< 10 km² Gewässer,Donau,Hauptgewässer,200426
,,200427,Brandgraben,< 10 km² Gewässer,Donau,Hauptgewässer,200427
,,200428,Kleiner Ragglbach,< 10 km² Gewässer,Donau,Hauptgewässer,200428
,,200429,Prössniker Graben,< 10 km² Gewässer,Donau,Hauptgewässer,200429
,,200430,Forstalpenbach,< 10 km² Gewässer,Donau,Hauptgewässer,200430
,,200431,Thomaserbach (Gem. Wolfsberg),< 10 km² Gewässer,Donau,Hauptgewässer,200431
,,200432,Kleiner Weißenbach (Gem. Wolfsberg),< 10 km² Gewässer,Donau,Hauptgewässer,200432
,,200433,Rojacher Bach,< 10 km² Gewässer,Donau,Nebengewässer,200433
,,200434,Langlbach (Gem. St. Paul i.L.),< 10 km² Gewässer,Donau,Hauptgewässer,200434
,,200435,Parzengraben (Gem. St. Georgen i. L.),< 10 km² Gewässer,Donau,Hauptgewässer,200435
,,200436,Mieß,500 km² Gewässer,Donau,Hauptgewässer,200436
,,200437,Schwarzenbach (Gem. Eisenkappel),< 10 km² Gewässer,Donau,Hauptgewässer,200437
,,200438,Hiesingbach,< 10 km² Gewässer,Donau,Hauptgewässer,200438
,,200439,Assangbach,< 10 km² Gewässer,Donau,Hauptgewässer,200439
,,200440,Mauterndorferbach,< 10 km² Gewässer,Donau,Hauptgewässer,200440
,,200441,Petrinjakbach,< 10 km² Gewässer,Donau,Hauptgewässer,200441
,,200442,Prelitzenbach,< 10 km² Gewässer,Donau,Hauptgewässer,200442
,,200443,Pusarnitzbach (Gem. Lendorf),< 10 km² Gewässer,Donau,Hauptgewässer,200443
,,200444,Rabenbach,< 10 km² Gewässer,Donau,Hauptgewässer,200444
,,200445,Rachonerbach,< 10 km² Gewässer,Donau,Hauptgewässer,200445
,,200446,Raningbach (Gem. Bad St. Leonhard),< 10 km² Gewässer,Donau,Hauptgewässer,200446
,,200447,Rappitschbach (Gem. Ossiach und Velden),< 10 km² Gewässer,Donau,Hauptgewässer,200447
,,200448,Reisacher Dorfbach,< 10 km² Gewässer,Donau,Hauptgewässer,200448
,,200449,Runebach,< 10 km² Gewässer,Donau,Hauptgewässer,200449
,,200450,Sapserbach,< 10 km² Gewässer,Donau,Hauptgewässer,200450
,,200451,Schmieddorferbach (Gem. Brückl),< 10 km² Gewässer,Donau,Hauptgewässer,200451
,,200452,Tressdorfer Mühlbach (Gem. Kirchbach),< 10 km² Gewässer,Donau,Hauptgewässer,200452
,,200453,Schinzengrabenbach,< 10 km² Gewässer,Donau,Hauptgewässer,200453
,,200454,Lippschitzbach (Gem. St. Stefan a.d. Gail),< 10 km² Gewässer,Donau,Hauptgewässer,200454
,,200455,Sussawitscherbach (Gem. St. Stefan a.d.Gail),< 10 km² Gewässer,Donau,Hauptgewässer,200455
,,200456,Moschenitzenbach,< 10 km² Gewässer,Donau,Hauptgewässer,200456
,,200457,St. Johannerbach (Gem. Feistritz i. R.),< 10 km² Gewässer,Donau,Hauptgewässer,200457
,,200458,Steindorferbach,< 10 km² Gewässer,Donau,Hauptgewässer,200458
,,200459,Staller Bach (Gem. Stall),< 10 km² Gewässer,Donau,Hauptgewässer,200459
,,200460,Starfacherbach,< 10 km² Gewässer,Donau,Hauptgewässer,200460
,,200461,Potschlingerbach (Gem. Irschen),< 10 km² Gewässer,Donau,Hauptgewässer,200461
,,200462,Rasselbach,< 10 km² Gewässer,Donau,Hauptgewässer,200462
,,200463,Obermillstätter Mühlbach,< 10 km² Gewässer,Donau,Hauptgewässer,200463
,,200464,Kollergrabenbach (Gem. Sachsenburg),< 10 km² Gewässer,Donau,Hauptgewässer,200464
,,200465,Sonnenhofbach (Gem. Millstatt),< 10 km² Gewässer,Donau,Hauptgewässer,200465
,,200466,Lieserhofnerbach (Gem. Seeboden),< 10 km² Gewässer,Donau,Hauptgewässer,200466
,,200467,Wirlsdorferbach (Gem. Seeboden),< 10 km² Gewässer,Donau,Hauptgewässer,200467
,,200468,Trefflinger Mühlbach (Gem. Seeboden),< 10 km² Gewässer,Donau,Hauptgewässer,200468
,,200469,Reisgrabenbach,< 10 km² Gewässer,Donau,Hauptgewässer,200469
,,200470,Gschiesser Mühlbach,< 10 km² Gewässer,Donau,Hauptgewässer,200470
,,200471,Granitzergraben (Gem. Lurnfeld),< 10 km² Gewässer,Donau,Hauptgewässer,200471
,,200472,Gödersdorferbach Feistritzbach (Gem. Finkenstein),10 km² Gewässer,Donau,Hauptgewässer,200472
,,200473,Pressingbach,< 10 km² Gewässer,Donau,Hauptgewässer,200473
,,200474,Paierdorferbach (Gem. St. Andrä),< 10 km² Gewässer,Donau,Hauptgewässer,200474
,,200475,Rudniggerbach,< 10 km² Gewässer,Donau,Hauptgewässer,200475
,,200476,Schoßbach,< 10 km² Gewässer,Donau,Hauptgewässer,200476
,,200477,Magdalensbergerbach (Gem. Lavamünd),< 10 km² Gewässer,Donau,Hauptgewässer,200477
,,200478,Hipflbach,< 10 km² Gewässer,Donau,Hauptgewässer,200478
,,200479,Golkitschbach (Gem. Steindorf),< 10 km² Gewässer,Donau,Hauptgewässer,200479
,,200480,Stanitzgrabenbach (Gem. Reißeck),< 10 km² Gewässer,Donau,Hauptgewässer,200480
,,200481,Tschallbach (Gem. Millstatt),< 10 km² Gewässer,Donau,Hauptgewässer,200481
,,200482,Tschierwegerbach,< 10 km² Gewässer,Donau,Hauptgewässer,200482
,,200483,Metnitzbach im Mölltal,< 10 km² Gewässer,Donau,Hauptgewässer,200483
,,200484,Nesselbach,< 10 km² Gewässer,Donau,Hauptgewässer,200484
,,200485,Baldramsdorfer Mühlbach,< 10 km² Gewässer,Donau,Hauptgewässer,200485
,,200486,Feitzergraben (Gem. Treffen),< 10 km² Gewässer,Donau,Hauptgewässer,200486
,,200487,Töplitzbach (Gem. Radenthein),< 10 km² Gewässer,Donau,Hauptgewässer,200487
,,200488,Lammersdorferbach (Gem. Millstatt),< 10 km² Gewässer,Donau,Hauptgewässer,200488
,,200489,Lessnigbach (Gem. Kleblach-Lind),< 10 km² Gewässer,Donau,Hauptgewässer,200489
,,200490,Zubringer Gössinger Apo (Gem. Millstatt),< 10 km² Gewässer,Donau,Hauptgewässer,200490
,,200491,Reicherbach (Gem. Afritz),< 10 km² Gewässer,Donau,Hauptgewässer,200491
,,200492,Gautschenbacherbachl (Gem. Krems in Kärnten),< 10 km² Gewässer,Donau,Hauptgewässer,200492
,,200493,Sapplerbach,< 10 km² Gewässer,Donau,Hauptgewässer,200493
,,200494,Lampersbergbach (Gem. Baldramsdorf),< 10 km² Gewässer,Donau,Hauptgewässer,200494
,,200495,Lauenbach (Gem. Berg),< 10 km² Gewässer,Donau,Hauptgewässer,200495
,,200496,Unterhauserbach (Gem. Baldramsdorf),< 10 km² Gewässer,Donau,Hauptgewässer,200496
,,200497,Werdenbach (Gem. St. Andrä),< 10 km² Gewässer,Donau,Hauptgewässer,200497
,,200498,Wernigbach,< 10 km² Gewässer,Donau,Hauptgewässer,200498
,,200499,Peterbauerbach,< 10 km² Gewässer,Donau,Hauptgewässer,200499
,,200500,Dellacher Kirchbach (Gem. Irschen),< 10 km² Gewässer,Donau,Hauptgewässer,200500
,,200501,Zandlacherbach (Gem. Reißeck),< 10 km² Gewässer,Donau,Hauptgewässer,200501
,,200502,Zinnoberbach (Gem. Brückl),< 10 km² Gewässer,Donau,Hauptgewässer,200502
,,200503,Tangernerbach,< 10 km² Gewässer,Donau,Hauptgewässer,200503
,,200504,Blasbach,< 10 km² Gewässer,Donau,Hauptgewässer,200504
,,200505,Brochendorferbach,< 10 km² Gewässer,Donau,Hauptgewässer,200505
,,200506,Brandschusterbach (Gem. Kleblach Lind),< 10 km² Gewässer,Donau,Hauptgewässer,200506
,,200507,Göllgraben (Gem. Radenthein),< 10 km² Gewässer,Donau,Hauptgewässer,200507
,,200508,Drau Altarm,< 10 km² Gewässer,Donau,Nebengewässer,200508
,,200509,Rosenheimer Lauenbach (Gem. Baldramsdorf),< 10 km² Gewässer,Donau,Hauptgewässer,200509
,,200510,Rosenheimerbach (Gem. Baldramsdorf),< 10 km² Gewässer,Donau,Hauptgewässer,200510
,,200511,Zauchenbach (Gemeinde Kleblach Lind),< 10 km² Gewässer,Donau,Hauptgewässer,200511
,,200512,Zorbach,< 10 km² Gewässer,Donau,Hauptgewässer,200512
,,200513,Frauenbach (Gem. Großkirchheim),< 10 km² Gewässer,Donau,Hauptgewässer,200513
,,200514,Zenzbach,< 10 km² Gewässer,Donau,Hauptgewässer,200514
,,200515,Knapperbachl (Gem. Flattach),< 10 km² Gewässer,Donau,Hauptgewässer,200515
,,200516,Mühlgrabenbachl (Gem. Sachsenburg),< 10 km² Gewässer,Donau,Hauptgewässer,200516
,,200517,Kohlerbach,< 10 km² Gewässer,Donau,Hauptgewässer,200517
,,200518,Kapellenbach (Gem. Kleblach Lind),< 10 km² Gewässer,Donau,Hauptgewässer,200518
,,200519,Frankenbergerbach (Gem. Rennweg),< 10 km² Gewässer,Donau,Hauptgewässer,200519
,,200520,Gautschenbacherbach,< 10 km² Gewässer,Donau,Hauptgewässer,200520
,,200521,Kerschbaumerbach,< 10 km² Gewässer,Donau,Hauptgewässer,200521
,,200522,Golznigbach (Gem. Krems in Kärnten),< 10 km² Gewässer,Donau,Hauptgewässer,200522
,,200523,Schirmbach (Gem. Malta),< 10 km² Gewässer,Donau,Hauptgewässer,200523
,,200524,Kreuzwirtbach,< 10 km² Gewässer,Donau,Hauptgewässer,200524
,,200525,Enzianbodenbach,< 10 km² Gewässer,Donau,Hauptgewässer,200525
,,200526,Tobitscherbach (Gem. Afritz),< 10 km² Gewässer,Donau,Hauptgewässer,200526
,,200527,Schmiedbach im Drautal,< 10 km² Gewässer,Donau,Hauptgewässer,200527
,,200528,Kreublacherbach (Gem. Nötsch),< 10 km² Gewässer,Donau,Hauptgewässer,200528
,,200529,Emmersdorferbach (Gem. Nötsch),< 10 km² Gewässer,Donau,Hauptgewässer,200529
,,200530,Köstendorferbach (Gem. St. Stefan im Gailtal),< 10 km² Gewässer,Donau,Hauptgewässer,200530
,,200531,Oberthörlerbach,< 10 km² Gewässer,Donau,Hauptgewässer,200531
,,200532,Pfeiferbachl (Gem. Kleblach Lind),< 10 km² Gewässer,Donau,Hauptgewässer,200532
,,200533,Pfarrergraben (Gem. Kleblach Lind),< 10 km² Gewässer,Donau,Hauptgewässer,200533
,,200534,Agrenzbach (Gem. Kleblach Lind),< 10 km² Gewässer,Donau,Hauptgewässer,200534
,,200535,Kirchbachl (Gem. Steinfeld),< 10 km² Gewässer,Donau,Hauptgewässer,200535
,,200536,Weghoferbachl (Gem. Steinfeld),< 10 km² Gewässer,Donau,Hauptgewässer,200536
,,200537,Mösslachergraben,< 10 km² Gewässer,Donau,Hauptgewässer,200537
,,200538,Schwarzenbachl bei Simmerlach (Gem. Irschen),< 10 km² Gewässer,Donau,Hauptgewässer,200538
,,200539,Irschnerbach,< 10 km² Gewässer,Donau,Hauptgewässer,200539
,,200540,Giessgraben (Gem. Dellach i. D.),< 10 km² Gewässer,Donau,Hauptgewässer,200540
,,200541,Saubachl (Gem. Dellach i. Drautal),< 10 km² Gewässer,Donau,Hauptgewässer,200541
,,200542,Leiflingerbach (Gem. Dellach),< 10 km² Gewässer,Donau,Hauptgewässer,200542
,,200543,Reibasbach,< 10 km² Gewässer,Donau,Hauptgewässer,200543
,,200544,Zubringer I Moschenitzenbach,< 10 km² Gewässer,Donau,Hauptgewässer,200544
,,200545,Zubringer II Moschenitzenbach,< 10 km² Gewässer,Donau,Hauptgewässer,200545
,,200546,Wurschitzerbach (Gem. Maria Wörth),< 10 km² Gewässer,Donau,Hauptgewässer,200546
,,200547,Tauchendorferbach,< 10 km² Gewässer,Donau,Hauptgewässer,200547
,,200548,Plonerbach (Gem. Seeboden),< 10 km² Gewässer,Donau,Hauptgewässer,200548
,,200549,Gössinger Apo (Gem. Millstatt),< 10 km² Gewässer,Donau,Hauptgewässer,200549
,,200550,Silberbach (Gem. Millstatt),< 10 km² Gewässer,Donau,Hauptgewässer,200550
,,200551,Kleindombrabach (Gem. Millstatt),< 10 km² Gewässer,Donau,Hauptgewässer,200551
,,200552,Pesentheinerbach (Gem. Millstatt),< 10 km² Gewässer,Donau,Hauptgewässer,200552
,,200553,Dellacherbach bei Millstatt,< 10 km² Gewässer,Donau,Hauptgewässer,200553
,,200554,Runse bei Sappl (Gem. Millstatt),< 10 km² Gewässer,Donau,Hauptgewässer,200554
,,200555,Reinergraben,< 10 km² Gewässer,Donau,Hauptgewässer,200555
,,200556,Uggowitzerbach,< 10 km² Gewässer,Donau,Hauptgewässer,200556
,,200557,Bachmanngraben,< 10 km² Gewässer,Donau,Hauptgewässer,200557
,,200558,Kühtalgraben,< 10 km² Gewässer,Donau,Hauptgewässer,200558
,,200559,Hansbauerbach,< 10 km² Gewässer,Donau,Hauptgewässer,200559
,,200560,Mitterlingbach,< 10 km² Gewässer,Donau,Hauptgewässer,200560
,,200561,Steinergraben,< 10 km² Gewässer,Donau,Hauptgewässer,200561
,,200562,Klausengraben (Gem. Steindorf),< 10 km² Gewässer,Donau,Hauptgewässer,200562
,,200563,Ulrichsgraben,< 10 km² Gewässer,Donau,Hauptgewässer,200563
,,200564,Fletschergraben (Gem. Steindorf),< 10 km² Gewässer,Donau,Hauptgewässer,200564
,,200565,Tretscherbach,< 10 km² Gewässer,Donau,Hauptgewässer,200565
,,200566,Schudelbach,< 10 km² Gewässer,Donau,Hauptgewässer,200566
,,200567,Griessbach (Gem. Wolfsberg),< 10 km² Gewässer,Donau,Hauptgewässer,200567
,,200568,Brettergraben Ost,< 10 km² Gewässer,Donau,Hauptgewässer,200568
,,200569,Daberbach,< 10 km² Gewässer,Donau,Hauptgewässer,200569
,,200570,Dellacherbach (Gem. Dellach),< 10 km² Gewässer,Donau,Hauptgewässer,200570
,,200571,Edenbach (Gem. Frantschach),< 10 km² Gewässer,Donau,Hauptgewässer,200571
,,200572,Ettendorferbach,< 10 km² Gewässer,Donau,Hauptgewässer,200572
,,200573,Gendorfer Bach (Gem. Baldramsdorf),< 10 km² Gewässer,Donau,Hauptgewässer,200573
,,200574,Gratschacherbach (Gem. Obervellach),< 10 km² Gewässer,Donau,Hauptgewässer,200574
,,200575,Hundsdorferbach (Gem. Feistritz i. R.),< 10 km² Gewässer,Donau,Hauptgewässer,200575
,,200576,Jägerbach (Gem. St. Andrä),< 10 km² Gewässer,Donau,Hauptgewässer,200576
,,200577,Klebensteinerbach (Gem. Steindorf),< 10 km² Gewässer,Donau,Hauptgewässer,200577
,,200578,Lahmbach (Gem. Dellach i. Drautal),< 10 km² Gewässer,Donau,Hauptgewässer,200578
,,200579,Landfraßbach,< 10 km² Gewässer,Donau,Hauptgewässer,200579
,,200580,Laubendorferbach (Gem. Millstatt),< 10 km² Gewässer,Donau,Hauptgewässer,200580
,,200581,Sprungbach (Gem. Treffen),< 10 km² Gewässer,Donau,Hauptgewässer,200581
,,200582,Lendorferbach (Gem. Lendorf),< 10 km² Gewässer,Donau,Hauptgewässer,200582
2023-08-10,,200590,Ausleitung Kraftwerk (Gem. Metnitz),10 km² Gewässer,Donau,Nebengewässer,200590
,,200926,Rotschitzabach (Gem. Finkenstein),< 10 km² Gewässer,Donau,Hauptgewässer,200926
,,201035,Meleznikbach (Gem. Bad Eisenkappel),< 10 km² Gewässer,Donau,Hauptgewässer,201035
,,201198,Leiwaldbach (Gem. Wolfsberg),10 km² Gewässer,Donau,Hauptgewässer,201198
,,201288,Glanackenbach (Gem. Glödnitz),10 km² Gewässer,Donau,Hauptgewässer,201288
,,201446,Sirnitzbach,10 km² Gewässer,Donau,Hauptgewässer,201446
,,201462,Trattenbach (Gem. Malta),< 10 km² Gewässer,Donau,Hauptgewässer,201462
,,201515,Höllgrabenbach,< 10 km² Gewässer,Donau,Hauptgewässer,201515
,,201533,Bauscagraben (Gem. Feistritz a. d. Gail),10 km² Gewässer,Donau,Hauptgewässer,201533
,,201794,Mischlgrabenbach (Gem. Obervellach),< 10 km² Gewässer,Donau,Hauptgewässer,201794
,,201809,Rangersdorferbach (Gem. Rangersdorf),< 10 km² Gewässer,Donau,Hauptgewässer,201809
,,201888,Finstergraben (Nötschbach),< 10 km² Gewässer,Donau,Hauptgewässer,201888
,,201901,Rangersdorfer Mühlbach (Gem. Rangersdorf),< 10 km² Gewässer,Donau,Hauptgewässer,201901
,,202050,Nebenbach Hm 26 Draschelbach (Gem. Gurk),10 km² Gewässer,Donau,Hauptgewässer,202050
,,202209,Mokarbach (Gem. Irschen),10 km² Gewässer,Donau,Hauptgewässer,202209
,,202716,Klacherbach (Gem. Preitenegg),< 10 km² Gewässer,Donau,Hauptgewässer,202716
,,202789,Niederdorferbach (Gem. Steuerberg),10 km² Gewässer,Donau,Hauptgewässer,202789
,,202795,Wurnitzgraben (Gem. Oberdrauburg),< 10 km² Gewässer,Donau,Hauptgewässer,202795
,,202839,Einödbach,< 10 km² Gewässer,Donau,Hauptgewässer,202839
,,202849,Tronitzerbach (Gem. Afritz),< 10 km² Gewässer,Donau,Hauptgewässer,202849
,,202878,Sagasbach (Gem. Stall),< 10 km² Gewässer,Donau,Hauptgewässer,202878
,,202879,Toplabach,< 10 km² Gewässer,Donau,Hauptgewässer,202879
,,202880,Nieselgraben,< 10 km² Gewässer,Donau,Hauptgewässer,202880
,,202881,Gratschacherbach (Gem. Obervellach) - westl. Hauptbach,< 10 km² Gewässer,Donau,Hauptgewässer,202881
,,202883,Laaserbach im Gailtal - Dorfbach Kötschach,< 10 km² Gewässer,Donau,Nebengewässer,202883
,,202895,Grattingerbach,< 10 km² Gewässer,Donau,Hauptgewässer,202895
,,202901,Feuerbach (Gem. Wolfsberg),< 10 km² Gewässer,Donau,Nebengewässer,202901
,,202902,Wisperndorferbach (Gem. Bad St. Leonhard),10 km² Gewässer,Donau,Hauptgewässer,202902
,,202903,Klippitzbach (Gem. Wolfsberg),10 km² Gewässer,Donau,Hauptgewässer,202903
,,202906,Priewaldbach,10 km² Gewässer,Donau,Hauptgewässer,202906
,,202909,Leckenschoberbach,100 km² Gewässer,Donau,Hauptgewässer,202909
,,202914,Pirkerbach (Gem. Krumpendorf),< 10 km² Gewässer,Donau,Hauptgewässer,202914
2023-08-10,,203035,Nebenarm Gurk (Gem. Gurk),10 km² Gewässer,Donau,Nebengewässer,203035
2023-08-10,,203036,Ausleitung Gurk I (Gem. Gurk),10 km² Gewässer,Donau,Nebengewässer,203036
2023-08-10,,203049,Ausleitung Alte Gurk (Gem. Poggersdorf und Grafenstein),10 km² Gewässer,Donau,Nebengewässer,203049
2023-08-10,,203088,Ausleitung I Görtschitz (Gem. Brückl),10 km² Gewässer,Donau,Nebengewässer,203088
2023-08-10,,203089,Ausleitung II Görtschitz (Gem. Brückl),10 km² Gewässer,Donau,Nebengewässer,203089
2023-08-10,,203095,Ausleitung Vellach (Gem. Gallizien),10 km² Gewässer,Donau,Nebengewässer,203095
2023-08-10,,203096,Ausleitung Vellach (Gem. Sittersdorf),10 km² Gewässer,Donau,Nebengewässer,203096
2023-08-10,,203099,Ausleitung Wölfnitzbach (Gem. Grafenstein),10 km² Gewässer,Donau,Nebengewässer,203099
2023-08-10,,203107,Ausleitung Vellach in Drau (Gem. Gallizien),10 km² Gewässer,Donau,Nebengewässer,203107
2023-08-10,,203108,Ausleitung Gurk (Gem. St. Georgen A. Längssee),10 km² Gewässer,Donau,Nebengewässer,203108
2023-08-10,,203119,Ausleitung Gurk (Gem. Poggersdorf und Magdalensberg),10 km² Gewässer,Donau,Nebengewässer,203119
2023-08-10,,203136,Ausleitung KW Schütt (Gem. Arnoldstein),10 km² Gewässer,Donau,Nebengewässer,203136
2023-08-10,,203189,Ausleitung Kelag KW (Gem. Seeboden),10 km² Gewässer,Donau,Nebengewässer,203189
2023-08-10,,203190,Ausleitung Volpini ( Gem. Spittal a.d.Drau),10 km² Gewässer,Donau,Nebengewässer,203190
2023-08-10,,203192,Ausleitung Brandstätter (Gem. Spittal a.d.Drau),10 km² Gewässer,Donau,Nebengewässer,203192
2023-08-10,,203206,Ausleitung Drau (Gem. Sachsenburg),10 km² Gewässer,Donau,Nebengewässer,203206
2023-08-10,,203235,Ausleitung Kraftwerk (Gem. Gmünd),10 km² Gewässer,Donau,Nebengewässer,203235
2023-08-10,,203237,Ausleitung Raggabach (Gem. Flattach),10 km² Gewässer,Donau,Nebengewässer,203237
2023-08-10,,203252,Ausleitung Gnoppnitzbach (Gem. Greifenburg),10 km² Gewässer,Donau,Nebengewässer,203252
2023-08-10,,203298,Ausleitung I Lavant (Gem. Frantschach),10 km² Gewässer,Donau,Nebengewässer,203298
2023-08-10,,203299,Bettlergraben (Gem. Frantschach),10 km² Gewässer,Donau,Nebengewässer,203299
2023-08-10,,203300,Ausleitung II Lavant (Gem. Frantschach),10 km² Gewässer,Donau,Nebengewässer,203300
2023-08-10,,203301,Ausleitung Tiebel (Gem. Feldkirchen),10 km² Gewässer,Donau,Nebengewässer,203301
2023-08-10,,203312,Ausleitung Gurk II (Gem. Gurk),10 km² Gewässer,Donau,Nebengewässer,203312
2023-08-10,,203313,Ausleitung Alte Gurk (Gem. Grafenstein),10 km² Gewässer,Donau,Nebengewässer,203313
,,203598,Ausleitung Lavant III,10 km² Gewässer,Donau,Nebengewässer,203598
2023-08-10,,203617,Ausleitung Tiebel  "TEWA" (Gem. Feldkirchen),10 km² Gewässer,Donau,Nebengewässer,203617
2023-08-10,,203618,Ausleitung Tiebel  (Gem. Feldkirchen),10 km² Gewässer,Donau,Nebengewässer,203618
2023-08-10,,203620,Ausleitung Worounitzabach (Gem. Finkenstein),10 km² Gewässer,Donau,Nebengewässer,203620
2023-08-10,,203630,Drau Restwasserstrecke Rosegg (Gem. Rosegg),10 km² Gewässer,Donau,Nebengewässer,203630
2023-08-10,,203634,Ausleitung Lavant IV (Gem. Wolfsberg),10 km² Gewässer,Donau,Nebengewässer,203634
2023-08-10,,203635,Ausleitung Lavant V (Gem. Wolfsberg),10 km² Gewässer,Donau,Nebengewässer,203635
2023-08-10,,203636,Ausleitung Lavant VI (Gem. Wolfsberg),10 km² Gewässer,Donau,Nebengewässer,203636
2023-08-10,,203639,Ausleitung Gail (Gem. Kötschach-Mauthen),10 km² Gewässer,Donau,Nebengewässer,203639
2023-08-10,,203640,Ausleitung Gail II (Gem. Arnoldstein),10 km² Gewässer,Donau,Nebengewässer,203640
2023-08-10,,203641,Ausleitung Doblbach (Gem. Oberdrauburg),10 km² Gewässer,Donau,Nebengewässer,203641
2023-08-10,,203642,Ausleitung Drau (Gem. Spittal),10 km² Gewässer,Donau,Nebengewässer,203642
2023-08-10,,203643,Ausleitung Drau II (Gem. Spittal),10 km² Gewässer,Donau,Nebengewässer,203643
2023-08-10,,203644,Ausleitung Feistritzbach (Gem. Malta),10 km² Gewässer,Donau,Nebengewässer,203644
2023-08-10,,203645,Ausleitung Gurk (Gem. Weitensfeld),10 km² Gewässer,Donau,Nebengewässer,203645
2023-08-10,,203646,Ausleitung Treibach (Gem. Treibach),10 km² Gewässer,Donau,Nebengewässer,203646
2023-08-10,,203647,Ausleitung Treibach II (Gem. Treibach),10 km² Gewässer,Donau,Nebengewässer,203647
2023-08-10,,203648,Ausleitung Althofen (Gem. Althofen),10 km² Gewässer,Donau,Nebengewässer,203648
2023-08-10,,203649,Ausleitung Strassburg (Gem. Straßburg),10 km² Gewässer,Donau,Nebengewässer,203649
2023-08-10,,203650,Ausleitung Strassburg II (Gem. Straßburg),10 km² Gewässer,Donau,Nebengewässer,203650
2023-08-10,,203651,Ausleitung Weitensfeld (Gem. Weitensfeld),10 km² Gewässer,Donau,Nebengewässer,203651
2023-08-10,,203652,Ausleitung Weitensfeld II (Gem. Weitensfeld),10 km² Gewässer,Donau,Nebengewässer,203652
2023-08-10,,203653,Ausleitung Gnesau (Gem. Gnesau),10 km² Gewässer,Donau,Nebengewässer,203653
2023-08-10,,203654,Ausleitung Albeck (Gem. Albeck),10 km² Gewässer,Donau,Nebengewässer,203654
2023-08-10,,203655,Ausleitung Feldkirchen (Gem. Feldkirchen),10 km² Gewässer,Donau,Nebengewässer,203655
2023-08-10,,203656,Ausleitung Feldkirchen II (Gem. Feldkirchen),10 km² Gewässer,Donau,Nebengewässer,203656
2023-08-10,,203657,Ausleitung Lieser (Gem. Rennweg),10 km² Gewässer,Donau,Nebengewässer,203657
2023-08-10,,203658,Ausleitung Möll (Gem. Flattach),10 km² Gewässer,Donau,Nebengewässer,203658
2023-08-10,,203659,Ausleitung Weissenbach (Gem. Stockenboi),10 km² Gewässer,Donau,Nebengewässer,203659
2023-08-10,,203660,Ausleitung Lavant VII (Gem. Wolfsberg),10 km² Gewässer,Donau,Nebengewässer,203660
2023-08-10,,203661,Ausleitung Lavant VIII (Gem. Wolfsberg),10 km² Gewässer,Donau,Nebengewässer,203661
2023-08-10,,203662,Ausleitung Lavant IX (Gem. Bad St. Leonhard),10 km² Gewässer,Donau,Nebengewässer,203662
2023-08-10,,203663,Ausleitung Gail bei Müllnern (Gem. Finkenstein),10 km² Gewässer,Donau,Nebengewässer,203663
2023-08-10,,203664,Altarm Lavant 1 (Gem. St. Andrä),10 km² Gewässer,Donau,Nebengewässer,203664
2023-08-10,,203665,Altarm Lavant 2 (Gem. St. Andrä),10 km² Gewässer,Donau,Nebengewässer,203665
,,300001,Rotbach,10 km² Gewässer,Donau,Hauptgewässer,300001
,,300002,Rotenbach (Göller),< 10 km² Gewässer,Donau,Hauptgewässer,300002
,,300003,"Kolmbach, Weitenbach",10 km² Gewässer,Donau,Hauptgewässer,300003
,,300004,Haager Bach,10 km² Gewässer,Donau,Hauptgewässer,300004
,,300005,Rittmannsberger Bach,< 10 km² Gewässer,Donau,Hauptgewässer,300005
,,300006,"Aubach, Harbach",10 km² Gewässer,Donau,Hauptgewässer,300006
,,300007,Musterhartner Bach (Nebeng.) [bei Kroisbach],10 km² Gewässer,Donau,Nebengewässer,300007
,,300008,Grenerarm,10 km² Gewässer,Donau,Nebengewässer,300008
,,300009,UG. [Schweinbergbach],< 10 km² Gewässer,Donau,Hauptgewässer,300009
,,300010,"Altaubach, Zeitlbach",10 km² Gewässer,Donau,Hauptgewässer,300010
,,300011,Altbach (Nebeng.),10 km² Gewässer,Donau,Nebengewässer,300011
,,300012,Ysper,100 km² Gewässer,Donau,Hauptgewässer,300012
,,300013,Klafterbach,10 km² Gewässer,Donau,Hauptgewässer,300013
,,300014,Losenegger Bach,10 km² Gewässer,Donau,Hauptgewässer,300014
,,300015,Oberer Ybbser Mühlbach,10 km² Gewässer,Donau,Nebengewässer,300015
,,300017,Weiße Ois,1000 km² Gewässer,Donau,Hauptgewässer,300017
,2023-08-09,300018,Herrenalmbach,10 km² Gewässer,Donau,Hauptgewässer,300018
,,300019,Seebach [Lunzer See] (Nebeng.),10 km² Gewässer,Donau,Nebengewässer,300019
,,300020,Bodingbach [Ois],< 10 km² Gewässer,Donau,Hauptgewässer,300020
,,300021,Kothbergbach (Nebeng.),10 km² Gewässer,Donau,Nebengewässer,300021
,,300022,Hundsaubach,< 10 km² Gewässer,Donau,Hauptgewässer,300022
,,300023,Schoberbach,10 km² Gewässer,Donau,Hauptgewässer,300023
,,300024,Bach von Fohrau,< 10 km² Gewässer,Donau,Hauptgewässer,300024
,,300025,"Kleine Ybbs, Schwarze Ois",100 km² Gewässer,Donau,Hauptgewässer,300025
,,300026,UG. [Erlenbach],< 10 km² Gewässer,Donau,Hauptgewässer,300026
,,300030,Tempelmeierbach,10 km² Gewässer,Donau,Hauptgewässer,300030
,,300031,Nennersdorfer Bach,10 km² Gewässer,Donau,Hauptgewässer,300031
,,300032,Treffling,10 km² Gewässer,Donau,Hauptgewässer,300032
,,300033,Biberbach,10 km² Gewässer,Donau,Hauptgewässer,300033
,,300034,"Kumpfmühlbach, Wolfsbach, Meilersdorfer Bach",10 km² Gewässer,Donau,Hauptgewässer,300034
,,300035,Zierbach,10 km² Gewässer,Donau,Hauptgewässer,300035
,,300036,Elzbach,10 km² Gewässer,Donau,Hauptgewässer,300036
,,300037,Lixingbach,< 10 km² Gewässer,Donau,Hauptgewässer,300037
,,300038,"Gafringbach, Haselbach",10 km² Gewässer,Donau,Hauptgewässer,300038
,,300039,"Ferschnitzbach, Gafringbach",10 km² Gewässer,Donau,Hauptgewässer,300039
,2023-08-09,300040,Steinbach [Donau] (Nebeng.),10 km² Gewässer,Donau,Nebengewässer,300040
,,300041,Ötscherbach,10 km² Gewässer,Donau,Hauptgewässer,300041
,,300042,Angerbach [Erlauf],< 10 km² Gewässer,Donau,Hauptgewässer,300042
,,300043,UG. [Mitteraubach],< 10 km² Gewässer,Donau,Hauptgewässer,300043
,,300045,Jeßnitz,< 10 km² Gewässer,Donau,Hauptgewässer,300045
,,300046,"Feichsen, Klausbach",10 km² Gewässer,Donau,Hauptgewässer,300046
,,300047,Schaubach,< 10 km² Gewässer,Donau,Hauptgewässer,300047
,,300048,Schliefaubach,< 10 km² Gewässer,Donau,Hauptgewässer,300048
,,300049,Kleine Erlauf (Nebeng.) [Marauer Bach],10 km² Gewässer,Donau,Nebengewässer,300049
,,300050,"Hummelbach, Marbach",10 km² Gewässer,Donau,Hauptgewässer,300050
,,300051,Dollbach,10 km² Gewässer,Donau,Hauptgewässer,300051
,,300052,Mühlbach [Nussenbach],10 km² Gewässer,Donau,Hauptgewässer,300052
,,300053,Laimbach,10 km² Gewässer,Donau,Hauptgewässer,300053
,,300055,Wehrbach,10 km² Gewässer,Donau,Hauptgewässer,300055
,,300056,Schwarzaubach,10 km² Gewässer,Donau,Hauptgewässer,300056
,,300057,Melk,100 km² Gewässer,Donau,Hauptgewässer,300057
,,300058,Ganzbach [Melk],10 km² Gewässer,Donau,Hauptgewässer,300058
,,300059,"Schweinzbach, Sprinzenbach",10 km² Gewässer,Donau,Hauptgewässer,300059
,,300060,Schlattenbach [Melk],10 km² Gewässer,Donau,Hauptgewässer,300060
,,300061,Mank,100 km² Gewässer,Donau,Hauptgewässer,300061
,,300062,"Schweinzbach, Sulzbach",10 km² Gewässer,Donau,Hauptgewässer,300062
,,300063,"Zettelbach, Glosbach",10 km² Gewässer,Donau,Hauptgewässer,300063
,,300064,Grainbach,10 km² Gewässer,Donau,Hauptgewässer,300064
,,300065,Schwarzenbach [Seerottenbach],< 10 km² Gewässer,Donau,Hauptgewässer,300065
,,300066,Krickelbach,< 10 km² Gewässer,Donau,Hauptgewässer,300066
,,300067,"Ellerbach, Hausenbach, Kremnitzbach",< 10 km² Gewässer,Donau,Hauptgewässer,300067
,,300068,Moosbach [Kremnitzbach],10 km² Gewässer,Donau,Hauptgewässer,300068
,,300069,Sierning,10 km² Gewässer,Donau,Hauptgewässer,300069
,,300070,Hürmbach,10 km² Gewässer,Donau,Hauptgewässer,300070
,,300071,Marktbach,10 km² Gewässer,Donau,Hauptgewässer,300071
,,300072,Roggenbach,10 km² Gewässer,Donau,Hauptgewässer,300072
,,300073,Loosdorfer Mühlbach,10 km² Gewässer,Donau,Nebengewässer,300073
,,300074,Kickinger Bach (Nebeng.),< 10 km² Gewässer,Donau,Hauptgewässer,300074
,,300075,Greimathgraben,< 10 km² Gewässer,Donau,Hauptgewässer,300075
,,300076,"Krems, Große Krems",100 km² Gewässer,Donau,Hauptgewässer,300076
,,300077,Kleine Krems,10 km² Gewässer,Donau,Hauptgewässer,300077
,,300078,Herrngraben,10 km² Gewässer,Donau,Hauptgewässer,300078
,,300079,Tiefenbach [Krems],10 km² Gewässer,Donau,Hauptgewässer,300079
,,300080,Bach von Weinzierl,< 10 km² Gewässer,Donau,Hauptgewässer,300080
,,300081,Steinbach,< 10 km² Gewässer,Donau,Hauptgewässer,300081
,,300082,Fladnitz,100 km² Gewässer,Donau,Hauptgewässer,300082
,,300083,Wermuthgraben,< 10 km² Gewässer,Donau,Hauptgewässer,300083
,,300085,Gölsen,100 km² Gewässer,Donau,Hauptgewässer,300085
,,300086,Fliedersbach,10 km² Gewässer,Donau,Hauptgewässer,300086
,,300087,UG. [Hansjörglgraben],< 10 km² Gewässer,Donau,Hauptgewässer,300087
,,300088,Kieneckgraben,< 10 km² Gewässer,Donau,Hauptgewässer,300088
,,300089,Gütenbach,< 10 km² Gewässer,Donau,Hauptgewässer,300089
,,300090,Schindelbach,10 km² Gewässer,Donau,Hauptgewässer,300090
,,300091,Rechter Traisenmühlbach,10 km² Gewässer,Donau,Nebengewässer,300091
,,300092,Saubach [Rechter Traisenmühlbach],10 km² Gewässer,Donau,Hauptgewässer,300092
,,300093,Nadelbach,10 km² Gewässer,Donau,Hauptgewässer,300093
,,300094,Linker Traisenmühlbach,10 km² Gewässer,Donau,Nebengewässer,300094
,,300095,Kirchbach [Kamp],10 km² Gewässer,Donau,Hauptgewässer,300095
,,300096,Kleiner Kamp,100 km² Gewässer,Donau,Hauptgewässer,300096
,,300097,Prinzbach,10 km² Gewässer,Donau,Hauptgewässer,300097
,,300098,Fichtenbach,10 km² Gewässer,Donau,Hauptgewässer,300098
,,300099,Edelbach,10 km² Gewässer,Donau,Hauptgewässer,300099
,,300100,Rehbach,10 km² Gewässer,Donau,Hauptgewässer,300100
,,300101,Lohnbach,10 km² Gewässer,Donau,Hauptgewässer,300101
,,300102,Roitenbach,10 km² Gewässer,Donau,Hauptgewässer,300102
,,300103,Zwettl,100 km² Gewässer,Donau,Hauptgewässer,300103
,,300104,Elexenbach [Zwettl],10 km² Gewässer,Donau,Hauptgewässer,300104
,,300105,Zechbach (Kainrathschlagbach),10 km² Gewässer,Donau,Hauptgewässer,300105
,,300106,"Griesbach, Langaubach",10 km² Gewässer,Donau,Hauptgewässer,300106
,,300107,Leiterbachl,10 km² Gewässer,Donau,Hauptgewässer,300107
,,300108,Maißbach,10 km² Gewässer,Donau,Hauptgewässer,300108
,,300109,Guttenbrunner Bachl,10 km² Gewässer,Donau,Hauptgewässer,300109
,,300110,Waldhamser Bach,10 km² Gewässer,Donau,Hauptgewässer,300110
,,300111,Rieggersbach,10 km² Gewässer,Donau,Hauptgewässer,300111
,,300112,Gradnitz,10 km² Gewässer,Donau,Hauptgewässer,300112
,,300113,Moidramsbach,10 km² Gewässer,Donau,Hauptgewässer,300113
,,300114,Ramesgraben (Woltenbach),10 km² Gewässer,Donau,Hauptgewässer,300114
,,300115,Purzelkamp,100 km² Gewässer,Donau,Hauptgewässer,300115
,,300116,Langschlagbach,10 km² Gewässer,Donau,Hauptgewässer,300116
,,300117,Hießbach,< 10 km² Gewässer,Donau,Hauptgewässer,300117
,,300118,Friedersbach,10 km² Gewässer,Donau,Hauptgewässer,300118
,,300119,Sprögnitz (Sprögnitzbach),10 km² Gewässer,Donau,Hauptgewässer,300119
,,300120,Dobrabach,10 km² Gewässer,Donau,Hauptgewässer,300120
,,300121,Reislingbach,10 km² Gewässer,Donau,Hauptgewässer,300121
,,300122,Thauresleitengraben,< 10 km² Gewässer,Donau,Hauptgewässer,300122
,,300123,Abfluss aus dem Straßenteich,< 10 km² Gewässer,Donau,Hauptgewässer,300123
,,300124,Franbach,10 km² Gewässer,Donau,Hauptgewässer,300124
,,300125,Betzbach,10 km² Gewässer,Donau,Hauptgewässer,300125
,,300126,"Taffa, Große Taffa",100 km² Gewässer,Donau,Hauptgewässer,300126
,,300127,Farnbach,10 km² Gewässer,Donau,Hauptgewässer,300127
,,300128,Hausergraben [Große Taffa],< 10 km² Gewässer,Donau,Hauptgewässer,300128
,,300129,Kleine Taffa,10 km² Gewässer,Donau,Hauptgewässer,300129
,,300130,Höllgraben,< 10 km² Gewässer,Donau,Hauptgewässer,300130
,,300131,Taffabach,10 km² Gewässer,Donau,Hauptgewässer,300131
,,300132,Breiteneicher Bach,10 km² Gewässer,Donau,Hauptgewässer,300132
,,300133,"Zaingrubbach, Geiersdorfer Bach",10 km² Gewässer,Donau,Hauptgewässer,300133
,,300134,Sacherbach,10 km² Gewässer,Donau,Hauptgewässer,300134
,,300135,Teichwiesenbach,10 km² Gewässer,Donau,Hauptgewässer,300135
,,300136,Tobelbach,10 km² Gewässer,Donau,Hauptgewässer,300136
,,300137,Stiefernbach,10 km² Gewässer,Donau,Hauptgewässer,300137
,,300138,"Schwarzbach, Kaltbach",10 km² Gewässer,Donau,Hauptgewässer,300138
,,300139,Fahnbach,10 km² Gewässer,Donau,Hauptgewässer,300139
,,300140,Loisbach,10 km² Gewässer,Donau,Hauptgewässer,300140
,,300141,"Sirnitzbach, Lengenfelder Bach",10 km² Gewässer,Donau,Hauptgewässer,300141
,,300142,Gscheinzbach,10 km² Gewässer,Donau,Hauptgewässer,300142
,,300143,Mühlkamp,100 km² Gewässer,Donau,Hauptgewässer,300143
,,300144,Bach von Feuersbrunn,10 km² Gewässer,Donau,Hauptgewässer,300144
,,300146,"Bärndorfer Graben, Gutenbrunner Graben",10 km² Gewässer,Donau,Hauptgewässer,300146
,,300147,Reidlinggraben,< 10 km² Gewässer,Donau,Hauptgewässer,300147
,,300148,Gutenbrunner Graben,10 km² Gewässer,Donau,Hauptgewässer,300148
,,300149,Stössingbach (Nebeng.),10 km² Gewässer,Donau,Nebengewässer,300149
,,300150,Totzenbach,10 km² Gewässer,Donau,Hauptgewässer,300150
,,300151,Hüttelbach,< 10 km² Gewässer,Donau,Hauptgewässer,300151
,,300152,"Perschling, rechter Quellast",< 10 km² Gewässer,Donau,Hauptgewässer,300152
,,300153,Lengbach [Laabenbach],< 10 km² Gewässer,Donau,Hauptgewässer,300153
,,300154,Raipoltenbach,< 10 km² Gewässer,Donau,Hauptgewässer,300154
,,300155,Seebach [Große Tulln],10 km² Gewässer,Donau,Hauptgewässer,300155
,,300156,Moosbach [Große Tulln],10 km² Gewässer,Donau,Hauptgewässer,300156
,,300157,"Hochwiesgraben, Rinnengraben",10 km² Gewässer,Donau,Hauptgewässer,300157
,,300158,Egelseegraben,10 km² Gewässer,Donau,Hauptgewässer,300158
,2023-08-09,300159,"Hechtengraben, Plackenwasser, Rabischwasser, Rondellenwasser",10 km² Gewässer,Donau,Nebengewässer- Einmündung eines Hauptgewässers,300159
,,300160,Hechtengraben Zubringer,10 km² Gewässer,Donau,Hauptgewässer,300160
,,300161,"Rabischwasser, Krampugraben",10 km² Gewässer,Donau,Hauptgewässer,300161
,,300162,Wiesengraben,10 km² Gewässer,Donau,Hauptgewässer,300162
,,300163,Kleine Tulln,100 km² Gewässer,Donau,Hauptgewässer,300163
,,300164,Habergbach,< 10 km² Gewässer,Donau,Hauptgewässer,300164
,,300165,"Elsbach, Anningerbach",10 km² Gewässer,Donau,Hauptgewässer,300165
,,300166,Königstettner Hauptgraben,10 km² Gewässer,Donau,Hauptgewässer,300166
,,300167,Kaltes Wasser,10 km² Gewässer,Donau,Hauptgewässer,300167
,,300168,Krumpenwasser,1000 km² Gewässer,Donau,Hauptgewässer,300168
,,300169,Schmida,1000 km² Gewässer,Donau,Hauptgewässer,300169
,,300170,Maigner Bach,10 km² Gewässer,Donau,Hauptgewässer,300170
,,300171,Lateinbach,10 km² Gewässer,Donau,Hauptgewässer,300171
,,300172,"Straningbach, Regelsbach",10 km² Gewässer,Donau,Hauptgewässer,300172
,,300173,"Schleinzbach, Schleinitzbach",10 km² Gewässer,Donau,Hauptgewässer,300173
,,300174,Ravelsbach,10 km² Gewässer,Donau,Hauptgewässer,300174
,,300175,Gartenbach,10 km² Gewässer,Donau,Hauptgewässer,300175
,,300176,Baritz,10 km² Gewässer,Donau,Hauptgewässer,300176
,,300177,Rohrbach [Schmida],10 km² Gewässer,Donau,Hauptgewässer,300177
,,300178,Therngrabenbach,< 10 km² Gewässer,Donau,Hauptgewässer,300178
,,300179,Hundsgraben,10 km² Gewässer,Donau,Hauptgewässer,300179
,,300180,Stranzendorfer Bach,10 km² Gewässer,Donau,Hauptgewässer,300180
,,300181,Göllersbach,100 km² Gewässer,Donau,Hauptgewässer,300181
,,300182,"Gmoosbach, Kleiner Gmoosbach",100 km² Gewässer,Donau,Hauptgewässer,300182
,,300183,Immendorfer Graben,10 km² Gewässer,Donau,Hauptgewässer,300183
,,300184,Windpassinger Graben,10 km² Gewässer,Donau,Hauptgewässer,300184
,,300185,Gmoosbach [Windpassinger Graben],10 km² Gewässer,Donau,Hauptgewässer,300185
,,300186,"Runzenbach, Runzelbach",10 km² Gewässer,Donau,Hauptgewässer,300186
,,300187,Porrauer Bach (Porraubach),10 km² Gewässer,Donau,Hauptgewässer,300187
,,300188,Ringendorfer Graben,10 km² Gewässer,Donau,Hauptgewässer,300188
,,300189,Parschenbrunner Bach,10 km² Gewässer,Donau,Hauptgewässer,300189
,,300190,Senningbach,100 km² Gewässer,Donau,Hauptgewässer,300190
,,300191,"Mugler Bach, Mühlbach",10 km² Gewässer,Donau,Hauptgewässer,300191
,,300192,"Ottendorfer Bach, Mühlbach",10 km² Gewässer,Donau,Hauptgewässer,300192
,,300193,Hatzenbach,10 km² Gewässer,Donau,Hauptgewässer,300193
,,300194,Rohrbach [Donau],10 km² Gewässer,Donau,Hauptgewässer,300194
,,300195,Kleinwilfersdorfer Bach,< 10 km² Gewässer,Donau,Hauptgewässer,300195
,,300196,"Donaugraben, Mühlbach",10 km² Gewässer,Donau,Hauptgewässer,300196
,,300197,Tresdorfer Bach,10 km² Gewässer,Donau,Hauptgewässer,300197
,,300198,Klosterneuburger Durchstich,10 km² Gewässer,Donau,Nebengewässer,300198
,,300199,Weidlingbach,10 km² Gewässer,Donau,Hauptgewässer,300199
,,300201,Dürre Wien,100 km² Gewässer,Donau,Hauptgewässer,300201
,,300202,Wolfsgrabenbach,10 km² Gewässer,Donau,Hauptgewässer,300202
,,300203,Gablitzbach,10 km² Gewässer,Donau,Hauptgewässer,300203
,,300204,Groissaubach,< 10 km² Gewässer,Donau,Hauptgewässer,300204
,,300205,"Schwechat, Mitterbach, Aubach (Schwechat), Lammeraubach",1000 km² Gewässer,Donau,Hauptgewässer,300205
,,300206,Riesenbach,10 km² Gewässer,Donau,Hauptgewässer,300206
,,300207,Agsbach,10 km² Gewässer,Donau,Hauptgewässer,300207
,,300208,Groisbach (Nebeng.),< 10 km² Gewässer,Donau,Nebengewässer,300208
,,300209,Wiener Neustädter Kanal,100 km² Gewässer,Donau,Nebengewässer,300209
,,300211,Mühlbach (Badener Mühlbach),10 km² Gewässer,Donau,Nebengewässer,300211
,,300212,Heidbach (Badener Mühlbach),10 km² Gewässer,Donau,Nebengewässer,300212
,,300213,Mödling,100 km² Gewässer,Donau,Hauptgewässer,300213
,,300214,Spiegelbach,< 10 km² Gewässer,Donau,Hauptgewässer,300214
,,300216,Staffgraben,< 10 km² Gewässer,Donau,Hauptgewässer,300216
,,300217,"Ableitung Trauttmannsdorffer Teiche, Schönauer Teich, Zuleitung Trauttmannsdorffer Teiche",10 km² Gewässer,Donau,Hauptgewässer,300217
,,300218,Wienhofgraben,< 10 km² Gewässer,Donau,Hauptgewässer,300218
,,300219,Laaber Bach,< 10 km² Gewässer,Donau,Hauptgewässer,300219
,,300220,Kalter Gang,100 km² Gewässer,Donau,Hauptgewässer,300220
,,300221,Lobenbach,10 km² Gewässer,Donau,Nebengewässer,300221
,,300222,Fischa,500 km² Gewässer,Donau,Hauptgewässer,300222
,,300223,Ödengraben,< 10 km² Gewässer,Donau,Hauptgewässer,300223
,,300224,Trattal,< 10 km² Gewässer,Donau,Hauptgewässer,300224
,,300225,Waidmannsbach,< 10 km² Gewässer,Donau,Hauptgewässer,300225
,,300226,Dürnbach,10 km² Gewässer,Donau,Hauptgewässer,300226
,,300227,Piesting (Werkskanal bei Felixdorf),10 km² Gewässer,Donau,Nebengewässer,300227
,,300228,Fürbach,10 km² Gewässer,Donau,Hauptgewässer,300228
,,300229,Reisenbach,10 km² Gewässer,Donau,Hauptgewässer,300229
,,300230,Seegraben,10 km² Gewässer,Donau,Hauptgewässer,300230
,,300231,Heilsamer Bach,10 km² Gewässer,Donau,Hauptgewässer,300231
,,300232,Altenburger Bach (Sulzbach),10 km² Gewässer,Donau,Hauptgewässer,300232
,,300233,Rosskopfarm,10 km² Gewässer,Donau,Nebengewässer,300233
,,300234,Rußbach,500 km² Gewässer,Donau,Hauptgewässer,300234
,,300235,Hautzendorfer Bach,10 km² Gewässer,Donau,Hauptgewässer,300235
,,300236,Wolfpassinger Bach,10 km² Gewässer,Donau,Hauptgewässer,300236
,,300237,Münichsthaler Graben,10 km² Gewässer,Donau,Hauptgewässer,300237
,,300238,Bach bei Engelhartstetten,10 km² Gewässer,Donau,Hauptgewässer,300238
,,300239,Obersiebenbrunner Kanal,100 km² Gewässer,Donau,Hauptgewässer,300239
,,300240,Rotbach,10 km² Gewässer,Donau,Hauptgewässer,300240
,,300241,Moosbach [Thaya],10 km² Gewässer,Donau,Hauptgewässer,300241
,,300242,Jaudlingbach,10 km² Gewässer,Donau,Hauptgewässer,300242
,,300243,Aubach [Thaya],10 km² Gewässer,Donau,Hauptgewässer,300243
,,300244,Ganzbach [Thaya],< 10 km² Gewässer,Donau,Hauptgewässer,300244
,,300245,Thauabach,100 km² Gewässer,Donau,Hauptgewässer,300245
,,300246,Abfluss aus dem Böhmteich,< 10 km² Gewässer,Donau,Hauptgewässer,300246
,,300247,Wiesenbach [Thauabach],100 km² Gewässer,Donau,Hauptgewässer,300247
,,300248,Zwinzenbach,10 km² Gewässer,Donau,Hauptgewässer,300248
,,300249,Kleiner Thauabach,10 km² Gewässer,Donau,Hauptgewässer,300249
,,300250,Gansbach,10 km² Gewässer,Donau,Hauptgewässer,300250
,,300251,Lensbach,10 km² Gewässer,Donau,Hauptgewässer,300251
,,300252,Großer Radlbach,10 km² Gewässer,Donau,Hauptgewässer,300252
,,300253,Kaltenbach,10 km² Gewässer,Donau,Hauptgewässer,300253
,,300254,Sarningbach,10 km² Gewässer,Donau,Hauptgewässer,300254
,,300255,"Schwarzbach, Winkelbach",10 km² Gewässer,Donau,Hauptgewässer,300255
,,300256,"Kautzenbach, Reutbach",10 km² Gewässer,Donau,Hauptgewässer,300256
,,300257,Altbach [Reutbach],10 km² Gewässer,Donau,Hauptgewässer,300257
,,300258,Gasternbach,10 km² Gewässer,Donau,Hauptgewässer,300258
,,300259,Lexnitzbach,10 km² Gewässer,Donau,Hauptgewässer,300259
,,300260,"Edelbach [Thaya], Janitzbach",10 km² Gewässer,Donau,Hauptgewässer,300260
,,300261,Schladeinbach,10 km² Gewässer,Donau,Hauptgewässer,300261
,,300262,Loibesbach,10 km² Gewässer,Donau,Hauptgewässer,300262
,,300263,"Pucher Bach, Sommeraubach",10 km² Gewässer,Donau,Hauptgewässer,300263
,,300264,Seebsbach,100 km² Gewässer,Donau,Hauptgewässer,300264
,,300265,Seebsbach,< 10 km² Gewässer,Donau,Hauptgewässer,300265
,,300266,Sieghartser Bach,10 km² Gewässer,Donau,Hauptgewässer,300266
,,300267,Fistritzbach,10 km² Gewässer,Donau,Hauptgewässer,300267
,,300268,Thumeritzbach,10 km² Gewässer,Donau,Hauptgewässer,300268
,,300269,Piegerbach,10 km² Gewässer,Donau,Hauptgewässer,300269
,,300270,Fugnitz,100 km² Gewässer,Donau,Hauptgewässer,300270
,,300271,Goggitschbach,100 km² Gewässer,Donau,Hauptgewässer,300271
,,300272,"Pleißingbach, Prutzendorfer Bach",10 km² Gewässer,Donau,Hauptgewässer,300272
,,300273,Pulkau,500 km² Gewässer,Donau,Hauptgewässer,300273
,,300274,"Therasburger Bach, Aubach",10 km² Gewässer,Donau,Hauptgewässer,300274
,,300275,"Passendorfer Bach, Ebrechtbach",10 km² Gewässer,Donau,Hauptgewässer,300275
,,300276,Talbach,10 km² Gewässer,Donau,Hauptgewässer,300276
,,300277,"Schrattenbach, Markersdorferbach",10 km² Gewässer,Donau,Hauptgewässer,300277
,,300278,"Sulzbach, Kremserbach",10 km² Gewässer,Donau,Hauptgewässer,300278
,,300279,"Retzbach, Altbach, Retzer Altbach",10 km² Gewässer,Donau,Hauptgewässer,300279
,,300280,Landbach,10 km² Gewässer,Donau,Hauptgewässer,300280
,,300281,"Seebach, Altbach, Hussenbach",10 km² Gewässer,Donau,Hauptgewässer,300281
,,300282,Gemeindegraben (Mailberg),10 km² Gewässer,Donau,Hauptgewässer,300282
,,300283,Mottschüttelbach (Gießbach),10 km² Gewässer,Donau,Hauptgewässer,300283
,,300284,Dürnleiser Graben,10 km² Gewässer,Donau,Hauptgewässer,300284
,,300285,Stronsdorfer Graben,10 km² Gewässer,Donau,Hauptgewässer,300285
,,300286,Gießbach [Pulkau],10 km² Gewässer,Donau,Hauptgewässer,300286
,,300287,"Pfaffengraben, Neurohrgraben",10 km² Gewässer,Donau,Hauptgewässer,300287
,,300288,"Sieglüssbach, Kleinbaumgartner Graben, Grainergraben",10 km² Gewässer,Donau,Hauptgewässer,300288
,,300289,"Hagendorfer Graben, Loosdorfer Bach",10 km² Gewässer,Donau,Hauptgewässer,300289
,,300290,Egelseer Graben,10 km² Gewässer,Donau,Hauptgewässer,300290
,,300291,"Entersgraben, Bockgraben, Waltersdorfer Graben",10 km² Gewässer,Donau,Hauptgewässer,300291
,,300292,"Neudorfer Graben, Lienenbach",10 km² Gewässer,Donau,Hauptgewässer,300292
,,300293,Neuwiesgraben,< 10 km² Gewässer,Donau,Hauptgewässer,300293
,,300294,Stützenhofner Bach,< 10 km² Gewässer,Donau,Hauptgewässer,300294
,,300295,"Hametbach, Herbertsbrunngraben",100 km² Gewässer,Donau,Hauptgewässer,300295
,,300296,"Herrnbaumgartner Graben, Gsolgraben",10 km² Gewässer,Donau,Hauptgewässer,300296
,,300297,Mühlbach [Hametbach],10 km² Gewässer,Donau,Hauptgewässer,300297
,,300298,Zaya,500 km² Gewässer,Donau,Hauptgewässer,300298
,,300299,Gießbach [Zaya] (Pyhrabach),10 km² Gewässer,Donau,Hauptgewässer,300299
,,300300,Michelstetter Graben,< 10 km² Gewässer,Donau,Hauptgewässer,300300
,,300301,Brandbach,10 km² Gewässer,Donau,Hauptgewässer,300301
,,300302,Steinbach [Taschlbach],100 km² Gewässer,Donau,Hauptgewässer,300302
,,300303,Taschlbach (Ernstbrunner Bach),10 km² Gewässer,Donau,Hauptgewässer,300303
,,300304,Grafensulzer Bach,10 km² Gewässer,Donau,Hauptgewässer,300304
,,300305,Neubauer Bach,10 km² Gewässer,Donau,Hauptgewässer,300305
,,300306,Mistelbach,10 km² Gewässer,Donau,Hauptgewässer,300306
,,300307,Eibesbach (Eibesthalerbach),10 km² Gewässer,Donau,Hauptgewässer,300307
,,300308,Kettlasbach,10 km² Gewässer,Donau,Hauptgewässer,300308
,,300309,"Scherrunsengraben, Zeiselbach",10 km² Gewässer,Donau,Hauptgewässer,300309
,,300310,Seiherbach,10 km² Gewässer,Donau,Hauptgewässer,300310
,,300311,Poybach,10 km² Gewässer,Donau,Hauptgewässer,300311
,,300312,"Ortsbach, Baumfeldgraben",10 km² Gewässer,Donau,Hauptgewässer,300312
,,300313,Steinberggraben,10 km² Gewässer,Donau,Hauptgewässer,300313
,,300314,"Groß-Inzersdorfer Bach, Eichhorner Bach",10 km² Gewässer,Donau,Hauptgewässer,300314
,,300315,Zistersdorfer Bach,10 km² Gewässer,Donau,Hauptgewässer,300315
,,300316,Sulzbach [March],100 km² Gewässer,Donau,Hauptgewässer,300316
,,300317,Hofbach,10 km² Gewässer,Donau,Hauptgewässer,300317
,,300318,"Loidesthaler Bach, Geißleitenbach",10 km² Gewässer,Donau,Hauptgewässer,300318
,,300319,Ollersbach,10 km² Gewässer,Donau,Hauptgewässer,300319
,,300320,"Weidenbach [March, bei Zwerndorf]",100 km² Gewässer,Donau,Hauptgewässer,300320
,,300321,Klein-Harras-Bach,10 km² Gewässer,Donau,Hauptgewässer,300321
,,300322,"Ruster Graben, Feilbach",10 km² Gewässer,Donau,Hauptgewässer,300322
,,300323,Seegraben,10 km² Gewässer,Donau,Hauptgewässer,300323
,,300324,Zapfengraben,10 km² Gewässer,Donau,Hauptgewässer,300324
,,300325,Stempfelbach,100 km² Gewässer,Donau,Hauptgewässer,300325
,,300326,Breitenseer Kanal,10 km² Gewässer,Donau,Hauptgewässer,300326
,,300327,Abzugsgraben,10 km² Gewässer,Donau,Hauptgewässer,300327
,,300328,Kajabach,< 10 km² Gewässer,Donau,Hauptgewässer,300328
,,300329,Schwarza (im Oberlauf Dürre Schwarza),500 km² Gewässer,Donau,Hauptgewässer,300329
,,300331,Trauchbach,< 10 km² Gewässer,Donau,Hauptgewässer,300331
,,300332,Grüne Schwarza,< 10 km² Gewässer,Donau,Hauptgewässer,300332
,,300333,Paxbach,< 10 km² Gewässer,Donau,Hauptgewässer,300333
,,300334,Voisbach,< 10 km² Gewässer,Donau,Hauptgewässer,300334
,,300335,Nassbach,< 10 km² Gewässer,Donau,Hauptgewässer,300335
,,300337,Preinbach,< 10 km² Gewässer,Donau,Hauptgewässer,300337
,,300338,Syhrnbach,< 10 km² Gewässer,Donau,Hauptgewässer,300338
,,300339,Stuppachgraben,10 km² Gewässer,Donau,Hauptgewässer,300339
,,300340,Sebastianbach,< 10 km² Gewässer,Donau,Hauptgewässer,300340
,,300341,Schrattentalbach (Schrattengraben),10 km² Gewässer,Donau,Hauptgewässer,300341
,,300343,"Natschbach, Doppelbach, Doppelbach, Daneggbach (Raunisbach, Grabenseebach)",10 km² Gewässer,Donau,Hauptgewässer,300343
,,300344,Pitten,100 km² Gewässer,Donau,Hauptgewässer,300344
,,300345,Kohlgrabenbach [Großer Pestingbach],< 10 km² Gewässer,Donau,Hauptgewässer,300345
,,300347,Haßbach,< 10 km² Gewässer,Donau,Hauptgewässer,300347
,,300349,Katzelsdorfer Kanal,10 km² Gewässer,Donau,Hauptgewässer,300349
,,300350,Lanzenkirchner Werkskanal (Leidingbach),10 km² Gewässer,Donau,Nebengewässer,300350
,,300351,Leidingbach,< 10 km² Gewässer,Donau,Hauptgewässer,300351
,,300352,Frauenbach (Nebeng.),10 km² Gewässer,Donau,Nebengewässer,300352
,,300353,Hammerbach,10 km² Gewässer,Donau,Nebengewässer,300353
,,300354,Kehrbach,100 km² Gewässer,Donau,Hauptgewässer,300354
,,300355,Kehrbach Zubringer [bei Wr. Neustadt] (Nebeng.),10 km² Gewässer,Donau,Nebengewässer,300355
,2023-08-09,300358,Schweingraben,10 km² Gewässer,Donau,Hauptgewässer,300358
,,300359,Leitha - Werkskanal [bei Wasenbruck],10 km² Gewässer,Donau,Nebengewässer,300359
,,300360,Werkskanal [Leitha] [bei Wasenbruck] Zubringer,10 km² Gewässer,Donau,Hauptgewässer,300360
,,300361,Göttlesbrunner Bach,10 km² Gewässer,Donau,Hauptgewässer,300361
,,300362,Alter Leithalauf [südl. Ast],10 km² Gewässer,Donau,Nebengewässer,300362
,,300363,Alter Leithalauf [nördl. Ast],10 km² Gewässer,Donau,Nebengewässer,300363
,,300364,Scharndorfer Ortsgraben,10 km² Gewässer,Donau,Hauptgewässer,300364
,,300365,"Hollerbach, Ungerbach",< 10 km² Gewässer,Donau,Hauptgewässer,300365
,,300366,Zöchlingbach,1000 km² Gewässer,Donau,Hauptgewässer,300366
,,300367,Einsiedelbach,10 km² Gewässer,Elbe,Hauptgewässer,300367
,,300368,Kuckucksbach,10 km² Gewässer,Elbe,Hauptgewässer,300368
,,300369,"Mühlbach, Hubbach",10 km² Gewässer,Elbe,Hauptgewässer,300369
,,300370,"Pfaffenbach, Wolfgangbach",10 km² Gewässer,Elbe,Hauptgewässer,300370
,,300371,"Hirschenwiesbach, Wultschaubach",10 km² Gewässer,Elbe,Hauptgewässer,300371
,,300372,Tiefenbach [Lainsitz],10 km² Gewässer,Elbe,Hauptgewässer,300372
,,300373,"Buschenbach, Weidenbach",10 km² Gewässer,Elbe,Hauptgewässer,300373
,,300374,Lembach,10 km² Gewässer,Elbe,Hauptgewässer,300374
,,300375,Reitzenschlager Bach,10 km² Gewässer,Elbe,Hauptgewässer,300375
,,300376,Hartgraben,10 km² Gewässer,Elbe,Hauptgewässer,300376
,,300377,"Schwarzabach, Spindelgraben",10 km² Gewässer,Elbe,Hauptgewässer,300377
,,300378,Pürbach,10 km² Gewässer,Elbe,Hauptgewässer,300378
,,300379,Elexenbach [Braunaubach],10 km² Gewässer,Elbe,Hauptgewässer,300379
,,300380,Albrechtsbach,10 km² Gewässer,Elbe,Hauptgewässer,300380
,,300381,Högerbach,< 10 km² Gewässer,Donau,Hauptgewässer,300381
,,300382,Augraben,10 km² Gewässer,Donau,Hauptgewässer,300382
,,300383,Schwarzriegelbach,10 km² Gewässer,Donau,Hauptgewässer,300383
,,300384,Reißenbach (westll. Quellast),10 km² Gewässer,Donau,Hauptgewässer,300384
,,300385,Roßkopfarm [Donau],10 km² Gewässer,Donau,Nebengewässer,300385
,,300386,Haager Bach (Nebeng.) [bei Haag] I,10 km² Gewässer,Donau,Nebengewässer,300386
,,300389,Haager Bach (Nebeng.) [bei Haag] II,10 km² Gewässer,Donau,Nebengewässer,300389
,,300390,Haager Bach (Nebeng.) [bei Haag] III,10 km² Gewässer,Donau,Nebengewässer,300390
,,300391,Erla (Nebeng.) [bei Sankt Valentin] I,10 km² Gewässer,Donau,Nebengewässer,300391
,,300392,Erla (Nebeng.) [bei Sankt Pantaleon-Erla],10 km² Gewässer,Donau,Nebengewässer,300392
,,300393,Erlanebenarm [bei Sankt Valentin],10 km² Gewässer,Donau,Nebengewässer,300393
,,300394,Erla (Nebeng.) [bei Sankt Valentin] III,10 km² Gewässer,Donau,Nebengewässer,300394
,,300395,Erla (Nebeng.) [bei Sankt Valentin] IV,10 km² Gewässer,Donau,Nebengewässer,300395
,,300396,Erla (Nebeng.) [bei Haidershofen],10 km² Gewässer,Donau,Nebengewässer,300396
,,300397,Erla (Nebeng.) [bei Sankt Valentin] V,10 km² Gewässer,Donau,Nebengewässer,300397
,2023-08-09,300398,Grenerarm (Nebeng.) [bei Ardagger] II,10 km² Gewässer,Donau,Nebengewässer,300398
,2023-08-09,300399,Grenerarm (Nebeng.) [bei Ardagger] III,10 km² Gewässer,Donau,Nebengewässer,300399
,,300400,Klafterbach (Nebeng.) [Große Ysper] [bei Yspertal],10 km² Gewässer,Donau,Nebengewässer,300400
,,300401,Große Ysper (Nebeng.),10 km² Gewässer,Donau,Nebengewässer,300401
,,300402,Oberer Ybbser Mühlbach (Nebeng.),10 km² Gewässer,Donau,Nebengewässer,300402
,,300403,Seebach (Nebeng.) [Lunzer See] [bei Lunz] I,10 km² Gewässer,Donau,Nebengewässer,300403
,,300404,Seebach (Nebeng.) [Lunzer See] [bei Lunz] III,10 km² Gewässer,Donau,Nebengewässer,300404
,,300405,Seebach (Nebeng.) [Lunzer See] [bei Lunz] V,10 km² Gewässer,Donau,Nebengewässer,300405
,,300406,Seebach (Nebeng.) [Lunzer See] [bei Lunz] VIII,10 km² Gewässer,Donau,Nebengewässer,300406
,,300407,Göstlingbach (Nebeng.),10 km² Gewässer,Donau,Nebengewässer,300407
,,300408,Schwarze Ois (Kleine Ybbs) (Nebeng.),10 km² Gewässer,Donau,Nebengewässer,300408
,,300409,Kleine Ybbs (Nebeng.),10 km² Gewässer,Donau,Nebengewässer,300409
,,300410,Zaucha (Nebeng.) [bei Weistrach] I,10 km² Gewässer,Donau,Nebengewässer,300410
,,300411,Biberbach (Nebeng.),< 10 km² Gewässer,Donau,Hauptgewässer,300411
,,300412,Wolfsbach (Nebeng.) [Url] [bei Wolfsbach] I,10 km² Gewässer,Donau,Nebengewässer,300412
,,300413,Wolfsbach (Nebeng.) [Url] [bei Wolfsbach] II,10 km² Gewässer,Donau,Nebengewässer,300413
,,300414,Url (Nebeng.),10 km² Gewässer,Donau,Nebengewässer,300414
,,300415,Ybbs (Nebeng.) [bei Winklarn],10 km² Gewässer,Donau,Nebengewässer,300415
,,300416,Ybbs (Nebeng.) [bei Ybbs],10 km² Gewässer,Donau,Nebengewässer,300416
,,300417,Ybbs (Nebeng.) (Seisenegger Bach),10 km² Gewässer,Donau,Nebengewässer,300417
,,300418,Zauchbach (Nebeng.) II,10 km² Gewässer,Donau,Nebengewässer,300418
,,300419,Zauchbach (Nebeng.) III,10 km² Gewässer,Donau,Nebengewässer,300419
,,300420,Mühlbach [Zauchbach-Ybbs] I,10 km² Gewässer,Donau,Nebengewässer,300420
,,300421,Mühlbach [Zauchbach-Ybbs] II,10 km² Gewässer,Donau,Nebengewässer,300421
,,300422,Mühlbach [Zauchbach-Ybbs] III,10 km² Gewässer,Donau,Nebengewässer,300422
,,300423,Ferschnitzbach (Nebeng.) [bei Ferschnitz] I,10 km² Gewässer,Donau,Nebengewässer,300423
,,300424,Ferschnitzbach (Nebeng.) [bei Ferschnitz] II,10 km² Gewässer,Donau,Nebengewässer,300424
,,300425,Donau (Nebeng.) [bei Fischamend] V,10 km² Gewässer,Donau,Nebengewässer,300425
,,300426,Donau (Nebeng.) [bei Orth] I,10 km² Gewässer,Donau,Nebengewässer,300426
,,300427,Donau (Nebeng.) [bei Haslau-Maria Ellend] I,10 km² Gewässer,Donau,Nebengewässer,300427
,,300428,Donau (Nebeng.) [bei Orth] II,10 km² Gewässer,Donau,Nebengewässer,300428
,,300429,Donau (Nebeng.) [bei Orth] V,10 km² Gewässer,Donau,Nebengewässer,300429
,,300430,Donau (Nebeng.) [bei Orth] VI,10 km² Gewässer,Donau,Nebengewässer,300430
,,300431,Donau (Nebeng.) [bei Orth] VII,10 km² Gewässer,Donau,Nebengewässer,300431
,,300432,Donau (Nebeng.) [bei Orth] VIII,10 km² Gewässer,Donau,Nebengewässer,300432
,,300433,Donau (Nebeng.) [bei Eckartsau] I,10 km² Gewässer,Donau,Nebengewässer,300433
,,300434,Donau (Nebeng.) [bei Petronell-Carnuntum] I,10 km² Gewässer,Donau,Nebengewässer,300434
,,300435,Donau (Nebeng.) [bei Petronell-Carnuntum] IV,10 km² Gewässer,Donau,Nebengewässer,300435
,,300436,Donau (Nebeng.) [bei Petronell-Carnuntum] III,10 km² Gewässer,Donau,Nebengewässer,300436
,,300437,Donau (Nebeng.) [bei Eckartsau] II,10 km² Gewässer,Donau,Nebengewässer,300437
,,300438,Narrischer Arm,10 km² Gewässer,Donau,Nebengewässer,300438
,,300439,Narrischer Arm,10 km² Gewässer,Donau,Nebengewässer,300439
,,300440,Rosskopfarm (Nebeng.),10 km² Gewässer,Donau,Nebengewässer,300440
,,300441,Überleitung Rohrbach - Kuttengraben,10 km² Gewässer,Donau,Nebengewässer,300441
,,300443,Einlaufbauwerk 6 KW Greifenstein,10 km² Gewässer,Donau,Nebengewässer,300443
,2023-08-09,300444,Donau (Nebeng.) [bei Tulln] III,10 km² Gewässer,Donau,Nebengewässer,300444
,,300445,Donau (Nebeng.) [bei Pöchlarn],10 km² Gewässer,Donau,Nebengewässer,300445
,,300446,Donau (Nebeng.) [bei Leiben],10 km² Gewässer,Donau,Nebengewässer,300446
,,300447,Donau (Nebeng.) [bei Strengberg],10 km² Gewässer,Donau,Nebengewässer,300447
,,300449,Donau (Nebeng.) [bei Tulln] I,10 km² Gewässer,Donau,Nebengewässer,300449
,,300450,Donau (Nebeng.) [bei Fischamend] I,10 km² Gewässer,Donau,Nebengewässer,300450
,,300452,Kleine Erlauf (Nebeng.) [bei Randegg],10 km² Gewässer,Donau,Nebengewässer,300452
,,300453,Kleine Erlauf (Nebeng.) [bei Wolfpassing],10 km² Gewässer,Donau,Nebengewässer,300453
,,300454,Kleine Erlauf (Nebeng.) [bei Wieselburg],10 km² Gewässer,Donau,Nebengewässer,300454
,,300456,Dollbach (Nebeng.),10 km² Gewässer,Donau,Nebengewässer,300456
,,300457,Mühlbach (Nebeng.) [Erlauf] [bei Scheibbs],10 km² Gewässer,Donau,Nebengewässer,300457
,,300458,Mühlbach (Nebeng.) [Erlauf] [bei Petzenkirchen] I,10 km² Gewässer,Donau,Nebengewässer,300458
,,300459,Mühlbach (Nebeng.) [Erlauf] [bei Bergland] I,10 km² Gewässer,Donau,Nebengewässer,300459
,,300460,Mühlbach (Nebeng.) [Erlauf] [bei Bergland] II,10 km² Gewässer,Donau,Nebengewässer,300460
,,300462,Schweinzbach (Nebeng.) [Melk],10 km² Gewässer,Donau,Nebengewässer,300462
,,300463,Mank (Nebeng.) [bei Mank] I,10 km² Gewässer,Donau,Nebengewässer,300463
,,300464,Mank (Nebeng.) [bei Mank] II,10 km² Gewässer,Donau,Nebengewässer,300464
,,300465,Mank (Nebeng.) [bei Sankt Leonhard am Forst],10 km² Gewässer,Donau,Nebengewässer,300465
,2023-08-09,300466,Soisbach (Nebeng.) [bei Kirchberg] I,10 km² Gewässer,Donau,Nebengewässer,300466
,,300467,Soisbach (Nebeng.) [bei Kirchberg] III,10 km² Gewässer,Donau,Nebengewässer,300467
,2023-08-09,300469,Mittergraben,10 km² Gewässer,Donau,Nebengewässer,300469
,,300470,Sierning [Pielach] (Nebeng.) [bei Bischofstetten],10 km² Gewässer,Donau,Nebengewässer,300470
,,300471,Loosdorfer Mühlbach (Nebeng.),10 km² Gewässer,Donau,Nebengewässer,300471
,,300472,Pielach Mühlbach bei Weinburg,10 km² Gewässer,Donau,Nebengewässer,300472
,,300473,Pielach (Nebeng.) [bei Loich],10 km² Gewässer,Donau,Nebengewässer,300473
,,300474,Pielach (Nebeng.) [bei Kirchberg],10 km² Gewässer,Donau,Nebengewässer,300474
,,300475,Pielach (Nebeng.) [bei Kirchberg],10 km² Gewässer,Donau,Nebengewässer,300475
,,300476,Pielach (Nebeng.) [bei Weinburg] III,10 km² Gewässer,Donau,Nebengewässer,300476
,,300477,Pielach (Nebeng.) [bei Ober-Grafendorf] II,10 km² Gewässer,Donau,Nebengewässer,300477
,,300478,Salauer Mühlbach,10 km² Gewässer,Donau,Nebengewässer,300478
,,300479,Pielach (Nebeng.) [bei Hafnerbach] I,10 km² Gewässer,Donau,Nebengewässer,300479
,,300480,Pielach (Nebeng.) [bei Weinburg] II,10 km² Gewässer,Donau,Nebengewässer,300480
,,300481,Obergrafendorfer Werkskanal,10 km² Gewässer,Donau,Nebengewässer,300481
,,300482,Pielach (Nebeng.) [bei Melk],10 km² Gewässer,Donau,Nebengewässer,300482
,,300483,Pielach (Nebeng.) [bei Hafnerbach] II,10 km² Gewässer,Donau,Nebengewässer,300483
,,300484,Pielach (Nebeng.) [bei Haunoldstein],10 km² Gewässer,Donau,Nebengewässer,300484
,2023-08-09,300485,Grünsbach,10 km² Gewässer,Donau,Nebengewässer- Einmündung eines Hauptgewässers,300485
,,300486,Kleine Krems (Nebeng.) [bei Albrechtsberg],10 km² Gewässer,Donau,Nebengewässer,300486
,,300487,Kleine Krems (Nebeng.) [bei Weinzierl am Walde],10 km² Gewässer,Donau,Nebengewässer,300487
,,300488,Krems [Donau] (Nebeng.) [bei Gföhl],10 km² Gewässer,Donau,Nebengewässer,300488
,,300489,Große Krems (Nebeng.) [bei Ottenschlag] III,10 km² Gewässer,Donau,Nebengewässer,300489
,,300490,Große Krems (Nebeng.) [bei Sallingberg] III,10 km² Gewässer,Donau,Nebengewässer,300490
,,300491,Große Krems (Nebeng.) [bei Gföhl] II,10 km² Gewässer,Donau,Nebengewässer,300491
,,300492,Große Krems (Nebeng.) [bei Ottenschlag] IV,10 km² Gewässer,Donau,Nebengewässer,300492
,,300493,Krems [Donau] (Nebeng.) [bei Gföhl],10 km² Gewässer,Donau,Nebengewässer,300493
,,300494,Große Krems (Nebeng.) [bei Lichtenau] I,10 km² Gewässer,Donau,Nebengewässer,300494
,,300495,Große Krems (Nebeng.) [bei Ottenschlag] I,10 km² Gewässer,Donau,Nebengewässer,300495
,,300496,Große Krems (Nebeng.) [bei Weinzierl],10 km² Gewässer,Donau,Nebengewässer,300496
,,300497,Große Krems (Nebeng.) [bei Lichtenau] II,10 km² Gewässer,Donau,Nebengewässer,300497
,,300498,Große Krems (Nebeng.) [bei Ottenschlag] II,10 km² Gewässer,Donau,Nebengewässer,300498
,,300499,Große Krems (Nebeng.) [bei Sallingberg] I,10 km² Gewässer,Donau,Nebengewässer,300499
,,300500,Retzbach (Nebeng.),10 km² Gewässer,Donau,Nebengewässer,300500
,,300501,Unrecht Traisen (Nebeng.) [bei Hohenberg] I,10 km² Gewässer,Donau,Nebengewässer,300501
,,300502,Unrecht Traisen (Nebeng.) [bei Hohenberg] II,10 km² Gewässer,Donau,Nebengewässer,300502
,,300503,Unrecht Traisen (Nebeng.) [bei Hohenberg] III,10 km² Gewässer,Donau,Nebengewässer,300503
,,300504,Halbach (Nebeng.) [bei Kleinzell] II,10 km² Gewässer,Donau,Nebengewässer,300504
,,300505,Halbach (Nebeng.) [bei Kleinzell] III,10 km² Gewässer,Donau,Nebengewässer,300505
,,300507,Wiesenbach (Nebeng.) [Gölsen] [bei Sankt Veit an der Gölsen] II,10 km² Gewässer,Donau,Nebengewässer,300507
,,300508,Gölsen (Nebeng.) [bei Sankt Veit an der Gölsen] I,10 km² Gewässer,Donau,Nebengewässer,300508
,,300510,Gölsen (Nebeng.) [bei Rohrbach an der Gölsen],10 km² Gewässer,Donau,Nebengewässer,300510
,,300511,Mühlgraben (Nebeng.) [bei Traismauer],10 km² Gewässer,Donau,Nebengewässer,300511
,,300512,Mühlgraben (Nebeng.) [bei Sankt Pölten] I,10 km² Gewässer,Donau,Nebengewässer,300512
,,300513,Mühlgraben (Nebeng.) [bei Herzogenburg] I,10 km² Gewässer,Donau,Nebengewässer,300513
,,300514,Mühlgraben (Nebeng.) [bei Herzogenburg] II,10 km² Gewässer,Donau,Nebengewässer,300514
,,300516,Mühlbach (Nebeng.) [Traisen] [bei Herzogenburg],10 km² Gewässer,Donau,Nebengewässer,300516
,,300517,Mühlbach (Nebeng.) [Traisen] [bei Nußdorf ],10 km² Gewässer,Donau,Nebengewässer,300517
,,300518,Traisen (Nebeng.) [bei Wilhelmsburg] I,10 km² Gewässer,Donau,Nebengewässer,300518
,,300520,Traisen (Nebeng.) [bei Wilhelmsburg] III,10 km² Gewässer,Donau,Nebengewässer,300520
,,300522,Traisen (Nebeng.) [bei Eschenau] I,10 km² Gewässer,Donau,Nebengewässer,300522
,,300523,Traisen (Nebeng.) [bei Wilhelmsburg] V,10 km² Gewässer,Donau,Nebengewässer,300523
,,300524,Traisen (Nebeng.) [bei Wilhelmsburg] VII,10 km² Gewässer,Donau,Nebengewässer,300524
,,300525,Traisen (Nebeng.) [bei Eschenau] II,10 km² Gewässer,Donau,Nebengewässer,300525
,,300526,Traisen (Nebeng.) [bei Sankt Pölten] I,10 km² Gewässer,Donau,Nebengewässer,300526
,,300527,Ochsenburger Mühlbach,10 km² Gewässer,Donau,Nebengewässer,300527
,,300528,Traisen (Nebeng.) [bei Traismauer],10 km² Gewässer,Donau,Nebengewässer,300528
,,300529,Traisen (Nebeng.) [bei Herzogenburg] II,10 km² Gewässer,Donau,Nebengewässer,300529
,,300530,Traisen (Nebeng.) [bei Türnitz] I,10 km² Gewässer,Donau,Nebengewässer,300530
,,300531,Traisen (Nebeng.) [bei Türnitz] II,10 km² Gewässer,Donau,Nebengewässer,300531
,,300533,Kleiner Kamp (Nebeng.) [bei Rappottenstein] I,10 km² Gewässer,Donau,Nebengewässer,300533
,,300534,Kleiner Kamp (Nebeng.) [bei Rappottenstein] II,10 km² Gewässer,Donau,Nebengewässer,300534
,,300535,Griesbach (Nebeng.) [Zwettl],10 km² Gewässer,Donau,Nebengewässer,300535
,,300536,Rieggersbach (Nebeng.),10 km² Gewässer,Donau,Nebengewässer,300536
,,300537,Zwettl (Nebeng.) [bei Zwettl] I,10 km² Gewässer,Donau,Nebengewässer,300537
,,300538,Zwettl (Nebeng.) [bei Zwettl] II,10 km² Gewässer,Donau,Nebengewässer,300538
,,300539,Zwettl (Nebeng.) [bei Zwettl] III,10 km² Gewässer,Donau,Nebengewässer,300539
,,300540,Zwettl (Nebeng.) [bei Groß Gerungs] VIII,10 km² Gewässer,Donau,Nebengewässer,300540
,,300541,Zwettl (Nebeng.) [bei Zwettl] IV,10 km² Gewässer,Donau,Nebengewässer,300541
,,300542,Zwettl (Nebeng.) [bei Groß Gerungs] III,10 km² Gewässer,Donau,Nebengewässer,300542
,,300543,Zwettl (Nebeng.) [bei Groß Gerungs] V,10 km² Gewässer,Donau,Nebengewässer,300543
,,300544,Zwettl (Nebeng.) [bei Groß Gerungs] VII,10 km² Gewässer,Donau,Nebengewässer,300544
,,300545,Purzelkamp (Nebeng.) [bei Sallingberg] I,10 km² Gewässer,Donau,Nebengewässer,300545
,,300546,Purzelkamp (Nebeng.) [bei Grafenschlag] I,10 km² Gewässer,Donau,Nebengewässer,300546
,,300547,Purzelkamp (Nebeng.) [bei Großgöttfritz] II,10 km² Gewässer,Donau,Nebengewässer,300547
,,300548,Purzelkamp (Nebeng.) [bei Grafenschlag] II,10 km² Gewässer,Donau,Nebengewässer,300548
,,300549,Purzelkamp (Nebeng.) [bei Grafenschlag] III,10 km² Gewässer,Donau,Nebengewässer,300549
,,300550,Dobrabach (Nebeng.),10 km² Gewässer,Donau,Nebengewässer,300550
,,300551,Taffa (Nebeng.),10 km² Gewässer,Donau,Nebengewässer,300551
,,300552,Kamp (Nebeng.) [bei Altenburg] I,10 km² Gewässer,Donau,Nebengewässer,300552
,,300553,Kamp (Nebeng.) [bei Rappottenstein] III,10 km² Gewässer,Donau,Nebengewässer,300553
,,300554,Kamp (Nebeng.) [bei Schönberg] III,10 km² Gewässer,Donau,Nebengewässer,300554
,,300555,Kamp (Nebeng.) [bei Arbesbach] I,10 km² Gewässer,Donau,Nebengewässer,300555
,,300556,Kamp (Nebeng.) [bei Arbesbach] II,10 km² Gewässer,Donau,Nebengewässer,300556
,,300557,Kamp (Nebeng.) [bei Rappottenstein] IV,10 km² Gewässer,Donau,Nebengewässer,300557
,,300558,Kamp (Nebeng.) [bei Rappottenstein] V,10 km² Gewässer,Donau,Nebengewässer,300558
,,300559,Kamp (Nebeng.) [bei Rappottenstein] VI,10 km² Gewässer,Donau,Nebengewässer,300559
,,300560,Kamp (Nebeng.) [bei Gars] II,10 km² Gewässer,Donau,Nebengewässer,300560
,,300561,Kamp (Nebeng.) [bei Altenburg] II,10 km² Gewässer,Donau,Nebengewässer,300561
,,300562,Kamp (Nebeng.) [bei Schönberg] I,10 km² Gewässer,Donau,Nebengewässer,300562
,,300563,Kamp (Nebeng.) [bei Gars] III,10 km² Gewässer,Donau,Nebengewässer,300563
,,300564,Kamp (Nebeng.) [bei Schönberg] IV,10 km² Gewässer,Donau,Nebengewässer,300564
,,300565,Kamp (Nebeng.) [bei Langenlois] II,10 km² Gewässer,Donau,Nebengewässer,300565
,,300566,Kamp (Nebeng.) [bei Gars] IV,10 km² Gewässer,Donau,Nebengewässer,300566
,,300567,Kamp (Nebeng.) [bei Gars] V,10 km² Gewässer,Donau,Nebengewässer,300567
,,300568,Kamp (Nebeng.) [bei Zwettl] I,10 km² Gewässer,Donau,Nebengewässer,300568
,,300569,Kamp (Nebeng.) [bei Schönberg] II,10 km² Gewässer,Donau,Nebengewässer,300569
,,300570,Kamp (Nebeng.) [bei Langenlois] I,10 km² Gewässer,Donau,Nebengewässer,300570
,,300571,Kamp (Nebeng.) [bei Gars] I,10 km² Gewässer,Donau,Nebengewässer,300571
,,300572,Kamp (Nebeng.) [bei Rappottenstein] I,10 km² Gewässer,Donau,Nebengewässer,300572
,,300573,Kamp (Nebeng.) [bei Rappottenstein] II,10 km² Gewässer,Donau,Nebengewässer,300573
,,300574,Mühlkamp (Nebeng.) [bei Grafenegg],10 km² Gewässer,Donau,Nebengewässer,300574
,,300575,Mühlkamp (Nebeng.) [bei Hadersdorf-Kammern],10 km² Gewässer,Donau,Nebengewässer,300575
,,300576,Dammgraben (Nebeng.),10 km² Gewässer,Donau,Nebengewässer,300576
,,300577,Michelbach (Nebeng.),10 km² Gewässer,Donau,Nebengewässer,300577
,,300578,Perschling (Nebeng.) [bei Atzenbrugg] I,10 km² Gewässer,Donau,Nebengewässer,300578
,,300579,Perschling (Nebeng.) [bei Böheimkirchen] I,10 km² Gewässer,Donau,Nebengewässer,300579
,,300580,Perschling-Hochwasserkanal,10 km² Gewässer,Donau,Nebengewässer,300580
,,300581,"Mühlbach (Perschling, Gem. Böheimkirchen)",10 km² Gewässer,Donau,Nebengewässer,300581
,,300582,Große Tulln (Nebeng.) [bei Sieghartskirchen],10 km² Gewässer,Donau,Nebengewässer,300582
,,300583,Große Tulln (Nebeng.) [bei Neulengbach],10 km² Gewässer,Donau,Nebengewässer,300583
,,300584,Kleine Tulln (Nebeng.) [bei Judenau],10 km² Gewässer,Donau,Nebengewässer,300584
,,300585,Kleine Tulln (Nebeng.) [bei Tulln],< 10 km² Gewässer,Donau,Nebengewässer,300585
,,300586,Schmida (Nebeng.) [bei Eggenburg] I,10 km² Gewässer,Donau,Nebengewässer,300586
,2023-08-09,300587,Gartenbach (Nebeng.),10 km² Gewässer,Donau,Nebengewässer,300587
,,300588,Stranzendorfer Bach (Nebeng.),10 km² Gewässer,Donau,Nebengewässer,300588
,,300589,Schmida (Nebeng.) [bei Eggenburg] II,10 km² Gewässer,Donau,Nebengewässer,300589
,,300590,Oberer (Rechter) Schmidamühlbach,10 km² Gewässer,Donau,Nebengewässer,300590
,,300591,Unterer (Linker) Schmidamühlbach,10 km² Gewässer,Donau,Nebengewässer,300591
,2023-08-09,300594,Schmida (Nebeng.) [bei Großweikersdorf] V,10 km² Gewässer,Donau,Nebengewässer,300594
,,300595,Göllersbach (Nebeng.) (Froschaubach),10 km² Gewässer,Donau,Nebengewässer,300595
,,300596,Donaugraben (Nebeng.),10 km² Gewässer,Donau,Nebengewässer,300596
,,300601,Laabach [Wien] (Nebeng.),< 10 km² Gewässer,Donau,Nebengewässer,300601
,,300602,Hörmbach (Nebeng.) [Schwechat] [bei Baden] I,10 km² Gewässer,Donau,Nebengewässer,300602
,,300603,UG. [Ausleitung Heidbach (Badener Mühlbach)],10 km² Gewässer,Donau,Nebengewässer,300603
,,300604,Wiener Neustädter Kanal (Nebeng.) [bei Laxenburg] I,10 km² Gewässer,Donau,Nebengewässer,300604
,,300605,Wiener Neustädter Kanal (Nebeng.) [bei Laxenburg] II,10 km² Gewässer,Donau,Nebengewässer,300605
,,300606,Mödling (Nebeng.) [bei Biedermannsdorf],10 km² Gewässer,Donau,Nebengewässer,300606
,,300607,Mödling (Nebeng.) [bei Achau],10 km² Gewässer,Donau,Nebengewässer,300607
,,300608,Further Bach (Nebeng.),10 km² Gewässer,Donau,Nebengewässer,300608
,,300609,Schönauer Teich (Nebeng.),10 km² Gewässer,Donau,Nebengewässer,300609
,,300610,Triesting (Nebeng.) [bei Kaumberg],10 km² Gewässer,Donau,Nebengewässer,300610
,,300611,Triesting (Nebeng.) [bei Leobersdorf] II,10 km² Gewässer,Donau,Nebengewässer,300611
,,300612,Triesting (Nebeng.) [bei Schönau] IV,10 km² Gewässer,Donau,Nebengewässer,300612
,,300613,Triesting (Nebeng.) [bei Schönau] V,10 km² Gewässer,Donau,Nebengewässer,300613
,,300614,Triesting (Nebeng.) [bei Schönau] VI,10 km² Gewässer,Donau,Nebengewässer,300614
,,300615,Triesting (Nebeng.) [bei Schönau] VII,10 km² Gewässer,Donau,Nebengewässer,300615
,,300616,Triesting (Nebeng.) [bei Schönau] VIII,10 km² Gewässer,Donau,Nebengewässer,300616
,,300617,Triesting (Nebeng.) [bei Schönau] IX,10 km² Gewässer,Donau,Nebengewässer,300617
,,300618,Triesting (Nebeng.) [bei Teesdorf],10 km² Gewässer,Donau,Nebengewässer,300618
,,300619,Triesting (Nebeng.) [bei Günselsdorf] I,10 km² Gewässer,Donau,Nebengewässer,300619
,,300620,Triesting (Nebeng.) [bei Trumau] II,10 km² Gewässer,Donau,Nebengewässer,300620
,,300621,Triesting (Nebeng.) [bei Münchendorf],10 km² Gewässer,Donau,Nebengewässer,300621
,,300622,Triesting (Nebeng.) [bei Leobersdorf] I,10 km² Gewässer,Donau,Nebengewässer,300622
,,300623,Triesting (Nebeng.) [bei Trumau] I,10 km² Gewässer,Donau,Nebengewässer,300623
,,300624,Triesting (Nebeng.) [bei Schönau] I,10 km² Gewässer,Donau,Nebengewässer,300624
,,300625,Triesting (Nebeng.) [bei Tattendorf],10 km² Gewässer,Donau,Nebengewässer,300625
,,300626,Neubach [Mitterbach],10 km² Gewässer,Donau,Nebengewässer,300626
,,300627,Kalter Gang (Nebeng.) [bei Zwölfaxing],10 km² Gewässer,Donau,Nebengewässer,300627
,,300628,Kalter Gang (Nebeng.) [bei Himberg] VI,10 km² Gewässer,Donau,Nebengewässer,300628
,,300629,Kalter Gang (Nebeng.) [bei Himberg] VII,10 km² Gewässer,Donau,Nebengewässer,300629
,,300630,Kalter Gang (Nebeng.) [bei Himberg] VIII,10 km² Gewässer,Donau,Nebengewässer,300630
,,300631,Kalter Gang (Nebeng.) [bei Himberg] IX,10 km² Gewässer,Donau,Nebengewässer,300631
,,300632,Kalter Gang (Nebeng.) [bei Himberg] X,10 km² Gewässer,Donau,Nebengewässer,300632
,,300633,Kalter Gang (Nebeng.) [bei Ebreichsdorf] I,10 km² Gewässer,Donau,Nebengewässer,300633
,,300634,Kalter Gang (Nebeng.) [bei Ebreichsdorf] II,10 km² Gewässer,Donau,Nebengewässer,300634
,,300635,Kalter Gang (Nebeng.) [bei Himberg] II,10 km² Gewässer,Donau,Nebengewässer,300635
,,300636,Kalter Gang (Nebeng.) [bei Himberg] III,10 km² Gewässer,Donau,Nebengewässer,300636
,,300637,Kalter Gang (Nebeng.) [bei Himberg] IV,10 km² Gewässer,Donau,Nebengewässer,300637
,,300638,Schwechat (Nebeng.) [bei Laxenburg] IV,10 km² Gewässer,Donau,Nebengewässer,300638
,,300639,Schwechat (Nebeng.) [bei Münchendorf] II,10 km² Gewässer,Donau,Nebengewässer,300639
,,300640,Schwechat (Nebeng.) [bei Laxenburg] VII,10 km² Gewässer,Donau,Nebengewässer,300640
,,300641,Triestingkanal,10 km² Gewässer,Donau,Nebengewässer,300641
,,300642,Schwechater Werksbach (Nebeng.) [bei Schwechat] I,10 km² Gewässer,Donau,Nebengewässer,300642
,,300643,Schwechater Werksbach (Nebeng.) [bei Achau] II,10 km² Gewässer,Donau,Nebengewässer,300643
,,300644,Schwechater Werksbach (Nebeng.) [bei Himberg],10 km² Gewässer,Donau,Nebengewässer,300644
,,300645,Schwechater Werksbacht (Nebeng.) [bei Lanzendorf] I,10 km² Gewässer,Donau,Nebengewässer,300645
,,300646,Schwechater Werksbach(Nebeng.) [bei Lanzendorf] II,10 km² Gewässer,Donau,Nebengewässer,300646
,,300647,Schwechater Werksbach (Nebeng.) [bei Schwechat] II,10 km² Gewässer,Donau,Nebengewässer,300647
,,300648,Schwechat (Nebeng.) [bei Münchendorf] I,10 km² Gewässer,Donau,Nebengewässer,300648
,,300649,Schwechat (Nebeng.) [bei Laxenburg] I,10 km² Gewässer,Donau,Nebengewässer,300649
,,300650,Längapiesting (Nebeng.),10 km² Gewässer,Donau,Nebengewässer,300650
,,300651,Waidmannsbach (Nebeng.),10 km² Gewässer,Donau,Nebengewässer,300651
,,300652,Kaltenbergbach (Nebeng.) [Miesenbach] I,10 km² Gewässer,Donau,Nebengewässer,300652
,,300655,Piesting (Nebeng.) (Werkskanal bei Felixdorf) I,10 km² Gewässer,Donau,Nebengewässer,300655
,,300657,Piesting (Nebeng.) (Werkskanal bei Felixdorf) III,10 km² Gewässer,Donau,Nebengewässer,300657
,,300658,Piesting (Nebeng.) [bei Ebreichsdorf],10 km² Gewässer,Donau,Nebengewässer,300658
,,300659,Piesting (Nebeng.) [bei Gramatneusiedl] II,10 km² Gewässer,Donau,Nebengewässer,300659
,,300660,Piesting (Nebeng.) [bei Moosbrunn] III,10 km² Gewässer,Donau,Nebengewässer,300660
,,300661,Piesting (Nebeng.) [bei Markt Piesting] II,10 km² Gewässer,Donau,Nebengewässer,300661
,,300662,Piesting (Nebeng.) [bei Gutenstein] I,10 km² Gewässer,Donau,Nebengewässer,300662
,,300663,Piesting (Nebeng.) bei Ortmann,10 km² Gewässer,Donau,Nebengewässer,300663
,,300664,Piesting (Nebeng.) [bei Sollenau] III,10 km² Gewässer,Donau,Nebengewässer,300664
,,300665,Piesting (Nebeng.) [bei Pernitz],10 km² Gewässer,Donau,Nebengewässer,300665
,,300666,Piesting (Nebeng.) [bei Waldegg] IV,10 km² Gewässer,Donau,Nebengewässer,300666
,,300667,Neubach [Piesting],10 km² Gewässer,Donau,Nebengewässer,300667
,,300668,Piesting (Nebeng.) [bei Waidmannsfeld] II,10 km² Gewässer,Donau,Nebengewässer,300668
,,300669,Piesting (Nebeng.) [bei Gutenstein] II,10 km² Gewässer,Donau,Nebengewässer,300669
,,300670,Piesting (Nebeng.) [bei Waldegg] V,10 km² Gewässer,Donau,Nebengewässer,300670
,,300671,Piesting (Nebeng.) [bei Gutenstein] III,10 km² Gewässer,Donau,Nebengewässer,300671
,,300672,Piesting (Nebeng.) [bei Wöllersdorf] II,10 km² Gewässer,Donau,Nebengewässer,300672
,,300673,Piesting (Nebeng.) [bei Sollenau] IV,10 km² Gewässer,Donau,Nebengewässer,300673
,,300674,Piesting (Nebeng.) [bei Moosbrunn] IV,10 km² Gewässer,Donau,Nebengewässer,300674
,,300675,Piesting (Nebeng.) [bei Waldegg] I,10 km² Gewässer,Donau,Nebengewässer,300675
,,300676,Piesting (Nebeng.) [bei Sollenau] V,10 km² Gewässer,Donau,Nebengewässer,300676
,,300677,Piesting (Nebeng.) [bei Waldegg] II,10 km² Gewässer,Donau,Nebengewässer,300677
,,300678,Piesting (Nebeng.) [bei Gramatneusiedl] I,10 km² Gewässer,Donau,Nebengewässer,300678
,,300679,Piesting (Nebeng.) [bei Sollenau] I,10 km² Gewässer,Donau,Nebengewässer,300679
,,300680,Piesting (Nebeng.) [bei Moosbrunn] II,10 km² Gewässer,Donau,Nebengewässer,300680
,,300681,Reisenbach (Nebeng.),10 km² Gewässer,Donau,Nebengewässer,300681
,,300682,Fischa (Nebeng.) [bei Ebergassing] IV,10 km² Gewässer,Donau,Nebengewässer,300682
,,300683,Fischa (Nebeng.) [bei Fischamend] III,10 km² Gewässer,Donau,Nebengewässer,300683
,2023-08-09,300684,Fischa (Nebeng.) [bei Fischamend] IV,10 km² Gewässer,Donau,Nebengewässer,300684
,,300685,Fischa (Nebeng.) [bei Fischamend] V,10 km² Gewässer,Donau,Nebengewässer,300685
,,300686,Fischa (Nebeng.) [bei Ebergassing] I,10 km² Gewässer,Donau,Nebengewässer,300686
,,300687,Fischa (Nebeng.) [bei Fischamend] XI,10 km² Gewässer,Donau,Nebengewässer,300687
,,300688,Fischa (Nebeng.) [bei Ebergassing],10 km² Gewässer,Donau,Nebengewässer,300688
,,300689,Fischa (Nebeng.) [bei Schwadorf] I,10 km² Gewässer,Donau,Nebengewässer,300689
,,300690,Fischa (Nebeng.) [bei Klein-Neusiedl],10 km² Gewässer,Donau,Nebengewässer,300690
,,300691,Fischa (Nebeng.) [bei Enzersdorf],10 km² Gewässer,Donau,Nebengewässer,300691
,,300692,Fischa (Nebeng.) [bei Mitterndorf],10 km² Gewässer,Donau,Nebengewässer,300692
,,300693,Fadenbach (Nebeng.),10 km² Gewässer,Donau,Nebengewässer,300693
,,300694,Rußbach (Nebeng.) [bei Groß-Engersdorf],10 km² Gewässer,Donau,Nebengewässer,300694
,,300695,Rußbach (Nebeng.) [bei Ulrichskirchen],10 km² Gewässer,Donau,Nebengewässer,300695
,,300696,Rußbach Mühlbach,10 km² Gewässer,Donau,Nebengewässer,300696
,,300697,Rotbach (Nebeng.),10 km² Gewässer,Donau,Nebengewässer,300697
,2023-08-09,300698,Kleiner Thauabach (Nebeng.),10 km² Gewässer,Donau,Nebengewässer,300698
,,300699,Thauabach (Nebeng.) [bei Allentsteig],10 km² Gewässer,Donau,Nebengewässer,300699
,,300700,Thauabach (Nebeng.) [bei Windigsteig],10 km² Gewässer,Donau,Nebengewässer,300700
,,300701,Taulingbach (Nebeng.),< 10 km² Gewässer,Donau,Nebengewässer,300701
,,300702,Gansbach (Nebeng.) [Thaya] II,10 km² Gewässer,Donau,Nebengewässer,300702
,,300703,Taxenbach (Nebeng.) [bei Kautzen] I,10 km² Gewässer,Donau,Nebengewässer,300703
,,300704,Taxenbach (Nebeng.) [bei Kautzen] II,10 km² Gewässer,Donau,Nebengewässer,300704
,,300705,Taxenbach (Nebeng.) [bei Kautzen] V,10 km² Gewässer,Donau,Nebengewässer,300705
,,300706,Feinitzbach (Nebeng.) [bei Waldkirchen an der Thaya] I,10 km² Gewässer,Donau,Nebengewässer,300706
,,300707,Loibesbach (Nebeng.),10 km² Gewässer,Donau,Nebengewässer,300707
,,300708,Mährische Thaya (Nebeng.) [bei Raabs] I,10 km² Gewässer,Donau,Nebengewässer,300708
,,300709,Mährische Thaya (Nebeng.) [bei Raabs] II,10 km² Gewässer,Donau,Nebengewässer,300709
,,300710,Seesbach (Nebeng.) [bei Göpfritz] II,10 km² Gewässer,Donau,Nebengewässer,300710
,,300711,Seesbach (Nebeng.) [bei Göpfritz] III,10 km² Gewässer,Donau,Nebengewässer,300711
,,300712,Thumeritzbach (Nebeng.) [bei Geras] II,10 km² Gewässer,Donau,Nebengewässer,300712
,,300713,Mühlbach bei Unterthumeritz,10 km² Gewässer,Donau,Nebengewässer,300713
,,300714,Thaya (Nebeng.) [bei Thaya] I,10 km² Gewässer,Donau,Nebengewässer,300714
,,300715,Thaya (Nebeng.) [bei Raabs] III,10 km² Gewässer,Donau,Nebengewässer,300715
,,300716,Thaya (Nebeng.) [bei Raabs] IV,10 km² Gewässer,Donau,Nebengewässer,300716
,,300717,Thaya (Nebeng.) [bei Karlstein] I,10 km² Gewässer,Donau,Nebengewässer,300717
,,300718,Thaya (Nebeng.) [bei Vitis] II,10 km² Gewässer,Donau,Nebengewässer,300718
,,300719,Thaya (Nebeng.) [bei Vitis] III,10 km² Gewässer,Donau,Nebengewässer,300719
,,300720,Thaya (Nebeng.) [bei Dobersberg] I,10 km² Gewässer,Donau,Nebengewässer,300720
,,300721,Thaya (Nebeng.) [bei Karlstein] II,10 km² Gewässer,Donau,Nebengewässer,300721
,,300722,Thaya (Nebeng.) [bei Dobersberg] II,10 km² Gewässer,Donau,Nebengewässer,300722
,,300723,Thaya (Nebeng.) [bei Thaya] III,10 km² Gewässer,Donau,Nebengewässer,300723
,,300724,Thaya (Nebeng.) [bei Karlstein] III,10 km² Gewässer,Donau,Nebengewässer,300724
,,300726,Thaya (Nebeng.) [bei Waidhofen an der Thaya] II,10 km² Gewässer,Donau,Nebengewässer,300726
,,300727,Thaya (Nebeng.) [bei Waidhofen an der Thaya] III,10 km² Gewässer,Donau,Nebengewässer,300727
,,300728,Thaya (Nebeng.) [bei Vitis] IV,10 km² Gewässer,Donau,Nebengewässer,300728
,,300729,Thaya (Nebeng.) [bei Waidhofen an der Thaya] IV,10 km² Gewässer,Donau,Nebengewässer,300729
,,300730,Thaya (Nebeng.) [bei Waidhofen an der Thaya] V,10 km² Gewässer,Donau,Nebengewässer,300730
,,300731,Thaya (Nebeng.) [bei Hardegg],10 km² Gewässer,Donau,Nebengewässer,300731
,,300732,Thaya (Nebeng.) [bei Raabs] I,10 km² Gewässer,Donau,Nebengewässer,300732
,,300733,Thaya (Nebeng.) [bei Thaya] II,10 km² Gewässer,Donau,Nebengewässer,300733
,,300734,Thaya (Nebeng.) [bei Raabs] II,10 km² Gewässer,Donau,Nebengewässer,300734
,,300735,Thaya (Nebeng.) [bei Drosendorf],10 km² Gewässer,Donau,Nebengewässer,300735
,,300736,Thaya (Nebeng.) [bei Windigsteig],10 km² Gewässer,Donau,Nebengewässer,300736
,,300738,Pulkau (Nebeng.) [bei Großharras] I,10 km² Gewässer,Donau,Nebengewässer,300738
,,300739,Pulkau (Nebeng.) [bei Pulkau] III,10 km² Gewässer,Donau,Nebengewässer,300739
,,300740,Pulkau (Nebeng.) [bei Zellerndorf] III,10 km² Gewässer,Donau,Nebengewässer,300740
,,300741,Pulkau (Nebeng.) [bei Großharras] II,10 km² Gewässer,Donau,Nebengewässer,300741
,,300742,Pulkau (Nebeng.) [bei Sigmundsherberg],10 km² Gewässer,Donau,Nebengewässer,300742
,,300743,Pulkau (Nebeng.) [bei Pulkau] I,10 km² Gewässer,Donau,Nebengewässer,300743
,,300744,Pulkau (Nebeng.) [bei Pulkau] II,10 km² Gewässer,Donau,Nebengewässer,300744
,,300745,Pulkau (Nebeng.) [bei Großharras] III,10 km² Gewässer,Donau,Nebengewässer,300745
,,300746,Pulkau (Nebeng.) [bei Zellerndorf] I,10 km² Gewässer,Donau,Nebengewässer,300746
,,300747,Pulkau (Nebeng.) [bei Haugsdorf],10 km² Gewässer,Donau,Nebengewässer,300747
,,300748,Herrnbaumgartner Graben (Nebeng.),10 km² Gewässer,Donau,Nebengewässer,300748
,,300749,Gießbach (Nebeng.) [Zaya],10 km² Gewässer,Donau,Nebengewässer,300749
,,300750,Zeiselbach (Nebeng.),10 km² Gewässer,Donau,Nebengewässer,300750
,,300751,Poybach (Nebeng.),10 km² Gewässer,Donau,Nebengewässer,300751
,,300752,Zaya (Nebeng.) [bei Wilfersdorf] I,10 km² Gewässer,Donau,Nebengewässer,300752
,,300753,Zaya (Nebeng.) [bei Drösing],10 km² Gewässer,Donau,Nebengewässer,300753
,,300754,Zaya (Nebeng.) [bei Mistelbach],10 km² Gewässer,Donau,Nebengewässer,300754
,,300755,Zaya (Nebeng.) [bei Wilfersdorf] II,10 km² Gewässer,Donau,Nebengewässer,300755
,,300756,Zaya (Nebeng.) [bei Hauskirchen],< 10 km² Gewässer,Donau,Nebengewässer,300756
,,300757,Zaya (Nebeng.) [bei Wilfersdorf] VI,< 10 km² Gewässer,Donau,Nebengewässer,300757
,,300758,Eichhorner Bach (Nebeng.) [bei Niederabsdorf],10 km² Gewässer,Donau,Nebengewässer,300758
,,300759,March (Nebeng.) [bei Engelhartstetten] I,10 km² Gewässer,Donau,Nebengewässer,300759
,,300760,UG. [Weidenbach (March-Mäander)],10 km² Gewässer,Donau,Nebengewässer,300760
,,300761,March (Nebeng.) [bei Engelhartstetten] II,10 km² Gewässer,Donau,Nebengewässer,300761
,,300769,Zellenbach (Nebeng.) [Schwarza] [bei Rohr im Gebirge] II,10 km² Gewässer,Donau,Nebengewässer,300769
,,300770,Stuppacher Werkskanal (Nebeng.) [bei Buchbach],10 km² Gewässer,Donau,Nebengewässer,300770
,,300771,Stuppachgraben (Nebeng.) [bei Gloggnitz] I,10 km² Gewässer,Donau,Nebengewässer,300771
,,300772,Stuppacher Werksbach,10 km² Gewässer,Donau,Nebengewässer,300772
,,300773,Stuppacher Werkskanal (Nebeng.) [bei Ternitz],10 km² Gewässer,Donau,Nebengewässer,300773
,,300774,Sierning (Nebeng.) [Schwarza] [bei Ternitz] I,10 km² Gewässer,Donau,Nebengewässer,300774
,,300775,Sierning (Nebeng.) [Schwarza] [bei Ternitz] II,10 km² Gewässer,Donau,Nebengewässer,300775
,,300776,Sierning (Nebeng.) [Schwarza] [bei Puchberg],10 km² Gewässer,Donau,Nebengewässer,300776
,,300777,Schwarza (Nebeng.) [bei Schwarzau im Gebirge] I,10 km² Gewässer,Donau,Nebengewässer,300777
,,300778,Schwarza (Nebeng.) [bei Ternitz] I,10 km² Gewässer,Donau,Nebengewässer,300778
,,300779,Schwarza (Nebeng.) [bei Reichenau] III,10 km² Gewässer,Donau,Nebengewässer,300779
,,300780,Schwarza (Nebeng.) [bei Schwarzau im Gebirge] VI,10 km² Gewässer,Donau,Nebengewässer,300780
,,300781,Schwarza (Nebeng.) [bei Schwarzau im Gebirge] VII,10 km² Gewässer,Donau,Nebengewässer,300781
,,300782,Schwarza (Nebeng.) [bei Reichenau] V,10 km² Gewässer,Donau,Nebengewässer,300782
,,300783,Schwarza (Nebeng.) [bei Payerbach] II,10 km² Gewässer,Donau,Nebengewässer,300783
,,300784,Schwarza (Nebeng.) [bei Gloggnitz],10 km² Gewässer,Donau,Nebengewässer,300784
,,300785,Schwarza (Nebeng.) [bei Ternitz] II,10 km² Gewässer,Donau,Nebengewässer,300785
,,300786,Schwarza (Nebeng.) [bei Neunkirchen] II,10 km² Gewässer,Donau,Nebengewässer,300786
,,300787,Schwarza (Nebeng.) [bei Neunkirchen] V,10 km² Gewässer,Donau,Nebengewässer,300787
,,300788,Schwarza (Nebeng.) [bei Schwarzau im Gebirge] VIII,10 km² Gewässer,Donau,Nebengewässer,300788
,,300789,Schwarza (Nebeng.) [bei Schwarzau im Gebirge] II,10 km² Gewässer,Donau,Nebengewässer,300789
,,300790,Schwarza (Nebeng.) [bei Reichenau] II,10 km² Gewässer,Donau,Nebengewässer,300790
,,300791,Schwarza (Nebeng.) [bei Schwarzau im Gebirge] III,10 km² Gewässer,Donau,Nebengewässer,300791
,,300792,Schwarza (Nebeng.) [bei Payerbach] I,10 km² Gewässer,Donau,Nebengewässer,300792
,,300793,Schwarza (Nebeng.) [bei Schwarzau im Gebirge] IV,10 km² Gewässer,Donau,Nebengewässer,300793
,,300794,Schwarza (Nebeng.) [bei Schwarzau im Gebirge] V,10 km² Gewässer,Donau,Nebengewässer,300794
,,300795,Schwarza (Nebeng.) [bei Lanzenkirchen],10 km² Gewässer,Donau,Nebengewässer,300795
,,300796,Trattenbach (Nebeng.),10 km² Gewässer,Donau,Nebengewässer,300796
,,300797,Ausleitung Schlattenbach [bei Schlatten],10 km² Gewässer,Donau,Nebengewässer,300797
,,300798,Schlattenbach (Nebeng.) [Pitten] [bei Bromberg] III,10 km² Gewässer,Donau,Nebengewässer,300798
,2023-08-09,300799,Schlattenbach (Nebeng.) [Pitten] [bei Scheiblingkirchen],10 km² Gewässer,Donau,Nebengewässer,300799
,,300800,Schlattenbach (Nebeng.) [Pitten] [bei Thernberg],< 10 km² Gewässer,Donau,Hauptgewässer,300800
,,300801,Pitten (Nebeng.) [bei Seebenstein],10 km² Gewässer,Donau,Nebengewässer,300801
,,300802,Pitten (Nebeng.) [bei Thomasberg] II,10 km² Gewässer,Donau,Nebengewässer,300802
,,300803,Pitten (Nebeng.) [bei Pitten],10 km² Gewässer,Donau,Nebengewässer,300803
,,300804,Pitten (Nebeng.) [bei Thomasberg] III,10 km² Gewässer,Donau,Nebengewässer,300804
,,300805,Pitten (Nebeng.) [bei Thomasberg] IV,10 km² Gewässer,Donau,Nebengewässer,300805
,,300807,Katzelsdorfer Kanal (Nebeng.) II,10 km² Gewässer,Donau,Nebengewässer,300807
,,300808,Katzelsdorfer Kanal (Nebeng.) III,10 km² Gewässer,Donau,Nebengewässer,300808
,,300809,Katzelsdorfer Kanal (Nebeng.) IV,10 km² Gewässer,Donau,Nebengewässer,300809
,,300810,Katzelsdorfer Kanal (Nebeng.) V,10 km² Gewässer,Donau,Nebengewässer,300810
,,300811,Lanzenkirchner Werkskanal (Leidingbach) (Nebeng.),10 km² Gewässer,Donau,Nebengewässer,300811
,,300812,Gemeindegraben,10 km² Gewässer,Donau,Nebengewässer,300812
,,300813,Kehrbach (Nebeng.) [bei Schwarzau] I,10 km² Gewässer,Donau,Nebengewässer,300813
,,300814,Kehrbach (Nebeng.) [bei Schwarzau] III,10 km² Gewässer,Donau,Nebengewässer,300814
,,300815,Kehrbach (Nebeng.) [bei Neunkirchen],10 km² Gewässer,Donau,Nebengewässer,300815
,,300816,Kehrbach (Nebeng.) [bei Schwarzau] V,10 km² Gewässer,Donau,Nebengewässer,300816
,,300817,Warme Fischa (Nebeng.) [bei Eggendorf] I,10 km² Gewässer,Donau,Nebengewässer,300817
,,300818,Warme Fischa (Nebeng.) [bei Eggendorf] II,10 km² Gewässer,Donau,Nebengewässer,300818
,,300820,Warme Fischa (Nebeng.) [bei Lichtenwörth] VI,10 km² Gewässer,Donau,Nebengewässer,300820
,,300821,Warme Fischa (Nebeng.) [bei Ebenfurth] V,10 km² Gewässer,Donau,Nebengewässer,300821
,,300822,Warme Fischa (Nebeng.) [bei Ebenfurth] I,10 km² Gewässer,Donau,Nebengewässer,300822
,,300823,Warme Fischa (Nebeng.) [bei Ebenfurth] II,10 km² Gewässer,Donau,Nebengewässer,300823
,,300824,Warme Fischa (Nebeng.) [bei Eggendorf] III,10 km² Gewässer,Donau,Nebengewässer,300824
,,300825,Warme Fischa (Nebeng.) [bei Lichtenwörth] III,10 km² Gewässer,Donau,Nebengewässer,300825
,,300826,Warme Fischa (Nebeng.) [bei Ebenfurth] IV,10 km² Gewässer,Donau,Nebengewässer,300826
,,300827,Alter Leithalauf (Nebeng.) [südl. Ast],10 km² Gewässer,Donau,Nebengewässer,300827
,,300828,Alter Leithalauf (Nebeng.) [nördl. Ast] I,10 km² Gewässer,Donau,Nebengewässer,300828
,,300829,Alter Leithalauf (Nebeng.) [nördl. Ast] III,10 km² Gewässer,Donau,Nebengewässer,300829
,,300830,Werkskanal [Leitha] [bei Wasenbruck] (Nebeng.),10 km² Gewässer,Donau,Nebengewässer,300830
,,300831,Schwarzabach (Nebeng.),10 km² Gewässer,Elbe,Nebengewässer,300831
,,300832,Lainsitz (Nebeng.) [bei Weitra],10 km² Gewässer,Elbe,Nebengewässer,300832
,,300833,Alter Perschlinglauf,10 km² Gewässer,Donau,Hauptgewässer,300833
,,300835,Furtenbach,< 10 km² Gewässer,Donau,Hauptgewässer,300835
,,300836,Gießbach [Pulkau],< 10 km² Gewässer,Donau,Hauptgewässer,300836
,,300837,Marchmühlbach,10 km² Gewässer,Donau,Hauptgewässer,300837
,,300838,Veitsauerbach,10 km² Gewässer,Donau,Hauptgewässer,300838
,,300839,Schwarza (Nebeng.) [bei Neunkirchen] I,10 km² Gewässer,Donau,Nebengewässer,300839
,,300841,Unrechttraisen (Nebeng.),10 km² Gewässer,Donau,Nebengewässer,300841
,,300842,Triesting (Nebeng.) [bei Berndorf] I,10 km² Gewässer,Donau,Nebengewässer,300842
,,300843,Ramsaubach (Nebeng.) [Gölsen] [bei Hainfeld] II,10 km² Gewässer,Donau,Nebengewässer,300843
,,300844,Gölsen (Nebeng.) [bei Rohrbach an der Gölsen],10 km² Gewässer,Donau,Nebengewässer,300844
,,300845,Rothedelbach,< 10 km² Gewässer,Donau,Hauptgewässer,300845
,,300846,Thomasgraben (Nebeng.) [bei Breitenfurt West] I,10 km² Gewässer,Donau,Nebengewässer,300846
,,300847,Donau (Nebeng.) [bei Fischamend] II,10 km² Gewässer,Donau,Nebengewässer,300847
,,300848,Große Tulln (Nebeng.) [bei Asperhofen],10 km² Gewässer,Donau,Nebengewässer,300848
,,300849,Perschling (Nebeng.) [bei Atzenbrugg] III,10 km² Gewässer,Donau,Nebengewässer,300849
,,300850,Dammgraben,10 km² Gewässer,Donau,Hauptgewässer,300850
,,300851,Klafterbach [Große Ysper],< 10 km² Gewässer,Donau,Hauptgewässer,300851
,,300852,Wurzebenbach [Kleine Ysper],< 10 km² Gewässer,Donau,Hauptgewässer,300852
,,300854,Bach von Fels,10 km² Gewässer,Donau,Hauptgewässer,300854
,,300855,Schönfeldbach,< 10 km² Gewässer,Donau,Hauptgewässer,300855
,,300856,Bach von Schafberg,< 10 km² Gewässer,Donau,Hauptgewässer,300856
,,300857,Seefeldbach [Tiefenbach],< 10 km² Gewässer,Donau,Hauptgewässer,300857
,,300858,Atzelsdorfergraben (Altbach),< 10 km² Gewässer,Donau,Hauptgewässer,300858
,,300859,Kirchbach [Kamp],< 10 km² Gewässer,Donau,Hauptgewässer,300859
,,300860,Nexingbach,100 km² Gewässer,Donau,Hauptgewässer,300860
,,300861,Ulrichsberggraben,< 10 km² Gewässer,Donau,Hauptgewässer,300861
,,300862,Tiefenbach,< 10 km² Gewässer,Donau,Hauptgewässer,300862
,,300863,Zistersdorfer Bach,< 10 km² Gewässer,Donau,Hauptgewässer,300863
,,300864,Stockernbach,< 10 km² Gewässer,Donau,Hauptgewässer,300864
,,300865,Pulkau (Nebeng.) [bei Zellerndorf] II,10 km² Gewässer,Donau,Nebengewässer,300865
,,300866,Gr. Tulln (Nebeng.) [bei Langenrohr] I,10 km² Gewässer,Donau,Nebengewässer,300866
,,300867,Grünbach (Nebeng.),10 km² Gewässer,Donau,Nebengewässer,300867
,,300868,Schwarza (Nebeng.) [bei Gloggnitz] I,10 km² Gewässer,Donau,Nebengewässer,300868
,,300869,Schwarze Ois (Nebeng.) [bei Ybbsitz] I,10 km² Gewässer,Donau,Nebengewässer,300869
,,300870,"Verbindung Gölsen, Gerstbach",10 km² Gewässer,Donau,Nebengewässer,300870
,,300871,UG. [Kaumbergbach],< 10 km² Gewässer,Donau,Nebengewässer,300871
,,300872,Kulmabach,< 10 km² Gewässer,Donau,Hauptgewässer,300872
,,300873,UG. [Reiche Liesing],< 10 km² Gewässer,Donau,Hauptgewässer,300873
,,300874,Michelbach (Nebeng.),10 km² Gewässer,Donau,Nebengewässer,300874
,,300876,Schildbach,10 km² Gewässer,Donau,Nebengewässer,300876
,2023-08-09,300877,Theyernbach,10 km² Gewässer,Donau,Hauptgewässer,300877
,2023-08-09,300878,UG. [Große Erlauf],500 km² Gewässer,Donau,Hauptgewässer,300878
,,300879,Schöpflgraben,< 10 km² Gewässer,Donau,Hauptgewässer,300879
,,300880,UG. [Tauchenbach],< 10 km² Gewässer,Donau,Hauptgewässer,300880
,,300881,UG. [Piesting],< 10 km² Gewässer,Donau,Hauptgewässer,300881
,2023-08-09,300882,Ramsaubach (Nebeng.) [Gölsen] [bei Ramsau] II,10 km² Gewässer,Donau,Nebengewässer,300882
,,300883,Zaucha (Nebeng.) [bei Weistrach] II,10 km² Gewässer,Donau,Nebengewässer,300883
,,300884,Zellenbach (Nebeng.) [Schwarza] [bei Rohr im Gebirge] III,10 km² Gewässer,Donau,Nebengewässer,300884
,2023-08-09,300885,UG. [Bodinggraben],10 km² Gewässer,Donau,Hauptgewässer,300885
,,300886,Dürnbach,< 10 km² Gewässer,Donau,Hauptgewässer,300886
,,300887,Gamingbach (Nebeng.) [bei Gaming] II,10 km² Gewässer,Donau,Nebengewässer,300887
,,300888,Wagentalbach (Nebeng.) [bei Rohr im Gebirge],10 km² Gewässer,Donau,Nebengewässer,300888
,,300889,Thumeritzbach (Nebeng.) [bei Geras] I,10 km² Gewässer,Donau,Nebengewässer,300889
,,300890,Moosbach [Thaya],< 10 km² Gewässer,Donau,Hauptgewässer,300890
,,300891,Mooswiesengraben,< 10 km² Gewässer,Donau,Hauptgewässer,300891
,,300892,Taulingbach,< 10 km² Gewässer,Donau,Hauptgewässer,300892
,,300893,Kleiner Radlbach,< 10 km² Gewässer,Donau,Hauptgewässer,300893
,,300894,Hollenbach,< 10 km² Gewässer,Donau,Hauptgewässer,300894
,,300895,Hochleitengraben,< 10 km² Gewässer,Donau,Hauptgewässer,300895
,,300896,Kleinzwettler Bach,< 10 km² Gewässer,Donau,Hauptgewässer,300896
,,300897,Fährtlbach,< 10 km² Gewässer,Donau,Hauptgewässer,300897
,,300898,Talbach [Pulkau],< 10 km² Gewässer,Donau,Hauptgewässer,300898
,,300899,Haslacher Graben,< 10 km² Gewässer,Donau,Hauptgewässer,300899
,,300900,"Fallbach, Haslwassergraben",10 km² Gewässer,Donau,Hauptgewässer,300900
,,300901,Tonibach,10 km² Gewässer,Donau,Hauptgewässer,300901
,,300902,Schmida (Nebeng.) [bei Sitzendorf] I,10 km² Gewässer,Donau,Nebengewässer,300902
,,300903,Ebersbrunner Bach,< 10 km² Gewässer,Donau,Hauptgewässer,300903
,,300904,Therngrabenbach,< 10 km² Gewässer,Donau,Hauptgewässer,300904
,,300905,Gmoosbach,< 10 km² Gewässer,Donau,Hauptgewässer,300905
,,300906,Prinzbach,< 10 km² Gewässer,Donau,Hauptgewässer,300906
,,300907,Schönfeldbach,< 10 km² Gewässer,Donau,Hauptgewässer,300907
,,300908,Langaubach,< 10 km² Gewässer,Donau,Hauptgewässer,300908
,,300909,Waldbachl,< 10 km² Gewässer,Donau,Hauptgewässer,300909
,,300910,Bach von Traxlerberg,< 10 km² Gewässer,Donau,Hauptgewässer,300910
,,300911,Jahringsbach,< 10 km² Gewässer,Donau,Hauptgewässer,300911
,,300912,Bach vom Gemeindewald,< 10 km² Gewässer,Donau,Hauptgewässer,300912
,,300913,Schönauer Bach,< 10 km² Gewässer,Donau,Hauptgewässer,300913
,,300914,Kühgraben,< 10 km² Gewässer,Donau,Hauptgewässer,300914
,,300915,Augraben,< 10 km² Gewässer,Donau,Hauptgewässer,300915
,,300916,Sauerbrunnbach,< 10 km² Gewässer,Donau,Hauptgewässer,300916
,,300917,UG. [Breitenseer Kanal],< 10 km² Gewässer,Donau,Hauptgewässer,300917
,,300918,Aubach [Thaya],< 10 km² Gewässer,Donau,Hauptgewässer,300918
,,300919,Bernschlager Bach,< 10 km² Gewässer,Donau,Hauptgewässer,300919
,,300920,Überleitung Pürbach - Teichbach,10 km² Gewässer,Elbe,Nebengewässer,300920
,,300921,Zubringer Wurzebenbach [Kleine Ysper],< 10 km² Gewässer,Donau,Hauptgewässer,300921
,,300922,UG. [Schmida],10 km² Gewässer,Donau,Nebengewässer,300922
,,300923,Schmida (Nebeng.) [bei Roseldorf] II,10 km² Gewässer,Donau,Nebengewässer,300923
,,300924,Thaya (Nebeng.) [bei Raabs] V,10 km² Gewässer,Donau,Nebengewässer,300924
,,300925,Mährische Thaya (Nebeng.),10 km² Gewässer,Donau,Nebengewässer,300925
,2023-08-09,300927,Lainsitz (Nebeng.),10 km² Gewässer,Elbe,Nebengewässer,300927
,,300928,Purzelkamp (Nebeng.),10 km² Gewässer,Donau,Nebengewässer,300928
,,300929,Purzelkamp (Nebeng.) [bei Sallingberg] II,10 km² Gewässer,Donau,Nebengewässer,300929
,,300930,Moserbach [Jahringsbach],< 10 km² Gewässer,Donau,Hauptgewässer,300930
,,300931,Töbernitz (Nebeng.),10 km² Gewässer,Donau,Nebengewässer,300931
,,300932,"Felbringbach, Loitzendorfer Bach",< 10 km² Gewässer,Donau,Hauptgewässer,300932
,,300933,Perschling [Hochwasser - Entlastungsgerinne],100 km² Gewässer,Donau,Hauptgewässer,300933
,,300934,Alter Donauarm (Westteil),10 km² Gewässer,Donau,Nebengewässer,300934
,,300935,Alter Donauarm (Ostteil),10 km² Gewässer,Donau,Nebengewässer,300935
,,300936,UG. [Tannwaldbach],< 10 km² Gewässer,Donau,Hauptgewässer,300936
,,300937,Molzbach,10 km² Gewässer,Donau,Hauptgewässer,300937
,,300938,"Schanzbach, Aubach, Rohrbach",10 km² Gewässer,Donau,Hauptgewässer,300938
,,300939,Edlitzbach,10 km² Gewässer,Donau,Hauptgewässer,300939
,,300940,Hassbach,10 km² Gewässer,Donau,Hauptgewässer,300940
,,300941,Schlattenbach,10 km² Gewässer,Donau,Hauptgewässer,300941
,,300942,Leidingbach,10 km² Gewässer,Donau,Hauptgewässer,300942
,,300943,Klingfurtherbach,10 km² Gewässer,Donau,Hauptgewässer,300943
,,300944,Ofenbach,10 km² Gewässer,Donau,Hauptgewässer,300944
,,300945,Warme Fischa,100 km² Gewässer,Donau,Hauptgewässer,300945
,,300946,Muthmannsdorfer Graben (re. Quellast),10 km² Gewässer,Donau,Hauptgewässer,300946
,,300947,"Frauenbach [Warme Fischa], Frauenbach-Überleitung",10 km² Gewässer,Donau,Hauptgewässer,300947
,,300948,Johannesbach,10 km² Gewässer,Donau,Hauptgewässer,300948
,,300949,Ortsbach,10 km² Gewässer,Donau,Hauptgewässer,300949
,,300950,Wiesengraben,10 km² Gewässer,Donau,Hauptgewässer,300950
,,300951,Arbach (Arbachgraben),10 km² Gewässer,Donau,Hauptgewässer,300951
,,300952,Schweingraben,10 km² Gewässer,Donau,Hauptgewässer,300952
,,300953,Thalbach,10 km² Gewässer,Donau,Hauptgewässer,300953
,,300954,Ungerbach,10 km² Gewässer,Donau,Hauptgewässer,300954
,,300955,Reißenbach,100 km² Gewässer,Donau,Hauptgewässer,300955
,,300956,Endlingbach,10 km² Gewässer,Donau,Hauptgewässer,300956
,,300957,Spitzerbach,10 km² Gewässer,Donau,Hauptgewässer,300957
,,300958,Mieslingbach,10 km² Gewässer,Donau,Hauptgewässer,300958
,,300959,Gföhler Bach,10 km² Gewässer,Donau,Hauptgewässer,300959
,,300960,Reichaubach,10 km² Gewässer,Donau,Hauptgewässer,300960
,,300961,Steinbach,10 km² Gewässer,Donau,Hauptgewässer,300961
,,300962,"Göttfritzbach, Sierningbach (Viehgraben)",10 km² Gewässer,Donau,Hauptgewässer,300962
,,300963,Plöttbach,10 km² Gewässer,Donau,Hauptgewässer,300963
,,300964,Genitz Bach (Gernitz),10 km² Gewässer,Donau,Hauptgewässer,300964
,,300965,Töpenitzbach,10 km² Gewässer,Donau,Hauptgewässer,300965
,,300966,Brucketbach,10 km² Gewässer,Donau,Hauptgewässer,300966
,,300967,Auerngraben,< 10 km² Gewässer,Donau,Hauptgewässer,300967
,,300968,Michelbach,100 km² Gewässer,Donau,Hauptgewässer,300968
,,300969,"Mödringbach, Aumühlbach",10 km² Gewässer,Donau,Hauptgewässer,300969
,,300970,Weißenbach,10 km² Gewässer,Donau,Hauptgewässer,300970
,,300971,Loichbach,10 km² Gewässer,Donau,Hauptgewässer,300971
,,300972,Soisgrabenbach,10 km² Gewässer,Donau,Hauptgewässer,300972
,,300973,Tradigistbach,10 km² Gewässer,Donau,Hauptgewässer,300973
,,300974,Grünsbach,10 km² Gewässer,Donau,Hauptgewässer,300974
,,300975,Kremnitzbach,10 km² Gewässer,Donau,Hauptgewässer,300975
,,300976,Hafnerbach,< 10 km² Gewässer,Donau,Hauptgewässer,300976
,,300977,"Noppenbach, Wiedenbach, Böhamgraben",10 km² Gewässer,Donau,Hauptgewässer,300977
,,300978,Ambacher Graben,10 km² Gewässer,Donau,Hauptgewässer,300978
,,300979,Halterbach (Gem. Furth bei Göttweig),10 km² Gewässer,Donau,Hauptgewässer,300979
,,300980,Kreisbach,10 km² Gewässer,Donau,Hauptgewässer,300980
,,300981,Theyernbach,10 km² Gewässer,Donau,Hauptgewässer,300981
,,300982,Steinbach,10 km² Gewässer,Donau,Hauptgewässer,300982
,,300983,Perschling,100 km² Gewässer,Donau,Hauptgewässer,300983
,,300984,Stössingbach,100 km² Gewässer,Donau,Hauptgewässer,300984
,,300985,Sauschwanzgraben,10 km² Gewässer,Donau,Hauptgewässer,300985
,,300986,"Große Tulln, Laabenbach",100 km² Gewässer,Donau,Hauptgewässer,300986
,,300987,Lengbach,10 km² Gewässer,Donau,Hauptgewässer,300987
,,300988,Anzbach,10 km² Gewässer,Donau,Hauptgewässer,300988
,,300989,Haselbach,< 10 km² Gewässer,Donau,Hauptgewässer,300989
,,300990,"Kierlingbach, Marbach",10 km² Gewässer,Donau,Hauptgewässer,300990
,,300991,Gießhübler Ortsgraben,< 10 km² Gewässer,Donau,Hauptgewässer,300991
,,300992,Hochleitenbach,10 km² Gewässer,Donau,Hauptgewässer,300992
,,300993,Laaberbach,10 km² Gewässer,Donau,Hauptgewässer,300993
,,300994,Maribach [Riegersbach],10 km² Gewässer,Donau,Hauptgewässer,300994
,,300995,Gaberbach,10 km² Gewässer,Donau,Hauptgewässer,300995
,,300996,Riegersburgerbach,10 km² Gewässer,Donau,Hauptgewässer,300996
,,300997,Fellingbach,10 km² Gewässer,Donau,Hauptgewässer,300997
,,300998,Kajabach,10 km² Gewässer,Donau,Hauptgewässer,300998
,,300999,Lackenbach,10 km² Gewässer,Donau,Hauptgewässer,300999
,,301000,Gossambach (Felbringbach),10 km² Gewässer,Donau,Hauptgewässer,301000
,,301001,Sattelbach,10 km² Gewässer,Donau,Hauptgewässer,301001
,,301002,Ewixenbach,10 km² Gewässer,Donau,Hauptgewässer,301002
,,301003,Brettbach,< 10 km² Gewässer,Donau,Hauptgewässer,301003
,,301004,Pielach,500 km² Gewässer,Donau,Hauptgewässer,301004
,,301005,Jeßnitzbach,10 km² Gewässer,Donau,Hauptgewässer,301005
,,301006,Mitteraubach,10 km² Gewässer,Donau,Hauptgewässer,301006
,,301007,Bodingbach,10 km² Gewässer,Donau,Hauptgewässer,301007
,,301008,Opponitzer Ortsgraben,10 km² Gewässer,Donau,Hauptgewässer,301008
,,301009,Hammerbach,10 km² Gewässer,Donau,Hauptgewässer,301009
,,301010,Steinbach,10 km² Gewässer,Donau,Hauptgewässer,301010
,,301011,Seebach,10 km² Gewässer,Donau,Hauptgewässer,301011
,,301012,Ybbs,1000 km² Gewässer,Donau,Hauptgewässer,301012
,,301013,Schliefaubach,10 km² Gewässer,Donau,Hauptgewässer,301013
,,301014,Triesting,100 km² Gewässer,Donau,Hauptgewässer,301014
,,301015,Engelbergbach,10 km² Gewässer,Donau,Hauptgewässer,301015
,,301016,Nattersbach,10 km² Gewässer,Donau,Hauptgewässer,301016
,,301017,Göstlingbach,10 km² Gewässer,Donau,Hauptgewässer,301017
,,301018,Buchmaisgraben,< 10 km² Gewässer,Donau,Hauptgewässer,301018
,,301019,Oberriedbach,< 10 km² Gewässer,Donau,Hauptgewässer,301019
,,301020,Saurüsselbach,10 km² Gewässer,Donau,Hauptgewässer,301020
,,301021,Piesting,100 km² Gewässer,Donau,Hauptgewässer,301021
,,301022,Zellenbach,10 km² Gewässer,Donau,Hauptgewässer,301022
,,301023,Steinapiesting,10 km² Gewässer,Donau,Hauptgewässer,301023
,,301024,Längapiesting,10 km² Gewässer,Donau,Hauptgewässer,301024
,,301025,Myrabach (Mirabach),10 km² Gewässer,Donau,Hauptgewässer,301025
,,301026,Waidmannsbach,10 km² Gewässer,Donau,Hauptgewässer,301026
,,301027,Miesenbach,10 km² Gewässer,Donau,Hauptgewässer,301027
,,301028,Ponholzbach (Bannholzbach),10 km² Gewässer,Donau,Hauptgewässer,301028
,,301029,Tiefenbach,10 km² Gewässer,Donau,Hauptgewässer,301029
,,301030,Kargerbach,< 10 km² Gewässer,Donau,Hauptgewässer,301030
,,301031,Prollingbach,10 km² Gewässer,Donau,Hauptgewässer,301031
,,301032,Seebergbach,< 10 km² Gewässer,Donau,Hauptgewässer,301032
,,301033,Altbach,10 km² Gewässer,Donau,Hauptgewässer,301033
,,301034,Urlbach (Urnbach),10 km² Gewässer,Donau,Hauptgewässer,301034
,,301035,Lugbach,10 km² Gewässer,Donau,Hauptgewässer,301035
,,301036,Nellingbach,10 km² Gewässer,Donau,Hauptgewässer,301036
,,301037,Url,100 km² Gewässer,Donau,Hauptgewässer,301037
,,301038,Zaucha,10 km² Gewässer,Donau,Hauptgewässer,301038
,,301039,Weistrachbach,10 km² Gewässer,Donau,Hauptgewässer,301039
,,301040,Seiseneggerbach,10 km² Gewässer,Donau,Hauptgewässer,301040
,,301041,Zauchbach,10 km² Gewässer,Donau,Hauptgewässer,301041
,,301042,Triesenegger Bach,< 10 km² Gewässer,Donau,Hauptgewässer,301042
,,301043,Lassingbach,10 km² Gewässer,Donau,Hauptgewässer,301043
,,301044,Angerbach,10 km² Gewässer,Donau,Hauptgewässer,301044
,,301045,Blindbach,10 km² Gewässer,Donau,Hauptgewässer,301045
,,301046,Trefflingbach,10 km² Gewässer,Donau,Hauptgewässer,301046
,,301047,Nestelbergbach,10 km² Gewässer,Donau,Hauptgewässer,301047
,,301048,Gamingbach,10 km² Gewässer,Donau,Hauptgewässer,301048
,,301049,Pockaubach,10 km² Gewässer,Donau,Hauptgewässer,301049
,,301050,Musterhartnerbach,10 km² Gewässer,Donau,Hauptgewässer,301050
,,301051,Karlsbach,10 km² Gewässer,Donau,Hauptgewässer,301051
,,301052,Kleine Erlauf,100 km² Gewässer,Donau,Hauptgewässer,301052
,,301053,Aggsbach,10 km² Gewässer,Donau,Hauptgewässer,301053
,,301054,"Traisen, Türnitzer Traisen",500 km² Gewässer,Donau,Hauptgewässer,301054
,,301055,Türnitzbach,10 km² Gewässer,Donau,Hauptgewässer,301055
,,301056,Keerbach,10 km² Gewässer,Donau,Hauptgewässer,301056
,,301057,Unrecht Traisen,100 km² Gewässer,Donau,Hauptgewässer,301057
,,301058,Weissenbach,10 km² Gewässer,Donau,Hauptgewässer,301058
,,301059,Zögersbach,10 km² Gewässer,Donau,Hauptgewässer,301059
,,301060,Kasberggraben,< 10 km² Gewässer,Donau,Hauptgewässer,301060
,,301061,"Landgerichtsbach, Schweinbergbach",10 km² Gewässer,Donau,Hauptgewässer,301061
,,301062,Ramsaubach,10 km² Gewässer,Donau,Hauptgewässer,301062
,,301063,Durlaßbach,10 km² Gewässer,Donau,Hauptgewässer,301063
,,301064,Halbach,10 km² Gewässer,Donau,Hauptgewässer,301064
,,301065,Kerschenbach,10 km² Gewässer,Donau,Hauptgewässer,301065
,,301066,Schwarzenbach,10 km² Gewässer,Donau,Hauptgewässer,301066
,,301067,Wiesenbach,10 km² Gewässer,Donau,Hauptgewässer,301067
,,301068,"Steubach, Wehrabach",10 km² Gewässer,Donau,Hauptgewässer,301068
,,301069,Kaumbergbach,10 km² Gewässer,Donau,Hauptgewässer,301069
,,301070,Pöllerbach,10 km² Gewässer,Donau,Hauptgewässer,301070
,,301071,Raisenbach,10 km² Gewässer,Donau,Hauptgewässer,301071
,,301072,"Klosterbach, Klein-Mariazell Graben",10 km² Gewässer,Donau,Hauptgewässer,301072
,,301073,Further Bach,10 km² Gewässer,Donau,Hauptgewässer,301073
,,301074,Steinwandgraben,10 km² Gewässer,Donau,Hauptgewässer,301074
,,301075,Nöstachbach,10 km² Gewässer,Donau,Hauptgewässer,301075
,,301076,Maria Ellender Ortsgraben,< 10 km² Gewässer,Donau,Hauptgewässer,301076
,,301077,Zellenbach,10 km² Gewässer,Donau,Hauptgewässer,301077
,,301078,Trauchbach,10 km² Gewässer,Donau,Hauptgewässer,301078
,,301079,Stuhlfußgraben,10 km² Gewässer,Donau,Hauptgewässer,301079
,,301080,Voisbach,10 km² Gewässer,Donau,Hauptgewässer,301080
,,301081,"Nassbach (Naßbach), Wasseralmbach",10 km² Gewässer,Donau,Hauptgewässer,301081
,,301082,Klausgraben,10 km² Gewässer,Donau,Hauptgewässer,301082
,,301083,Auebach (Haidbach),10 km² Gewässer,Donau,Hauptgewässer,301083
,,301084,Syhrnbach,10 km² Gewässer,Donau,Hauptgewässer,301084
,,301085,Saubachgraben,10 km² Gewässer,Donau,Hauptgewässer,301085
,,301086,"Sierning, Schoberbach",100 km² Gewässer,Donau,Hauptgewässer,301086
,,301087,Pfennigbach,< 10 km² Gewässer,Donau,Hauptgewässer,301087
,,301088,Sebastianbach,10 km² Gewässer,Donau,Hauptgewässer,301088
,,301089,Rohrbach (Rohrbachgraben),10 km² Gewässer,Donau,Hauptgewässer,301089
,,301090,Großer Pestingbach,100 km² Gewässer,Donau,Hauptgewässer,301090
,,301091,Kleiner Pestingbach,10 km² Gewässer,Donau,Hauptgewässer,301091
,,301092,Feistritz (Trattenbach),100 km² Gewässer,Donau,Hauptgewässer,301092
,,301093,Steinbach,10 km² Gewässer,Donau,Hauptgewässer,301093
,,301094,Seerottenbach,< 10 km² Gewässer,Donau,Hauptgewässer,301094
,,301095,Höllriesgraben,< 10 km² Gewässer,Donau,Hauptgewässer,301095
,,301096,Kothbergbach,10 km² Gewässer,Donau,Hauptgewässer,301096
,,301097,Luckengraben,< 10 km² Gewässer,Donau,Hauptgewässer,301097
,,301098,Neuhauserbach,10 km² Gewässer,Donau,Hauptgewässer,301098
,,301099,Daglesbach,10 km² Gewässer,Donau,Hauptgewässer,301099
,,301100,Eseltalgraben,< 10 km² Gewässer,Donau,Hauptgewässer,301100
,,301101,Kogelbauergraben,< 10 km² Gewässer,Donau,Hauptgewässer,301101
,,301102,Großau Graben,10 km² Gewässer,Donau,Hauptgewässer,301102
,,301103,Klausbach,10 km² Gewässer,Donau,Hauptgewässer,301103
,,301104,Oberaubach,10 km² Gewässer,Donau,Hauptgewässer,301104
,,301105,Essenbach (Glasgrabenbach),100 km² Gewässer,Donau,Hauptgewässer,301105
,,301106,Feldwiesengraben,10 km² Gewässer,Donau,Hauptgewässer,301106
,,301107,Hollerbach,< 10 km² Gewässer,Donau,Hauptgewässer,301107
,,301108,Nagelbach,< 10 km² Gewässer,Donau,Hauptgewässer,301108
,,301109,Kohlenbach,< 10 km² Gewässer,Donau,Hauptgewässer,301109
,,301110,Viehausenbach,< 10 km² Gewässer,Donau,Hauptgewässer,301110
,,301111,Dürnbachgraben,10 km² Gewässer,Donau,Hauptgewässer,301111
,,301112,Fischa (Nebeng.) [bei Schwadorf] II,10 km² Gewässer,Donau,Nebengewässer,301112
,,301113,Fischa (Nebeng.) [bei Wienerherberg],10 km² Gewässer,Donau,Nebengewässer,301113
,,301114,Fischa (Nebeng.) [bei Ebergassing] II,10 km² Gewässer,Donau,Nebengewässer,301114
,,301115,Kamp (Nebeng.) [bei Hofmühle],10 km² Gewässer,Donau,Nebengewässer,301115
,,301116,Kleiner Kamp (Nebeng.) [bei Stieglitzmühle],10 km² Gewässer,Donau,Nebengewässer,301116
,,301117,Fichtenbach (Nebeng.) [bei Stieglitzmühle],10 km² Gewässer,Donau,Nebengewässer,301117
,,301118,Fischa (Linker Nebenarm),500 km² Gewässer,Donau,Nebengewässer,301118
,,301119,Fischa (Nebeng.) [bei Fischamend] XIV,10 km² Gewässer,Donau,Nebengewässer,301119
,,301120,Schwechat (Schwechater Werksbach),10 km² Gewässer,Donau,Hauptgewässer,301120
,,301121,Überleitung Triesting - Mödling,10 km² Gewässer,Donau,Nebengewässer,301121
,,301122,Pumpwerk Alter Donauarm - Donau,10 km² Gewässer,Donau,Nebengewässer,301122
,,301123,Rosenbach,< 10 km² Gewässer,Donau,Hauptgewässer,301123
,,301124,Trampelbach,10 km² Gewässer,Donau,Hauptgewässer,301124
,,301125,Eibenbach,10 km² Gewässer,Donau,Hauptgewässer,301125
,,301126,Grünbach,10 km² Gewässer,Donau,Hauptgewässer,301126
,,301127,Bengelbach,< 10 km² Gewässer,Donau,Hauptgewässer,301127
,,301128,"Ötzbach, Rundser Bach",10 km² Gewässer,Donau,Hauptgewässer,301128
,,301129,Gradischbach,10 km² Gewässer,Donau,Hauptgewässer,301129
,,301130,"Ramsaubach, Gaupmannsgraben",10 km² Gewässer,Donau,Hauptgewässer,301130
,,301131,Kieneckgraben,10 km² Gewässer,Donau,Hauptgewässer,301131
,,301132,Hansjörglgraben,< 10 km² Gewässer,Donau,Hauptgewässer,301132
,,301133,"Weitenbach, Höllbach",100 km² Gewässer,Donau,Hauptgewässer,301133
,,301134,Staffgraben,10 km² Gewässer,Donau,Hauptgewässer,301134
,,301135,Graben Rachlwiese,< 10 km² Gewässer,Donau,Hauptgewässer,301135
,,301136,Durlaßbach,10 km² Gewässer,Donau,Hauptgewässer,301136
,,301137,Linker Quellast [bei Muthmannsdorf],< 10 km² Gewässer,Donau,Hauptgewässer,301137
,,301138,Tannwaldbach,< 10 km² Gewässer,Donau,Hauptgewässer,301138
,,301139,Flaschelsteinbach,< 10 km² Gewässer,Donau,Hauptgewässer,301139
,,301140,Weitental,< 10 km² Gewässer,Donau,Hauptgewässer,301140
,,301141,Kesselgraben,< 10 km² Gewässer,Donau,Hauptgewässer,301141
,,301142,Sulzgraben,< 10 km² Gewässer,Donau,Hauptgewässer,301142
,,301143,Retzbach,10 km² Gewässer,Donau,Hauptgewässer,301143
,,301144,Falkenbach,< 10 km² Gewässer,Donau,Hauptgewässer,301144
,,301145,Hogerbach,10 km² Gewässer,Donau,Hauptgewässer,301145
,,301146,Kreuzberggraben,< 10 km² Gewässer,Donau,Hauptgewässer,301146
,,301147,Laimergraben,10 km² Gewässer,Donau,Hauptgewässer,301147
,,301148,Hundsaubach,10 km² Gewässer,Donau,Hauptgewässer,301148
,,301149,Bergbauergraben,< 10 km² Gewässer,Donau,Hauptgewässer,301149
,,301150,Erlenbach,< 10 km² Gewässer,Donau,Hauptgewässer,301150
,,301151,Ellerbach,< 10 km² Gewässer,Donau,Hauptgewässer,301151
,,301152,Reithbauergraben,< 10 km² Gewässer,Donau,Hauptgewässer,301152
,,301153,Haidbach,10 km² Gewässer,Donau,Hauptgewässer,301153
,,301154,Adlitzgraben,< 10 km² Gewässer,Donau,Hauptgewässer,301154
,,301155,Hendlberggraben 1,100 km² Gewässer,Donau,Hauptgewässer,301155
,,301156,Baumholzbach,< 10 km² Gewässer,Donau,Hauptgewässer,301156
,,301157,Kaiserebengraben,< 10 km² Gewässer,Donau,Hauptgewässer,301157
,,301158,Gütenbach,10 km² Gewässer,Donau,Hauptgewässer,301158
,,301159,Bruchgraben,< 10 km² Gewässer,Donau,Hauptgewässer,301159
,,301160,Grabentalgraben,< 10 km² Gewässer,Donau,Hauptgewässer,301160
,,301161,Linker Quellast,< 10 km² Gewässer,Donau,Hauptgewässer,301161
,,301162,Mühlbach,< 10 km² Gewässer,Donau,Hauptgewässer,301162
,,301163,Reißbach,10 km² Gewässer,Donau,Hauptgewässer,301163
,,301164,Schwarzriegelbach,10 km² Gewässer,Donau,Hauptgewässer,301164
,,301165,Preinbach,10 km² Gewässer,Donau,Hauptgewässer,301165
,,301166,Rainbach,10 km² Gewässer,Donau,Hauptgewässer,301166
,,301167,Wagentalbach,10 km² Gewässer,Donau,Hauptgewässer,301167
,,301168,Wagentalgraben,< 10 km² Gewässer,Donau,Hauptgewässer,301168
,,301169,Bodinggraben,< 10 km² Gewässer,Donau,Hauptgewässer,301169
,,301170,Miragraben,10 km² Gewässer,Donau,Hauptgewässer,301170
,,301171,Schopfgraben,10 km² Gewässer,Donau,Hauptgewässer,301171
,,301172,Kohlgrabenbach,< 10 km² Gewässer,Donau,Hauptgewässer,301172
,,301173,Schwarzkogelbach,10 km² Gewässer,Donau,Hauptgewässer,301173
,,301174,Langseitenbach,< 10 km² Gewässer,Donau,Hauptgewässer,301174
,,301175,Entenbach,10 km² Gewässer,Donau,Hauptgewässer,301175
,,301176,Göstritzbach,10 km² Gewässer,Donau,Hauptgewässer,301176
,,301177,Kiengraben,< 10 km² Gewässer,Donau,Hauptgewässer,301177
,,301178,Groisbach,< 10 km² Gewässer,Donau,Hauptgewässer,301178
,,301179,Hengstlberggraben,< 10 km² Gewässer,Donau,Hauptgewässer,301179
,,301180,Wolfsteinbach,10 km² Gewässer,Donau,Hauptgewässer,301180
,,301181,Ohnreithbach,< 10 km² Gewässer,Donau,Hauptgewässer,301181
,,301182,Kickinger Bach,10 km² Gewässer,Donau,Hauptgewässer,301182
,,301183,Schopfgraben Rechter Ast,< 10 km² Gewässer,Donau,Hauptgewässer,301183
,,301184,Hirschauer Bach,10 km² Gewässer,Donau,Hauptgewässer,301184
,,301185,Pallweißbach,< 10 km² Gewässer,Donau,Hauptgewässer,301185
,,301186,Reischergraben,< 10 km² Gewässer,Donau,Hauptgewässer,301186
,,301187,Nonnersdorfer Bach,< 10 km² Gewässer,Donau,Hauptgewässer,301187
,,301188,Klausgraben,< 10 km² Gewässer,Donau,Hauptgewässer,301188
,,301189,Großalmbach,< 10 km² Gewässer,Donau,Hauptgewässer,301189
,,301190,Lebersgraben,< 10 km² Gewässer,Donau,Hauptgewässer,301190
,,301191,Muckenbach,< 10 km² Gewässer,Donau,Hauptgewässer,301191
,,301192,UG. [Naarnfluß],< 10 km² Gewässer,Donau,Hauptgewässer,301192
,,301193,UG. [Sommerauer Bach],< 10 km² Gewässer,Donau,Hauptgewässer,301193
,,301194,Rothflugbach,< 10 km² Gewässer,Donau,Hauptgewässer,301194
,,301195,UG. [Kleine Ysper],< 10 km² Gewässer,Donau,Hauptgewässer,301195
,,301196,UG. [Große Ysper (Nebeng.) (bei Altenmarkt)],< 10 km² Gewässer,Donau,Hauptgewässer,301196
,,301197,UG. [Große Ysper],< 10 km² Gewässer,Donau,Hauptgewässer,301197
,,301198,UG. [Rottenberggraben],< 10 km² Gewässer,Donau,Hauptgewässer,301198
,,301200,UG. [Zottelhofbach],< 10 km² Gewässer,Donau,Nebengewässer,301200
,,301201,Bach von Neustadtl,< 10 km² Gewässer,Donau,Hauptgewässer,301201
,,301202,UG. [Trieseneggerbach],< 10 km² Gewässer,Donau,Hauptgewässer,301202
,,301203,UG. [Trieseneggerbach],< 10 km² Gewässer,Donau,Hauptgewässer,301203
,,301204,UG. [Perasdorferbach],< 10 km² Gewässer,Donau,Hauptgewässer,301204
,,301205,UG. [Gröblerbach],< 10 km² Gewässer,Donau,Hauptgewässer,301205
,,301206,Buchenwaldgraben,< 10 km² Gewässer,Donau,Hauptgewässer,301206
,,301207,Martinsbach,< 10 km² Gewässer,Donau,Hauptgewässer,301207
,,301208,UG. [Martinsbach],< 10 km² Gewässer,Donau,Hauptgewässer,301208
,,301209,Höllertalbach,< 10 km² Gewässer,Donau,Hauptgewässer,301209
,,301210,UG. [Pfaffenschlaggraben],< 10 km² Gewässer,Donau,Hauptgewässer,301210
,,301211,Klausgraben,< 10 km² Gewässer,Donau,Hauptgewässer,301211
,,301212,Klammgraben,< 10 km² Gewässer,Donau,Hauptgewässer,301212
,,301213,UG. [Schoberbach],< 10 km² Gewässer,Donau,Hauptgewässer,301213
,,301214,Seisenbach,< 10 km² Gewässer,Donau,Hauptgewässer,301214
,,301215,Hauvoglgraben,< 10 km² Gewässer,Donau,Hauptgewässer,301215
,,301216,Freithofberggraben,< 10 km² Gewässer,Donau,Hauptgewässer,301216
,,301217,Reidlerbach,< 10 km² Gewässer,Donau,Hauptgewässer,301217
,,301218,Pyrachgraben,< 10 km² Gewässer,Donau,Hauptgewässer,301218
,,301220,Gschirmbach,< 10 km² Gewässer,Donau,Hauptgewässer,301220
,,301221,Edlabach,< 10 km² Gewässer,Donau,Hauptgewässer,301221
,,301222,Gschirmbach,< 10 km² Gewässer,Donau,Hauptgewässer,301222
,,301223,Dornachbach (Lewingbach),< 10 km² Gewässer,Donau,Hauptgewässer,301223
,,301224,UG. [Dornachbach],< 10 km² Gewässer,Donau,Hauptgewässer,301224
,,301225,UG. [Ybbs],< 10 km² Gewässer,Donau,Nebengewässer,301225
,,301226,UG. [Zauchbach],< 10 km² Gewässer,Donau,Hauptgewässer,301226
,,301227,UG. [Ferschnitzbach],< 10 km² Gewässer,Donau,Hauptgewässer,301227
,,301228,UG. [Ferschnitzbach],< 10 km² Gewässer,Donau,Hauptgewässer,301228
,,301229,Obereggingerbach,< 10 km² Gewässer,Donau,Hauptgewässer,301229
,,301230,UG. [Obereggingerbach],< 10 km² Gewässer,Donau,Hauptgewässer,301230
,2023-08-09,301231,UG. [Marbach],< 10 km² Gewässer,Donau,Hauptgewässer,301231
,,301232,Oberstallbach,< 10 km² Gewässer,Donau,Hauptgewässer,301232
,,301233,UG. [Angerbach [Erlauf]],< 10 km² Gewässer,Donau,Hauptgewässer,301233
,,301234,Sierningbach,< 10 km² Gewässer,Donau,Hauptgewässer,301234
,,301236,UG. [Kleine Erlauf],< 10 km² Gewässer,Donau,Hauptgewässer,301236
,,301237,UG. [Kleine Erlauf],< 10 km² Gewässer,Donau,Hauptgewässer,301237
,,301238,UG. [Erlauf (Große Erlauf)],< 10 km² Gewässer,Donau,Hauptgewässer,301238
,,301239,UG. [Erlauf (Große Erlauf)],< 10 km² Gewässer,Donau,Hauptgewässer,301239
,,301240,Krottenbach [Erlauf (Große Erlauf)],< 10 km² Gewässer,Donau,Hauptgewässer,301240
,,301241,Ginningbach,< 10 km² Gewässer,Donau,Hauptgewässer,301241
,,301242,Thalheimbach,< 10 km² Gewässer,Donau,Hauptgewässer,301242
,,301243,Weinbach,< 10 km² Gewässer,Donau,Hauptgewässer,301243
,,301244,Losaubach,< 10 km² Gewässer,Donau,Hauptgewässer,301244
,,301245,Trennegger Graben,< 10 km² Gewässer,Donau,Hauptgewässer,301245
,2023-08-09,301246,Ebersdorfergraben,< 10 km² Gewässer,Donau,Hauptgewässer,301246
,,301247,UG. [Feistritzbach],< 10 km² Gewässer,Donau,Hauptgewässer,301247
,,301249,Steinbach,< 10 km² Gewässer,Donau,Hauptgewässer,301249
,,301250,UG. [Bründlbach],< 10 km² Gewässer,Donau,Hauptgewässer,301250
,,301251,Ockertbach,< 10 km² Gewässer,Donau,Hauptgewässer,301251
,,301252,Ehrenbach,< 10 km² Gewässer,Donau,Hauptgewässer,301252
,,301253,Klausgraben,< 10 km² Gewässer,Donau,Hauptgewässer,301253
,,301254,Emmersdorfergraben,< 10 km² Gewässer,Donau,Hauptgewässer,301254
,,301256,UG. [Langseitenbach],< 10 km² Gewässer,Donau,Hauptgewässer,301256
,,301257,Weinburger Bach,< 10 km² Gewässer,Donau,Hauptgewässer,301257
,,301258,UG. [Weinburger Bach],< 10 km² Gewässer,Donau,Hauptgewässer,301258
,,301259,Weitendorfer Bach,< 10 km² Gewässer,Donau,Hauptgewässer,301259
,,301260,Schützenbach,< 10 km² Gewässer,Donau,Hauptgewässer,301260
,,301261,Schildbach,< 10 km² Gewässer,Donau,Hauptgewässer,301261
,,301262,Haagbach,< 10 km² Gewässer,Donau,Hauptgewässer,301262
,,301263,UG. [Aggsbach],< 10 km² Gewässer,Donau,Hauptgewässer,301263
,,301264,UG. [Dürnbach],< 10 km² Gewässer,Donau,Hauptgewässer,301264
,,301265,Schweibach,< 10 km² Gewässer,Donau,Hauptgewässer,301265
,,301266,Kohlgraben,< 10 km² Gewässer,Donau,Hauptgewässer,301266
,,301267,UG. [Donau],< 10 km² Gewässer,Donau,Nebengewässer,301267
,,301268,Fischbach,< 10 km² Gewässer,Donau,Hauptgewässer,301268
,,301269,UG. [Türnitzbach],< 10 km² Gewässer,Donau,Hauptgewässer,301269
,,301270,Haselgraben,< 10 km² Gewässer,Donau,Hauptgewässer,301270
,,301271,Gerstbach (Bach von Birnbaumer),< 10 km² Gewässer,Donau,Hauptgewässer,301271
,,301272,Tränkbach,< 10 km² Gewässer,Donau,Hauptgewässer,301272
,,301273,UG. [Zubringer Schneidergraben],< 10 km² Gewässer,Donau,Hauptgewässer,301273
,,301274,UG. [Schindelbach],< 10 km² Gewässer,Donau,Hauptgewässer,301274
,,301275,Grubtalgraben,< 10 km² Gewässer,Donau,Hauptgewässer,301275
,2023-08-09,301276,UG. [Riedergraben],< 10 km² Gewässer,Donau,Hauptgewässer,301276
,,301277,Saumwasser,10 km² Gewässer,Donau,Nebengewässer,301277
,,301278,Traisen (Nebeng.),< 10 km² Gewässer,Donau,Nebengewässer,301278
,,301279,Marktwasser,< 10 km² Gewässer,Donau,Nebengewässer,301279
,,301280,UG. [Höllbach],< 10 km² Gewässer,Donau,Hauptgewässer,301280
,,301281,Arbesbach,< 10 km² Gewässer,Donau,Hauptgewässer,301281
,,301282,Osangbach,< 10 km² Gewässer,Donau,Hauptgewässer,301282
,,301283,Gerungsbach,< 10 km² Gewässer,Donau,Hauptgewässer,301283
,,301284,Münzbach,< 10 km² Gewässer,Donau,Hauptgewässer,301284
,,301285,Schweingraben,< 10 km² Gewässer,Donau,Hauptgewässer,301285
,,301286,Glutschbach,< 10 km² Gewässer,Donau,Hauptgewässer,301286
,,301287,Strahlbach,< 10 km² Gewässer,Donau,Hauptgewässer,301287
,,301288,Krieholzgraben,< 10 km² Gewässer,Donau,Hauptgewässer,301288
,,301289,Rudmannsbach,< 10 km² Gewässer,Donau,Hauptgewässer,301289
,,301290,Nondorferbach,< 10 km² Gewässer,Donau,Hauptgewässer,301290
,,301291,Fuchsenlochgraben,< 10 km² Gewässer,Donau,Hauptgewässer,301291
,,301292,Bach von Bogenberg,< 10 km² Gewässer,Donau,Hauptgewässer,301292
,,301293,Moniholzbach,< 10 km² Gewässer,Donau,Hauptgewässer,301293
,,301294,Atzelsdorfer Graben,< 10 km² Gewässer,Donau,Hauptgewässer,301294
,,301295,Edelbach,< 10 km² Gewässer,Donau,Hauptgewässer,301295
,,301296,UG. [Taffa],< 10 km² Gewässer,Donau,Hauptgewässer,301296
,,301297,UG. [Große Taffa],< 10 km² Gewässer,Donau,Hauptgewässer,301297
,,301298,"Hirschbach, Grünfeldbach",< 10 km² Gewässer,Donau,Hauptgewässer,301298
,,301300,Raanbach,< 10 km² Gewässer,Donau,Hauptgewässer,301300
,,301301,UG. [Tobelbach],< 10 km² Gewässer,Donau,Hauptgewässer,301301
,,301302,UG. [Lengenfelder Bach],< 10 km² Gewässer,Donau,Hauptgewässer,301302
,,301303,Walterschläger Bach,< 10 km² Gewässer,Donau,Hauptgewässer,301303
,,301304,Haselberger Bach,< 10 km² Gewässer,Donau,Hauptgewässer,301304
,,301305,Haselberger Bach,< 10 km² Gewässer,Donau,Hauptgewässer,301305
,,301307,Reidlinggraben,< 10 km² Gewässer,Donau,Hauptgewässer,301307
,,301308,UG. [Michelbach],< 10 km² Gewässer,Donau,Hauptgewässer,301308
,,301309,Sichelbach,< 10 km² Gewässer,Donau,Hauptgewässer,301309
,,301310,Zubringer Sichelbach,< 10 km² Gewässer,Donau,Hauptgewässer,301310
,2023-08-09,301311,UG. [Zubringer Sichelbach],< 10 km² Gewässer,Donau,Hauptgewässer,301311
,,301313,Riederbach,< 10 km² Gewässer,Donau,Hauptgewässer,301313
,,301314,UG. [Elsbach],< 10 km² Gewässer,Donau,Hauptgewässer,301314
,,301315,UG. [Harterbach],< 10 km² Gewässer,Donau,Hauptgewässer,301315
,,301316,UG. [Laabenbach],< 10 km² Gewässer,Donau,Hauptgewässer,301316
,,301317,Haagbach,< 10 km² Gewässer,Donau,Hauptgewässer,301317
,,301318,UG. [Bierbach],< 10 km² Gewässer,Donau,Hauptgewässer,301318
,2023-08-09,301319,UG. [Hinterleitengraben],< 10 km² Gewässer,Donau,Hauptgewässer,301319
,,301320,Graben von Langenrohr,< 10 km² Gewässer,Donau,Hauptgewässer,301320
,,301322,Roßbach (Rossbach),< 10 km² Gewässer,Donau,Hauptgewässer,301322
,,301323,Bonnagraben,< 10 km² Gewässer,Donau,Hauptgewässer,301323
,,301325,Kreutherbach,< 10 km² Gewässer,Donau,Hauptgewässer,301325
,,301326,Aubach bei "In der Au",< 10 km² Gewässer,Donau,Hauptgewässer,301326
,2023-08-09,301327,UG. [Kleine Tulln],< 10 km² Gewässer,Donau,Hauptgewässer,301327
,,301328,Wilfersdorfer Ortsgraben,< 10 km² Gewässer,Donau,Hauptgewässer,301328
,,301329,UG. [Wilfersdorfer Ortsgraben],< 10 km² Gewässer,Donau,Hauptgewässer,301329
,,301330,Jammertalgraben,< 10 km² Gewässer,Donau,Hauptgewässer,301330
,,301331,Mühlbach,< 10 km² Gewässer,Donau,Hauptgewässer,301331
,,301334,Gießbach,< 10 km² Gewässer,Donau,Hauptgewässer,301334
,,301335,UG. [Alte Naufahrt],< 10 km² Gewässer,Donau,Hauptgewässer,301335
,,301336,"Urtlbach, Kühnringbach",< 10 km² Gewässer,Donau,Hauptgewässer,301336
,,301337,Viehgrabenbach,< 10 km² Gewässer,Donau,Hauptgewässer,301337
,,301338,UG. [Schleinitzbach],< 10 km² Gewässer,Donau,Hauptgewässer,301338
,,301339,Dürnbach,< 10 km² Gewässer,Donau,Hauptgewässer,301339
,,301340,Ziegelgraben,< 10 km² Gewässer,Donau,Hauptgewässer,301340
,,301341,Linker Zubringer bei Elend,< 10 km² Gewässer,Donau,Hauptgewässer,301341
,,301342,UG. [Gartenbach],< 10 km² Gewässer,Donau,Nebengewässer,301342
,,301343,UG. [Hundsgraben],< 10 km² Gewässer,Donau,Hauptgewässer,301343
,,301344,Ameistaler Graben,< 10 km² Gewässer,Donau,Hauptgewässer,301344
,,301345,Hagenberggraben,< 10 km² Gewässer,Donau,Hauptgewässer,301345
,,301346,Brunnbach,< 10 km² Gewässer,Donau,Hauptgewässer,301346
,,301347,Heufeldgraben,< 10 km² Gewässer,Donau,Hauptgewässer,301347
,,301348,Schöngrabernbach,< 10 km² Gewässer,Donau,Hauptgewässer,301348
,,301349,Staubenberggraben,< 10 km² Gewässer,Donau,Hauptgewässer,301349
,,301350,Puchbach,< 10 km² Gewässer,Donau,Hauptgewässer,301350
,,301351,UG. [Göllersbach],< 10 km² Gewässer,Donau,Hauptgewässer,301351
,,301352,Nurscher Bach,< 10 km² Gewässer,Donau,Hauptgewässer,301352
,,301353,UG. [Hatzenbach],< 10 km² Gewässer,Donau,Hauptgewässer,301353
,,301354,UG. [Stockerauer Arm],< 10 km² Gewässer,Donau,Hauptgewässer,301354
,,301355,UG. [Rohrbach [Donau]],< 10 km² Gewässer,Donau,Hauptgewässer,301355
,,301356,Kuttengraben,10 km² Gewässer,Donau,Hauptgewässer,301356
,,301357,Tresdorfer Bach,10 km² Gewässer,Donau,Hauptgewässer,301357
,,301358,Neudauergraben,< 10 km² Gewässer,Donau,Hauptgewässer,301358
,,301359,Kahlleitengraben,< 10 km² Gewässer,Donau,Hauptgewässer,301359
,,301360,Mittergassegraben,< 10 km² Gewässer,Donau,Hauptgewässer,301360
,,301361,Grüntalgraben,< 10 km² Gewässer,Donau,Hauptgewässer,301361
,,301362,Rotgrabenbach,< 10 km² Gewässer,Donau,Hauptgewässer,301362
,,301363,Grasleitenbach,< 10 km² Gewässer,Donau,Hauptgewässer,301363
,,301364,Haitzawinkelgraben,< 10 km² Gewässer,Donau,Hauptgewässer,301364
,,301365,Weidlingbach,< 10 km² Gewässer,Donau,Hauptgewässer,301365
,,301366,Tullnerbach,< 10 km² Gewässer,Donau,Hauptgewässer,301366
,,301367,Deutschwaldbach,< 10 km² Gewässer,Donau,Hauptgewässer,301367
,,301368,Fischergraben,< 10 km² Gewässer,Donau,Hauptgewässer,301368
,,301369,Hirschgraben,< 10 km² Gewässer,Donau,Hauptgewässer,301369
,,301370,Prebrunnbach,< 10 km² Gewässer,Donau,Hauptgewässer,301370
,,301371,Norbertinumbach,< 10 km² Gewässer,Donau,Hauptgewässer,301371
,,301372,Riesenbach-Runse III,< 10 km² Gewässer,Donau,Hauptgewässer,301372
,,301373,UG. [Großkrottenbach],< 10 km² Gewässer,Donau,Hauptgewässer,301373
,,301374,Hörmbach,10 km² Gewässer,Donau,Hauptgewässer,301374
,,301375,UG. [Schwechat],< 10 km² Gewässer,Donau,Hauptgewässer,301375
,,301376,Stützenreithbach,< 10 km² Gewässer,Donau,Hauptgewässer,301376
,,301377,Haltestellengraben,< 10 km² Gewässer,Donau,Hauptgewässer,301377
,,301378,UG. [Further Bach],< 10 km² Gewässer,Donau,Hauptgewässer,301378
,,301379,Schneiderbachl,< 10 km² Gewässer,Donau,Hauptgewässer,301379
,,301380,Sparbach,< 10 km² Gewässer,Donau,Hauptgewässer,301380
,,301381,Eichkogelbach,< 10 km² Gewässer,Donau,Hauptgewässer,301381
,,301382,Weißenbach,< 10 km² Gewässer,Donau,Hauptgewässer,301382
,,301383,UG. [Hochleitenbach],< 10 km² Gewässer,Donau,Hauptgewässer,301383
,,301384,Neubach [Mitterbach] (Nebeng.),< 10 km² Gewässer,Donau,Nebengewässer,301384
,,301385,Alte Fischa,< 10 km² Gewässer,Donau,Nebengewässer,301385
,,301386,Eidechselbach,< 10 km² Gewässer,Donau,Hauptgewässer,301386
,,301387,UG. [Längapiesting],< 10 km² Gewässer,Donau,Hauptgewässer,301387
,,301388,UG. [Purbachgraben],< 10 km² Gewässer,Donau,Hauptgewässer,301388
,,301389,UG. [Seegraben],< 10 km² Gewässer,Donau,Hauptgewässer,301389
,,301390,UG. [Fischa],< 10 km² Gewässer,Donau,Hauptgewässer,301390
,,301391,Bach von Kleinebersdorf,< 10 km² Gewässer,Donau,Hauptgewässer,301391
,,301392,Würnitzer Bach,< 10 km² Gewässer,Donau,Hauptgewässer,301392
,,301393,Haselauer Bach,< 10 km² Gewässer,Donau,Hauptgewässer,301393
,,301394,Haselauer Bach,< 10 km² Gewässer,Donau,Hauptgewässer,301394
,,301395,Schleinbach,< 10 km² Gewässer,Donau,Hauptgewässer,301395
,,301396,Stoanathaya,< 10 km² Gewässer,Donau,Hauptgewässer,301396
,,301397,Steinstegbach,< 10 km² Gewässer,Donau,Hauptgewässer,301397
,,301398,UG. [Jaudlingbach],< 10 km² Gewässer,Donau,Hauptgewässer,301398
,,301399,Wurzbach,< 10 km² Gewässer,Donau,Hauptgewässer,301399
,,301400,Wurzbach,< 10 km² Gewässer,Donau,Hauptgewässer,301400
,,301401,UG. [Gasternbach],< 10 km² Gewässer,Donau,Hauptgewässer,301401
,,301402,UG. [Gasternbach],< 10 km² Gewässer,Donau,Hauptgewässer,301402
,,301403,UG. [Thaya],< 10 km² Gewässer,Donau,Hauptgewässer,301403
,,301404,Mühlgraben (Zubringer Mährische Thaya),< 10 km² Gewässer,Donau,Hauptgewässer,301404
,,301405,Modsiedlgraben,< 10 km² Gewässer,Donau,Hauptgewässer,301405
,,301406,UG. [Fistritzbach],< 10 km² Gewässer,Donau,Hauptgewässer,301406
,,301407,Almosengraben,< 10 km² Gewässer,Donau,Hauptgewässer,301407
,,301408,Bach von Niederfladnitz,< 10 km² Gewässer,Donau,Hauptgewässer,301408
,,301409,Seefelder Bach,< 10 km² Gewässer,Donau,Hauptgewässer,301409
,,301410,UG. [Dürnleiser Graben],< 10 km² Gewässer,Donau,Hauptgewässer,301410
,,301411,Patzenthaler Graben,< 10 km² Gewässer,Donau,Hauptgewässer,301411
,,301412,"Gansbach, Klaftergraben",< 10 km² Gewässer,Donau,Hauptgewässer,301412
,,301413,Schütteichgraben,< 10 km² Gewässer,Donau,Nebengewässer,301413
,,301414,UG. [Pulkau],< 10 km² Gewässer,Donau,Hauptgewässer,301414
,,301415,Alte Pulkau,< 10 km² Gewässer,Donau,Hauptgewässer,301415
,,301416,Ungerndorfer Graben,< 10 km² Gewässer,Donau,Hauptgewässer,301416
,,301417,Wultendorfer Graben,< 10 km² Gewässer,Donau,Hauptgewässer,301417
,,301418,Eisental,< 10 km² Gewässer,Donau,Hauptgewässer,301418
,,301419,"Stanglbach, Nagelbach",< 10 km² Gewässer,Donau,Hauptgewässer,301419
,,301420,Unterfeldgraben,< 10 km² Gewässer,Donau,Hauptgewässer,301420
,,301421,"Hofstattgraben, Teichwiesengraben",< 10 km² Gewässer,Donau,Hauptgewässer,301421
,,301422,"Helfensbach, Hipplesbach",< 10 km² Gewässer,Donau,Hauptgewässer,301422
,,301423,UG. [Grafensulzer Bach],< 10 km² Gewässer,Donau,Hauptgewässer,301423
,,301424,Seebrückengraben,< 10 km² Gewässer,Donau,Hauptgewässer,301424
,,301425,Göstingbach,< 10 km² Gewässer,Donau,Hauptgewässer,301425
,,301426,Krüttlbach,< 10 km² Gewässer,Donau,Hauptgewässer,301426
,,301427,UG. [Klein-Harras-Bach],< 10 km² Gewässer,Donau,Hauptgewässer,301427
,,301428,Äuglarm,< 10 km² Gewässer,Donau,Hauptgewässer,301428
,,301429,UG. [Hirschenwiesbach],< 10 km² Gewässer,Elbe,Hauptgewässer,301429
,,301430,Grünbach,< 10 km² Gewässer,Elbe,Hauptgewässer,301430
,,301431,UG. [Grünbach],< 10 km² Gewässer,Elbe,Hauptgewässer,301431
,,301432,Mistelbach,< 10 km² Gewässer,Elbe,Hauptgewässer,301432
,,301433,"Purkenbach, Buschenbach",< 10 km² Gewässer,Elbe,Hauptgewässer,301433
,,301434,UG. [Buschenbach],< 10 km² Gewässer,Elbe,Hauptgewässer,301434
,,301435,Hörmannser Bach,< 10 km² Gewässer,Elbe,Hauptgewässer,301435
,,301436,UG. [Hörmannser Bach],< 10 km² Gewässer,Elbe,Hauptgewässer,301436
,,301437,Kaltenbrunngraben,< 10 km² Gewässer,Elbe,Hauptgewässer,301437
,,301438,UG. [Hartgraben],< 10 km² Gewässer,Elbe,Hauptgewässer,301438
,,301439,Teichbach,10 km² Gewässer,Elbe,Hauptgewässer,301439
,,301440,UG. [Braunaubach],< 10 km² Gewässer,Elbe,Hauptgewässer,301440
,,301441,Braunaubach (Nebeng.),10 km² Gewässer,Elbe,Nebengewässer,301441
,,301442,Saubach,< 10 km² Gewässer,Elbe,Hauptgewässer,301442
,,301443,UG. [Lunkowitzbach],< 10 km² Gewässer,Elbe,Hauptgewässer,301443
,,301444,UG. [Hranièní p.],< 10 km² Gewässer,Elbe,Hauptgewässer,301444
,,301445,UG. [Vodotec],< 10 km² Gewässer,Elbe,Hauptgewässer,301445
,,301446,Reißgraben,< 10 km² Gewässer,Donau,Hauptgewässer,301446
,,301447,UG. [Hollensteingraben],< 10 km² Gewässer,Donau,Nebengewässer,301447
,,301448,Hirschenkogelgraben,< 10 km² Gewässer,Donau,Hauptgewässer,301448
,,301449,UG. [Schoberbach],< 10 km² Gewässer,Donau,Hauptgewässer,301449
,,301450,UG. [Fadengraben],< 10 km² Gewässer,Donau,Hauptgewässer,301450
,,301451,Wartmanstettnergraben,< 10 km² Gewässer,Donau,Hauptgewässer,301451
,,301452,UG. [Wechselgraben],< 10 km² Gewässer,Donau,Hauptgewässer,301452
,,301453,UG. [Großbauergraben],< 10 km² Gewässer,Donau,Hauptgewässer,301453
,,301454,UG. [Trattenbachgraben],< 10 km² Gewässer,Donau,Hauptgewässer,301454
,,301455,Graben vom Feistritzsattel,< 10 km² Gewässer,Donau,Hauptgewässer,301455
,,301456,UG. [Lichtenauergraben],< 10 km² Gewässer,Donau,Hauptgewässer,301456
,,301457,UG. [Klingfurtherbach],< 10 km² Gewässer,Donau,Hauptgewässer,301457
,,301458,Bach vom Nestlwald,< 10 km² Gewässer,Donau,Hauptgewässer,301458
,,301459,Graben von Weikersdorf (Frauenbach),< 10 km² Gewässer,Donau,Hauptgewässer,301459
,,301460,UG. [Frauenbach],< 10 km² Gewässer,Donau,Nebengewässer,301460
,,301461,Graben vom Ortbauer,< 10 km² Gewässer,Donau,Hauptgewässer,301461
,,301464,Bach von Gschaidt,< 10 km² Gewässer,Donau,Hauptgewässer,301464
,2023-08-09,301465,UG. [Weißenbach],< 10 km² Gewässer,Donau,Hauptgewässer,301465
,,301466,Geignergraben,< 10 km² Gewässer,Donau,Hauptgewässer,301466
,,301467,UG. [Erlanebenarm [bei Sankt Valentin]],< 10 km² Gewässer,Donau,Hauptgewässer,301467
,,301468,Seerunsengraben,< 10 km² Gewässer,Donau,Hauptgewässer,301468
,,301469,Bach von Größenberg,< 10 km² Gewässer,Donau,Hauptgewässer,301469
,,301470,UG. [Trenkgraben],< 10 km² Gewässer,Donau,Nebengewässer,301470
,,301471,Eberhardsbach,< 10 km² Gewässer,Donau,Hauptgewässer,301471
,,301472,Höbersbach,< 10 km² Gewässer,Donau,Hauptgewässer,301472
,,301473,Steinhölzlbach,< 10 km² Gewässer,Donau,Hauptgewässer,301473
,,301474,UG. [Donaugraben],< 10 km² Gewässer,Donau,Hauptgewässer,301474
,,301475,UG. [Ruster Graben],< 10 km² Gewässer,Donau,Hauptgewässer,301475
,2023-08-09,301476,Seebach,< 10 km² Gewässer,Donau,Hauptgewässer,301476
,,301477,UG. [Ziegelgraben],< 10 km² Gewässer,Donau,Hauptgewässer,301477
,,301478,UG. [Elexenbach [Zwettl]],< 10 km² Gewässer,Donau,Hauptgewässer,301478
,,301479,Urtlbach,< 10 km² Gewässer,Donau,Hauptgewässer,301479
,,301480,Maißbach,< 10 km² Gewässer,Donau,Hauptgewässer,301480
,,301482,Buchbergbach,< 10 km² Gewässer,Donau,Hauptgewässer,301482
,,301483,UG. [Kastenitzerbach],< 10 km² Gewässer,Elbe,Hauptgewässer,301483
,,301485,Feistritzer Dorfgraben,< 10 km² Gewässer,Donau,Hauptgewässer,301485
,,301486,Weißenbach,< 10 km² Gewässer,Donau,Hauptgewässer,301486
,,301487,Grubbach,< 10 km² Gewässer,Donau,Hauptgewässer,301487
,,301488,Reisperbach,< 10 km² Gewässer,Donau,Hauptgewässer,301488
,,301489,Köbringgraben,< 10 km² Gewässer,Donau,Hauptgewässer,301489
,,301490,Altenbergbach,< 10 km² Gewässer,Donau,Hauptgewässer,301490
,,301491,Troppberggraben,< 10 km² Gewässer,Donau,Hauptgewässer,301491
,,301492,Gobelsburger Lößgräben,< 10 km² Gewässer,Donau,Hauptgewässer,301492
,,301493,Loitzenbach,< 10 km² Gewässer,Donau,Hauptgewässer,301493
,,301494,Plambach,< 10 km² Gewässer,Donau,Hauptgewässer,301494
,,301495,Watzelsdorfer Bach,< 10 km² Gewässer,Donau,Hauptgewässer,301495
,,301496,Grabenbach,< 10 km² Gewässer,Donau,Hauptgewässer,301496
,,301497,Dürnbach,< 10 km² Gewässer,Donau,Hauptgewässer,301497
,,301498,Dachsgraben,< 10 km² Gewässer,Donau,Hauptgewässer,301498
,,301499,Wölblinggraben,< 10 km² Gewässer,Donau,Hauptgewässer,301499
,,301500,Anzgraben,< 10 km² Gewässer,Donau,Hauptgewässer,301500
,,301501,Unterwölblinger Ortsgraben,< 10 km² Gewässer,Donau,Hauptgewässer,301501
,,301502,Kufferner Graben,< 10 km² Gewässer,Donau,Hauptgewässer,301502
,,301503,Zweiter Klingelbach,< 10 km² Gewässer,Donau,Hauptgewässer,301503
,,301504,Alaunbach,< 10 km² Gewässer,Donau,Hauptgewässer,301504
,,301505,Windschnurgraben,< 10 km² Gewässer,Donau,Hauptgewässer,301505
,,301506,Weinbergergraben,< 10 km² Gewässer,Donau,Hauptgewässer,301506
,,301507,Riedergraben,< 10 km² Gewässer,Donau,Hauptgewässer,301507
,,301508,Marbach,< 10 km² Gewässer,Donau,Hauptgewässer,301508
,,301509,Sichelbach,< 10 km² Gewässer,Donau,Hauptgewässer,301509
,,301510,Brandholzgraben,< 10 km² Gewässer,Donau,Hauptgewässer,301510
,,301511,Harterbach,< 10 km² Gewässer,Donau,Hauptgewässer,301511
,,301512,Jordanbach,< 10 km² Gewässer,Donau,Hauptgewässer,301512
,,301513,Hanselweggraben,< 10 km² Gewässer,Donau,Hauptgewässer,301513
,,301514,Hadersfelderweggraben,< 10 km² Gewässer,Donau,Hauptgewässer,301514
,,301515,Schloßgraben,< 10 km² Gewässer,Donau,Hauptgewässer,301515
,,301516,Rambach,10 km² Gewässer,Donau,Hauptgewässer,301516
,,301517,Rottenhofbach,< 10 km² Gewässer,Donau,Hauptgewässer,301517
,,301518,Galgenbach,< 10 km² Gewässer,Donau,Hauptgewässer,301518
,,301519,Schwallenbach,< 10 km² Gewässer,Donau,Hauptgewässer,301519
,,301520,Nagelbach,< 10 km² Gewässer,Donau,Hauptgewässer,301520
,,301521,Doppelgraben,< 10 km² Gewässer,Donau,Hauptgewässer,301521
,,301522,Grabenweggraben,< 10 km² Gewässer,Donau,Hauptgewässer,301522
,,301523,Purbachgraben,< 10 km² Gewässer,Donau,Hauptgewässer,301523
,,301524,Ehrengraben,< 10 km² Gewässer,Donau,Hauptgewässer,301524
,,301525,Feuchtenbach,< 10 km² Gewässer,Donau,Hauptgewässer,301525
,,301526,Erlenbach,< 10 km² Gewässer,Donau,Hauptgewässer,301526
,,301527,Schönaugraben,< 10 km² Gewässer,Donau,Hauptgewässer,301527
,,301528,Fürnschliefgraben,< 10 km² Gewässer,Donau,Hauptgewässer,301528
,,301529,Kroisbach,< 10 km² Gewässer,Donau,Hauptgewässer,301529
,,301530,Haabergbach,< 10 km² Gewässer,Donau,Hauptgewässer,301530
,,301531,Amesbach,< 10 km² Gewässer,Donau,Hauptgewässer,301531
,,301532,Perasdorferbach,< 10 km² Gewässer,Donau,Hauptgewässer,301532
,,301533,Gröblerbach,< 10 km² Gewässer,Donau,Hauptgewässer,301533
,,301534,Lueggraben,< 10 km² Gewässer,Donau,Hauptgewässer,301534
,,301535,Scheibbsbach,< 10 km² Gewässer,Donau,Hauptgewässer,301535
,,301536,Brandstattgraben,< 10 km² Gewässer,Donau,Hauptgewässer,301536
,,301537,Schmiedgraben,< 10 km² Gewässer,Donau,Hauptgewässer,301537
,,301538,Klausgrabenbach,< 10 km² Gewässer,Donau,Hauptgewässer,301538
,,301539,Schulgraben,< 10 km² Gewässer,Donau,Hauptgewässer,301539
,,301540,Bründlbach,< 10 km² Gewässer,Donau,Hauptgewässer,301540
,,301541,Mauerbach,< 10 km² Gewässer,Donau,Hauptgewässer,301541
,,301542,Sulzbach,< 10 km² Gewässer,Donau,Hauptgewässer,301542
,,301543,Wurmbach,< 10 km² Gewässer,Donau,Hauptgewässer,301543
,,301544,Berghofbach,< 10 km² Gewässer,Donau,Hauptgewässer,301544
,,301545,Hölltalbach,< 10 km² Gewässer,Donau,Hauptgewässer,301545
,,301546,Teichbachl,< 10 km² Gewässer,Donau,Hauptgewässer,301546
,,301547,Reisenbergbach,< 10 km² Gewässer,Donau,Hauptgewässer,301547
,,301548,Holzergraben,< 10 km² Gewässer,Donau,Hauptgewässer,301548
,,301549,Mühlberggraben,< 10 km² Gewässer,Donau,Hauptgewässer,301549
,,301550,Rottenberggraben,< 10 km² Gewässer,Donau,Hauptgewässer,301550
,,301551,Schneidergraben,< 10 km² Gewässer,Donau,Hauptgewässer,301551
,,301552,Norreithgraben,< 10 km² Gewässer,Donau,Hauptgewässer,301552
,,301553,Viehtriftgraben,< 10 km² Gewässer,Donau,Hauptgewässer,301553
,,301554,Laabgraben,< 10 km² Gewässer,Donau,Hauptgewässer,301554
,,301555,Großkrottenbach,< 10 km² Gewässer,Donau,Hauptgewässer,301555
,,301556,Hundsheimer Ortsgraben,< 10 km² Gewässer,Donau,Hauptgewässer,301556
,,301557,Grünstinger Graben,< 10 km² Gewässer,Donau,Hauptgewässer,301557
,,301558,Payerbachgraben,< 10 km² Gewässer,Donau,Hauptgewässer,301558
,,301559,Werninggraben,< 10 km² Gewässer,Donau,Hauptgewässer,301559
,,301560,Tachengraben,< 10 km² Gewässer,Donau,Hauptgewässer,301560
,,301561,Grießleitenbach,10 km² Gewässer,Donau,Hauptgewässer,301561
,,301562,Gruberaubach,10 km² Gewässer,Donau,Hauptgewässer,301562
,,301563,Laubenbach,< 10 km² Gewässer,Donau,Hauptgewässer,301563
,,301564,Predenbach,< 10 km² Gewässer,Donau,Hauptgewässer,301564
,,301565,Höllgraben,< 10 km² Gewässer,Donau,Hauptgewässer,301565
,,301566,Pfaffenschlaggraben,< 10 km² Gewässer,Donau,Hauptgewässer,301566
,,301567,Steinbach,< 10 km² Gewässer,Donau,Hauptgewässer,301567
,,301568,Fischbach,< 10 km² Gewässer,Donau,Hauptgewässer,301568
,,301569,Spiegelbach,< 10 km² Gewässer,Donau,Hauptgewässer,301569
,,301570,Redtenbach,< 10 km² Gewässer,Donau,Hauptgewässer,301570
,,301571,Statzenbach,< 10 km² Gewässer,Donau,Hauptgewässer,301571
,,301572,Trattenbachgraben,< 10 km² Gewässer,Donau,Hauptgewässer,301572
,,301573,Pfarrgraben,< 10 km² Gewässer,Donau,Hauptgewässer,301573
,,301574,Schwarzgrabenbach,< 10 km² Gewässer,Donau,Hauptgewässer,301574
,,301575,Hollensteingraben,< 10 km² Gewässer,Donau,Hauptgewässer,301575
,,301576,Baytal,< 10 km² Gewässer,Donau,Hauptgewässer,301576
,,301578,UG. [Brandstattgraben],< 10 km² Gewässer,Donau,Hauptgewässer,301578
,,301579,Höllgraben,< 10 km² Gewässer,Donau,Hauptgewässer,301579
,,301580,Kreuzleithenbach,< 10 km² Gewässer,Donau,Hauptgewässer,301580
,,301581,Bindergraben,< 10 km² Gewässer,Donau,Hauptgewässer,301581
,,301582,Schlösslwaldbach,< 10 km² Gewässer,Donau,Hauptgewässer,301582
,,301583,UG. [Nussenbach],< 10 km² Gewässer,Donau,Hauptgewässer,301583
,,301584,Schlehbach,< 10 km² Gewässer,Donau,Hauptgewässer,301584
,,301585,Mardergraben,< 10 km² Gewässer,Donau,Hauptgewässer,301585
,,301586,Hausergraben,< 10 km² Gewässer,Donau,Hauptgewässer,301586
,,301587,Purkersdorfer Forstbach1,< 10 km² Gewässer,Donau,Hauptgewässer,301587
,,301588,Purkersdorfer Forstbach 2,< 10 km² Gewässer,Donau,Hauptgewässer,301588
,,301589,Schweibach,< 10 km² Gewässer,Donau,Hauptgewässer,301589
,,301590,Wegbach,< 10 km² Gewässer,Donau,Hauptgewässer,301590
,,301591,Kanzlinggraben,< 10 km² Gewässer,Donau,Hauptgewässer,301591
,,301592,Waasenbach,< 10 km² Gewässer,Donau,Hauptgewässer,301592
,,301593,Kesselhofgraben,< 10 km² Gewässer,Donau,Hauptgewässer,301593
,,301594,Sonnwendgraben,< 10 km² Gewässer,Donau,Hauptgewässer,301594
,,301595,Bierbach,< 10 km² Gewässer,Donau,Hauptgewässer,301595
,,301596,Hiesbergbach,< 10 km² Gewässer,Donau,Hauptgewässer,301596
,,301597,Nettingbach,< 10 km² Gewässer,Donau,Hauptgewässer,301597
,,301598,Gänsgraben,< 10 km² Gewässer,Donau,Hauptgewässer,301598
,,301599,ru. Zubringer Altenbergbach,< 10 km² Gewässer,Donau,Hauptgewässer,301599
,,301600,Fischbach,< 10 km² Gewässer,Donau,Hauptgewässer,301600
,,301601,Loicheckgrabenbach,< 10 km² Gewässer,Donau,Hauptgewässer,301601
,,301602,Maierhöfenbach,< 10 km² Gewässer,Donau,Hauptgewässer,301602
,,301603,Hauserbach,10 km² Gewässer,Donau,Hauptgewässer,301603
,,301604,Schwalbengrabenbach,< 10 km² Gewässer,Donau,Hauptgewässer,301604
,,301605,Fadengraben,< 10 km² Gewässer,Donau,Hauptgewässer,301605
,,301606,Mühlbach II,< 10 km² Gewässer,Donau,Hauptgewässer,301606
,,301607,Steinbach,< 10 km² Gewässer,Donau,Hauptgewässer,301607
,,301608,Großbauergraben,< 10 km² Gewässer,Donau,Hauptgewässer,301608
,,301609,Wechselgraben,< 10 km² Gewässer,Donau,Hauptgewässer,301609
,,301610,Faltlbach,< 10 km² Gewässer,Donau,Hauptgewässer,301610
,,301611,Bierbrunngraben,< 10 km² Gewässer,Donau,Hauptgewässer,301611
,,301612,Henningbach,< 10 km² Gewässer,Donau,Hauptgewässer,301612
,,301613,Kalte Rinne,< 10 km² Gewässer,Donau,Hauptgewässer,301613
,,301614,Orthofgraben,< 10 km² Gewässer,Donau,Hauptgewässer,301614
,,301615,Lichtenauergraben,< 10 km² Gewässer,Donau,Hauptgewässer,301615
,,301616,Coronabach,10 km² Gewässer,Donau,Hauptgewässer,301616
,,301617,Eschengraben,< 10 km² Gewässer,Donau,Hauptgewässer,301617
,,301618,Bromböckgraben,< 10 km² Gewässer,Donau,Hauptgewässer,301618
,,301619,Eidechselbach,< 10 km² Gewässer,Donau,Hauptgewässer,301619
,,301620,Doktorbergbach,< 10 km² Gewässer,Donau,Hauptgewässer,301620
,,301621,Sichelschmiedbach,< 10 km² Gewässer,Donau,Hauptgewässer,301621
,,301684,"Hausbrunner Graben, Weidenbach",10 km² Gewässer,Donau,Hauptgewässer,301684
,,301715,Braunaubach (Nebeng.),10 km² Gewässer,Elbe,Nebengewässer,301715
,,301753,Grenzbachl,10 km² Gewässer,Elbe,Hauptgewässer,301753
,2023-08-09,301759,Elexenbach (Nebeng.),10 km² Gewässer,Elbe,Nebengewässer,301759
,,301802,Geschirrwasser,10 km² Gewässer,Donau,Nebengewässer,301802
2023-08-10,,301814,Gratzenbach,10 km² Gewässer,Elbe,Hauptgewässer,301814
,,301816,Grenzbach,< 10 km² Gewässer,Donau,Hauptgewässer,301816
,,301824,Große Ysper (Nebeng.) (bei Altenmarkt),10 km² Gewässer,Donau,Nebengewässer,301824
,,301943,Kriegskogelbach,10 km² Gewässer,Donau,Hauptgewässer,301943
,,301962,Lainsitz (Nebeng.),10 km² Gewässer,Elbe,Nebengewässer,301962
,,301963,Lainsitz (Nebeng.),10 km² Gewässer,Elbe,Nebengewässer,301963
,,301964,Lainsitz (Nebeng.),10 km² Gewässer,Elbe,Nebengewässer,301964
2023-08-10,,301978,Loizenbach,10 km² Gewässer,Donau,Nebengewässer,301978
,,301997,Melk (Nebeng.),10 km² Gewässer,Donau,Nebengewässer,301997
2023-08-10,,302029,Novohradský potok,10 km² Gewässer,Elbe,Hauptgewässer,302029
2023-08-10,,302158,Sulzbach,10 km² Gewässer,Donau,Hauptgewässer,302158
,,302175,Thumeritzbach (Nebeng.),10 km² Gewässer,Donau,Nebengewässer,302175
,,304438,Ahorngraben,< 10 km² Gewässer,Donau,Hauptgewässer,304438
,,304992,UG. [Warme Fischa (Nebeng.) [bei Lichtenwörth] VI],10 km² Gewässer,Donau,Nebengewässer,304992
,,305438,UG. [Warme Fischa],10 km² Gewässer,Donau,Nebengewässer,305438
2023-08-10,,305456,UG. [Piesting],10 km² Gewässer,Donau,Nebengewässer,305456
,,305564,Warme Fischa (Nebeng.),10 km² Gewässer,Donau,Nebengewässer,305564
,,305699,UG. [Piesting (Werkskanal bei Felixdorf)],10 km² Gewässer,Donau,Nebengewässer,305699
,,305753,Warme Fischa (Nebeng.),10 km² Gewässer,Donau,Nebengewässer,305753
,,305833,Piesting (Nebeng.),10 km² Gewässer,Donau,Nebengewässer,305833
,,306090,UG. [Gamingbach],10 km² Gewässer,Donau,Nebengewässer,306090
,2023-08-09,306175,Pottendorfer Werkskanal (Nebengewässer),10 km² Gewässer,Donau,Nebengewässer,306175
,,306462,Bach von Schwaighof (Ausleitung Kleine Erlauf),10 km² Gewässer,Donau,Nebengewässer,306462
,,307011,UG. [Fischa],10 km² Gewässer,Donau,Nebengewässer,307011
,,307929,Rosenbichlbach,< 10 km² Gewässer,Donau,Hauptgewässer,307929
,,308029,UG. [Leithakanal],10 km² Gewässer,Donau,Nebengewässer,308029
2023-08-10,,308329,Nennersdorfer Bach (Nebeng.),< 10 km² Gewässer,Donau,Nebengewässer,308329
,,308432,Alter Leithalauf [nördl. Ast] (Nebeng.),10 km² Gewässer,Donau,Nebengewässer,308432
,,308548,UG. [Zubringer Rothedelbach],< 10 km² Gewässer,Donau,Hauptgewässer,308548
2023-08-10,,308589,UG. [Seegraben],10 km² Gewässer,Donau,Hauptgewässer,308589
2023-08-10,,309092,Schwarzenbach (nördl. Quellast),< 10 km² Gewässer,Donau,Hauptgewässer,309092
,,309386,Fischaufstiegshilfe [Überleitung Triesting - Mödling],10 km² Gewässer,Donau,Nebengewässer,309386
,,309523,Amesbach (Nebeng.),< 10 km² Gewässer,Donau,Nebengewässer,309523
,,310161,UG. [Fischa (Nebeng.) [bei Fischamend] V],10 km² Gewässer,Donau,Nebengewässer,310161
2023-08-10,,311123,UG. [Loosdorfer Mühlbach],10 km² Gewässer,Donau,Nebengewässer,311123
2023-08-10,,311128,UG. [Pielach],10 km² Gewässer,Donau,Nebengewässer,311128
,,311149,Traisen (Nebeng.),10 km² Gewässer,Donau,Nebengewässer,311149
2023-08-10,,311259,UG. [Pielach],10 km² Gewässer,Donau,Nebengewässer,311259
2023-08-10,,311263,UG. [Pielach],10 km² Gewässer,Donau,Nebengewässer,311263
2023-08-10,,311407,Fischaufstiegshilfe KW Melk,10 km² Gewässer,Donau,Nebengewässer,311407
2023-08-10,,311465,UG. [Pielach (Nebeng.) [bei Melk]],10 km² Gewässer,Donau,Nebengewässer,311465
2023-08-10,,311466,UG. [Zubringer Pielach (Nebeng.) [bei Melk]],10 km² Gewässer,Donau,Nebengewässer,311466
,,311528,Hafnerbach (Zenobach) (Nebeng.),10 km² Gewässer,Donau,Nebengewässer,311528
2023-08-10,,312248,UG. [Linker Traisenmühlbach],10 km² Gewässer,Donau,Nebengewässer,312248
,,312299,Rußbach-Mühlbach,10 km² Gewässer,Donau,Nebengewässer,312299
2023-08-10,,312358,UG. [Dammgraben],10 km² Gewässer,Donau,Hauptgewässer,312358
,,312654,Alter Perschlinglauf (Nebeng.),10 km² Gewässer,Donau,Nebengewässer,312654
,,312680,Kleiner Jauerlinggraben,< 10 km² Gewässer,Donau,Hauptgewässer,312680
,,312957,Linker Traisenmühlbach (Nebeng.),10 km² Gewässer,Donau,Nebengewässer,312957
2023-08-10,,312984,UG. [Fladnitz],10 km² Gewässer,Donau,Nebengewässer,312984
2023-08-10,,313779,UG. [Große Krems],10 km² Gewässer,Donau,Nebengewässer,313779
,,314105,Schafbergbach,< 10 km² Gewässer,Donau,Hauptgewässer,314105
,,315567,Kuckucksbach (Nebeng.),10 km² Gewässer,Elbe,Nebengewässer,315567
,,315633,Lainsitz (Nebeng.),10 km² Gewässer,Elbe,Nebengewässer,315633
,,315695,Abflussgraben,10 km² Gewässer,Donau,Hauptgewässer,315695
2023-08-10,,316012,UG. [Lainsitz],10 km² Gewässer,Elbe,Nebengewässer,316012
,,316525,Melk (Nebeng.),10 km² Gewässer,Donau,Nebengewässer,316525
,,316549,Wiener Neustädter Kanal (Nebeng.),10 km² Gewässer,Donau,Nebengewässer,316549
,,316550,Wiener Neustädter Kanal (Nebeng.),10 km² Gewässer,Donau,Nebengewässer,316550
,,316551,Wiener Neustädter Kanal (Nebeng.),10 km² Gewässer,Donau,Nebengewässer,316551
,,316552,Wiener Neustädter Kanal (Nebeng.),10 km² Gewässer,Donau,Nebengewässer,316552
,,316553,Wiener Neustädter Kanal (Nebeng.),10 km² Gewässer,Donau,Nebengewässer,316553
2023-08-10,,316557,UG. [Piesting],10 km² Gewässer,Donau,Nebengewässer,316557
,,316577,Spitalbach (Nebeng.),< 10 km² Gewässer,Donau,Nebengewässer,316577
,,316621,Rechter Traisenmühlbach (Nebeng.),10 km² Gewässer,Donau,Nebengewässer,316621
,,316625,Waidmannsbach (Nebeng.),10 km² Gewässer,Donau,Nebengewässer,316625
,,316626,Frauenbach (Nebeng.),10 km² Gewässer,Donau,Nebengewässer,316626
,,316627,Piesting (Werkskanal bei Felixdorf) (Nebeng.),10 km² Gewässer,Donau,Nebengewässer,316627
,,316655,Triesting (Nebeng.) [bei Teesdorf],10 km² Gewässer,Donau,Nebengewässer,316655
,,316658,Piesting (Nebeng.) [bei Gutenstein] IV,10 km² Gewässer,Donau,Nebengewässer,316658
2023-08-10,,317750,UG. [Thaya],10 km² Gewässer,Donau,Nebengewässer,317750
,,318342,Tresdorfer Bach (Nebeng.),< 10 km² Gewässer,Donau,Nebengewässer,318342
,,318350,Bach von Ob.Neustift,< 10 km² Gewässer,Donau,Hauptgewässer,318350
2023-08-10,,318351,UG. [Purzelkamp],10 km² Gewässer,Donau,Nebengewässer,318351
,,318373,Reitzenschlager Bach (Nebeng.),10 km² Gewässer,Elbe,Nebengewässer,318373
,,318405,Kamp (Nebeng.) [bei Zöbling],10 km² Gewässer,Donau,Nebengewässer,318405
,,318413,Zwettl (Nebeng.) [bei Groß Gerungs] V,10 km² Gewässer,Donau,Nebengewässer,318413
,,318449,UG. [Weidenbach (March-Mäander)],10 km² Gewässer,Donau,Nebengewässer,318449
,,318746,"Hagenbach, Kaltes Wasser",10 km² Gewässer,Donau,Hauptgewässer,318746
,,318756,Rehberggraben,< 10 km² Gewässer,Donau,Hauptgewässer,318756
,,318810,Tannenbach,< 10 km² Gewässer,Donau,Hauptgewässer,318810
,,318940,Vöslauergraben,< 10 km² Gewässer,Donau,Hauptgewässer,318940
,,319630,Handelberggraben,< 10 km² Gewässer,Donau,Hauptgewässer,319630
,,319666,Hinterleitengraben,< 10 km² Gewässer,Donau,Hauptgewässer,319666
,,319829,Trandorfer Bach,< 10 km² Gewässer,Donau,Hauptgewässer,319829
,,320114,Schindelbach,10 km² Gewässer,Donau,Hauptgewässer,320114
,,320162,Eggenhofbach,< 10 km² Gewässer,Donau,Hauptgewässer,320162
,,320910,Mendlingbach,< 10 km² Gewässer,Donau,Hauptgewässer,320910
,,320911,Mendlingbach,< 10 km² Gewässer,Donau,Hauptgewässer,320911
,,320914,Mauerbach,< 10 km² Gewässer,Donau,Hauptgewässer,320914
,,320921,Alte Naufahrt,1000 km² Gewässer,Donau,Nebengewässer,320921
,,320934,Donau (Nebeng.) [bei Sankt Pantaleon-Erla],10 km² Gewässer,Donau,Nebengewässer,320934
,,320935,Kamp (Nebeng.) [bei Langschlag],10 km² Gewässer,Donau,Nebengewässer,320935
,,320936,Leithakanal (Nebeng.) [bei Trautmannsdorf],10 km² Gewässer,Donau,Nebengewässer,320936
,,320938,UG. [Rettenbach],< 10 km² Gewässer,Donau,Hauptgewässer,320938
,,320940,Bach von Reiterer,< 10 km² Gewässer,Donau,Hauptgewässer,320940
,,321368,Feistritzbach,10 km² Gewässer,Donau,Hauptgewässer,321368
,,321398,UG. [Oberaubach],< 10 km² Gewässer,Donau,Hauptgewässer,321398
,,321420,Halterbach,10 km² Gewässer,Donau,Hauptgewässer,321420
,,321434,Großbauergraben,< 10 km² Gewässer,Donau,Hauptgewässer,321434
,,321455,Steinapiesting,10 km² Gewässer,Donau,Hauptgewässer,321455
,,321462,Grünbach,10 km² Gewässer,Donau,Hauptgewässer,321462
,,321466,UG. [Amesbach],< 10 km² Gewässer,Donau,Hauptgewässer,321466
,2023-08-09,321479,Höbersbach,< 10 km² Gewässer,Donau,Hauptgewässer,321479
,2023-08-09,321481,Hirschgraben,< 10 km² Gewässer,Donau,Hauptgewässer,321481
,,321496,UG. [Waasenbach],< 10 km² Gewässer,Donau,Hauptgewässer,321496
,2023-08-09,321510,Durlaßbach,< 10 km² Gewässer,Donau,Hauptgewässer,321510
,2023-08-09,321511,UG. [Stössingbach],< 10 km² Gewässer,Donau,Hauptgewässer,321511
,,321515,Werkskanal Grundmann,10 km² Gewässer,Donau,Nebengewässer,321515
,,321545,Seebach (Oberlauf),< 10 km² Gewässer,Donau,Hauptgewässer,321545
,,321577,Waldsiedlungsgraben,< 10 km² Gewässer,Donau,Hauptgewässer,321577
,,321595,Stockerauer Arm (Nebeng.),10 km² Gewässer,Donau,Nebengewässer,321595
,,321596,Thaya (Nebeng.),10 km² Gewässer,Donau,Nebengewässer,321596
,,321597,Große Erlauf (Nebeng.),10 km² Gewässer,Donau,Nebengewässer,321597
,,321598,Ewixenbach (Nebeng.),10 km² Gewässer,Donau,Nebengewässer,321598
,,321599,Krems (Nebeng.),10 km² Gewässer,Donau,Nebengewässer,321599
,,321600,Graben von Kaisereiche,< 10 km² Gewässer,Donau,Hauptgewässer,321600
,,321601,UG. [Reißbach],< 10 km² Gewässer,Donau,Hauptgewässer,321601
,,321605,Laabach,< 10 km² Gewässer,Donau,Hauptgewässer,321605
,,321608,Neudeckbach,< 10 km² Gewässer,Donau,Hauptgewässer,321608
,2023-08-09,321615,Haagbach,< 10 km² Gewässer,Donau,Hauptgewässer,321615
,,321618,UG. [Rothedelbach],< 10 km² Gewässer,Donau,Hauptgewässer,321618
,,321623,Kalte Wien,10 km² Gewässer,Donau,Hauptgewässer,321623
,,321624,UG. [Kalte Wien],< 10 km² Gewässer,Donau,Hauptgewässer,321624
,,321644,Schindergraben,< 10 km² Gewässer,Donau,Hauptgewässer,321644
,,321653,UG. [Rotgrabenbach],< 10 km² Gewässer,Donau,Hauptgewässer,321653
,,321655,Ameisbergbach,< 10 km² Gewässer,Donau,Hauptgewässer,321655
,,321662,UG. [Schwarzgrabenbach],< 10 km² Gewässer,Donau,Hauptgewässer,321662
,,321680,Thaya (Nebeng.) [bei Vitis] I,10 km² Gewässer,Donau,Nebengewässer,321680
,,321681,UG. [Spratzbach],< 10 km² Gewässer,Donau,Hauptgewässer,321681
,,321684,Moderbach,< 10 km² Gewässer,Donau,Hauptgewässer,321684
,,321687,Gerstbach,100 km² Gewässer,Donau,Hauptgewässer,321687
,,321690,UG. [Kleine Tulln],< 10 km² Gewässer,Donau,Hauptgewässer,321690
,,321691,Waldbach,< 10 km² Gewässer,Donau,Hauptgewässer,321691
,,321692,Gumpingerbach,< 10 km² Gewässer,Donau,Hauptgewässer,321692
,,321695,UG. [Agsbach],< 10 km² Gewässer,Donau,Hauptgewässer,321695
,,321701,Stickelbergbach,< 10 km² Gewässer,Donau,Hauptgewässer,321701
,,321709,Oberhinterhäuslgraben,< 10 km² Gewässer,Donau,Hauptgewässer,321709
,,321710,Erzgraben,< 10 km² Gewässer,Donau,Hauptgewässer,321710
,,321711,Gumpingerbach,< 10 km² Gewässer,Donau,Hauptgewässer,321711
,,321713,Glasgrabenbach,< 10 km² Gewässer,Donau,Hauptgewässer,321713
,,321715,Gutenbrunnerbach,< 10 km² Gewässer,Donau,Hauptgewässer,321715
,,321720,Antenaubach,< 10 km² Gewässer,Donau,Hauptgewässer,321720
,,321722,UG. [Bonnabach],< 10 km² Gewässer,Donau,Hauptgewässer,321722
,,321723,Bonnabach,< 10 km² Gewässer,Donau,Hauptgewässer,321723
,,321724,Schanzkogelbach,< 10 km² Gewässer,Donau,Hauptgewässer,321724
,,321789,Mieseltalbach,< 10 km² Gewässer,Donau,Hauptgewässer,321789
,,321795,Klosterbach,< 10 km² Gewässer,Donau,Hauptgewässer,321795
,,321796,Holzhofergraben,10 km² Gewässer,Donau,Hauptgewässer,321796
,,321797,Anschaubach,10 km² Gewässer,Donau,Hauptgewässer,321797
,,321798,Höllbach,< 10 km² Gewässer,Donau,Hauptgewässer,321798
,,321799,Kleine Erlauf (Nebeng.) [bei Gresten] IV,10 km² Gewässer,Donau,Nebengewässer,321799
,,321800,Thaya (Nebeng.) [bei Waidhofen an der Thaya] I,10 km² Gewässer,Donau,Nebengewässer,321800
,,321804,Piesting - Hochwasserentlastung zu Trautmannsdorfer Teichen,10 km² Gewässer,Donau,Nebengewässer,321804
,,321807,Dollbach - Hochwasserentlastung,10 km² Gewässer,Donau,Nebengewässer,321807
,,321822,Götzhofgraben,< 10 km² Gewässer,Donau,Hauptgewässer,321822
,,321823,Überleitung Warme Fischa - Leitha (Hochwasserentlastung),10 km² Gewässer,Donau,Nebengewässer,321823
,,321825,Gehringsbach (Mařížský potok),< 10 km² Gewässer,Donau,Hauptgewässer,321825
,,321827,Erla - Hochwasserentlastung,100 km² Gewässer,Donau,Nebengewässer,321827
,,321828,Laabenbach (Nebeng.),10 km² Gewässer,Donau,Nebengewässer,321828
,,321829,Plantawehr - Fischaufstiegshilfe (Nebeng.),10 km² Gewässer,Donau,Nebengewässer,321829
,,321830,Franzensteichgraben (Franzensbach),10 km² Gewässer,Donau,Hauptgewässer,321830
,,321832,Prossetbach,100 km² Gewässer,Donau,Hauptgewässer,321832
,,321833,Windbach,100 km² Gewässer,Donau,Hauptgewässer,321833
,,321834,Schwarzaubach (Nebeng.),10 km² Gewässer,Donau,Nebengewässer,321834
,,321835,Soisgrabenbach (Nebeng.),10 km² Gewässer,Donau,Nebengewässer,321835
,,321839,Maiersdorfer Graben,100 km² Gewässer,Donau,Hauptgewässer,321839
,,321840,Fadenbach,10 km² Gewässer,Donau,Hauptgewässer,321840
,,321842,Schlattenbach (Nebeng.),10 km² Gewässer,Donau,Nebengewässer,321842
,,321887,UG. [Traisen],10 km² Gewässer,Donau,Nebengewässer,321887
,,321888,Traisen (Nebeng.) (Hochwasserentlastung),500 km² Gewässer,Donau,Nebengewässer,321888
,,321891,UG. [Traisen],10 km² Gewässer,Donau,Nebengewässer,321891
,,321893,Weingartlwasser,10 km² Gewässer,Donau,Nebengewässer,321893
,,321896,Theißerin,10 km² Gewässer,Donau,Nebengewässer,321896
,,321897,Traisen (Nebeng.) (Hochwasserentlastung),500 km² Gewässer,Donau,Nebengewässer,321897
,,321899,Frauenbach (Nebengewässer),< 10 km² Gewässer,Donau,Nebengewässer,321899
,,321900,Sommerauer Bach,10 km² Gewässer,Donau,Hauptgewässer,321900
,,321901,Traisen (Nebeng.) (Hochwasserentlastung),500 km² Gewässer,Donau,Nebengewässer,321901
,,321902,Geitenbach,10 km² Gewässer,Donau,Nebengewässer,321902
,,321904,Traisen-Werkskanal (Nebeng.),10 km² Gewässer,Donau,Nebengewässer,321904
,,321905,Marchfeldkanal (NÖ) (Nebeng.),10 km² Gewässer,Donau,Nebengewässer,321905
,,321906,Marchfeldkanal (NÖ) (Nebeng.),10 km² Gewässer,Donau,Nebengewässer,321906
,,321907,Marchfeldkanal (NÖ) (Nebeng.),10 km² Gewässer,Donau,Nebengewässer,321907
,,321908,Marchfeldkanal (NÖ) (Nebeng.),10 km² Gewässer,Donau,Nebengewässer,321908
,,321909,Marchfeldkanal (NÖ) (Nebeng.),10 km² Gewässer,Donau,Nebengewässer,321909
,,321910,Obersiebenbrunner Kanal (Nebeng.),10 km² Gewässer,Donau,Nebengewässer,321910
,,321911,Rußbach (Nebeng.),10 km² Gewässer,Donau,Nebengewässer,321911
,,321912,Rußbach (Nebeng.),10 km² Gewässer,Donau,Nebengewässer,321912
,,321913,Rußbach (Nebeng.),10 km² Gewässer,Donau,Nebengewässer,321913
,,321914,Marchfeldkanal (Wien) (Nebeng.),10 km² Gewässer,Donau,Nebengewässer,321914
,,321915,Marchfeldkanal (Wien) (Nebeng.),10 km² Gewässer,Donau,Nebengewässer,321915
,,321916,Marchfeldkanal (Wien) (Nebeng.),10 km² Gewässer,Donau,Nebengewässer,321916
,,321917,Marchfeldkanal (Wien) (Nebeng.),10 km² Gewässer,Donau,Nebengewässer,321917
,,321918,Marchfeldkanal (Wien) (Nebeng.),10 km² Gewässer,Donau,Nebengewässer,321918
,,321919,Marchfeldkanal (Wien) (Nebeng.),10 km² Gewässer,Donau,Nebengewässer,321919
,,321920,Marchfeldkanal (Wien) (Nebeng.),10 km² Gewässer,Donau,Nebengewässer,321920
,,321921,Marchfeldkanal (Wien) (Nebeng.),10 km² Gewässer,Donau,Nebengewässer,321921
,,321922,Marchfeldkanal (Wien) (Nebeng.),10 km² Gewässer,Donau,Nebengewässer,321922
,,321923,Weidenbach (March-Mäander),10 km² Gewässer,Donau,Nebengewässer,321923
2023-08-10,,321931,Grubenweggraben,< 10 km² Gewässer,Donau,Hauptgewässer,321931
,,321965,Erla (Fischaufstiegshilfe) [bei Sankt Valentin],10 km² Gewässer,Donau,Nebengewässer,321965
2023-08-10,,321993,Ausleitung Käferböck [Waidhofenbach],10 km² Gewässer,Donau,Nebengewässer,321993
2023-08-10,,321994,Erla Überleitung,10 km² Gewässer,Donau,Nebengewässer,321994
2023-08-10,,321995,Fischa (Nebeng.) [bei Fischamend] XII,10 km² Gewässer,Donau,Nebengewässer,321995
2023-08-10,,321996,UG. [Pielach],10 km² Gewässer,Donau,Nebengewässer,321996
2023-08-10,,321997,UG. [Pielach],10 km² Gewässer,Donau,Nebengewässer,321997
2023-08-10,,322071,Nennersdorfer Bach - Verbindung (Nebeng.),< 10 km² Gewässer,Donau,Nebengewässer,322071
2023-08-10,,322075,UG. [Piesting] (Nebeng.),10 km² Gewässer,Donau,Nebengewässer,322075
2023-08-10,,322076,UG. [Ramsaubach] (Nebeng.),< 10 km² Gewässer,Donau,Nebengewässer,322076
2023-08-10,,322077,Laimbach (Nebeng.) (Überleitung in Höllbach),10 km² Gewässer,Donau,Nebengewässer,322077
2023-08-10,,322078,Dammgraben (Nebeng.),10 km² Gewässer,Donau,Nebengewässer,322078
2023-08-10,,322079,Dotierung Großer Sitzenberger Schloßteich,< 10 km² Gewässer,Donau,Nebengewässer,322079
2023-08-10,,322080,Dotierung Kleiner Sitzenberger Schloßteich,< 10 km² Gewässer,Donau,Nebengewässer,322080
2023-08-10,,322081,Ablass Kleiner Sitzenberger Schloßteich (Nebeng.),< 10 km² Gewässer,Donau,Nebengewässer,322081
2023-08-10,,322101,UG. [Sichelbach],< 10 km² Gewässer,Donau,Hauptgewässer,322101
2023-08-10,,322103,Großer Pestingbach (rechtsseitige Ausleitung zu Teich),10 km² Gewässer,Donau,Nebengewässer,322103
2023-08-10,,322104,Großer Pestingbach (linksseitige Ausleitung zu WKA),10 km² Gewässer,Donau,Nebengewässer,322104
2023-08-10,,322105,Werkskanal Trattenbach (bei Trattenbach),10 km² Gewässer,Donau,Nebengewässer,322105
2023-08-10,,322106,Werkskanal Trattenbach (bei Otterthal),10 km² Gewässer,Donau,Nebengewässer,322106
2023-08-10,,322107,Werkskanal Thauabach,10 km² Gewässer,Donau,Nebengewässer,322107
2023-08-10,,322110,Pfalzauer Bach,< 10 km² Gewässer,Donau,Hauptgewässer,322110
2023-08-10,,322111,Bach von Traxlerberg,< 10 km² Gewässer,Donau,Hauptgewässer,322111
2023-08-10,,322112,Sprögnitzbach,10 km² Gewässer,Donau,Hauptgewässer,322112
2023-08-10,,322113,Reißenbach (nördl. Quellast),< 10 km² Gewässer,Donau,Hauptgewässer,322113
2023-08-10,,322114,Schneiderberger Graben,10 km² Gewässer,Donau,Hauptgewässer,322114
2023-08-10,,322116,Graben von Neubau,< 10 km² Gewässer,Donau,Hauptgewässer,322116
2023-08-10,,322117,Unbenanntes Nebengewässer [Thumeritzbach],10 km² Gewässer,Donau,Nebengewässer,322117
2023-08-10,,322118,Mühlbachausleitung für KW,10 km² Gewässer,Donau,Nebengewässer,322118
2023-08-10,,322120,Schmida (Bypass - Überlauf für Düker),10 km² Gewässer,Donau,Nebengewässer,322120
2023-08-10,,322121,Schmidamühlbach (Bypass für Querbauwerke Stau und Abtreppung),10 km² Gewässer,Donau,Nebengewässer,322121
2023-08-10,,322122,Schmida (Zusatzdotierung aus Schmida für Mühlbach),10 km² Gewässer,Donau,Nebengewässer,322122
2023-08-10,,322124,Schleinitzbach (oberhalb Einlaufbauwerk),10 km² Gewässer,Donau,Hauptgewässer,322124
2023-08-10,,322163,Fischaufstiegshilfe KW Greifenstein NG,10 km² Gewässer,Donau,Nebengewässer,322163
2023-08-10,,322164,Fischwanderhilfe KW Altenwörth - Einstieg,10 km² Gewässer,Donau,Nebengewässer,322164
2023-08-10,,322166,Nebengewässer zur Kleinen Tulln - Pumpwerk zur Donau,10 km² Gewässer,Donau,Nebengewässer,322166
2023-08-10,,322167,Begleitgewässer zur Donau,< 10 km² Gewässer,Donau,Nebengewässer,322167
2023-08-10,,322168,"Donaualtarm Greifenstein, Bie",10 km² Gewässer,Donau,Nebengewässer,322168
2023-08-10,,322170,Fischwanderhilfe KW Altenwörth - Ausstieg,10 km² Gewässer,Donau,Nebengewässer,322170
2023-08-10,,322171,Überströmstrecke KW Greifenstein,10 km² Gewässer,Donau,Nebengewässer,322171
2023-08-10,,322172,Fischaufstiegshilfe KW Greifenstein,10 km² Gewässer,Donau,Nebengewässer,322172
2023-08-10,,322173,Gießgang,10 km² Gewässer,Donau,Nebengewässer,322173
2023-08-10,,322174,Donaunebenarmanbindung Grimsing,10 km² Gewässer,Donau,Nebengewässer,322174
2023-08-10,,322175,Donaualtarmanbindung Schallemmersdorf,10 km² Gewässer,Donau,Nebengewässer,322175
2023-08-10,,322176,Donaualtarm Weitenegg,100 km² Gewässer,Donau,Nebengewässer,322176
2023-08-10,,322177,Donaualtarm Klein-Pöchlarn,10 km² Gewässer,Donau,Nebengewässer,322177
2023-08-10,,322178,Donaualtarm Winklinger Haufen,10 km² Gewässer,Donau,Nebengewässer,322178
2023-08-10,,322179,Donaualtarm Wallsee,100 km² Gewässer,Donau,Nebengewässer,322179
2023-08-10,,322248,Gutenbrunner Bachl,10 km² Gewässer,Donau,Hauptgewässer,322248
2023-08-10,,322442,Eckelbauergraben (Schwarzenbach),10 km² Gewässer,Donau,Hauptgewässer,322442
,,400002,Polsenz (Nebeng.) [bei Sankt Marienkirchen] III,10 km² Gewässer,Donau,Nebengewässer,400002
,,400003,Polsenz (Nebeng.) [bei Fürnerdt] I,10 km² Gewässer,Donau,Nebengewässer,400003
,,400010,Pram (Nebeng.) [bei Sankt Florian am Inn] IX,10 km² Gewässer,Donau,Nebengewässer,400010
,,400012,Pfudabach (Nebeng.) [bei Hartwagen] I,10 km² Gewässer,Donau,Nebengewässer,400012
,,400013,Pfudabach (Nebeng.) [bei Angsüß] I,10 km² Gewässer,Donau,Nebengewässer,400013
,,400020,Sipbach (Nebeng.) [bei Ansfelden] I,10 km² Gewässer,Donau,Nebengewässer,400020
,,400022,Sipbach (Nebeng.) [bei Pucking] I,10 km² Gewässer,Donau,Nebengewässer,400022
,,400030,Sarmingbach (Nebeng.) [bei Waldhausen] I,10 km² Gewässer,Donau,Nebengewässer,400030
,,400032,Kenadinger Bach (Nebeng.) [bei Kenading] I,10 km² Gewässer,Donau,Nebengewässer,400032
,,400033,Kenadinger Bach (Nebeng.) [bei Engertsberg] I,10 km² Gewässer,Donau,Nebengewässer,400033
,,400052,Pram (Nebeng.) [bei Traiskirchen] IV,10 km² Gewässer,Donau,Nebengewässer,400052
,,400055,Pram (Nebeng.) [bei Traiskirchen] V,10 km² Gewässer,Donau,Nebengewässer,400055
,,400058,Pram (Nebeng.) [bei Etzelsdorf] I,10 km² Gewässer,Donau,Nebengewässer,400058
,,400059,Pram (Nebeng.) [bei Etzelsdorf] II,10 km² Gewässer,Donau,Nebengewässer,400059
,,400060,Pram (Nebeng.) [bei Taufkirchen] I,10 km² Gewässer,Donau,Nebengewässer,400060
,,400061,Pram (Nebeng.) [bei Gumping] I,10 km² Gewässer,Donau,Nebengewässer,400061
,,400062,Pram (Nebeng.) [bei Gumping] II,10 km² Gewässer,Donau,Nebengewässer,400062
,,400063,Pram (Nebeng.) [bei Andorf] III,10 km² Gewässer,Donau,Nebengewässer,400063
,,400064,Pram (Nebeng.) [bei Andorf] VI,10 km² Gewässer,Donau,Nebengewässer,400064
,,400065,Pram (Nebeng.) [bei Andorf] IV,10 km² Gewässer,Donau,Nebengewässer,400065
,,400066,Pram (Nebeng.) [bei Andorf] V,10 km² Gewässer,Donau,Nebengewässer,400066
,,400067,Pram (Nebeng.) [bei Untergriesbach] I,10 km² Gewässer,Donau,Nebengewässer,400067
,,400068,Pram (Nebeng.) [bei Oberprenning] I,10 km² Gewässer,Donau,Nebengewässer,400068
,,400093,Antiesen (Nebeng.) [bei Eberschwang] VII,10 km² Gewässer,Donau,Nebengewässer,400093
,,400107,Antiesen (Nebeng.) [bei Antiesenhofen] II,10 km² Gewässer,Donau,Nebengewässer,400107
,,400108,Antiesen (Nebeng.) [bei Antiesenhofen] III,10 km² Gewässer,Donau,Nebengewässer,400108
,,400109,Antiesen (Nebeng.) [bei Reichersberg] II,10 km² Gewässer,Donau,Nebengewässer,400109
,,400110,Oberach (Nebeng.) [bei Ried i.I.],10 km² Gewässer,Donau,Nebengewässer,400110
,,400116,Gurtenbach (Nebeng.) [bei Wippenham],10 km² Gewässer,Donau,Nebengewässer,400116
,,400165,Ach (Nebeng.) [bei Kirchheim] V,10 km² Gewässer,Donau,Nebengewässer,400165
,,400166,Ach (Nebeng.) [bei Lohnsburg] VIII,10 km² Gewässer,Donau,Nebengewässer,400166
,,400167,Ach (Nebeng.) [bei Waldzell] II,10 km² Gewässer,Donau,Nebengewässer,400167
,,400168,Mettmach (Nebeng.) [bei Mettmach] V,10 km² Gewässer,Donau,Nebengewässer,400168
,,400169,Mettmach (Nebeng.) [bei Grubmühl],10 km² Gewässer,Donau,Nebengewässer,400169
,,400170,Moosbach (Nebeng.) [Lochbach] [bei Maria Schmolln] II,10 km² Gewässer,Donau,Nebengewässer,400170
,,400171,Adenberg Gießgraben,10 km² Gewässer,Donau,Hauptgewässer,400171
,,400172,Adenberg Gießgraben (Nebeng.) [bei Wiesmaiern],10 km² Gewässer,Donau,Nebengewässer,400172
,,400173,Stockerbach [Inn],10 km² Gewässer,Donau,Hauptgewässer,400173
,,400174,Stockerbach [Inn] (Nebeng.) [bei Mamling] I,10 km² Gewässer,Donau,Nebengewässer,400174
,,400175,Stockerbach [Inn] (Nebeng.) [bei Mamling] II,10 km² Gewässer,Donau,Nebengewässer,400175
,,400176,Stockerbach [Inn] (Nebeng.) [bei Mining],10 km² Gewässer,Donau,Nebengewässer,400176
,,400177,Stockerbach [Inn] (Nebeng.) [bei Mamling] III,10 km² Gewässer,Donau,Nebengewässer,400177
,,400178,Stockerbach [Inn] (Nebeng.) [bei Mamling] IV,10 km² Gewässer,Donau,Nebengewässer,400178
,,400179,Stockerbach [Inn] (Nebeng.) [bei Mamling] V,10 km² Gewässer,Donau,Nebengewässer,400179
,,400180,Stockerbach [Inn] (Nebeng.) [bei Mamling] VI,10 km² Gewässer,Donau,Nebengewässer,400180
,,400181,Stockerbach [Inn] (Nebeng.) [bei Mamling] VII,10 km² Gewässer,Donau,Nebengewässer,400181
,,400203,Mattig Nebengewässer,10 km² Gewässer,Donau,Nebengewässer,400203
,,400229,Schwemmbach (Nebeng.) [bei Lengau] III,10 km² Gewässer,Donau,Nebengewässer,400229
,,400230,Mattig Nebengewässer,10 km² Gewässer,Donau,Nebengewässer,400230
,,400231,Mattig Nebengewässer,10 km² Gewässer,Donau,Nebengewässer,400231
,,400232,Mattig Nebengewässer,10 km² Gewässer,Donau,Nebengewässer,400232
,,400233,Mattig Nebengewässer,10 km² Gewässer,Donau,Nebengewässer,400233
,,400234,Mattig Nebengewässer,10 km² Gewässer,Donau,Nebengewässer,400234
,,400235,Mattig Nebengewässer,10 km² Gewässer,Donau,Nebengewässer,400235
,,400236,Mattig Nebengewässer,10 km² Gewässer,Donau,Nebengewässer,400236
,,400245,Enknach Nebengewässer,10 km² Gewässer,Donau,Nebengewässer,400245
,,400249,Enknach Nebengewässer,10 km² Gewässer,Donau,Nebengewässer,400249
,,400257,Steinbach Nebengewässer,10 km² Gewässer,Donau,Nebengewässer,400257
,,400258,Haigermoosbach Nebengewässer,10 km² Gewässer,Donau,Nebengewässer,400258
,,400259,Aubach [Riedersbach],< 10 km² Gewässer,Donau,Hauptgewässer,400259
,,400267,Moosache Nebengewässer,10 km² Gewässer,Donau,Nebengewässer,400267
,,400268,Moosache Nebengewässer,10 km² Gewässer,Donau,Nebengewässer,400268
,,400269,Moosache Nebengewässer,10 km² Gewässer,Donau,Nebengewässer,400269
,,400517,Fuchsgießgraben,< 10 km² Gewässer,Donau,Hauptgewässer,400517
,,400840,Tiefenthalergraben,< 10 km² Gewässer,Donau,Hauptgewässer,400840
,,402547,Lindenbach [Inn],< 10 km² Gewässer,Donau,Hauptgewässer,402547
,,403632,Brücklbachl (Lembachl),< 10 km² Gewässer,Donau,Hauptgewässer,403632
,,405255,Auerbach (Reutergraben),< 10 km² Gewässer,Donau,Hauptgewässer,405255
,,405451,Genger Bach (Ecksteinerbach),< 10 km² Gewässer,Donau,Hauptgewässer,405451
,,405628,Leitnerbach [Große Rodl],< 10 km² Gewässer,Donau,Hauptgewässer,405628
,,405631,Grabenhanslbach,< 10 km² Gewässer,Donau,Hauptgewässer,405631
,,405632,Brandstätterbach (Groisenbach),< 10 km² Gewässer,Donau,Hauptgewässer,405632
,,405815,Klingbergbach,< 10 km² Gewässer,Donau,Hauptgewässer,405815
,,405817,Puchenauerbachl,< 10 km² Gewässer,Donau,Hauptgewässer,405817
,,406046,Teufelsbach,< 10 km² Gewässer,Donau,Hauptgewässer,406046
,,406110,Wiesbach (Nebeng.),10 km² Gewässer,Donau,Nebengewässer,406110
,,406118,Hammerbach (Hammergraben),< 10 km² Gewässer,Donau,Hauptgewässer,406118
,,406123,Zaubertalbach,< 10 km² Gewässer,Donau,Hauptgewässer,406123
,,406260,Hallstätter Mühlbach,< 10 km² Gewässer,Donau,Hauptgewässer,406260
,,406466,Poserergraben (Krößenbach),< 10 km² Gewässer,Donau,Hauptgewässer,406466
,,406545,Sulzbach,< 10 km² Gewässer,Donau,Hauptgewässer,406545
,,406562,Kaltenbach (Teichtbach),< 10 km² Gewässer,Donau,Hauptgewässer,406562
,,406579,Appesbach,< 10 km² Gewässer,Donau,Hauptgewässer,406579
,,406679,Zimnitzbach,< 10 km² Gewässer,Donau,Hauptgewässer,406679
,,406704,Grabenbach [Ischl],< 10 km² Gewässer,Donau,Hauptgewässer,406704
,,406705,Dürrenbach [Ischl],< 10 km² Gewässer,Donau,Hauptgewässer,406705
,,406716,Saiherbach,< 10 km² Gewässer,Donau,Hauptgewässer,406716
,,407009,Wurmbach [Traun],< 10 km² Gewässer,Donau,Hauptgewässer,407009
,,407014,Eichenwaldgraben,< 10 km² Gewässer,Donau,Hauptgewässer,407014
,,407095,Weidbach,< 10 km² Gewässer,Donau,Hauptgewässer,407095
2023-08-10,,40751144,Steinbach bei Glashütten,10 km² Gewässer,Donau,Hauptgewässer,40751144
,,407576,Kaltenbach [Traun],< 10 km² Gewässer,Donau,Hauptgewässer,407576
,,407577,Lidringgraben (Lidringbach),< 10 km² Gewässer,Donau,Hauptgewässer,407577
,,407599,Traunkirchner Mühlbach,< 10 km² Gewässer,Donau,Hauptgewässer,407599
,,407627,Pichlbach,< 10 km² Gewässer,Donau,Hauptgewässer,407627
,,407630,Grabenbach [Traun],< 10 km² Gewässer,Donau,Hauptgewässer,407630
,,407633,Frühlingsbach,< 10 km² Gewässer,Donau,Hauptgewässer,407633
,,407634,Ebenzweierbach,< 10 km² Gewässer,Donau,Hauptgewässer,407634
,,407641,Kuchlbach,< 10 km² Gewässer,Donau,Hauptgewässer,407641
,,407645,Wasserloser Bach,< 10 km² Gewässer,Donau,Hauptgewässer,407645
,,407697,Zeller Bach (Zellerbach),< 10 km² Gewässer,Donau,Hauptgewässer,407697
,,407781,Höribach,< 10 km² Gewässer,Donau,Hauptgewässer,407781
,,407842,Steinerbach,< 10 km² Gewässer,Donau,Hauptgewässer,407842
,,407855,Kandlbach,< 10 km² Gewässer,Donau,Hauptgewässer,407855
,,407973,Steinbach [Attersee],< 10 km² Gewässer,Donau,Hauptgewässer,407973
,,408112,Parschallenbach,< 10 km² Gewässer,Donau,Hauptgewässer,408112
,,408133,Nußdorferbach (Nößtalbach),< 10 km² Gewässer,Donau,Hauptgewässer,408133
,,408137,Ackerlingbach,< 10 km² Gewässer,Donau,Hauptgewässer,408137
,,408151,Mühlbach [Ager],< 10 km² Gewässer,Donau,Hauptgewässer,408151
,,408735,Dießenbach,< 10 km² Gewässer,Donau,Hauptgewässer,408735
,,408748,Gstocketbach,< 10 km² Gewässer,Donau,Hauptgewässer,408748
,,409186,Pernegg-Graben,< 10 km² Gewässer,Donau,Hauptgewässer,409186
,,409190,Proigraben,< 10 km² Gewässer,Donau,Hauptgewässer,409190
,,409212,Kleiner Dirnbach,< 10 km² Gewässer,Donau,Hauptgewässer,409212
,,409946,Mühldorferbach,< 10 km² Gewässer,Donau,Hauptgewässer,409946
,,409948,Tiessenbach (Tissenbach),< 10 km² Gewässer,Donau,Hauptgewässer,409948
,,409970,Lidauergraben,< 10 km² Gewässer,Donau,Hauptgewässer,409970
,,410447,Alm (Nebeng.) [bei Scharnstein] XIII,< 10 km² Gewässer,Donau,Nebengewässer,410447
,,410662,Weinzierlbach (Marktbach),< 10 km² Gewässer,Donau,Hauptgewässer,410662
,,410671,Thurnhamgraben,< 10 km² Gewässer,Donau,Hauptgewässer,410671
,,410680,Ottsdorfergraben,< 10 km² Gewässer,Donau,Hauptgewässer,410680
,,410686,Neupernsteinergraben,< 10 km² Gewässer,Donau,Hauptgewässer,410686
,,410702,Kirchdorfer Ortsgraben,< 10 km² Gewässer,Donau,Hauptgewässer,410702
,,410706,Erlgraben,< 10 km² Gewässer,Donau,Hauptgewässer,410706
,,410711,Grenzgraben,< 10 km² Gewässer,Donau,Hauptgewässer,410711
,,410782,Ellersbach (Käfergraben),< 10 km² Gewässer,Donau,Hauptgewässer,410782
,,410900,Hamelbach (Hummelbach),< 10 km² Gewässer,Donau,Hauptgewässer,410900
,,410931,Schedlbergerbach (Schedlbach),< 10 km² Gewässer,Donau,Hauptgewässer,410931
,,411146,Wohlmutgraben,< 10 km² Gewässer,Donau,Hauptgewässer,411146
,,411385,Kittingergraben,< 10 km² Gewässer,Donau,Hauptgewässer,411385
,,411404,Rahofergraben,< 10 km² Gewässer,Donau,Hauptgewässer,411404
,,412643,Gollnergraben,< 10 km² Gewässer,Donau,Hauptgewässer,412643
,,412684,Stiedelsbach,< 10 km² Gewässer,Donau,Hauptgewässer,412684
,,412829,Thöllergraben,< 10 km² Gewässer,Donau,Hauptgewässer,412829
,,413226,Hühnergraben,< 10 km² Gewässer,Donau,Hauptgewässer,413226
,,414450,Färberbach (Färbergraben),< 10 km² Gewässer,Donau,Hauptgewässer,414450
,,414470,Harbach [Steyr],< 10 km² Gewässer,Donau,Hauptgewässer,414470
,,414566,Ramsaugraben,< 10 km² Gewässer,Donau,Hauptgewässer,414566
,,414568,Plodergraben,< 10 km² Gewässer,Donau,Hauptgewässer,414568
,,414796,Lichtenauerbach (Prembach),< 10 km² Gewässer,Donau,Hauptgewässer,414796
,,414804,Grünbach [Feldaist],< 10 km² Gewässer,Donau,Hauptgewässer,414804
,,414806,Schlager Bach,< 10 km² Gewässer,Donau,Hauptgewässer,414806
,,415894,Naglbach,< 10 km² Gewässer,Donau,Hauptgewässer,415894
,,416653,Bäckerbach,< 10 km² Gewässer,Donau,Hauptgewässer,416653
,,416662,Saxenerbach (Saxner Bach),< 10 km² Gewässer,Donau,Hauptgewässer,416662
,,419176,Höhlmühlbach,< 10 km² Gewässer,Donau,Hauptgewässer,419176
,,419210,Finstergrabenbach [Diesenleitenbach],< 10 km² Gewässer,Donau,Hauptgewässer,419210
,,419353,Hofmühlbach (Schloßbach),< 10 km² Gewässer,Donau,Hauptgewässer,419353
,,419552,Retzbach,< 10 km² Gewässer,Donau,Hauptgewässer,419552
,,419574,Kohlstattbach,< 10 km² Gewässer,Donau,Hauptgewässer,419574
,,419605,Derntlgraben,< 10 km² Gewässer,Donau,Hauptgewässer,419605
,2023-08-09,420420,Schalchener Brunnbach (Nebeng.),10 km² Gewässer,Donau,Nebengewässer,420420
,,421397,Hintersberger Bach,< 10 km² Gewässer,Donau,Hauptgewässer,421397
2023-08-10,,422164,"Schinderbach, Blochleitenbach",10 km² Gewässer,Donau,Hauptgewässer,422164
2023-08-10,,423231,Gegenbach,10 km² Gewässer,Donau,Hauptgewässer,423231
,,423374,Weilbach,< 10 km² Gewässer,Donau,Hauptgewässer,423374
,,423382,Krenglbach,< 10 km² Gewässer,Donau,Hauptgewässer,423382
,,423663,Steegenbach,< 10 km² Gewässer,Donau,Hauptgewässer,423663
,,423669,Lederer Bach,< 10 km² Gewässer,Donau,Hauptgewässer,423669
,,423670,Lederer Bach Zubringer,< 10 km² Gewässer,Donau,Hauptgewässer,423670
,,423727,Reifenstegbach,< 10 km² Gewässer,Donau,Hauptgewässer,423727
,,423732,Moosbach,< 10 km² Gewässer,Donau,Hauptgewässer,423732
,,423744,Ortsgraben Natternbach,< 10 km² Gewässer,Donau,Hauptgewässer,423744
,,424742,Alhartinger Bach,< 10 km² Gewässer,Donau,Hauptgewässer,424742
,,426154,Abfluss aus Laakirchen,< 10 km² Gewässer,Donau,Hauptgewässer,426154
,,426156,Abfluss aus Laakirchen Zubringer,< 10 km² Gewässer,Donau,Hauptgewässer,426156
,,429620,Tagerbach Zubringer,< 10 km² Gewässer,Donau,Hauptgewässer,429620
,,435858,Pram (Nebeng.),10 km² Gewässer,Donau,Nebengewässer,435858
,,435864,Sarmingbach (Nebeng.),10 km² Gewässer,Donau,Nebengewässer,435864
,,435872,Naarn Zubringer,100 km² Gewässer,Donau,Hauptgewässer,435872
,,435874,Ramingbach (südl. Quellast),10 km² Gewässer,Donau,Hauptgewässer,435874
2023-08-10,,435913,Enknach Nebengewässer,10 km² Gewässer,Donau,Nebengewässer,435913
2023-08-10,,435952,Hartbach Nebengewässer,10 km² Gewässer,Donau,Nebengewässer,435952
2023-08-10,,437373,Donau Nebengewässer,10 km² Gewässer,Donau,Nebengewässer,437373
2023-08-10,,437375,Tagerbach,10 km² Gewässer,Donau,Hauptgewässer,437375
,,500001,Buergerkanal,< 10 km² Gewässer,Donau,Hauptgewässer,500001
,,500002,Reischenbach,< 10 km² Gewässer,Donau,Hauptgewässer,500002
,,500003,Baderbach,< 10 km² Gewässer,Donau,Hauptgewässer,500003
,,500004,Lebach,< 10 km² Gewässer,Donau,Hauptgewässer,500004
,,500005,Haltingerbach,< 10 km² Gewässer,Donau,Hauptgewässer,500005
,,500006,Ebenbach,< 10 km² Gewässer,Donau,Hauptgewässer,500006
,,500007,Würmbach,< 10 km² Gewässer,Donau,Hauptgewässer,500007
,,500008,Scharrnbach,< 10 km² Gewässer,Donau,Hauptgewässer,500008
,,500009,Aigenbach,< 10 km² Gewässer,Donau,Hauptgewässer,500009
,,500010,Thomersbach,< 10 km² Gewässer,Donau,Hauptgewässer,500010
,,500011,Steindorferbach,< 10 km² Gewässer,Donau,Hauptgewässer,500011
,,500012,Hranitzbach,< 10 km² Gewässer,Donau,Hauptgewässer,500012
,,500013,Baierlgraben,< 10 km² Gewässer,Donau,Hauptgewässer,500013
,,500014,Tschellabach,< 10 km² Gewässer,Donau,Hauptgewässer,500014
,,500015,Retzengraben,< 10 km² Gewässer,Donau,Hauptgewässer,500015
,,500016,Gschwandtgraben,< 10 km² Gewässer,Donau,Hauptgewässer,500016
,,500017,Klausgraben,< 10 km² Gewässer,Donau,Hauptgewässer,500017
,,500018,Spitzinggraben,< 10 km² Gewässer,Donau,Hauptgewässer,500018
,,500019,Ilmitzn,< 10 km² Gewässer,Donau,Hauptgewässer,500019
,,500020,Saumoosgraben,< 10 km² Gewässer,Donau,Hauptgewässer,500020
,,500021,Plinitzbach,< 10 km² Gewässer,Donau,Hauptgewässer,500021
,,500022,Schmergraben,< 10 km² Gewässer,Donau,Hauptgewässer,500022
,,500023,Jägergraben,< 10 km² Gewässer,Donau,Hauptgewässer,500023
,,500024,Fuerbach,< 10 km² Gewässer,Donau,Hauptgewässer,500024
,,500025,Znotterbach,< 10 km² Gewässer,Donau,Hauptgewässer,500025
,,500026,Weyerhofbach,< 10 km² Gewässer,Donau,Hauptgewässer,500026
,,500027,Zeferetgraben,< 10 km² Gewässer,Donau,Hauptgewässer,500027
,,500028,Leidalmbach,< 10 km² Gewässer,Donau,Hauptgewässer,500028
,,500029,Kranzbach,< 10 km² Gewässer,Donau,Hauptgewässer,500029
,,500030,Rettenbach Werfen,< 10 km² Gewässer,Donau,Hauptgewässer,500030
,,500031,Wiedner Alpsbach,< 10 km² Gewässer,Donau,Hauptgewässer,500031
,,500032,Vorderwaldbergbach,< 10 km² Gewässer,Donau,Hauptgewässer,500032
,,500033,Holzlehenbach,< 10 km² Gewässer,Donau,Hauptgewässer,500033
,,500034,Einödberggraben,< 10 km² Gewässer,Donau,Hauptgewässer,500034
,,500035,Rossberggraben 5,< 10 km² Gewässer,Donau,Hauptgewässer,500035
,,500036,Rossberggraben 4,< 10 km² Gewässer,Donau,Hauptgewässer,500036
,,500037,Zubringer-Muehlkanal-Neukirchen3,< 10 km² Gewässer,Donau,Hauptgewässer,500037
,,500038,Stockenbaumgraben,< 10 km² Gewässer,Donau,Hauptgewässer,500038
,,500039,Zwieselbach,< 10 km² Gewässer,Donau,Hauptgewässer,500039
,,500040,Lehenbauerbach,< 10 km² Gewässer,Donau,Hauptgewässer,500040
,,500041,Maierhofgraben,< 10 km² Gewässer,Donau,Hauptgewässer,500041
,,500042,Ganserbach,< 10 km² Gewässer,Donau,Hauptgewässer,500042
,,500043,Brambergerbach,< 10 km² Gewässer,Donau,Hauptgewässer,500043
,,500045,Ugglerbach,< 10 km² Gewässer,Donau,Hauptgewässer,500045
,,500046,Zechergrabenbach,< 10 km² Gewässer,Donau,Hauptgewässer,500046
,,500047,Langerbach,< 10 km² Gewässer,Donau,Hauptgewässer,500047
,,500048,Wasserfallgraben,< 10 km² Gewässer,Donau,Hauptgewässer,500048
,,500049,Glanzbach,< 10 km² Gewässer,Donau,Hauptgewässer,500049
,,500050,Seitlingbach,< 10 km² Gewässer,Donau,Hauptgewässer,500050
,,500051,St. Veitergraben,< 10 km² Gewässer,Donau,Hauptgewässer,500051
,,500052,Weidenbach,< 10 km² Gewässer,Donau,Hauptgewässer,500052
,,500053,Grabenbach,< 10 km² Gewässer,Donau,Hauptgewässer,500053
,,500054,Altenbach,< 10 km² Gewässer,Donau,Hauptgewässer,500054
,,500055,Rohnbergergraben,< 10 km² Gewässer,Donau,Hauptgewässer,500055
,,500056,Kendlhofgraben,< 10 km² Gewässer,Donau,Hauptgewässer,500056
,,500057,Staudachgraben,< 10 km² Gewässer,Donau,Hauptgewässer,500057
,,500058,Wiestleckgraben,< 10 km² Gewässer,Donau,Hauptgewässer,500058
,,500059,Hirschbach,< 10 km² Gewässer,Donau,Hauptgewässer,500059
,,500060,Schienbergbach,< 10 km² Gewässer,Donau,Hauptgewässer,500060
,,500061,Seetalgraben,< 10 km² Gewässer,Donau,Hauptgewässer,500061
,,500062,Mühlbach Fuschl,< 10 km² Gewässer,Donau,Hauptgewässer,500062
,,500063,Sandbach,< 10 km² Gewässer,Donau,Hauptgewässer,500063
,,500064,Weißwäschergraben,< 10 km² Gewässer,Donau,Hauptgewässer,500064
,,500065,Glanerbach,< 10 km² Gewässer,Donau,Hauptgewässer,500065
,,500066,Fischpointleitengraben,< 10 km² Gewässer,Donau,Hauptgewässer,500066
,,500067,Wiesengraben Rehhof,< 10 km² Gewässer,Donau,Hauptgewässer,500067
,,500068,Dachserfallbach,< 10 km² Gewässer,Donau,Hauptgewässer,500068
,,500069,Schaidmoosbach,< 10 km² Gewässer,Donau,Hauptgewässer,500069
,,500070,Wennsbach,< 10 km² Gewässer,Donau,Hauptgewässer,500070
,,500071,Vogelstaettbach,< 10 km² Gewässer,Donau,Hauptgewässer,500071
,,500072,Reitbach-Lend,< 10 km² Gewässer,Donau,Hauptgewässer,500072
,,500073,Weißbach bei Lenzing,< 10 km² Gewässer,Donau,Hauptgewässer,500073
,,500074,Lettlgraben,< 10 km² Gewässer,Donau,Hauptgewässer,500074
,,500075,Pernergraben,< 10 km² Gewässer,Donau,Hauptgewässer,500075
,,500076,Birnbach,< 10 km² Gewässer,Donau,Hauptgewässer,500076
,,500077,Wimbach,< 10 km² Gewässer,Donau,Hauptgewässer,500077
,,500079,Grubbach,< 10 km² Gewässer,Donau,Hauptgewässer,500079
,,500080,Falkenbach,< 10 km² Gewässer,Donau,Hauptgewässer,500080
,,500081,Wachtbergbach,< 10 km² Gewässer,Donau,Hauptgewässer,500081
,,500082,Steinachbach,< 10 km² Gewässer,Donau,Hauptgewässer,500082
,,500083,Fuehrterkanal-Piesendorf,< 10 km² Gewässer,Donau,Hauptgewässer,500083
,,500084,Trogbach,< 10 km² Gewässer,Donau,Hauptgewässer,500084
,,500085,Groessenbach,< 10 km² Gewässer,Donau,Hauptgewässer,500085
,,500086,Klausgraben Scheffau,< 10 km² Gewässer,Donau,Hauptgewässer,500086
,,500087,Luifriedgraben,< 10 km² Gewässer,Donau,Hauptgewässer,500087
,,500088,Moosbach-Mauterndorf,< 10 km² Gewässer,Donau,Hauptgewässer,500088
,,500089,Tongraben,< 10 km² Gewässer,Donau,Hauptgewässer,500089
,,500090,Erdengraben,< 10 km² Gewässer,Donau,Hauptgewässer,500090
,,500091,Kohlbach,< 10 km² Gewässer,Donau,Hauptgewässer,500091
,,500092,Perfallbach,< 10 km² Gewässer,Donau,Hauptgewässer,500092
,,500093,Muellnerbach,< 10 km² Gewässer,Donau,Hauptgewässer,500093
,2023-08-09,500094,Kirchbach,< 10 km² Gewässer,Donau,Hauptgewässer,500094
,,500095,Schmiedbach Faistenau,< 10 km² Gewässer,Donau,Hauptgewässer,500095
,,500096,Leopoldgraben,< 10 km² Gewässer,Donau,Hauptgewässer,500096
,,500097,Schöberlbach (Schöberlgraben),< 10 km² Gewässer,Donau,Hauptgewässer,500097
,,500098,Mattseeroider Bach,< 10 km² Gewässer,Donau,Hauptgewässer,500098
,,500099,Ellmaubach Ebenau,< 10 km² Gewässer,Donau,Hauptgewässer,500099
,,500100,Weissenbach Hintersee,< 10 km² Gewässer,Donau,Hauptgewässer,500100
,,500101,Ladenbach,< 10 km² Gewässer,Donau,Hauptgewässer,500101
,,500102,Kolomanbach,< 10 km² Gewässer,Donau,Hauptgewässer,500102
,,500103,Kasbach bei Taugl,< 10 km² Gewässer,Donau,Hauptgewässer,500103
,,500104,Triebenbach,< 10 km² Gewässer,Donau,Hauptgewässer,500104
,,500105,Walchenbach,< 10 km² Gewässer,Donau,Hauptgewässer,500105
,,500106,Mühlbach Hintersee,< 10 km² Gewässer,Donau,Hauptgewässer,500106
,,500107,Burschachbach,< 10 km² Gewässer,Donau,Hauptgewässer,500107
,,500108,Feichtbach,< 10 km² Gewässer,Donau,Hauptgewässer,500108
,,500109,Rettenbachgraben,< 10 km² Gewässer,Donau,Hauptgewässer,500109
,,500110,Perteilbach,< 10 km² Gewässer,Donau,Hauptgewässer,500110
,,500111,Kernreiterbach,< 10 km² Gewässer,Donau,Hauptgewässer,500111
,,500112,Griesbach,< 10 km² Gewässer,Donau,Hauptgewässer,500112
,,500113,Schrambach Kuchl,< 10 km² Gewässer,Donau,Hauptgewässer,500113
,,500114,Steigbach,< 10 km² Gewässer,Donau,Hauptgewässer,500114
,,500115,Sommereckgraben,< 10 km² Gewässer,Donau,Hauptgewässer,500115
,,500116,Sulzbach Annaberg,< 10 km² Gewässer,Donau,Hauptgewässer,500116
,,500117,Schönbach Bramberg,< 10 km² Gewässer,Donau,Hauptgewässer,500117
,,500118,Niederhofgraben,< 10 km² Gewässer,Donau,Hauptgewässer,500118
,,500119,Schmiedgraben,< 10 km² Gewässer,Donau,Hauptgewässer,500119
,,500120,Bacher Graben,< 10 km² Gewässer,Donau,Hauptgewässer,500120
,,500121,Unterbergbach,< 10 km² Gewässer,Donau,Hauptgewässer,500121
,,500122,Siederbach,< 10 km² Gewässer,Donau,Hauptgewässer,500122
,,500123,Bräuergraben,< 10 km² Gewässer,Donau,Hauptgewässer,500123
,,500124,Tiefenbach-Krimml,< 10 km² Gewässer,Donau,Hauptgewässer,500124
,,500125,Eglseebach,< 10 km² Gewässer,Donau,Hauptgewässer,500125
,,500126,Aschbach,< 10 km² Gewässer,Donau,Hauptgewässer,500126
,,500127,Vorstadlbach,< 10 km² Gewässer,Donau,Hauptgewässer,500127
,,500128,Salzachzubringer GS,< 10 km² Gewässer,Donau,Hauptgewässer,500128
,,500129,Hausgraben,< 10 km² Gewässer,Donau,Hauptgewässer,500129
,,500130,Moserrinnbach (DS),< 10 km² Gewässer,Donau,Hauptgewässer,500130
,,500131,Aubach Hollersbach,< 10 km² Gewässer,Donau,Hauptgewässer,500131
,,500132,Vitlehengraben,< 10 km² Gewässer,Donau,Hauptgewässer,500132
,,500133,Maierbach,< 10 km² Gewässer,Donau,Hauptgewässer,500133
,,500134,Bärenbach,< 10 km² Gewässer,Donau,Hauptgewässer,500134
,,500135,Wildengraben,< 10 km² Gewässer,Donau,Hauptgewässer,500135
,,500136,Achraingraben,< 10 km² Gewässer,Donau,Hauptgewässer,500136
,,500137,Bucheggergraben,< 10 km² Gewässer,Donau,Hauptgewässer,500137
,,500138,Kreuzsalbach,< 10 km² Gewässer,Donau,Hauptgewässer,500138
,,500139,Kesselgraben,< 10 km² Gewässer,Donau,Hauptgewässer,500139
,,500140,Ploiergraben,< 10 km² Gewässer,Donau,Hauptgewässer,500140
,,500141,Obergraben,< 10 km² Gewässer,Donau,Hauptgewässer,500141
,,500142,Eckhartgraben,< 10 km² Gewässer,Donau,Hauptgewässer,500142
,,500143,Kehlgraben,< 10 km² Gewässer,Donau,Hauptgewässer,500143
,,500144,Hörndlgraben-Werfen,< 10 km² Gewässer,Donau,Hauptgewässer,500144
,,500145,Zwischeneckgraben,< 10 km² Gewässer,Donau,Hauptgewässer,500145
,,500146,Faistenbach,< 10 km² Gewässer,Donau,Hauptgewässer,500146
,,500147,Salersbach,< 10 km² Gewässer,Donau,Hauptgewässer,500147
,,500148,Schrambachgraben,< 10 km² Gewässer,Donau,Hauptgewässer,500148
,,500149,Forsthofgraben,< 10 km² Gewässer,Donau,Hauptgewässer,500149
,,500150,Reichhofgraben,< 10 km² Gewässer,Donau,Hauptgewässer,500150
,,500151,Eckbach,< 10 km² Gewässer,Donau,Hauptgewässer,500151
,,500152,Raidlgraben,< 10 km² Gewässer,Donau,Hauptgewässer,500152
,,500153,Kuchlbach,< 10 km² Gewässer,Donau,Hauptgewässer,500153
,,500154,Seebach-Kuchlbach,< 10 km² Gewässer,Donau,Hauptgewässer,500154
,,500155,Lengbach,< 10 km² Gewässer,Donau,Hauptgewässer,500155
,,500156,Reingraben,< 10 km² Gewässer,Donau,Hauptgewässer,500156
,,500157,Ellmaubach,< 10 km² Gewässer,Donau,Hauptgewässer,500157
,,500158,Ruhgassingerbach,< 10 km² Gewässer,Donau,Hauptgewässer,500158
,,500159,Deutingbach,< 10 km² Gewässer,Donau,Hauptgewässer,500159
,,500160,Saalkogelgraben,< 10 km² Gewässer,Donau,Hauptgewässer,500160
,,500161,Lanschuetzbach,< 10 km² Gewässer,Donau,Hauptgewässer,500161
,,500162,Breitenberger Mühlbach (Breitenbergbach Mühlbach),< 10 km² Gewässer,Donau,Hauptgewässer,500162
,,500164,Hinterer Martenbach,< 10 km² Gewässer,Donau,Hauptgewässer,500164
,,500166,Krummfeichtbach,< 10 km² Gewässer,Donau,Hauptgewässer,500166
,,500167,Erzbach,< 10 km² Gewässer,Donau,Hauptgewässer,500167
,,500168,Hochwartgraben,< 10 km² Gewässer,Donau,Hauptgewässer,500168
,,500169,Geissgraben,< 10 km² Gewässer,Donau,Hauptgewässer,500169
,,500170,Lohbach,< 10 km² Gewässer,Donau,Hauptgewässer,500170
,,500171,Knutzingbach,< 10 km² Gewässer,Donau,Hauptgewässer,500171
,,500172,Muehlbach-Neuhofen,< 10 km² Gewässer,Donau,Hauptgewässer,500172
,,500173,Knutzingerbach,< 10 km² Gewässer,Donau,Hauptgewässer,500173
,,500174,Oberthurnbach,< 10 km² Gewässer,Donau,Hauptgewässer,500174
,,500175,Schmiedbach Oberthurnberg,< 10 km² Gewässer,Donau,Hauptgewässer,500175
,,500176,Strohriedlbach,< 10 km² Gewässer,Donau,Hauptgewässer,500176
,,500177,Riessbach,< 10 km² Gewässer,Donau,Hauptgewässer,500177
,,500178,Kirchentalbach,< 10 km² Gewässer,Donau,Hauptgewässer,500178
,,500179,Gmainbach,< 10 km² Gewässer,Donau,Hauptgewässer,500179
,,500180,Kasbach,< 10 km² Gewässer,Donau,Hauptgewässer,500180
,,500181,Wörlemoos Bach,< 10 km² Gewässer,Donau,Hauptgewässer,500181
,,500182,Poschgraben,< 10 km² Gewässer,Donau,Hauptgewässer,500182
,,500183,Hühnerleitengraben,< 10 km² Gewässer,Donau,Hauptgewässer,500183
,,500184,Henlabgraben,< 10 km² Gewässer,Donau,Hauptgewässer,500184
,,500185,Alte Zauch,< 10 km² Gewässer,Donau,Nebengewässer,500185
,,500186,Labeneckgraben,< 10 km² Gewässer,Donau,Hauptgewässer,500186
,,500187,Labeneckgraben vorderer Zubringer,< 10 km² Gewässer,Donau,Hauptgewässer,500187
,,500188,Unsinniggraben,< 10 km² Gewässer,Donau,Hauptgewässer,500188
,,500189,Reichertalgraben,< 10 km² Gewässer,Donau,Hauptgewässer,500189
,,500190,Reichertalgraben vorderer Zubringer,< 10 km² Gewässer,Donau,Hauptgewässer,500190
,,500191,Kohlgraben,< 10 km² Gewässer,Donau,Hauptgewässer,500191
,,500192,Kohlgraben (Zauchenbach) Zubringer,< 10 km² Gewässer,Donau,Hauptgewässer,500192
,,500193,Arlhofgraben,< 10 km² Gewässer,Donau,Hauptgewässer,500193
,,500194,Peilgraben,< 10 km² Gewässer,Donau,Hauptgewässer,500194
,,500195,Kuchlberggraben,< 10 km² Gewässer,Donau,Hauptgewässer,500195
,,500196,Baderbrunnlackenbach,< 10 km² Gewässer,Donau,Hauptgewässer,500196
,,500197,Mayrhofenbach-Maishofen,< 10 km² Gewässer,Donau,Hauptgewässer,500197
,,500208,Unkenbach,10 km² Gewässer,Donau,Hauptgewässer,500208
,,500209,Scheffsnotherbach,< 10 km² Gewässer,Donau,Hauptgewässer,500209
,,500211,Exenbach Loferer Hochtal,< 10 km² Gewässer,Donau,Hauptgewässer,500211
,,500212,Moosbach,< 10 km² Gewässer,Donau,Hauptgewässer,500212
,,500214,Hammerbach,< 10 km² Gewässer,Donau,Hauptgewässer,500214
,,500216,Hochalmgraben,< 10 km² Gewässer,Donau,Hauptgewässer,500216
,,500217,Zeisergraben,< 10 km² Gewässer,Donau,Hauptgewässer,500217
2023-08-10,,500407,Ellbach,10 km² Gewässer,Donau,Hauptgewässer,500407
2023-08-10,,500539,Güßgraben,< 10 km² Gewässer,Donau,Hauptgewässer,500539
,,500691,Klausbach im Bayrischen Hintersee,10 km² Gewässer,Donau,Hauptgewässer,500691
,,500825,Muehlbach Strobl Aigen,10 km² Gewässer,Donau,Hauptgewässer,500825
,,500834,Mühlbach Dietersbach,< 10 km² Gewässer,Donau,Nebengewässer,500834
,,500898,Pfongauerbach Ueberleitung Lagermax,< 10 km² Gewässer,Donau,Hauptgewässer,500898
2023-08-10,,500901,Pillsteinbach,< 10 km² Gewässer,Donau,Hauptgewässer,500901
2023-08-10,,500934,Rastoetzenbach,< 10 km² Gewässer,Donau,Hauptgewässer,500934
,,500942,Reitbach - Nebenarm,10 km² Gewässer,Donau,Nebengewässer,500942
2023-08-10,,501017,Schödertalbach,< 10 km² Gewässer,Donau,Hauptgewässer,501017
,,501125,Strohriedlbach-Entlastung,< 10 km² Gewässer,Donau,Hauptgewässer,501125
,,501156,Tiefenbach,< 10 km² Gewässer,Donau,Hauptgewässer,501156
,,501188,Urstein-Entwaesserungskanal links,< 10 km² Gewässer,Donau,Hauptgewässer,501188
2023-08-10,,501225,Wengerau Bach,< 10 km² Gewässer,Donau,Hauptgewässer,501225
,,501298,Zubringer Mattsee,10 km² Gewässer,Donau,Hauptgewässer,501298
,,501302,Weissbach-Stubache,100 km² Gewässer,Donau,Hauptgewässer,501302
,,501303,Taubenbach,10 km² Gewässer,Donau,Hauptgewässer,501303
,,501304,Kaefertalbach,100 km² Gewässer,Donau,Hauptgewässer,501304
,,501305,Huettwinklache,100 km² Gewässer,Donau,Hauptgewässer,501305
,,501306,Fellersbach,10 km² Gewässer,Donau,Hauptgewässer,501306
,,501307,Lienbach,10 km² Gewässer,Donau,Hauptgewässer,501307
,,501308,Taugl Hintersee,100 km² Gewässer,Donau,Hauptgewässer,501308
,,501309,Gennerbach,10 km² Gewässer,Donau,Hauptgewässer,501309
,,501310,Steinbach-Neumarkt,100 km² Gewässer,Donau,Hauptgewässer,501310
,,501311,Wallerbach,100 km² Gewässer,Donau,Hauptgewässer,501311
,,501312,Bruckbach,10 km² Gewässer,Donau,Hauptgewässer,501312
,,501313,Verbindungskanal Mattsee-Obertrumersee,10 km² Gewässer,Donau,Hauptgewässer,501313
,,501314,Königsbach,10 km² Gewässer,Donau,Hauptgewässer,501314
,,501315,Promekgraben,10 km² Gewässer,Donau,Hauptgewässer,501315
,,501316,Brunnbach Thalgau,10 km² Gewässer,Donau,Hauptgewässer,501316
,,501317,Haselbach,10 km² Gewässer,Donau,Hauptgewässer,501317
,2023-08-09,501320,Teufelsgraben-Angerbach,10 km² Gewässer,Donau,Hauptgewässer,501320
,,501332,Hauptmannsbach,< 10 km² Gewässer,Donau,Hauptgewässer,501332
2023-08-10,,501333,Trockenbach,< 10 km² Gewässer,Donau,Hauptgewässer,501333
,,501334,Schiembach,< 10 km² Gewässer,Donau,Hauptgewässer,501334
,,501337,Waidachgraben,< 10 km² Gewässer,Donau,Hauptgewässer,501337
,,501338,Gunseringerbach,< 10 km² Gewässer,Donau,Hauptgewässer,501338
,,501339,Schwarzleobach,100 km² Gewässer,Donau,Hauptgewässer,501339
,,501340,Frauenbach-Arnsdorf,< 10 km² Gewässer,Donau,Hauptgewässer,501340
,,501341,Hainachgraben,< 10 km² Gewässer,Donau,Hauptgewässer,501341
2023-08-10,,501449,Teufelsgraben-Angerbach,10 km² Gewässer,Donau,Hauptgewässer,501449
2023-08-10,,501473,Schloßbach,< 10 km² Gewässer,Donau,Hauptgewässer,501473
2023-08-10,,501498,Aschauer Bach,10 km² Gewässer,Donau,Hauptgewässer,501498
2023-08-10,,501499,Eibkendlbach,10 km² Gewässer,Donau,Hauptgewässer,501499
2023-08-10,,501532,Kötschachbach,10 km² Gewässer,Donau,Hauptgewässer,501532
2023-08-10,,501553,Ostragergraben,< 10 km² Gewässer,Donau,Hauptgewässer,501553
2023-08-10,,502040,Manlitzbach - linker Zubringer 1,< 10 km² Gewässer,Donau,Hauptgewässer,502040
2023-08-10,,502392,Kreuzsalbach Kleinarl,< 10 km² Gewässer,Donau,Hauptgewässer,502392
2023-08-10,,502552,Enkerbichlgraben,< 10 km² Gewässer,Donau,Hauptgewässer,502552
2023-08-10,,502733,Gstatterbach - rechtsufriger Zubringer III,< 10 km² Gewässer,Donau,Hauptgewässer,502733
2023-08-10,,502886,Hundsdorferbach - linker Zubringer II,< 10 km² Gewässer,Donau,Hauptgewässer,502886
2023-08-10,,502920,Barbarafallgraben,< 10 km² Gewässer,Donau,Hauptgewässer,502920
2023-08-10,,503085,Lafenbach Zubringer,< 10 km² Gewässer,Donau,Hauptgewässer,503085
2023-08-10,,503086,Rainbach Zubringer,< 10 km² Gewässer,Donau,Hauptgewässer,503086
2023-08-10,,503092,Gstoderbach Zubringer,< 10 km² Gewässer,Donau,Hauptgewässer,503092
2023-08-10,,503094,Jägergraben Zubringer,< 10 km² Gewässer,Donau,Hauptgewässer,503094
2023-08-10,,503095,Hirschbach Zubringer,< 10 km² Gewässer,Donau,Hauptgewässer,503095
2023-08-10,,503099,Burschachbach Zubringer,< 10 km² Gewässer,Donau,Hauptgewässer,503099
2023-08-10,,503101,Sommereckgraben Zubringer,< 10 km² Gewässer,Donau,Hauptgewässer,503101
2023-08-10,,503123,Trogbach Zubringer,< 10 km² Gewässer,Donau,Hauptgewässer,503123
2023-08-10,,503126,Hühnerleitengraben Zubringer,< 10 km² Gewässer,Donau,Hauptgewässer,503126
2023-08-10,,503135,Einödberggraben - rechter Zubringer,< 10 km² Gewässer,Donau,Hauptgewässer,503135
2023-08-10,,503171,Finkgraben,< 10 km² Gewässer,Donau,Hauptgewässer,503171
2023-08-10,,503172,Mühlkanal-Neukirchen Zubringer 4,< 10 km² Gewässer,Donau,Hauptgewässer,503172
2023-08-10,,503191,Marbach-Kalte Mandling,10 km² Gewässer,Donau,Hauptgewässer,503191
2023-08-10,,503196,Ellmaubach-Grossarl Zubringer,< 10 km² Gewässer,Donau,Hauptgewässer,503196
2023-08-10,,503203,Fuscherache Zubringer,< 10 km² Gewässer,Donau,Hauptgewässer,503203
2023-08-10,,503204,Soellheimer Bach Si,< 10 km² Gewässer,Donau,Hauptgewässer,503204
2023-08-10,,503206,Rettenbach Zubringer B,< 10 km² Gewässer,Donau,Hauptgewässer,503206
2023-08-10,,503207,Lienbach Zubringer,< 10 km² Gewässer,Donau,Hauptgewässer,503207
2023-08-10,,503211,Taurach-Pongau Zubringer,< 10 km² Gewässer,Donau,Hauptgewässer,503211
2023-08-10,,503215,Litzlingbach Mündung neu,10 km² Gewässer,Donau,Nebengewässer,503215
2023-08-10,,599992,Fuchsbach,10 km² Gewässer,Donau,Hauptgewässer,599992
,,600001,Augraben,< 10 km² Gewässer,Donau,Hauptgewässer,600001
,,600002,Harter Bach,< 10 km² Gewässer,Donau,Hauptgewässer,600002
,,600003,Bärndorfer Bach,< 10 km² Gewässer,Donau,Hauptgewässer,600003
,,600004,Büschendorfer Bach,< 10 km² Gewässer,Donau,Hauptgewässer,600004
,,600005,Tullbach,< 10 km² Gewässer,Donau,Hauptgewässer,600005
,,600006,Rettenbach,< 10 km² Gewässer,Donau,Hauptgewässer,600006
,,600007,Nussengrabenbach,< 10 km² Gewässer,Donau,Hauptgewässer,600007
,,600008,Raab-Durchstich,10 km² Gewässer,Donau,Nebengewässer,600008
,,600009,Raab-Überströmstrecke-II,10 km² Gewässer,Donau,Nebengewässer,600009
,,600014,Kittenbach,10 km² Gewässer,Donau,Hauptgewässer,600014
,,600015,Lemsitz Bach,10 km² Gewässer,Donau,Hauptgewässer,600015
,,600016,Gundersdorferbach,10 km² Gewässer,Donau,Hauptgewässer,600016
,,600017,Rosenhofbach,10 km² Gewässer,Donau,Hauptgewässer,600017
,,600018,Trogbach,< 10 km² Gewässer,Donau,Hauptgewässer,600018
,2023-08-09,600019,Falleggbach,< 10 km² Gewässer,Donau,Hauptgewässer,600019
,,600020,Laßnitz,100 km² Gewässer,Donau,Hauptgewässer,600020
,2023-08-09,600021,Niedere Laßnitz,100 km² Gewässer,Donau,Hauptgewässer,600021
,,600022,Wellingbach,10 km² Gewässer,Donau,Hauptgewässer,600022
,,600023,Mittereggbach [Weilingbach],10 km² Gewässer,Donau,Hauptgewässer,600023
,,600024,Haderniggbach,100 km² Gewässer,Donau,Hauptgewässer,600024
,,600025,Saggaubach,100 km² Gewässer,Donau,Hauptgewässer,600025
,,600026,Lateinbach [Saggaubach],10 km² Gewässer,Donau,Hauptgewässer,600026
,,600027,Großer Lateinbach,10 km² Gewässer,Donau,Hauptgewässer,600027
,,600028,St. Andrä-Grabenbach,10 km² Gewässer,Donau,Hauptgewässer,600028
,,600029,Andräbach,10 km² Gewässer,Donau,Hauptgewässer,600029
,,600030,Mühlbach_Sassbach,10 km² Gewässer,Donau,Hauptgewässer,600030
,,600031,Gnasbach-AusleitungII,< 10 km² Gewässer,Donau,Nebengewässer,600031
,,600032,Gamlitzbach,10 km² Gewässer,Donau,Hauptgewässer,600032
,,600033,Kranachbach,10 km² Gewässer,Donau,Hauptgewässer,600033
,,600034,Schwarzaubach [Mühlgang],100 km² Gewässer,Donau,Hauptgewässer,600034
,,600035,Zerlachbach,100 km² Gewässer,Donau,Hauptgewässer,600035
,,600036,Sagbach,10 km² Gewässer,Donau,Hauptgewässer,600036
,,600037,Pölling,10 km² Gewässer,Donau,Hauptgewässer,600037
,,600038,Lehmgraben,10 km² Gewässer,Donau,Hauptgewässer,600038
,,600039,Glauningbach,10 km² Gewässer,Donau,Hauptgewässer,600039
,,600040,Gnasbach,100 km² Gewässer,Donau,Hauptgewässer,600040
,,600041,Baumgartenbach [Gnasbach],100 km² Gewässer,Donau,Hauptgewässer,600041
,,600042,Fischabach,10 km² Gewässer,Donau,Hauptgewässer,600042
,,600043,Perlsdorfbach,10 km² Gewässer,Donau,Hauptgewässer,600043
,,600044,Grabenhoferbach,10 km² Gewässer,Donau,Hauptgewässer,600044
,,600045,Poppendorfer Bach,100 km² Gewässer,Donau,Hauptgewässer,600045
,,600046,Katzengrabenbach,100 km² Gewässer,Donau,Hauptgewässer,600046
,,600047,Sulzbach [Mur],10 km² Gewässer,Donau,Hauptgewässer,600047
,,600048,Klausenbach [Sulzbach [Mur]],10 km² Gewässer,Donau,Hauptgewässer,600048
,,600049,Drauchenbach,100 km² Gewässer,Donau,Hauptgewässer,600049
,,600050,Pleschbach [Drauchenbach],100 km² Gewässer,Donau,Hauptgewässer,600050
,,600051,Mühlbach (Mureck-Radkersburger Mühlkanal),100 km² Gewässer,Donau,Nebengewässer,600051
,,600052,Mühlbach (Mureck-Radkersburger Mühlkanal),100 km² Gewässer,Donau,Nebengewässer,600052
,,600053,Mühlbach (Mureck-Radkersburger Mühlkanal),100 km² Gewässer,Donau,Nebengewässer,600053
,,600054,Klingbach (Mureck-Radkersburger Mühlkanal),100 km² Gewässer,Donau,Nebengewässer,600054
,,600055,Tiefernitzbach,10 km² Gewässer,Donau,Hauptgewässer,600055
,,600056,Ungerdorfbach,10 km² Gewässer,Donau,Hauptgewässer,600056
,,600057,Kötschmanngrabenbach,10 km² Gewässer,Donau,Hauptgewässer,600057
,,600058,Dörflbach [Kötschmanngrabenbach],10 km² Gewässer,Donau,Hauptgewässer,600058
,,600059,Untergroßaubach,10 km² Gewässer,Donau,Hauptgewässer,600059
,,600060,Wetzawinkelbach,10 km² Gewässer,Donau,Hauptgewässer,600060
,,600061,Schremser Bach,10 km² Gewässer,Donau,Hauptgewässer,600061
,,600062,Kuhhaltbrunnen,10 km² Gewässer,Donau,Hauptgewässer,600062
,,600063,Ferbersbach,10 km² Gewässer,Donau,Hauptgewässer,600063
,,600064,Bärnbach,10 km² Gewässer,Donau,Hauptgewässer,600064
,,600065,Raababach,10 km² Gewässer,Donau,Hauptgewässer,600065
,,600066,Kohlgrabenbach [Raababach],10 km² Gewässer,Donau,Hauptgewässer,600066
,,600067,Stiftingbach,10 km² Gewässer,Donau,Hauptgewässer,600067
,,600068,Thörlbach [Stiftingbach],10 km² Gewässer,Donau,Hauptgewässer,600068
,,600069,Kroisbach [Leonhardbach],10 km² Gewässer,Donau,Hauptgewässer,600069
,,600070,Mariatroster Bach,10 km² Gewässer,Donau,Hauptgewässer,600070
,,600071,Föllingerbach,10 km² Gewässer,Donau,Hauptgewässer,600071
,,600072,Schöcklbach [Mur],10 km² Gewässer,Donau,Hauptgewässer,600072
,,600073,Niederschöcklbach,10 km² Gewässer,Donau,Hauptgewässer,600073
,,600074,Rötschbach,10 km² Gewässer,Donau,Hauptgewässer,600074
,2023-08-09,600075,Oberer Rötschbach,10 km² Gewässer,Donau,Hauptgewässer,600075
,,600076,Rannachbach,< 10 km² Gewässer,Donau,Hauptgewässer,600076
,2023-08-09,600077,Augrabenbach,< 10 km² Gewässer,Donau,Hauptgewässer,600077
,,600078,Badlgrabenbach,< 10 km² Gewässer,Donau,Hauptgewässer,600078
,2023-08-09,600079,Paßgraben,< 10 km² Gewässer,Donau,Hauptgewässer,600079
,,600080,Tyrnauer Bach,10 km² Gewässer,Donau,Hauptgewässer,600080
,,600081,Hinterleitenbach,10 km² Gewässer,Donau,Hauptgewässer,600081
,,600082,Breitenauer Bach [Mur],10 km² Gewässer,Donau,Hauptgewässer,600082
,,600083,Ulrichsbach,10 km² Gewässer,Donau,Hauptgewässer,600083
,,600084,Eibeggbach,10 km² Gewässer,Donau,Hauptgewässer,600084
,,600085,Rittschein,100 km² Gewässer,Donau,Hauptgewässer,600085
,,600086,Mayerbach,100 km² Gewässer,Donau,Hauptgewässer,600086
,,600087,Brumbach,10 km² Gewässer,Donau,Hauptgewässer,600087
,,600088,Steinbach [Brumbach],10 km² Gewässer,Donau,Hauptgewässer,600088
,,600089,Feistritz,500 km² Gewässer,Donau,Hauptgewässer,600089
,,600090,Sattelbach,500 km² Gewässer,Donau,Hauptgewässer,600090
,,600091,Muttlergraben,10 km² Gewässer,Donau,Hauptgewässer,600091
,,600092,Maißbach [Muttlergraben],10 km² Gewässer,Donau,Hauptgewässer,600092
,,600093,Pfaffenbach [Feistritz],10 km² Gewässer,Donau,Hauptgewässer,600093
,2023-08-09,600094,Kleiner Pfaffenbach,10 km² Gewässer,Donau,Hauptgewässer,600094
,,600095,"Weißenbach [Lafnitz, bei Waldbach]",10 km² Gewässer,Donau,Hauptgewässer,600095
,2023-08-09,600096,"Winkelbach [Weißenbach, bei Sankt Jakob im Walde]",10 km² Gewässer,Donau,Hauptgewässer,600096
,,600097,Marktbach,< 10 km² Gewässer,Donau,Hauptgewässer,600097
,,600098,Katzenbach,< 10 km² Gewässer,Donau,Hauptgewässer,600098
,,600099,Vorderer Waldbach,10 km² Gewässer,Donau,Hauptgewässer,600099
,2023-08-09,600100,Dreibach,10 km² Gewässer,Donau,Hauptgewässer,600100
,,600101,Hinterer Waldbach,10 km² Gewässer,Donau,Hauptgewässer,600101
,2023-08-09,600102,Hirschgrabenbach,10 km² Gewässer,Donau,Hauptgewässer,600102
,,600103,Hundsmühlbach,10 km² Gewässer,Donau,Hauptgewässer,600103
,2023-08-09,600104,Alpenbach,10 km² Gewässer,Donau,Hauptgewässer,600104
,,600105,Burggrabenbach,10 km² Gewässer,Donau,Hauptgewässer,600105
,2023-08-09,600106,Höllbach [Burggrabenbach],10 km² Gewässer,Donau,Hauptgewässer,600106
,,600107,Lungitzbach,10 km² Gewässer,Donau,Hauptgewässer,600107
,2023-08-09,600108,Kleiner Lungitzbach,10 km² Gewässer,Donau,Hauptgewässer,600108
,,600111,Wörtherbach,10 km² Gewässer,Donau,Hauptgewässer,600111
,,600112,Stockaubach,10 km² Gewässer,Donau,Hauptgewässer,600112
,,600113,Lahn [Lafnitz],10 km² Gewässer,Donau,Hauptgewässer,600113
,,600114,Hühnerbach,10 km² Gewässer,Donau,Hauptgewässer,600114
,,600115,Safen (Safenbach),100 km² Gewässer,Donau,Hauptgewässer,600115
,,600116,Hartberger Safen (Safenbach),100 km² Gewässer,Donau,Hauptgewässer,600116
,,600117,Römerbach,10 km² Gewässer,Donau,Hauptgewässer,600117
,,600118,Römerbach II,10 km² Gewässer,Donau,Hauptgewässer,600118
,2023-08-09,600119,Höllbach [Eibeggbach],10 km² Gewässer,Donau,Hauptgewässer,600119
,,600120,Hollersbach [Feistritz],10 km² Gewässer,Donau,Hauptgewässer,600120
,,600121,Kulmbauerbach,10 km² Gewässer,Donau,Hauptgewässer,600121
,,600122,Teitzbach,10 km² Gewässer,Donau,Hauptgewässer,600122
,,600123,Amassegger Bach,10 km² Gewässer,Donau,Hauptgewässer,600123
,,600124,Gößbach [Mur],10 km² Gewässer,Donau,Hauptgewässer,600124
,2023-08-09,600125,Großer Gößbach,10 km² Gewässer,Donau,Hauptgewässer,600125
,,600126,Stanzbach,10 km² Gewässer,Donau,Hauptgewässer,600126
,2023-08-09,600127,Brandstattbach,10 km² Gewässer,Donau,Hauptgewässer,600127
,2023-08-09,600128,Dornerbach,10 km² Gewässer,Donau,Hauptgewässer,600128
,,600129,Stollingbach,10 km² Gewässer,Donau,Hauptgewässer,600129
,2023-08-09,600130,Zwettlerbach [Stollingbach],10 km² Gewässer,Donau,Hauptgewässer,600130
,,600131,Massingbach,10 km² Gewässer,Donau,Hauptgewässer,600131
,2023-08-09,600132,Großer Massingbach,10 km² Gewässer,Donau,Hauptgewässer,600132
,,600133,Hirschbach,< 10 km² Gewässer,Donau,Hauptgewässer,600133
,2023-08-09,600134,Karlgraben,< 10 km² Gewässer,Donau,Hauptgewässer,600134
,,600135,Großer Veitschbach,10 km² Gewässer,Donau,Hauptgewässer,600135
,2023-08-09,600136,Schallerbach,10 km² Gewässer,Donau,Hauptgewässer,600136
,,600137,Klein Veitsch-Bach,10 km² Gewässer,Donau,Hauptgewässer,600137
,2023-08-09,600138,Taurisbach,10 km² Gewässer,Donau,Hauptgewässer,600138
,,600139,Freiner Bach,10 km² Gewässer,Donau,Hauptgewässer,600139
,2023-08-09,600140,Taschlbach [Freiner Bach],10 km² Gewässer,Donau,Hauptgewässer,600140
,,600141,Dobreinbach,10 km² Gewässer,Donau,Hauptgewässer,600141
,,600142,Aschauerbach,10 km² Gewässer,Donau,Hauptgewässer,600142
,,600143,Parschlugerbach,< 10 km² Gewässer,Donau,Hauptgewässer,600143
,,600145,Thörlbach [Mürz],100 km² Gewässer,Donau,Hauptgewässer,600145
,,600146,Stübmingbach,100 km² Gewässer,Donau,Hauptgewässer,600146
,,600147,Rotsohlgrabenbach,100 km² Gewässer,Donau,Hauptgewässer,600147
,,600148,Ilgnerbach,100 km² Gewässer,Donau,Hauptgewässer,600148
,2023-08-09,600149,Karlbach,100 km² Gewässer,Donau,Hauptgewässer,600149
,,600150,Aschbach,100 km² Gewässer,Donau,Hauptgewässer,600150
,2023-08-09,600151,Rotsohlbach,100 km² Gewässer,Donau,Hauptgewässer,600151
,,600152,Radmerbach,10 km² Gewässer,Donau,Hauptgewässer,600152
,,600153,Schallenbach,10 km² Gewässer,Donau,Hauptgewässer,600153
,,600154,Hinterer Wildalpenbach,10 km² Gewässer,Donau,Hauptgewässer,600154
,2023-08-09,600155,Lurgbach,10 km² Gewässer,Donau,Hauptgewässer,600155
,,600156,Lassing,10 km² Gewässer,Donau,Hauptgewässer,600156
,2023-08-09,600157,Holzäpfeltalbach,10 km² Gewässer,Donau,Hauptgewässer,600157
,2023-08-09,600158,Hochstadlgraben,10 km² Gewässer,Donau,Hauptgewässer,600158
,,600159,Seebach [Erzbach],10 km² Gewässer,Donau,Hauptgewässer,600159
,,600160,Seeaubach [Seebach-Erzbach],10 km² Gewässer,Donau,Hauptgewässer,600160
,2023-08-09,600161,Fobisbach,10 km² Gewässer,Donau,Hauptgewässer,600161
,,600162,Trofengbach,10 km² Gewässer,Donau,Hauptgewässer,600162
,,600163,Gsollbach,10 km² Gewässer,Donau,Hauptgewässer,600163
,,600164,Achnachbach,< 10 km² Gewässer,Donau,Hauptgewässer,600164
,,600165,Gleckgraben,< 10 km² Gewässer,Donau,Hauptgewässer,600165
,,600166,Radmer Bach,10 km² Gewässer,Donau,Hauptgewässer,600166
,2023-08-09,600167,Stubbach,10 km² Gewässer,Donau,Hauptgewässer,600167
,2023-08-09,600168,Haselbach [Stubbach],10 km² Gewässer,Donau,Hauptgewässer,600168
,,600169,Schafhüttelgraben,< 10 km² Gewässer,Donau,Hauptgewässer,600169
,,600170,Klammbach,< 10 km² Gewässer,Donau,Hauptgewässer,600170
,,600171,Vordernberger Bach,100 km² Gewässer,Donau,Hauptgewässer,600171
,2023-08-09,600172,Handlgrabenbach,100 km² Gewässer,Donau,Hauptgewässer,600172
,,600173,Gößbach [Vordernberger Bach],10 km² Gewässer,Donau,Hauptgewässer,600173
,2023-08-09,600174,Graskogelbach,10 km² Gewässer,Donau,Hauptgewässer,600174
,,600175,Liesing [Mur],100 km² Gewässer,Donau,Hauptgewässer,600175
,,600176,Wasserfallgraben,100 km² Gewässer,Donau,Hauptgewässer,600176
,,600177,Marktbach [Liesing-Seitenarm (Liesing)],10 km² Gewässer,Donau,Hauptgewässer,600177
,,600178,Magdwiesenbach,10 km² Gewässer,Donau,Hauptgewässer,600178
,,600179,Kobenzbach,10 km² Gewässer,Donau,Hauptgewässer,600179
,2023-08-09,600180,Seckauerbach,10 km² Gewässer,Donau,Hauptgewässer,600180
,,600181,Mitterbach [Mur],10 km² Gewässer,Donau,Hauptgewässer,600181
,2023-08-09,600182,Möschbauernbach,10 km² Gewässer,Donau,Hauptgewässer,600182
,,600183,"Lobmingbach [Mur, bei Knittelfeld]",10 km² Gewässer,Donau,Hauptgewässer,600183
,2023-08-09,600184,Perschenbach,10 km² Gewässer,Donau,Hauptgewässer,600184
,,600185,Linderbach [Mur],10 km² Gewässer,Donau,Hauptgewässer,600185
,,600186,Rattenbergerbach,10 km² Gewässer,Donau,Hauptgewässer,600186
,,600187,Donauerbach,< 10 km² Gewässer,Donau,Hauptgewässer,600187
,2023-08-09,600188,Omesserbach,< 10 km² Gewässer,Donau,Hauptgewässer,600188
,,600189,Granitzenbach,100 km² Gewässer,Donau,Hauptgewässer,600189
,2023-08-09,600190,Schmelzbach,100 km² Gewässer,Donau,Hauptgewässer,600190
,,600191,Kienbergbach,10 km² Gewässer,Donau,Hauptgewässer,600191
,2023-08-09,600192,Feuerbach,10 km² Gewässer,Donau,Hauptgewässer,600192
,,600193,Zanitzenbach,10 km² Gewässer,Donau,Hauptgewässer,600193
,2023-08-09,600194,Melkkogelbach,10 km² Gewässer,Donau,Hauptgewässer,600194
,2023-08-09,600195,Scherklgrabenbach,10 km² Gewässer,Donau,Hauptgewässer,600195
,,600196,Weißenbach (Großer Billbach) [Enns],10 km² Gewässer,Donau,Hauptgewässer,600196
,2023-08-09,600197,Buchauer Bach,10 km² Gewässer,Donau,Hauptgewässer,600197
,,600198,Erbbach,10 km² Gewässer,Donau,Hauptgewässer,600198
,,600199,Maierbach,10 km² Gewässer,Donau,Hauptgewässer,600199
,,600200,Lichtmessbach,10 km² Gewässer,Donau,Hauptgewässer,600200
,2023-08-09,600201,Kaiseraubach,10 km² Gewässer,Donau,Hauptgewässer,600201
,,600202,Triebenbach,100 km² Gewässer,Donau,Hauptgewässer,600202
,,600203,Mödringbach [Triebenbach],100 km² Gewässer,Donau,Hauptgewässer,600203
,,600204,Tobeitschbach,10 km² Gewässer,Donau,Hauptgewässer,600204
,2023-08-09,600205,Grünkarbach,10 km² Gewässer,Donau,Hauptgewässer,600205
,,600206,Schwarzenbach [Triebenbach],10 km² Gewässer,Donau,Hauptgewässer,600206
,2023-08-09,600207,Bucheralmbach,10 km² Gewässer,Donau,Hauptgewässer,600207
,,600208,Gföllbach,10 km² Gewässer,Donau,Hauptgewässer,600208
,2023-08-09,600209,Lachtalbach,10 km² Gewässer,Donau,Hauptgewässer,600209
,,600210,Pölsfluß,100 km² Gewässer,Donau,Hauptgewässer,600210
,,600211,Pölsbach,100 km² Gewässer,Donau,Hauptgewässer,600211
,,600212,Pusterwaldbach,100 km² Gewässer,Donau,Hauptgewässer,600212
,2023-08-09,600213,Vorderer Pölsenbach,100 km² Gewässer,Donau,Hauptgewässer,600213
,,600214,Fuchsgrabenbach,10 km² Gewässer,Donau,Hauptgewässer,600214
,2023-08-09,600215,Plattentalbach,10 km² Gewässer,Donau,Hauptgewässer,600215
,,600216,Krumeggerbach,10 km² Gewässer,Donau,Hauptgewässer,600216
,2023-08-09,600217,Halserbach,10 km² Gewässer,Donau,Hauptgewässer,600217
,,600218,Dürrnbach,10 km² Gewässer,Donau,Hauptgewässer,600218
,2023-08-09,600219,Georgnerbach,10 km² Gewässer,Donau,Hauptgewässer,600219
,2023-08-09,600220,Tirolerbach,10 km² Gewässer,Donau,Hauptgewässer,600220
,,600221,Wöllgrabenbach,< 10 km² Gewässer,Donau,Hauptgewässer,600221
,2023-08-09,600222,Schafkogelbach,< 10 km² Gewässer,Donau,Hauptgewässer,600222
,,600223,Tschauböckgraben,< 10 km² Gewässer,Donau,Hauptgewässer,600223
,2023-08-09,600224,Petznerbach,< 10 km² Gewässer,Donau,Hauptgewässer,600224
,,600225,Nesselbach,10 km² Gewässer,Donau,Hauptgewässer,600225
,,600226,Kotalmbach,10 km² Gewässer,Donau,Hauptgewässer,600226
,,600227,Wölzerbach,100 km² Gewässer,Donau,Hauptgewässer,600227
,,600228,Eselsbergbach,100 km² Gewässer,Donau,Hauptgewässer,600228
,,600229,Einachbach,10 km² Gewässer,Donau,Hauptgewässer,600229
,2023-08-09,600230,Sattelbach [Einachbach],10 km² Gewässer,Donau,Hauptgewässer,600230
,,600231,Untertalbach,100 km² Gewässer,Donau,Hauptgewässer,600231
,,600232,Steinriesenbach,100 km² Gewässer,Donau,Hauptgewässer,600232
,,600233,Huberalm Bach,< 10 km² Gewässer,Donau,Hauptgewässer,600233
,,600234,Huberalm Bach,< 10 km² Gewässer,Donau,Hauptgewässer,600234
,,600235,Lämmerkarbach,< 10 km² Gewässer,Donau,Hauptgewässer,600235
,,600236,Lämmerkarbach,< 10 km² Gewässer,Donau,Hauptgewässer,600236
,,600237,Preuneggbach,10 km² Gewässer,Donau,Hauptgewässer,600237
,2023-08-09,600238,Ursprungsbach,10 km² Gewässer,Donau,Hauptgewässer,600238
,,600239,Seewigtalbach,10 km² Gewässer,Donau,Hauptgewässer,600239
,2023-08-09,600240,Bodenseer Bach,10 km² Gewässer,Donau,Hauptgewässer,600240
,2023-08-09,600241,Hüttenseebach,10 km² Gewässer,Donau,Hauptgewässer,600241
,2023-08-09,600242,Pfannseebach,10 km² Gewässer,Donau,Hauptgewässer,600242
,,600243,Oberseebach,< 10 km² Gewässer,Donau,Hauptgewässer,600243
,,600244,Oberseebach,< 10 km² Gewässer,Donau,Hauptgewässer,600244
,,600245,Sölkbach,100 km² Gewässer,Donau,Hauptgewässer,600245
,,600246,Großsölkbach,100 km² Gewässer,Donau,Hauptgewässer,600246
,,600247,Walchenbach [Enns],10 km² Gewässer,Donau,Hauptgewässer,600247
,2023-08-09,600248,Ramertalbach,10 km² Gewässer,Donau,Hauptgewässer,600248
,,600249,Niederöblarnbach,10 km² Gewässer,Donau,Hauptgewässer,600249
,2023-08-09,600250,Starzengraben,10 km² Gewässer,Donau,Hauptgewässer,600250
,,600251,Lärchkarbach,10 km² Gewässer,Donau,Hauptgewässer,600251
,,600252,Siebenhüttenbach,10 km² Gewässer,Donau,Hauptgewässer,600252
,,600253,Litzelbach,10 km² Gewässer,Donau,Hauptgewässer,600253
,,600254,Rotbühelbach,10 km² Gewässer,Donau,Hauptgewässer,600254
,,600255,Gulling,100 km² Gewässer,Donau,Hauptgewässer,600255
,2023-08-09,600256,Schwarzer Gullingbach,100 km² Gewässer,Donau,Hauptgewässer,600256
,,600257,"Plienten, Plienten (Plientenbach), Plientenbach",10 km² Gewässer,Donau,Hauptgewässer,600257
,,600258,Plientenbach,10 km² Gewässer,Donau,Hauptgewässer,600258
,,600259,Mittereggbach [Gulling],10 km² Gewässer,Donau,Hauptgewässer,600259
,,600260,Kothüttenbach,10 km² Gewässer,Donau,Hauptgewässer,600260
,,600261,Döllachbach,10 km² Gewässer,Donau,Hauptgewässer,600261
,,600262,Treschmitzbach,10 km² Gewässer,Donau,Hauptgewässer,600262
,,600263,Lassingbach [Palten],10 km² Gewässer,Donau,Hauptgewässer,600263
,2023-08-09,600264,Kirchdorfbach,10 km² Gewässer,Donau,Hauptgewässer,600264
,,600265,"Weißenbach [Enns, bei Liezen]",10 km² Gewässer,Donau,Hauptgewässer,600265
,,600266,"Winkelbach [Weißenbach, bei Liezen]",10 km² Gewässer,Donau,Hauptgewässer,600266
,,600267,Stubenbach [Grimming],10 km² Gewässer,Donau,Hauptgewässer,600267
,2023-08-09,600268,Sumpergraben,10 km² Gewässer,Donau,Hauptgewässer,600268
,2023-08-09,600269,Stummgraben,10 km² Gewässer,Donau,Hauptgewässer,600269
,2023-08-09,600270,Goldbachl,10 km² Gewässer,Donau,Hauptgewässer,600270
,,600271,"Weißenbach [Enns, bei Haus im Ennstal], Weißenbach [Enns]",10 km² Gewässer,Donau,Hauptgewässer,600271
,2023-08-09,600272,Ramsaubach [Weißenbach],10 km² Gewässer,Donau,Hauptgewässer,600272
,,600273,Knollbach,10 km² Gewässer,Donau,Hauptgewässer,600273
,,600274,Knallbach,< 10 km² Gewässer,Donau,Hauptgewässer,600274
,,600275,Luserbach,< 10 km² Gewässer,Donau,Hauptgewässer,600275
,,600276,Kainischtraun,10 km² Gewässer,Donau,Hauptgewässer,600276
,,600277,Riedlbach-Traun,10 km² Gewässer,Donau,Hauptgewässer,600277
,,600278,Schinkengraben,10 km² Gewässer,Donau,Hauptgewässer,600278
,,600279,Ödensee-Traun,10 km² Gewässer,Donau,Hauptgewässer,600279
,,600280,Ödensee-Traun (Seisenbach),10 km² Gewässer,Donau,Hauptgewässer,600280
,,600281,Altausseer-Traun,10 km² Gewässer,Donau,Hauptgewässer,600281
,,600282,Altausseer See,10 km² Gewässer,Donau,Nebengewässer,600282
,,600283,Augstbach,10 km² Gewässer,Donau,Hauptgewässer,600283
,2023-08-09,600284,Augustbach,10 km² Gewässer,Donau,Hauptgewässer,600284
,,600285,Krennachbach,10 km² Gewässer,Donau,Hauptgewässer,600285
,,600286,Wendlerbach,10 km² Gewässer,Donau,Hauptgewässer,600286
,,600287,Hagenbach [Liesing],10 km² Gewässer,Donau,Hauptgewässer,600287
,,600288,Purbach,10 km² Gewässer,Donau,Hauptgewässer,600288
,,600289,Feebergbach,10 km² Gewässer,Donau,Hauptgewässer,600289
,,600290,Horätzbach,10 km² Gewässer,Donau,Hauptgewässer,600290
,,600291,Gepringbach,10 km² Gewässer,Donau,Hauptgewässer,600291
,,600292,Lusenbach,10 km² Gewässer,Donau,Hauptgewässer,600292
,,600293,Gratregerbach,10 km² Gewässer,Donau,Hauptgewässer,600293
,,600294,Thaler Bach [Mühlgang-Rechts],10 km² Gewässer,Donau,Hauptgewässer,600294
,,600295,Katzelbach,10 km² Gewässer,Donau,Hauptgewässer,600295
,,600296,Ligistbach,10 km² Gewässer,Donau,Hauptgewässer,600296
,,600297,Waldschmiedbach,10 km² Gewässer,Donau,Hauptgewässer,600297
,,600298,Scharasbach,< 10 km² Gewässer,Donau,Hauptgewässer,600298
,2023-08-09,600299,Pölzlbach,< 10 km² Gewässer,Donau,Hauptgewässer,600299
,,600300,Schirningbach,10 km² Gewässer,Donau,Hauptgewässer,600300
,,600301,Pleschbach [Schirmingbach],10 km² Gewässer,Donau,Hauptgewässer,600301
,,600302,Gradnerbach,10 km² Gewässer,Donau,Hauptgewässer,600302
,,600303,Tremplgraben,< 10 km² Gewässer,Donau,Hauptgewässer,600303
,,600304,Katzbach [Sallabach],10 km² Gewässer,Donau,Hauptgewässer,600304
,2023-08-09,600305,Schrottwinkelbach,10 km² Gewässer,Donau,Hauptgewässer,600305
,,600306,"Petersdorfer Bach [Raab, bei Fehring]",10 km² Gewässer,Donau,Hauptgewässer,600306
,,600307,Saazerbach,10 km² Gewässer,Donau,Hauptgewässer,600307
,,600308,Haselbach [Saazerbach],10 km² Gewässer,Donau,Hauptgewässer,600308
,,600309,Pickelbach,10 km² Gewässer,Donau,Hauptgewässer,600309
,,600310,Prüfingbach,10 km² Gewässer,Donau,Hauptgewässer,600310
,,600311,Kalkbach,10 km² Gewässer,Donau,Hauptgewässer,600311
,2023-08-09,600312,Mühlgrabenbach,10 km² Gewässer,Donau,Hauptgewässer,600312
,,600313,Mühlbach,< 10 km² Gewässer,Donau,Hauptgewässer,600313
,2023-08-09,600314,Sennleitenbach,< 10 km² Gewässer,Donau,Hauptgewässer,600314
,,600315,Schweineggbach,< 10 km² Gewässer,Donau,Hauptgewässer,600315
,,600316,Kampeggbach,< 10 km² Gewässer,Donau,Hauptgewässer,600316
,,600317,Moderbach [Raab],10 km² Gewässer,Donau,Hauptgewässer,600317
,2023-08-09,600318,Tulwitzbach,10 km² Gewässer,Donau,Hauptgewässer,600318
,,600319,Schmidbach,10 km² Gewässer,Donau,Hauptgewässer,600319
,2023-08-09,600320,Schmidbach (Südl. Quellbach),10 km² Gewässer,Donau,Hauptgewässer,600320
,,600321,Greinbach,10 km² Gewässer,Donau,Hauptgewässer,600321
,,600322,Hopfgrabenbach,10 km² Gewässer,Donau,Hauptgewässer,600322
,,600323,Pöllabach,10 km² Gewässer,Donau,Hauptgewässer,600323
,2023-08-09,600324,Schrottbach,10 km² Gewässer,Donau,Hauptgewässer,600324
,,600325,Kreuzbach,< 10 km² Gewässer,Donau,Hauptgewässer,600325
,2023-08-09,600326,Roßschädelbach,< 10 km² Gewässer,Donau,Hauptgewässer,600326
,,600327,Labillbach,10 km² Gewässer,Donau,Hauptgewässer,600327
,,600328,Oberlabillbach,10 km² Gewässer,Donau,Hauptgewässer,600328
,,600329,Mur-Altarm Kalsdorf,10 km² Gewässer,Donau,Nebengewässer,600329
,,600330,Fallbach,10 km² Gewässer,Donau,Nebengewässer,600330
,,600331,Gottstalbach,10 km² Gewässer,Donau,Hauptgewässer,600331
,,600332,Schwarzenseebach,10 km² Gewässer,Donau,Hauptgewässer,600332
,,600333,Putzentalbach,10 km² Gewässer,Donau,Hauptgewässer,600333
,,600334,Pillergraben,10 km² Gewässer,Donau,Hauptgewässer,600334
,,600335,"Vorfluter Petersdorfer Bach [Raab, bei Fehring]",10 km² Gewässer,Donau,Hauptgewässer,600335
,,600336,Pfahlbach,< 10 km² Gewässer,Donau,Hauptgewässer,600336
,,600337,Schneiderbach,< 10 km² Gewässer,Donau,Hauptgewässer,600337
,,600338,Bodenwiesengraben,< 10 km² Gewässer,Donau,Hauptgewässer,600338
,,600339,Feistritz-Vorfluter,< 10 km² Gewässer,Donau,Hauptgewässer,600339
,,600340,Miklgraben,< 10 km² Gewässer,Donau,Hauptgewässer,600340
,,600341,Etscherlbach,< 10 km² Gewässer,Donau,Hauptgewässer,600341
,,600342,Tötschingbach,< 10 km² Gewässer,Donau,Hauptgewässer,600342
,,600343,Chromwerkgrabenbach,< 10 km² Gewässer,Donau,Hauptgewässer,600343
,,600344,Rattenbergerbach Umleitungsgerinne,< 10 km² Gewässer,Donau,Nebengewässer,600344
,,600345,Meierbach,< 10 km² Gewässer,Donau,Hauptgewässer,600345
,,600346,Schattnergraben,< 10 km² Gewässer,Donau,Hauptgewässer,600346
,,600347,Unteretrachbach,< 10 km² Gewässer,Donau,Hauptgewässer,600347
,,600348,Kohlreitbach,< 10 km² Gewässer,Donau,Hauptgewässer,600348
,,600349,Unbenanntes Gerinne,< 10 km² Gewässer,Donau,Hauptgewässer,600349
,,600350,Georgibach,< 10 km² Gewässer,Donau,Hauptgewässer,600350
,,600351,Deutenbach,< 10 km² Gewässer,Donau,Hauptgewässer,600351
,,600352,Schlattinggraben,< 10 km² Gewässer,Donau,Hauptgewässer,600352
,,600353,Erlbach,< 10 km² Gewässer,Donau,Hauptgewässer,600353
,,600354,Mühlgraben,< 10 km² Gewässer,Donau,Hauptgewässer,600354
,,600355,Lieglergrabenbach,< 10 km² Gewässer,Donau,Hauptgewässer,600355
,,600356,Höllgraben,< 10 km² Gewässer,Donau,Hauptgewässer,600356
,,600357,Kochalmbauernbach,< 10 km² Gewässer,Donau,Hauptgewässer,600357
,,600358,Thayabach,10 km² Gewässer,Donau,Hauptgewässer,600358
,,600359,Lambach [Thayabach],10 km² Gewässer,Donau,Hauptgewässer,600359
,2023-08-09,600360,Lambrechtbach,10 km² Gewässer,Donau,Hauptgewässer,600360
,2023-08-09,600361,Thomabach,10 km² Gewässer,Donau,Hauptgewässer,600361
,,600362,Angerbach [Lobenbach],10 km² Gewässer,Donau,Hauptgewässer,600362
,,600363,Längenbach,10 km² Gewässer,Donau,Hauptgewässer,600363
,,600364,Ausleitung Lafnitz,10 km² Gewässer,Donau,Nebengewässer,600364
,,600365,Löffelbach,10 km² Gewässer,Donau,Hauptgewässer,600365
,,600366,Burgbach,10 km² Gewässer,Donau,Hauptgewässer,600366
,,605203,Leistenbach,< 10 km² Gewässer,Donau,Hauptgewässer,605203
,,611310,Felberbach,< 10 km² Gewässer,Donau,Hauptgewässer,611310
,,611311,Picklbach,< 10 km² Gewässer,Donau,Hauptgewässer,611311
,,614241,Kickerlochbach,< 10 km² Gewässer,Donau,Hauptgewässer,614241
,,614884,Köberlbach,< 10 km² Gewässer,Donau,Hauptgewässer,614884
2023-08-10,,629148,Laming Ausleitung,10 km² Gewässer,Donau,Nebengewässer,629148
2023-08-10,,629149,Raab Entlastung II,10 km² Gewässer,Donau,Nebengewässer,629149
2023-08-10,,629150,Raab Entlastung I,10 km² Gewässer,Donau,Nebengewässer,629150
,,700013,Kühbach,< 10 km² Gewässer,Donau,Hauptgewässer,700013
,,700015,Lehbach,< 10 km² Gewässer,Donau,Hauptgewässer,700015
,,700165,Stienebach,< 10 km² Gewässer,Donau,Hauptgewässer,700165
,,700379,Gröbenbach,< 10 km² Gewässer,Donau,Hauptgewässer,700379
,,700380,Tiefenbach,< 10 km² Gewässer,Donau,Hauptgewässer,700380
,,700401,Burgbach,< 10 km² Gewässer,Donau,Hauptgewässer,700401
,,700404,Rohrbach,< 10 km² Gewässer,Donau,Hauptgewässer,700404
,,700514,Birkelbach,< 10 km² Gewässer,Donau,Hauptgewässer,700514
,,700531,Krössbach,< 10 km² Gewässer,Donau,Hauptgewässer,700531
,,700547,k.A.,< 10 km² Gewässer,Donau,Hauptgewässer,700547
,,700653,Murenbach,< 10 km² Gewässer,Donau,Hauptgewässer,700653
,,700654,Hirschbach,< 10 km² Gewässer,Donau,Hauptgewässer,700654
,,700663,Plattenbach,< 10 km² Gewässer,Donau,Hauptgewässer,700663
,,700666,Hänslerbach,< 10 km² Gewässer,Donau,Hauptgewässer,700666
,,700686,Heinfelsbach,< 10 km² Gewässer,Donau,Hauptgewässer,700686
,,700695,Eilerbach,< 10 km² Gewässer,Donau,Hauptgewässer,700695
,,700697,Pfusterbach,< 10 km² Gewässer,Donau,Hauptgewässer,700697
,,700698,Heiterwanger Runsen,< 10 km² Gewässer,Donau,Hauptgewässer,700698
,,700723,Mittagsklammrunse,< 10 km² Gewässer,Donau,Hauptgewässer,700723
,,700761,Tessenberger Bach,< 10 km² Gewässer,Donau,Hauptgewässer,700761
,,700811,Unteraubach,< 10 km² Gewässer,Donau,Hauptgewässer,700811
,,700837,Dalfazerbach,< 10 km² Gewässer,Donau,Hauptgewässer,700837
,,700896,Tieftalbach,< 10 km² Gewässer,Donau,Hauptgewässer,700896
,,700904,Lähngraben,< 10 km² Gewässer,Donau,Hauptgewässer,700904
,,700922,Rodarmbach,< 10 km² Gewässer,Donau,Hauptgewässer,700922
,,700923,Rietzer Bach,< 10 km² Gewässer,Donau,Hauptgewässer,700923
,,700936,Blabach,< 10 km² Gewässer,Donau,Hauptgewässer,700936
,,700942,Kochentalbach,< 10 km² Gewässer,Donau,Hauptgewässer,700942
,,700957,Schwimmbach,< 10 km² Gewässer,Donau,Hauptgewässer,700957
,,700958,Schwimmbach,< 10 km² Gewässer,Donau,Hauptgewässer,700958
,,700959,Klammbach,< 10 km² Gewässer,Donau,Hauptgewässer,700959
,,700967,Hattinger Bach,< 10 km² Gewässer,Donau,Hauptgewässer,700967
,,700971,Schwimmbach,< 10 km² Gewässer,Donau,Hauptgewässer,700971
,,700973,Ethalbach,< 10 km² Gewässer,Donau,Hauptgewässer,700973
,,700982,Rettenbach,< 10 km² Gewässer,Donau,Hauptgewässer,700982
,,701039,Äusserer Anderstalbach,< 10 km² Gewässer,Donau,Hauptgewässer,701039
,,701054,Kranebitter-Klamm-Bach,< 10 km² Gewässer,Donau,Hauptgewässer,701054
,,701061,Osterbach,< 10 km² Gewässer,Donau,Hauptgewässer,701061
,,701062,Ruifachbach,< 10 km² Gewässer,Donau,Hauptgewässer,701062
,,701065,Marchbach,< 10 km² Gewässer,Donau,Hauptgewässer,701065
,,701066,Allerheiligenhofbach,< 10 km² Gewässer,Donau,Hauptgewässer,701066
,,701072,Fallbach,< 10 km² Gewässer,Donau,Hauptgewässer,701072
,,701077,Mühlauer Bach,< 10 km² Gewässer,Donau,Hauptgewässer,701077
,,701106,Maurachbach,< 10 km² Gewässer,Donau,Hauptgewässer,701106
,,701157,Dremelbach,< 10 km² Gewässer,Donau,Hauptgewässer,701157
,,701164,Regelerbach,< 10 km² Gewässer,Donau,Hauptgewässer,701164
,,701176,Schöfnerbach,< 10 km² Gewässer,Donau,Hauptgewässer,701176
,,701191,Patscher Bach,< 10 km² Gewässer,Donau,Hauptgewässer,701191
,,701229,Johannesbach,< 10 km² Gewässer,Donau,Hauptgewässer,701229
,,701232,Finstertalbach,< 10 km² Gewässer,Donau,Hauptgewässer,701232
,,701235,Bachertalbach,< 10 km² Gewässer,Donau,Hauptgewässer,701235
,,701240,k.A.,< 10 km² Gewässer,Donau,Hauptgewässer,701240
,,701241,Hacklbach,< 10 km² Gewässer,Donau,Hauptgewässer,701241
,,701248,Margaretenbach,< 10 km² Gewässer,Donau,Hauptgewässer,701248
,,701251,Gröbenbachl,< 10 km² Gewässer,Donau,Hauptgewässer,701251
,,701273,Natterer Bach,< 10 km² Gewässer,Donau,Hauptgewässer,701273
,,701275,Viller Bach,< 10 km² Gewässer,Donau,Hauptgewässer,701275
,,701327,Herztalbach,< 10 km² Gewässer,Donau,Hauptgewässer,701327
,,701330,Schullehrerbachl,< 10 km² Gewässer,Donau,Hauptgewässer,701330
,,701331,Sandige Tal,< 10 km² Gewässer,Donau,Hauptgewässer,701331
,,701332,Rumer Bach,< 10 km² Gewässer,Donau,Hauptgewässer,701332
,,701333,Langebach,< 10 km² Gewässer,Donau,Hauptgewässer,701333
,,701334,Thaurer Langenbach,< 10 km² Gewässer,Donau,Hauptgewässer,701334
,,701335,Leddinsrunse,< 10 km² Gewässer,Donau,Hauptgewässer,701335
,,701340,Rinner Bach,< 10 km² Gewässer,Donau,Hauptgewässer,701340
,,701341,Dorfbach,< 10 km² Gewässer,Donau,Hauptgewässer,701341
,,701344,Zimmertalbach,< 10 km² Gewässer,Donau,Hauptgewässer,701344
,,701365,Fallbach,< 10 km² Gewässer,Donau,Hauptgewässer,701365
,,701367,Bärenbach,< 10 km² Gewässer,Donau,Hauptgewässer,701367
,,701368,Urschenbach,< 10 km² Gewässer,Donau,Hauptgewässer,701368
,,701369,Griesbach,< 10 km² Gewässer,Donau,Hauptgewässer,701369
,,701370,Hasenbach,< 10 km² Gewässer,Donau,Hauptgewässer,701370
,,701388,Wattener Augiessen,< 10 km² Gewässer,Donau,Hauptgewässer,701388
,,701391,Dorfbach,< 10 km² Gewässer,Donau,Hauptgewässer,701391
,,701396,Hoferbach,< 10 km² Gewässer,Donau,Hauptgewässer,701396
,,701398,Ehrenbach,< 10 km² Gewässer,Donau,Hauptgewässer,701398
,,701402,Schloßbach,< 10 km² Gewässer,Donau,Hauptgewässer,701402
,,701407,Riedbach,< 10 km² Gewässer,Donau,Hauptgewässer,701407
,,701416,Ganglbach,< 10 km² Gewässer,Donau,Hauptgewässer,701416
,,701417,Ganglerbach,< 10 km² Gewässer,Donau,Hauptgewässer,701417
,,701449,Putzerbach,< 10 km² Gewässer,Donau,Hauptgewässer,701449
,,701450,Schlösstalbach,< 10 km² Gewässer,Donau,Hauptgewässer,701450
,,701454,Moosbach,< 10 km² Gewässer,Donau,Hauptgewässer,701454
,,701455,Kreuzbach,< 10 km² Gewässer,Donau,Hauptgewässer,701455
,,701485,Schlierbach,< 10 km² Gewässer,Donau,Hauptgewässer,701485
,,701488,Maurachbach,< 10 km² Gewässer,Donau,Hauptgewässer,701488
,,701490,Rettenbach,< 10 km² Gewässer,Donau,Hauptgewässer,701490
,,701504,Niederharter Giessen,< 10 km² Gewässer,Donau,Hauptgewässer,701504
,,701505,Hoppeterbach,< 10 km² Gewässer,Donau,Hauptgewässer,701505
,,701518,Fügener Moosbach,< 10 km² Gewässer,Donau,Hauptgewässer,701518
,,701523,Fügener Giessen,< 10 km² Gewässer,Donau,Hauptgewässer,701523
,,701524,Putztalbach,< 10 km² Gewässer,Donau,Hauptgewässer,701524
,,701527,Putztalbach,< 10 km² Gewässer,Donau,Hauptgewässer,701527
,,701528,Schinderbach,< 10 km² Gewässer,Donau,Hauptgewässer,701528
,,701529,Kreuzschmiedbach,< 10 km² Gewässer,Donau,Hauptgewässer,701529
,,701532,Abergbach,< 10 km² Gewässer,Donau,Hauptgewässer,701532
,2023-08-09,701535,Campingbach,< 10 km² Gewässer,Donau,Hauptgewässer,701535
,,701536,Gageringerbach,< 10 km² Gewässer,Donau,Hauptgewässer,701536
,,701608,Innerer Lahnbach,< 10 km² Gewässer,Donau,Hauptgewässer,701608
,,701609,Äußerer Lahnbach,< 10 km² Gewässer,Donau,Hauptgewässer,701609
,,701612,Zagglbach,< 10 km² Gewässer,Donau,Hauptgewässer,701612
,,701636,Sommerbergbach,< 10 km² Gewässer,Donau,Hauptgewässer,701636
,,701638,Hansenbach,< 10 km² Gewässer,Donau,Hauptgewässer,701638
,,701656,Sotleckenbach,< 10 km² Gewässer,Donau,Hauptgewässer,701656
,,701657,Mühlbach,< 10 km² Gewässer,Donau,Hauptgewässer,701657
,,701667,Eckartaubach,< 10 km² Gewässer,Donau,Hauptgewässer,701667
,,701669,Unterbichlbach,< 10 km² Gewässer,Donau,Hauptgewässer,701669
,,701675,Bruchbach,< 10 km² Gewässer,Donau,Hauptgewässer,701675
,,701677,Spielleitenbach,< 10 km² Gewässer,Donau,Hauptgewässer,701677
,,701678,Ramsbergbach,< 10 km² Gewässer,Donau,Hauptgewässer,701678
,,701683,Lehenbach,< 10 km² Gewässer,Donau,Hauptgewässer,701683
,,701689,Laimacher Bach,< 10 km² Gewässer,Donau,Hauptgewässer,701689
,,701697,Dunkelbach,< 10 km² Gewässer,Donau,Hauptgewässer,701697
,,701703,Stoffnerbach,< 10 km² Gewässer,Donau,Hauptgewässer,701703
,,701715,Oberhofbach,< 10 km² Gewässer,Donau,Hauptgewässer,701715
,,701736,Zaberbach,< 10 km² Gewässer,Donau,Hauptgewässer,701736
,,701765,Rohrerbach,< 10 km² Gewässer,Donau,Hauptgewässer,701765
,,701790,Aschauerbach,< 10 km² Gewässer,Donau,Hauptgewässer,701790
,,701800,Aufenfelder Bach,< 10 km² Gewässer,Donau,Hauptgewässer,701800
,,701805,Kospereingraben,< 10 km² Gewässer,Donau,Hauptgewässer,701805
,,701806,Ahrnbach,< 10 km² Gewässer,Donau,Hauptgewässer,701806
,,701815,Stummer Giessen (Pinzgerhaus Bach),< 10 km² Gewässer,Donau,Hauptgewässer,701815
,,701818,Grabenbach,< 10 km² Gewässer,Donau,Hauptgewässer,701818
,,701819,Grabenbach,< 10 km² Gewässer,Donau,Hauptgewässer,701819
,,701820,Gassenwiesenbach,< 10 km² Gewässer,Donau,Hauptgewässer,701820
,,701821,Kaltenbach,< 10 km² Gewässer,Donau,Hauptgewässer,701821
,,701844,Märzener Giessen,< 10 km² Gewässer,Donau,Hauptgewässer,701844
,,701845,Blaikbach,< 10 km² Gewässer,Donau,Hauptgewässer,701845
,,701846,Hauleitbach,< 10 km² Gewässer,Donau,Hauptgewässer,701846
,,701848,Lehmbach,< 10 km² Gewässer,Donau,Hauptgewässer,701848
,,701858,k.A.,< 10 km² Gewässer,Donau,Hauptgewässer,701858
,,701872,Haselbach,< 10 km² Gewässer,Donau,Hauptgewässer,701872
,,701876,Rischbach,< 10 km² Gewässer,Donau,Hauptgewässer,701876
,,701892,Höllensteingraben,< 10 km² Gewässer,Donau,Hauptgewässer,701892
,,701893,Grünsbach,< 10 km² Gewässer,Donau,Hauptgewässer,701893
,,701896,Fischhaltergraben,< 10 km² Gewässer,Donau,Hauptgewässer,701896
,,701934,Zimmermoosbach,< 10 km² Gewässer,Donau,Hauptgewässer,701934
,,701939,Riedbachl,< 10 km² Gewässer,Donau,Hauptgewässer,701939
,,701970,Dorfer Bach,< 10 km² Gewässer,Donau,Hauptgewässer,701970
,,701973,Heißentalerbach,< 10 km² Gewässer,Donau,Hauptgewässer,701973
,,701998,Kronenbach,< 10 km² Gewässer,Donau,Hauptgewässer,701998
,,702072,Firstbach,< 10 km² Gewässer,Donau,Hauptgewässer,702072
,,702074,Brünnlbach,< 10 km² Gewässer,Donau,Hauptgewässer,702074
,,702108,Tiefentaler Bach,< 10 km² Gewässer,Donau,Hauptgewässer,702108
,,702110,Thalmühlbach,< 10 km² Gewässer,Donau,Hauptgewässer,702110
,,702150,Zwecklergraben,< 10 km² Gewässer,Donau,Hauptgewässer,702150
,,702151,Loyabach,< 10 km² Gewässer,Donau,Hauptgewässer,702151
,,702154,Marchbach,< 10 km² Gewässer,Donau,Hauptgewässer,702154
,,702156,Pesendorfbachl,< 10 km² Gewässer,Donau,Hauptgewässer,702156
,,702171,Bahngraben,< 10 km² Gewässer,Donau,Hauptgewässer,702171
,,702173,Bergergraben,< 10 km² Gewässer,Donau,Hauptgewässer,702173
,,702174,Jodlbach,< 10 km² Gewässer,Donau,Hauptgewässer,702174
,,702185,Sautalgraben,< 10 km² Gewässer,Donau,Hauptgewässer,702185
,,702186,Moosner Graben,< 10 km² Gewässer,Donau,Hauptgewässer,702186
,,702194,Feichtengraben,< 10 km² Gewässer,Donau,Hauptgewässer,702194
,,702198,Holzhammerbach,< 10 km² Gewässer,Donau,Hauptgewässer,702198
,,702200,Zieplbach,< 10 km² Gewässer,Donau,Hauptgewässer,702200
,,702228,Tödterbach,< 10 km² Gewässer,Donau,Hauptgewässer,702228
,,702248,Schindergraben,< 10 km² Gewässer,Donau,Hauptgewässer,702248
,,702291,Leisacher Wiere,< 10 km² Gewässer,Donau,Nebengewässer,702291
,,702314,Dorfbach,< 10 km² Gewässer,Donau,Hauptgewässer,702314
,,702325,Moosebach,< 10 km² Gewässer,Donau,Hauptgewässer,702325
,,702330,Kehlbach,< 10 km² Gewässer,Donau,Hauptgewässer,702330
,,702335,Rechabach,< 10 km² Gewässer,Donau,Hauptgewässer,702335
,,702338,Feistenauerbach,< 10 km² Gewässer,Donau,Hauptgewässer,702338
,,702342,Spitalgraben,< 10 km² Gewässer,Donau,Hauptgewässer,702342
,,702344,Högergraben,< 10 km² Gewässer,Donau,Hauptgewässer,702344
,,702346,Messnergraben,< 10 km² Gewässer,Donau,Hauptgewässer,702346
,,702349,Thalhäuslgraben,< 10 km² Gewässer,Donau,Hauptgewässer,702349
,,702350,Schönbachgraben,< 10 km² Gewässer,Donau,Hauptgewässer,702350
,,702354,Bucherbach,< 10 km² Gewässer,Donau,Hauptgewässer,702354
,,702355,Zollhäuslbach,< 10 km² Gewässer,Donau,Hauptgewässer,702355
,,702357,Hachabach Ost,< 10 km² Gewässer,Donau,Hauptgewässer,702357
,,702363,Hachabach Mitte,< 10 km² Gewässer,Donau,Hauptgewässer,702363
,,702367,Riesberggraben,< 10 km² Gewässer,Donau,Hauptgewässer,702367
,,702376,Windbach,< 10 km² Gewässer,Donau,Hauptgewässer,702376
,,702377,Grünholzgraben,< 10 km² Gewässer,Donau,Hauptgewässer,702377
,,702378,Obingerbach,< 10 km² Gewässer,Donau,Hauptgewässer,702378
,,702381,Hauserbach,< 10 km² Gewässer,Donau,Hauptgewässer,702381
,,702391,Mayrhofgraben,< 10 km² Gewässer,Donau,Hauptgewässer,702391
,,702393,Fluckingerbach,< 10 km² Gewässer,Donau,Hauptgewässer,702393
,,702406,Bockingergraben,< 10 km² Gewässer,Donau,Hauptgewässer,702406
,,702412,Winschbach,< 10 km² Gewässer,Donau,Hauptgewässer,702412
,,702413,Lauterbach,< 10 km² Gewässer,Donau,Hauptgewässer,702413
,,702415,Badhausbach,< 10 km² Gewässer,Donau,Hauptgewässer,702415
,,702434,Schmiedbach,< 10 km² Gewässer,Donau,Hauptgewässer,702434
,,702436,Dampflbach,< 10 km² Gewässer,Donau,Hauptgewässer,702436
,,702453,Osterndorfer Bach,< 10 km² Gewässer,Donau,Hauptgewässer,702453
,,702454,Lexenbach,< 10 km² Gewässer,Donau,Hauptgewässer,702454
,,702459,Gießenbach,< 10 km² Gewässer,Donau,Hauptgewässer,702459
,,702460,Hagergraben,< 10 km² Gewässer,Donau,Hauptgewässer,702460
,,702462,Martltalbach,< 10 km² Gewässer,Donau,Hauptgewässer,702462
,,702463,Maurerbach,< 10 km² Gewässer,Donau,Hauptgewässer,702463
,,702464,Stöfflbach,< 10 km² Gewässer,Donau,Hauptgewässer,702464
,,702473,Wegscheidbach,< 10 km² Gewässer,Donau,Hauptgewässer,702473
,,702481,Granbach,< 10 km² Gewässer,Donau,Hauptgewässer,702481
,,702495,Feistengraben,< 10 km² Gewässer,Donau,Hauptgewässer,702495
,,702502,Hausbach,< 10 km² Gewässer,Donau,Hauptgewässer,702502
,,702503,Kollerbach,< 10 km² Gewässer,Donau,Hauptgewässer,702503
,,702506,Wasserfallgraben,< 10 km² Gewässer,Donau,Hauptgewässer,702506
,,702507,Bacherbach,< 10 km² Gewässer,Donau,Hauptgewässer,702507
,,702535,Niedingbach,< 10 km² Gewässer,Donau,Hauptgewässer,702535
,,702537,Aubach,< 10 km² Gewässer,Donau,Hauptgewässer,702537
,,702540,Wimmerbach,< 10 km² Gewässer,Donau,Hauptgewässer,702540
,,702542,Benzlbach,< 10 km² Gewässer,Donau,Hauptgewässer,702542
,,702544,Biedring Bach,< 10 km² Gewässer,Donau,Hauptgewässer,702544
,,702560,Tiefenbach,< 10 km² Gewässer,Donau,Hauptgewässer,702560
,,702562,Talbach,< 10 km² Gewässer,Donau,Hauptgewässer,702562
,,702565,Gronesbach,< 10 km² Gewässer,Donau,Hauptgewässer,702565
,,702573,Thierseebach,< 10 km² Gewässer,Donau,Hauptgewässer,702573
,,702574,Mitterlandbach,< 10 km² Gewässer,Donau,Hauptgewässer,702574
,,702576,Charlottengraben,< 10 km² Gewässer,Donau,Hauptgewässer,702576
,,702627,Lastbach,< 10 km² Gewässer,Donau,Hauptgewässer,702627
,,702629,Attenmoosbach,< 10 km² Gewässer,Donau,Hauptgewässer,702629
,,702634,Bretterwandbach,< 10 km² Gewässer,Donau,Hauptgewässer,702634
,,702675,Hüttfasserbach,< 10 km² Gewässer,Donau,Hauptgewässer,702675
,,702685,Fischbach,< 10 km² Gewässer,Donau,Hauptgewässer,702685
,,702696,Marschbach,< 10 km² Gewässer,Donau,Hauptgewässer,702696
,,702706,Erzbach,< 10 km² Gewässer,Donau,Hauptgewässer,702706
,,702707,Kasbach,< 10 km² Gewässer,Donau,Hauptgewässer,702707
,,702708,Josefstalbach,< 10 km² Gewässer,Donau,Hauptgewässer,702708
,,702711,Niederhauserbach,< 10 km² Gewässer,Donau,Hauptgewässer,702711
,,702712,Niederhauserbach,< 10 km² Gewässer,Donau,Hauptgewässer,702712
,,702718,Staffenbach,< 10 km² Gewässer,Donau,Hauptgewässer,702718
,,702736,Vorderreithbach,< 10 km² Gewässer,Donau,Hauptgewässer,702736
,,702739,Nockbach,< 10 km² Gewässer,Donau,Hauptgewässer,702739
,,702741,Hausleitgraben,< 10 km² Gewässer,Donau,Hauptgewässer,702741
,,702755,Schlichterbach,< 10 km² Gewässer,Donau,Hauptgewässer,702755
,,702756,Bärenbichlbach,< 10 km² Gewässer,Donau,Hauptgewässer,702756
,,702762,Wieseneggbach,< 10 km² Gewässer,Donau,Hauptgewässer,702762
,,702776,Einathgraben,< 10 km² Gewässer,Donau,Hauptgewässer,702776
,,702781,Hoferbach,< 10 km² Gewässer,Donau,Hauptgewässer,702781
,,702791,Bergingergraben,< 10 km² Gewässer,Donau,Hauptgewässer,702791
,,702794,Aschbach,< 10 km² Gewässer,Donau,Hauptgewässer,702794
,,702799,Leitnerbach,< 10 km² Gewässer,Donau,Hauptgewässer,702799
,,702801,Langaubach,< 10 km² Gewässer,Donau,Hauptgewässer,702801
,,702802,Winklerbach,< 10 km² Gewässer,Donau,Hauptgewässer,702802
,,702804,Köglerbach,< 10 km² Gewässer,Donau,Hauptgewässer,702804
,,702810,Ehrenbach,< 10 km² Gewässer,Donau,Hauptgewässer,702810
,,702811,Erzbach,< 10 km² Gewässer,Donau,Hauptgewässer,702811
,,702813,Aschbach,< 10 km² Gewässer,Donau,Hauptgewässer,702813
,,702817,Gänsbach,< 10 km² Gewässer,Donau,Hauptgewässer,702817
,,702822,Pfarraubach,< 10 km² Gewässer,Donau,Hauptgewässer,702822
,,702823,Steinbach,< 10 km² Gewässer,Donau,Hauptgewässer,702823
,,702825,Ölbergbach,< 10 km² Gewässer,Donau,Hauptgewässer,702825
,,702836,Walsenbach,< 10 km² Gewässer,Donau,Hauptgewässer,702836
,,702838,Firschnitzbach,< 10 km² Gewässer,Donau,Hauptgewässer,702838
,,702844,Schöberlbach,< 10 km² Gewässer,Donau,Hauptgewässer,702844
,,702858,Watschenbach,< 10 km² Gewässer,Donau,Hauptgewässer,702858
,,702861,Wittbergbach,< 10 km² Gewässer,Donau,Hauptgewässer,702861
,,702887,Rettenbach,< 10 km² Gewässer,Donau,Hauptgewässer,702887
,,702901,Sautalgraben,< 10 km² Gewässer,Donau,Hauptgewässer,702901
,,702904,Taxabach,< 10 km² Gewässer,Donau,Hauptgewässer,702904
,,702908,Stallwiesbach,< 10 km² Gewässer,Donau,Hauptgewässer,702908
,,702914,Kirchangerbach,< 10 km² Gewässer,Donau,Hauptgewässer,702914
,,702916,Sonnbergbach,< 10 km² Gewässer,Donau,Hauptgewässer,702916
,,702918,Hagleitbach,< 10 km² Gewässer,Donau,Hauptgewässer,702918
,,702920,Brandseitenbach,< 10 km² Gewässer,Donau,Hauptgewässer,702920
,,702933,Schnitzerbach,< 10 km² Gewässer,Donau,Hauptgewässer,702933
,,702938,Eggerbach,< 10 km² Gewässer,Donau,Hauptgewässer,702938
,,702943,Neuhausbach,< 10 km² Gewässer,Donau,Hauptgewässer,702943
,,702945,Zimmeraubach,< 10 km² Gewässer,Donau,Hauptgewässer,702945
,,702951,Riedfeldbach,< 10 km² Gewässer,Donau,Hauptgewässer,702951
,,702980,Rettenbach,< 10 km² Gewässer,Donau,Hauptgewässer,702980
,,702981,Usterkarbach,< 10 km² Gewässer,Donau,Hauptgewässer,702981
,,703007,Rossbergbach,< 10 km² Gewässer,Donau,Hauptgewässer,703007
,,703027,Krotenbach,< 10 km² Gewässer,Donau,Hauptgewässer,703027
,,703030,Baderbach,< 10 km² Gewässer,Donau,Hauptgewässer,703030
,,703043,Moosbach,< 10 km² Gewässer,Donau,Hauptgewässer,703043
,,703049,Brentbach,< 10 km² Gewässer,Donau,Hauptgewässer,703049
,,703051,Kirchgraben,< 10 km² Gewässer,Donau,Hauptgewässer,703051
,,703052,Schartgraben,< 10 km² Gewässer,Donau,Hauptgewässer,703052
,,703074,Hafenberggraben,< 10 km² Gewässer,Donau,Hauptgewässer,703074
,,703081,Schradlbach,< 10 km² Gewässer,Donau,Hauptgewässer,703081
,,703112,Eifersbach,< 10 km² Gewässer,Donau,Hauptgewässer,703112
,,703118,Wendbach,< 10 km² Gewässer,Donau,Hauptgewässer,703118
,,703128,Luigambach,< 10 km² Gewässer,Donau,Hauptgewässer,703128
,,703141,Habach,< 10 km² Gewässer,Donau,Hauptgewässer,703141
,,703147,Dorfbach,< 10 km² Gewässer,Donau,Hauptgewässer,703147
,,703154,Steingassergraben,< 10 km² Gewässer,Donau,Hauptgewässer,703154
,,703156,Grünwaldgraben,< 10 km² Gewässer,Donau,Hauptgewässer,703156
,,703164,Hienbach,< 10 km² Gewässer,Donau,Hauptgewässer,703164
,,703185,Brunnbach,< 10 km² Gewässer,Donau,Hauptgewässer,703185
,,703187,Kalkbach,< 10 km² Gewässer,Donau,Hauptgewässer,703187
,,703195,Weißbach,< 10 km² Gewässer,Donau,Hauptgewässer,703195
,,703221,Lasbach,< 10 km² Gewässer,Donau,Hauptgewässer,703221
,,703291,Valriebach,< 10 km² Gewässer,Donau,Hauptgewässer,703291
,,703324,Steissbach,< 10 km² Gewässer,Donau,Hauptgewässer,703324
,,703327,Grünbach,< 10 km² Gewässer,Donau,Hauptgewässer,703327
,,703333,Schöngrabenbach,< 10 km² Gewässer,Donau,Hauptgewässer,703333
,,703345,Zeinsbach,< 10 km² Gewässer,Donau,Hauptgewässer,703345
,,703350,Gridlontobel,< 10 km² Gewässer,Donau,Hauptgewässer,703350
,,703358,Schnannerbach,< 10 km² Gewässer,Donau,Hauptgewässer,703358
,,703361,Köterbach,< 10 km² Gewässer,Donau,Hauptgewässer,703361
,,703371,Rammelbach,< 10 km² Gewässer,Donau,Hauptgewässer,703371
,,703380,Dawinbach,< 10 km² Gewässer,Donau,Hauptgewässer,703380
,,703427,Sessladbach,< 10 km² Gewässer,Donau,Hauptgewässer,703427
,,703432,Bilder Bach,< 10 km² Gewässer,Donau,Hauptgewässer,703432
,,703467,Schallerbach,< 10 km² Gewässer,Donau,Hauptgewässer,703467
,,703479,Lattenbach,< 10 km² Gewässer,Donau,Hauptgewässer,703479
,,703482,Pachtlbach,< 10 km² Gewässer,Donau,Hauptgewässer,703482
,,703483,Perjen Runsen,< 10 km² Gewässer,Donau,Hauptgewässer,703483
,,703484,Schlossbach,< 10 km² Gewässer,Donau,Hauptgewässer,703484
,,703511,Kogelbach,< 10 km² Gewässer,Donau,Hauptgewässer,703511
,,703538,Lehnbach,< 10 km² Gewässer,Donau,Hauptgewässer,703538
,,703539,Palmebach,< 10 km² Gewässer,Donau,Hauptgewässer,703539
,,703547,Talgraben,< 10 km² Gewässer,Donau,Hauptgewässer,703547
,,703572,Ronachbach,< 10 km² Gewässer,Donau,Hauptgewässer,703572
,,703586,Grünbach,< 10 km² Gewässer,Donau,Hauptgewässer,703586
,,703600,Wassertalbach,< 10 km² Gewässer,Donau,Hauptgewässer,703600
,,703632,Leonhardsbach,< 10 km² Gewässer,Donau,Hauptgewässer,703632
,,703689,Rauhlehnbach,< 10 km² Gewässer,Donau,Hauptgewässer,703689
,,703691,Haimbach,< 10 km² Gewässer,Donau,Hauptgewässer,703691
,,703721,Hauerbach,< 10 km² Gewässer,Donau,Hauptgewässer,703721
,,703741,Rainbach,< 10 km² Gewässer,Donau,Hauptgewässer,703741
,,703744,Umgehungsgerinne,< 10 km² Gewässer,Donau,Hauptgewässer,703744
,,703754,Schreiebach,< 10 km² Gewässer,Donau,Hauptgewässer,703754
,,703757,Holderbach,< 10 km² Gewässer,Donau,Hauptgewässer,703757
,,703771,Sautnermure,< 10 km² Gewässer,Donau,Hauptgewässer,703771
,,703875,Feistritzbach,< 10 km² Gewässer,Donau,Hauptgewässer,703875
,,703889,Gsaritzerbach,< 10 km² Gewässer,Donau,Hauptgewässer,703889
,,703913,Gotschattertal,< 10 km² Gewässer,Donau,Hauptgewässer,703913
,,703914,Hopfgartner Grabenbach,< 10 km² Gewässer,Donau,Hauptgewässer,703914
,,704027,Schlaitenbach,< 10 km² Gewässer,Donau,Hauptgewässer,704027
,,704029,Schlaitenbach,< 10 km² Gewässer,Donau,Hauptgewässer,704029
,,704035,Mullitzbach,< 10 km² Gewässer,Donau,Hauptgewässer,704035
,,704057,Grafenbach,< 10 km² Gewässer,Donau,Hauptgewässer,704057
,,704064,Wartschenbach,< 10 km² Gewässer,Donau,Hauptgewässer,704064
,,704069,Dorfbach,< 10 km² Gewässer,Donau,Hauptgewässer,704069
,,704070,Ploiertal,< 10 km² Gewässer,Donau,Hauptgewässer,704070
,,704073,Zwieslingbach,< 10 km² Gewässer,Donau,Hauptgewässer,704073
,,704093,Trenkerbach,< 10 km² Gewässer,Donau,Hauptgewässer,704093
,,704094,Dölsacher Bach,< 10 km² Gewässer,Donau,Hauptgewässer,704094
,,704118,Zappernitzbach,< 10 km² Gewässer,Donau,Hauptgewässer,704118
,,704123,Gantschenbach,< 10 km² Gewässer,Donau,Hauptgewässer,704123
,,704130,Staudenbach,< 10 km² Gewässer,Donau,Hauptgewässer,704130
,,704145,Logbach,< 10 km² Gewässer,Donau,Hauptgewässer,704145
,,704165,Steinabach,< 10 km² Gewässer,Donau,Hauptgewässer,704165
,,704168,Stuibenbach,< 10 km² Gewässer,Donau,Hauptgewässer,704168
,,704779,Gratzbach,< 10 km² Gewässer,Donau,Hauptgewässer,704779
,,705188,Schullertalbach,< 10 km² Gewässer,Donau,Hauptgewässer,705188
,,705204,Schragerbach,10 km² Gewässer,Donau,Hauptgewässer,705204
2023-08-10,,705287,Langes-Tal-Bach,10 km² Gewässer,Donau,Hauptgewässer,705287
,,705477,Schwöllerbach,< 10 km² Gewässer,Donau,Hauptgewässer,705477
2023-08-10,,705594,Söllbach,< 10 km² Gewässer,Donau,Hauptgewässer,705594
,,705726,Schmaleggbach,< 10 km² Gewässer,Donau,Hauptgewässer,705726
,,705840,Schrahnbach,< 10 km² Gewässer,Donau,Hauptgewässer,705840
,,706274,Laserzbach,10 km² Gewässer,Donau,Hauptgewässer,706274
,,706427,Thierseebach,< 10 km² Gewässer,Donau,Hauptgewässer,706427
,,706951,Höllentalbach,< 10 km² Gewässer,Donau,Hauptgewässer,706951
,,708005,Graues Bachle,< 10 km² Gewässer,Donau,Hauptgewässer,708005
,,708006,Murbach,< 10 km² Gewässer,Donau,Hauptgewässer,708006
,,708035,Loasbach,10 km² Gewässer,Donau,Hauptgewässer,708035
,,708056,Feistengraben,< 10 km² Gewässer,Donau,Hauptgewässer,708056
,,708170,Brantltalgraben,< 10 km² Gewässer,Donau,Hauptgewässer,708170
,,708172,Liedlgraben,10 km² Gewässer,Donau,Hauptgewässer,708172
,,708173,Dunkelbach,10 km² Gewässer,Donau,Hauptgewässer,708173
,,708184,Schrahbach,< 10 km² Gewässer,Donau,Hauptgewässer,708184
,,708231,Lutterbach,< 10 km² Gewässer,Donau,Hauptgewässer,708231
,,708266,Steinerbach,10 km² Gewässer,Donau,Hauptgewässer,708266
,,708274,Äusserer (Spertendorfer) Wehrgraben,< 10 km² Gewässer,Donau,Hauptgewässer,708274
,,708275,Tristalgraben,< 10 km² Gewässer,Donau,Hauptgewässer,708275
,,708284,Mitterbach,< 10 km² Gewässer,Donau,Hauptgewässer,708284
,,708310,Fendlermure_OL,10 km² Gewässer,Donau,Hauptgewässer,708310
,,708314,Roterschrofenbach,10 km² Gewässer,Donau,Hauptgewässer,708314
,,708386,Sistranser Bach,10 km² Gewässer,Donau,Hauptgewässer,708386
,,708388,Nafingbach,10 km² Gewässer,Donau,Hauptgewässer,708388
,,708390,Griesbach,10 km² Gewässer,Donau,Hauptgewässer,708390
,,708393,Tuffbach,< 10 km² Gewässer,Donau,Hauptgewässer,708393
,,708394,Lehrbergbach,< 10 km² Gewässer,Donau,Hauptgewässer,708394
,2023-08-09,708402,Stallenbach,10 km² Gewässer,Donau,Hauptgewässer,708402
,,708403,Leitnerbach,10 km² Gewässer,Donau,Hauptgewässer,708403
,,708404,Klammbach,10 km² Gewässer,Donau,Hauptgewässer,708404
,,708443,Eggerbachl,< 10 km² Gewässer,Donau,Hauptgewässer,708443
,,708459,Fallerbach,< 10 km² Gewässer,Donau,Hauptgewässer,708459
2023-08-10,,708476,Schwendauer Giessen,< 10 km² Gewässer,Donau,Hauptgewässer,708476
2023-08-10,,708611,Widdersberg,10 km² Gewässer,Donau,Hauptgewässer,708611
2023-08-10,,708706,Gwannalmbach,10 km² Gewässer,Donau,Hauptgewässer,708706
2023-08-10,,708707,Luamtalbach,10 km² Gewässer,Donau,Hauptgewässer,708707
2023-08-10,,708744,Lehnbach,< 10 km² Gewässer,Donau,Hauptgewässer,708744
2023-08-10,,708766,Nasse Tux Bach (Zubr. 6) (Torbach),< 10 km² Gewässer,Donau,Hauptgewässer,708766
2023-08-10,,708804,Kotahornbach,< 10 km² Gewässer,Donau,Hauptgewässer,708804
2023-08-10,,708926,Campingbach,< 10 km² Gewässer,Donau,Hauptgewässer,708926
2023-08-10,,708938,Delpsbach,10 km² Gewässer,Donau,Hauptgewässer,708938
2023-08-10,,708945,Schleicherbach Zubringer,10 km² Gewässer,Donau,Hauptgewässer,708945
,,800073,Ziegelgraben,< 10 km² Gewässer,Rhein,Hauptgewässer,800073
,,800074,Rebenwegbach,< 10 km² Gewässer,Rhein,Hauptgewässer,800074
2023-08-10,,801030,Lanzenbach,10 km² Gewässer,Rhein,Hauptgewässer,801030
2023-08-10,,801031,Lanzenbach,10 km² Gewässer,Rhein,Hauptgewässer,801031
,,802441,Pfudidetschbach,< 10 km² Gewässer,Rhein,Hauptgewässer,802441
,,802446,"Mühlebach, Kamizanbächle",< 10 km² Gewässer,Rhein,Hauptgewässer,802446
,,802451,"Wiesenbach [Vermülsbach], Brugasbach, Riedgraben",< 10 km² Gewässer,Rhein,Hauptgewässer,802451
,,802454,"Sägabach, Fallersbach",< 10 km² Gewässer,Rhein,Hauptgewässer,802454
,,803502,Kluserbach,< 10 km² Gewässer,Rhein,Hauptgewässer,803502
,,804140,Oberlochauerbach,< 10 km² Gewässer,Rhein,Hauptgewässer,804140
,,804673,Mühlbach Hörbranz,< 10 km² Gewässer,Rhein,Nebengewässer,804673
,,804687,Subersach,100 km² Gewässer,Rhein,Hauptgewässer,804687
,,804689,Schmittenbach (Schmiedebach),10 km² Gewässer,Rhein,Hauptgewässer,804689
,,804690,"Pfisterbach, Höllgraben, Moosergraben",10 km² Gewässer,Rhein,Hauptgewässer,804690
,,804691,Losenbach,10 km² Gewässer,Rhein,Hauptgewässer,804691
,,804692,Grebenbach,10 km² Gewässer,Rhein,Hauptgewässer,804692
,,804693,Bizauerbach,10 km² Gewässer,Rhein,Hauptgewässer,804693
,,804694,Mellenbach,10 km² Gewässer,Rhein,Hauptgewässer,804694
,,804695,"Argenbach, Krumbach",10 km² Gewässer,Rhein,Hauptgewässer,804695
,,804696,Dürrenbach,10 km² Gewässer,Rhein,Hauptgewässer,804696
,,804697,Lauterachbach (Lauterach),10 km² Gewässer,Rhein,Hauptgewässer,804697
,,804698,"Hardergraben, Dielengraben, Dillengraben, Torfanggraben",10 km² Gewässer,Rhein,Hauptgewässer,804698
,,804699,"Dornbirnerach, Ebniterach/Dornbirnerach",100 km² Gewässer,Rhein,Hauptgewässer,804699
,,804701,"Rheintalbinnenkanal, Aukanal, Koblacher Kanal",10 km² Gewässer,Rhein,Hauptgewässer,804701
,,804702,"Gießenbach, Güllbach (Gillbach)",10 km² Gewässer,Rhein,Hauptgewässer,804702
,,804703,Emmebach,10 km² Gewässer,Rhein,Hauptgewässer,804703
,,804704,"Schwarzach, Schwarzenbach",10 km² Gewässer,Rhein,Hauptgewässer,804704
,,804705,"Fußenauer Kanal, Fischbach",10 km² Gewässer,Rhein,Hauptgewässer,804705
,,804706,Gunzenach/Kobelach,10 km² Gewässer,Rhein,Hauptgewässer,804706
,,804708,"Ehbach, Mühletobel, Nafla, Tufnerbach",10 km² Gewässer,Rhein,Hauptgewässer,804708
,,804709,Frutz,100 km² Gewässer,Rhein,Hauptgewässer,804709
,,804710,Klausbach,10 km² Gewässer,Rhein,Hauptgewässer,804710
,,804711,Frödisch,10 km² Gewässer,Rhein,Hauptgewässer,804711
,,804713,Sägenbach,10 km² Gewässer,Rhein,Hauptgewässer,804713
,,804714,"Kirchenbach, Inderholzbach, Parnulbächle, Walsbächle",10 km² Gewässer,Rhein,Hauptgewässer,804714
,,804715,Gießenbach,10 km² Gewässer,Rhein,Nebengewässer,804715
,,804716,"Vermülsbach, Montanastbach",10 km² Gewässer,Rhein,Hauptgewässer,804716
,,804717,Galina,10 km² Gewässer,Rhein,Hauptgewässer,804717
,,804718,Dabaladabach,10 km² Gewässer,Rhein,Nebengewässer,804718
,,804719,Schwarzbach (Montiolabach),10 km² Gewässer,Rhein,Hauptgewässer,804719
,,804720,Meng,10 km² Gewässer,Rhein,Hauptgewässer,804720
,,804721,"Lutz, Lägerzunbach",100 km² Gewässer,Rhein,Hauptgewässer,804721
,,804722,"Marulbach, Laguzbach",10 km² Gewässer,Rhein,Hauptgewässer,804722
,,804723,Ladritschbach,10 km² Gewässer,Rhein,Hauptgewässer,804723
,,804724,"Huttlabach, Klesenzabach (Hutlabach)",10 km² Gewässer,Rhein,Hauptgewässer,804724
,,804725,Rotenbrunnenbach,10 km² Gewässer,Rhein,Hauptgewässer,804725
,,804726,Schesa,10 km² Gewässer,Rhein,Hauptgewässer,804726
,,804727,"Alvier, Seebach",10 km² Gewässer,Rhein,Hauptgewässer,804727
,,804728,Palüdbach,10 km² Gewässer,Rhein,Hauptgewässer,804728
,,804729,"Alfenz, Rauzbach",100 km² Gewässer,Rhein,Hauptgewässer,804729
,,804730,"Spreubach, Alpbach",10 km² Gewässer,Rhein,Hauptgewässer,804730
,,804731,Nenzigastbach,10 km² Gewässer,Rhein,Hauptgewässer,804731
,,804732,"Rellsbach, Zaluandabach",10 km² Gewässer,Rhein,Hauptgewässer,804732
,,804733,Litz,100 km² Gewässer,Rhein,Hauptgewässer,804733
,,804734,Portschabach (Wasserstubenbach),10 km² Gewässer,Rhein,Hauptgewässer,804734
,,804735,Gaflunabach,10 km² Gewässer,Rhein,Hauptgewässer,804735
,,804736,"Rasafeibach, Tramosabach",10 km² Gewässer,Rhein,Hauptgewässer,804736
,,804737,"Gampadelsbach, Tilisunabach",10 km² Gewässer,Rhein,Hauptgewässer,804737
,,804738,Suggadinbach,10 km² Gewässer,Rhein,Hauptgewässer,804738
,,804739,Vergaldabach,10 km² Gewässer,Rhein,Hauptgewässer,804739
,,804740,Valzifenzbach,10 km² Gewässer,Rhein,Hauptgewässer,804740
,,804741,Vermielbach,10 km² Gewässer,Rhein,Hauptgewässer,804741
,,804742,Valschavielbach,10 km² Gewässer,Rhein,Hauptgewässer,804742
,,804743,Garnerabach,10 km² Gewässer,Rhein,Hauptgewässer,804743
,,804744,Verbellabach,10 km² Gewässer,Rhein,Hauptgewässer,804744
,,804745,Klostertalerbach,10 km² Gewässer,Rhein,Hauptgewässer,804745
,,804747,Liechtensteiner Binnenkanal (Oberaukanal),10 km² Gewässer,Rhein,Hauptgewässer,804747
,,804752,Zürsbach,10 km² Gewässer,Donau,Hauptgewässer,804752
,,804755,Schwarzwasserbach,10 km² Gewässer,Donau,Hauptgewässer,804755
,,804756,Gemstelbach,10 km² Gewässer,Donau,Hauptgewässer,804756
,,804757,Ruggbach,< 10 km² Gewässer,Rhein,Hauptgewässer,804757
,,804758,Hoferbach,< 10 km² Gewässer,Rhein,Hauptgewässer,804758
,,804759,Dorfbach (Dorfbach Lochau),< 10 km² Gewässer,Rhein,Hauptgewässer,804759
,,804760,Kugelbeerbach,< 10 km² Gewässer,Rhein,Hauptgewässer,804760
,,804761,Klausmühlebach,< 10 km² Gewässer,Rhein,Hauptgewässer,804761
,,804762,Schanzgraben,< 10 km² Gewässer,Rhein,Hauptgewässer,804762
,,804763,Tannenbach,< 10 km² Gewässer,Rhein,Hauptgewässer,804763
,,804764,Krummenackergraben,< 10 km² Gewässer,Rhein,Hauptgewässer,804764
,,804765,Thalbach,< 10 km² Gewässer,Rhein,Hauptgewässer,804765
,,804766,Werkskanal,< 10 km² Gewässer,Rhein,Nebengewässer,804766
,,804767,St. Wendelinsbach,< 10 km² Gewässer,Rhein,Hauptgewässer,804767
,,804768,Schreckerbach (Bündetelebach),< 10 km² Gewässer,Rhein,Hauptgewässer,804768
,,804769,"Fischbach, Sutobelbach",< 10 km² Gewässer,Rhein,Hauptgewässer,804769
,,804770,Rehmerbach,< 10 km² Gewässer,Rhein,Hauptgewässer,804770
,,804771,Wiederbach,< 10 km² Gewässer,Rhein,Hauptgewässer,804771
,,804772,"Schranne, Schrannenbach",< 10 km² Gewässer,Rhein,Hauptgewässer,804772
,,804773,"Reutebach, Sägebach, Schleifenbach",< 10 km² Gewässer,Rhein,Hauptgewässer,804773
,,804774,Krottenbach,< 10 km² Gewässer,Rhein,Hauptgewässer,804774
,,804775,Schrecksbach,< 10 km² Gewässer,Rhein,Hauptgewässer,804775
,,804776,"Huberbach, Blankergraben, Knobelbächle, Schwefelbächle",< 10 km² Gewässer,Rhein,Hauptgewässer,804776
,,804777,Lindenbach,< 10 km² Gewässer,Rhein,Hauptgewässer,804777
,,804778,Dorfbach (Dorfbach Bezau),< 10 km² Gewässer,Rhein,Hauptgewässer,804778
,,804779,Hauatbach,< 10 km² Gewässer,Rhein,Hauptgewässer,804779
,,804780,Dürrenbach,< 10 km² Gewässer,Rhein,Hauptgewässer,804780
,,804781,Höllbach,< 10 km² Gewässer,Rhein,Hauptgewässer,804781
,,804783,Fallbach,< 10 km² Gewässer,Rhein,Hauptgewässer,804783
,,804784,Küferbach,< 10 km² Gewässer,Rhein,Hauptgewässer,804784
,,804785,Emsbach,< 10 km² Gewässer,Rhein,Hauptgewässer,804785
,,804786,Salzbach,< 10 km² Gewässer,Rhein,Hauptgewässer,804786
,,804787,"Hohenemserach, Bützenbach",< 10 km² Gewässer,Rhein,Hauptgewässer,804787
,,804788,Krebsgraben,< 10 km² Gewässer,Rhein,Hauptgewässer,804788
,,804789,Pelzreutebach,< 10 km² Gewässer,Rhein,Hauptgewässer,804789
,,804790,Mühlbach (Mühlgraben Koblach),< 10 km² Gewässer,Rhein,Hauptgewässer,804790
,,804791,"Dorfbach, Rotachgraben (Dorfbach Hard)",< 10 km² Gewässer,Rhein,Hauptgewässer,804791
,,804792,"Landgraben,Ippachbach (Landgraben Wolfurt)",< 10 km² Gewässer,Rhein,Hauptgewässer,804792
,,804793,Rickenbach (Rickenbach Wolfurt),< 10 km² Gewässer,Rhein,Hauptgewässer,804793
,,804794,Mühlebach,< 10 km² Gewässer,Rhein,Hauptgewässer,804794
,,804795,Hoferbach,< 10 km² Gewässer,Rhein,Hauptgewässer,804795
,,804796,Haselstauderbach,< 10 km² Gewässer,Rhein,Hauptgewässer,804796
,,804797,Kehlenbach,< 10 km² Gewässer,Rhein,Hauptgewässer,804797
,,804798,Gehrengrabenbach,< 10 km² Gewässer,Rhein,Hauptgewässer,804798
,,804799,Eulenbach,< 10 km² Gewässer,Rhein,Hauptgewässer,804799
,,804800,Gechelbach,< 10 km² Gewässer,Rhein,Hauptgewässer,804800
,,804801,Ratzbach,< 10 km² Gewässer,Rhein,Hauptgewässer,804801
,,804802,Dorfbach (Dorfbach Fraxern),< 10 km² Gewässer,Rhein,Hauptgewässer,804802
,,804803,Sägetobel (Sägetobelbach),< 10 km² Gewässer,Rhein,Hauptgewässer,804803
,,804804,"Baumgartengraben, Alte Dornbirnerach",< 10 km² Gewässer,Rhein,Hauptgewässer,804804
,,804805,Alter Lustenauer Kanal,< 10 km² Gewässer,Rhein,Hauptgewässer,804805
,,804806,"Großwiesengraben/Lochseegraben, Gießengraben",< 10 km² Gewässer,Rhein,Hauptgewässer,804806
,,804807,"Pumpwerk, Pöschengraben",< 10 km² Gewässer,Rhein,Hauptgewässer,804807
,,804808,Wiesengraben,< 10 km² Gewässer,Rhein,Hauptgewässer,804808
,,804809,Frastanzer Gießenbach,< 10 km² Gewässer,Rhein,Hauptgewässer,804809
,,804810,"Mühlbach, Gauabach (Mühlbach Ludesch)",< 10 km² Gewässer,Rhein,Hauptgewässer,804810
,,804811,"Sägebach, Zuleitung Sägebach",< 10 km² Gewässer,Rhein,Hauptgewässer,804811
,,804812,Waldrasttobel (Waldrasttobelbach),< 10 km² Gewässer,Rhein,Hauptgewässer,804812
,,804813,Galgentobel (Galgentobelbach),< 10 km² Gewässer,Rhein,Hauptgewässer,804813
,,804814,Mühlebach,< 10 km² Gewässer,Rhein,Hauptgewässer,804814
,,804815,"Spannerbach, Äußeres Grubsertobel (Grubsertobelbach)",< 10 km² Gewässer,Rhein,Hauptgewässer,804815
,,804816,Almeintobel (Almeintobelbach),< 10 km² Gewässer,Rhein,Hauptgewässer,804816
,,804817,Mühletobel,< 10 km² Gewässer,Rhein,Hauptgewässer,804817
,,804818,Winkeltobel (Winklertobelbach),< 10 km² Gewässer,Rhein,Hauptgewässer,804818
,,804819,Masonbach,< 10 km² Gewässer,Rhein,Hauptgewässer,804819
,,804820,Schanatobelbach,< 10 km² Gewässer,Rhein,Hauptgewässer,804820
,,804821,Muttentobelbach,< 10 km² Gewässer,Rhein,Hauptgewässer,804821
,,804822,Annatobel (Annatobelbach),< 10 km² Gewässer,Rhein,Hauptgewässer,804822
,,804823,Stelzistobel (Stelzistobelbach),< 10 km² Gewässer,Rhein,Hauptgewässer,804823
,,804824,Glongtobel (Glongbach),< 10 km² Gewässer,Rhein,Hauptgewässer,804824
,,804825,Wäldletobelbach,< 10 km² Gewässer,Rhein,Hauptgewässer,804825
,,804826,Großtobelbach,< 10 km² Gewässer,Rhein,Hauptgewässer,804826
,,804827,Albonabach,< 10 km² Gewässer,Rhein,Hauptgewässer,804827
,,804828,Stubenbach (Flexenbach),< 10 km² Gewässer,Rhein,Hauptgewässer,804828
,,804829,Tränenbach (Gipsbach),< 10 km² Gewässer,Rhein,Hauptgewässer,804829
,,804830,Gravestobel (Graveserbach),< 10 km² Gewässer,Rhein,Hauptgewässer,804830
,,804831,Marentestobel (Marentestobelbach),< 10 km² Gewässer,Rhein,Hauptgewässer,804831
,,804832,Galarschtobel (Galarschtobelbach),< 10 km² Gewässer,Rhein,Hauptgewässer,804832
,,804833,Gluandigraben,< 10 km² Gewässer,Rhein,Hauptgewässer,804833
,,804835,Fritzenbach,< 10 km² Gewässer,Rhein,Hauptgewässer,804835
,,804836,Aualatschbach,< 10 km² Gewässer,Rhein,Hauptgewässer,804836
,,804837,"Innerer Lavadielbach, Mühlbach",< 10 km² Gewässer,Rhein,Hauptgewässer,804837
,,804838,Grassatobel,< 10 km² Gewässer,Rhein,Hauptgewässer,804838
,,804839,Tramosabach,< 10 km² Gewässer,Rhein,Hauptgewässer,804839
,,804840,Mäßtobel (Mäßatobel),< 10 km² Gewässer,Rhein,Hauptgewässer,804840
,,804841,Rappatobel,< 10 km² Gewässer,Rhein,Hauptgewässer,804841
,,804842,Fleischatobel (Fleischentobel),< 10 km² Gewässer,Rhein,Hauptgewässer,804842
,,804843,"Hüttnertobel, Rasatschtobel",< 10 km² Gewässer,Rhein,Hauptgewässer,804843
,,804844,Unterer Gramprätzer Mühlbach,< 10 km² Gewässer,Rhein,Nebengewässer,804844
,,804845,Balottatobelbach,< 10 km² Gewässer,Rhein,Hauptgewässer,804845
,,804846,Gstäpfbach,< 10 km² Gewässer,Donau,Hauptgewässer,804846
,,804847,Gipsbach (Bergerbach),< 10 km² Gewässer,Donau,Hauptgewässer,804847
,,804848,Äußeres Burgtobel,< 10 km² Gewässer,Donau,Hauptgewässer,804848
,,804849,Krachertobelbach (Krachentobelbach),< 10 km² Gewässer,Donau,Hauptgewässer,804849
,,804850,Zwerabach (Zwerenbach),< 10 km² Gewässer,Donau,Hauptgewässer,804850
,,804851,Wildenbach,< 10 km² Gewässer,Donau,Hauptgewässer,804851
,,804852,Ledenbach,< 10 km² Gewässer,Rhein,Hauptgewässer,804852
,,804853,Finsternaubach,< 10 km² Gewässer,Rhein,Hauptgewässer,804853
,,804854,Wilhalmenbach (Gechelbach),< 10 km² Gewässer,Rhein,Hauptgewässer,804854
,,804855,Reutebach,< 10 km² Gewässer,Rhein,Hauptgewässer,804855
,,804857,Ill,1000 km² Gewässer,Rhein,Hauptgewässer,804857
,,804859,Balbierbach (Balbiertobel),10 km² Gewässer,Rhein,Hauptgewässer,804859
,,804864,Bregenzerach,500 km² Gewässer,Rhein,Hauptgewässer,804864
,,804869,Trettach,100 km² Gewässer,Donau,Hauptgewässer,804869
,,804955,Landgraben Hohenems,< 10 km² Gewässer,Rhein,Hauptgewässer,804955
,,804981,Mustergielbach,< 10 km² Gewässer,Rhein,Hauptgewässer,804981
2023-08-10,,805084,Vikabächle,< 10 km² Gewässer,Rhein,Hauptgewässer,805084
,,905001,Entlastungsgraben,10 km² Gewässer,Donau,Nebengewässer,905001
,,905002,Entlastungsgraben,10 km² Gewässer,Donau,Nebengewässer,905002
,,905003,Mauerbach,10 km² Gewässer,Donau,Nebengewässer,905003
,,905004,Mauerbach,10 km² Gewässer,Donau,Nebengewässer,905004
,,905124,Liesing - Nebengewässer,10 km² Gewässer,Donau,Nebengewässer,905124
,2023-08-09,905657,Stammersdorfer Ortsgraben,< 10 km² Gewässer,Donau,Hauptgewässer,905657
,,906221,Mauerbach,10 km² Gewässer,Donau,Nebengewässer,906221
,,906229,Liesingbach - Nebengewässer,10 km² Gewässer,Donau,Nebengewässer,906229
,,906230,Wienfluss (Überlauf),< 10 km² Gewässer,Donau,Nebengewässer,906230
,,906387,Kräuterbach,< 10 km² Gewässer,Donau,Hauptgewässer,906387
,,906500,Mauerbach,10 km² Gewässer,Donau,Nebengewässer,906500
,2023-08-09,910293,Kanal (Kräuterbach),< 10 km² Gewässer,Donau,Hauptgewässer,910293
