{
"type": "FeatureCollection",
"name": "catchments",
"crs": { "type": "name", "properties": { "name": "urn:ogc:def:crs:OGC:1.3:CRS84" } },
"features": [
{ "type": "Feature", "properties": { "hzb": "200014", "name": "Bangs", "river": "Rhein", "km2": 4672.3244509336355, "ice_km2": 39.26897611370299, "ice_pct": 0.84045910180437411, "melt_mio_m3a": 32.041169629270797 }, "geometry": { "type": "Polygon", "coordinates": [ [ [ 9.282909991191648, 46.496250004441471 ], [ 9.274579991173976, 46.483750004413515 ], [ 9.277079991181118, 46.476250004397279 ], [ 9.273749991175011, 46.465410004373332 ], [ 9.277079991183562, 46.461250004364487 ], [ 9.273749991176638, 46.455410004351464 ], [ 9.265409991157588, 46.451250004341738 ], [ 9.252079991126335, 46.449580004337044 ], [ 9.248749991119004, 46.446250004329507 ], [ 9.241249991101132, 46.447080004330758 ], [ 9.242079991102409, 46.451250004339926 ], [ 9.23207999107739, 46.459580004357377 ], [ 9.233749991080796, 46.462910004364794 ], [ 9.226249991062645, 46.465410004369666 ], [ 9.220409991047454, 46.473750004387455 ], [ 9.227909991063136, 46.486250004415361 ], [ 9.241249991094156, 46.489580004423665 ], [ 9.244579991101492, 46.492910004431209 ], [ 9.241249991092106, 46.50208000445101 ], [ 9.234579991075496, 46.507080004461407 ], [ 9.229579991063801, 46.506250004459211 ], [ 9.227079991057197, 46.510410004468149 ], [ 9.201249990997727, 46.500410004444234 ], [ 9.197079990987577, 46.502080004447564 ], [ 9.192079990976161, 46.499580004441711 ], [ 9.183749990955899, 46.502910004448324 ], [ 9.17707999094219, 46.490410004420468 ], [ 9.17457999093628, 46.490410004420283 ], [ 9.172079990929394, 46.496250004432866 ], [ 9.164579990911788, 46.495410004430411 ], [ 9.162079990905591, 46.49708000443384 ], [ 9.15707999089418, 46.494580004428002 ], [ 9.14040999085474, 46.494580004426659 ], [ 9.134579990841925, 46.488750004413461 ], [ 9.113749990794188, 46.479580004391728 ], [ 9.1045799907725, 46.479580004390975 ], [ 9.095409990751374, 46.476250004382976 ], [ 9.087079990731528, 46.477080004384113 ], [ 9.08540999072787, 46.475410004380322 ], [ 9.075409990703363, 46.480410004390421 ], [ 9.060409990668596, 46.476250004380105 ], [ 9.052909990650724, 46.477080004381314 ], [ 9.052079990648334, 46.479580004386683 ], [ 9.046249990634266, 46.481250004389857 ], [ 9.04790999063734, 46.486250004400901 ], [ 9.038749990614827, 46.491250004411093 ], [ 9.040409990618047, 46.49541000442035 ], [ 9.022909990574377, 46.508750004448032 ], [ 9.022909990572243, 46.521250004475348 ], [ 9.020409990565049, 46.528750004491485 ], [ 9.016249990554922, 46.530410004494776 ], [ 9.022079990568008, 46.534580004504392 ], [ 9.019579990559521, 46.549580004536907 ], [ 9.025409990572321, 46.55541000455014 ], [ 9.027079990574423, 46.566250004573938 ], [ 9.03624999059442, 46.576250004596545 ], [ 9.036249990593713, 46.580410004605625 ], [ 9.04290999060891, 46.583750004613449 ], [ 9.043749990610191, 46.587910004622614 ], [ 9.034579990587766, 46.592080004630944 ], [ 9.033749990584518, 46.599580004647201 ], [ 9.027909990570828, 46.598750004644941 ], [ 9.024579990562374, 46.602080004651917 ], [ 9.015409990540512, 46.602910004652948 ], [ 9.007079990519356, 46.611250004670438 ], [ 8.996249990493702, 46.611250004669536 ], [ 8.986249990471316, 46.603750004652341 ], [ 8.97624999044749, 46.6045800046533 ], [ 8.97040999043395, 46.602910004649146 ], [ 8.965409990421968, 46.603750004650571 ], [ 8.959579990407152, 46.60958000466276 ], [ 8.960409990408396, 46.613750004671964 ], [ 8.952909990389335, 46.621250004687667 ], [ 8.952079990386503, 46.626250004698491 ], [ 8.942079990364123, 46.618750004681274 ], [ 8.919579990309973, 46.623750004690265 ], [ 8.906249990280152, 46.613750004667288 ], [ 8.904579990277217, 46.607910004654386 ], [ 8.916249990306735, 46.597080004631792 ], [ 8.915409990305477, 46.592910004622631 ], [ 8.905409990283257, 46.584580004603566 ], [ 8.895409990259441, 46.585410004604519 ], [ 8.889579990246803, 46.57875000458948 ], [ 8.853749990163633, 46.569580004566355 ], [ 8.846249990146914, 46.563750004552951 ], [ 8.832079990113389, 46.563750004551693 ], [ 8.828749990104049, 46.572080004569578 ], [ 8.825409990096583, 46.569580004563846 ], [ 8.811249990062933, 46.570410004564366 ], [ 8.802079990042573, 46.562910004547199 ], [ 8.784579990001767, 46.559580004538311 ], [ 8.777909989988228, 46.547080004510448 ], [ 8.772079989973252, 46.553750004524467 ], [ 8.765409989957924, 46.551250004518437 ], [ 8.759579989943092, 46.557080004530611 ], [ 8.745409989910483, 46.552080004518423 ], [ 8.74040998989806, 46.555410004525207 ], [ 8.731249989876247, 46.556250004526213 ], [ 8.729579989872599, 46.554580004522435 ], [ 8.72540998986184, 46.559580004532954 ], [ 8.720409989850173, 46.558750004530701 ], [ 8.712909989831836, 46.56208000453725 ], [ 8.707079989818048, 46.562080004536718 ], [ 8.704579989812736, 46.558750004529237 ], [ 8.694579989788643, 46.561250004533726 ], [ 8.691249989780166, 46.564580004540701 ], [ 8.69207998978108, 46.570410004553509 ], [ 8.702909989806388, 46.572080004558174 ], [ 8.705409989811395, 46.577080004569289 ], [ 8.698749989794896, 46.581250004577782 ], [ 8.695409989787294, 46.579580004573806 ], [ 8.690409989775171, 46.581250004577001 ], [ 8.678749989747898, 46.579580004572257 ], [ 8.682909989756526, 46.5862500045872 ], [ 8.677079989740474, 46.598750004613947 ], [ 8.678749989741105, 46.617080004654063 ], [ 8.676249989734735, 46.619580004659262 ], [ 8.666249989710927, 46.620410004660123 ], [ 8.658749989692277, 46.62541000467035 ], [ 8.65207998967437, 46.637080004695136 ], [ 8.656249989683781, 46.639580004700967 ], [ 8.656249989681962, 46.649580004722772 ], [ 8.66124998969288, 46.654580004734136 ], [ 8.667909989708647, 46.654580004734768 ], [ 8.672909989719422, 46.660410004747902 ], [ 8.679579989735055, 46.661250004750372 ], [ 8.673749989719443, 46.671250004771615 ], [ 8.672909989715791, 46.680410004791483 ], [ 8.673749989715809, 46.691250004815139 ], [ 8.677079989723087, 46.694580004822726 ], [ 8.687909989748732, 46.694580004823727 ], [ 8.69207998975725, 46.70208000484044 ], [ 8.69957998977471, 46.703750004844785 ], [ 8.710409989801267, 46.698750004834899 ], [ 8.719579989821632, 46.706250004852066 ], [ 8.727079989839243, 46.707080004854561 ], [ 8.745409989881022, 46.716250004876208 ], [ 8.748749989888482, 46.718750004881969 ], [ 8.748749989887582, 46.723750004892828 ], [ 8.743749989874983, 46.727910004901403 ], [ 8.744579989876199, 46.732080004910578 ], [ 8.747909989883347, 46.736250004919938 ], [ 8.763749989919388, 46.744580004939507 ], [ 8.768749989931241, 46.744580004939969 ], [ 8.781249989963703, 46.728750004906686 ], [ 8.795409989996669, 46.732080004915204 ], [ 8.800409990008667, 46.731250004913889 ], [ 8.803749990015987, 46.734580004921405 ], [ 8.812909990037257, 46.73708000492767 ], [ 8.810409990029845, 46.745410004945562 ], [ 8.81874999004665, 46.762080004982558 ], [ 8.823749990057912, 46.765410004990272 ], [ 8.831249990075852, 46.764580004989121 ], [ 8.832909990079489, 46.766250004992884 ], [ 8.827909990065555, 46.777910005017809 ], [ 8.827079990061215, 46.791250005046727 ], [ 8.83540999008023, 46.795410005056517 ], [ 8.847909990110184, 46.793750005054029 ], [ 8.847079990107177, 46.799580005066623 ], [ 8.854579990124829, 46.800410005069104 ], [ 8.861249990139616, 46.806250005082376 ], [ 8.86957999015938, 46.806250005083122 ], [ 8.877079990175856, 46.813750005100097 ], [ 8.891249990209332, 46.814580005103117 ], [ 8.900409990231218, 46.813750005102115 ], [ 8.907909990249603, 46.810410005095527 ], [ 8.914579990265295, 46.811250005097925 ], [ 8.913749990265226, 46.800410005074298 ], [ 8.927079990297443, 46.797080005068224 ], [ 8.938749990324848, 46.798750005072861 ], [ 8.943749990336132, 46.802080005080555 ], [ 8.961249990376935, 46.806250005091115 ], [ 9.011249990494761, 46.811250005106245 ], [ 9.019579990513527, 46.817080005119621 ], [ 9.02790999053086, 46.831250005151098 ], [ 9.03374999054401, 46.835410005160625 ], [ 9.035409990546658, 46.842910005177067 ], [ 9.040409990557675, 46.847910005188339 ], [ 9.046249990571255, 46.849580005192458 ], [ 9.044579990564559, 46.865410005226686 ], [ 9.055409990589716, 46.868750005234851 ], [ 9.061249990602587, 46.874580005247985 ], [ 9.081249990650255, 46.873750005247821 ], [ 9.096249990686474, 46.870410005241808 ], [ 9.104579990708112, 46.859580005218973 ], [ 9.10374999070714, 46.85375000520628 ], [ 9.112079990727494, 46.850410005199663 ], [ 9.127909990763694, 46.8587500052191 ], [ 9.139579990790855, 46.862080005227277 ], [ 9.144579990801322, 46.870410005245759 ], [ 9.155409990826493, 46.87375000525391 ], [ 9.15457999082367, 46.878750005264678 ], [ 9.16040999083739, 46.879580005266945 ], [ 9.167079990852256, 46.885410005280157 ], [ 9.172909990867103, 46.879580005267968 ], [ 9.182079990888752, 46.880410005270477 ], [ 9.186249990899231, 46.877080005263586 ], [ 9.204579990941822, 46.882910005277687 ], [ 9.206249990945093, 46.887080005286883 ], [ 9.222909990982739, 46.898750005313538 ], [ 9.226249990989565, 46.905410005328264 ], [ 9.242079991026506, 46.90958000533854 ], [ 9.242079991026092, 46.912080005343959 ], [ 9.249579991043094, 46.917080005355409 ], [ 9.252079991047367, 46.927080005377292 ], [ 9.271249991092549, 46.929580005384182 ], [ 9.272909991095798, 46.933750005393378 ], [ 9.285409991124437, 46.940410005408772 ], [ 9.299579991158009, 46.941250005411696 ], [ 9.309579991180696, 46.947910005426884 ], [ 9.316249991196843, 46.946250005423792 ], [ 9.318749991202239, 46.949580005431208 ], [ 9.337079991246958, 46.942910005418128 ], [ 9.352909991284765, 46.94208000541753 ], [ 9.355409991290299, 46.944580005423148 ], [ 9.359579991300221, 46.94458000542344 ], [ 9.369579991324557, 46.941250005416954 ], [ 9.372079991330104, 46.943750005422551 ], [ 9.377079991341997, 46.943750005422935 ], [ 9.379579991345901, 46.956250005450237 ], [ 9.385409991359369, 46.958750005456082 ], [ 9.390409991371405, 46.95791000545465 ], [ 9.396249991384758, 46.961250005462304 ], [ 9.39957999139159, 46.967910005476995 ], [ 9.397909991386665, 46.973750005489535 ], [ 9.402079991395771, 46.978750005500657 ], [ 9.402079991394819, 46.984580005513294 ], [ 9.396249991378893, 46.997080005539964 ], [ 9.403749991395799, 47.002910005553126 ], [ 9.399579991381772, 47.027910005606948 ], [ 9.416249991418756, 47.044580005644285 ], [ 9.424579991438328, 47.046250005648503 ], [ 9.426249991440953, 47.054580005666658 ], [ 9.43207999145389, 47.060410005679685 ], [ 9.433749991456231, 47.070410005701419 ], [ 9.423749991431444, 47.076250005713348 ], [ 9.422079991424058, 47.097080005758244 ], [ 9.424579991429605, 47.099580005763848 ], [ 9.436249991457563, 47.098750005762874 ], [ 9.438749991463252, 47.100410005766655 ], [ 9.448749991488585, 47.091250005747568 ], [ 9.454579991502346, 47.0920800057498 ], [ 9.45707999150885, 47.088750005742774 ], [ 9.460409991516656, 47.089580005744807 ], [ 9.477079991559371, 47.071250005706382 ], [ 9.486249991580552, 47.07541000571603 ], [ 9.488749991586642, 47.074580005714409 ], [ 9.514579991645792, 47.089580005748687 ], [ 9.517909991652116, 47.099580005770541 ], [ 9.511249991631793, 47.127080005829512 ], [ 9.506249991617977, 47.138750005854362 ], [ 9.496249991592643, 47.147910005873442 ], [ 9.488749991572446, 47.162080005903469 ], [ 9.48374999155631, 47.187910005958884 ], [ 9.487909991564473, 47.198750005982568 ], [ 9.497079991584462, 47.210410006008352 ], [ 9.498749991586143, 47.224580006039034 ], [ 9.502079991594096, 47.224580006039268 ], [ 9.505409991601365, 47.2287500060485 ], [ 9.503749991596855, 47.232080006055547 ], [ 9.518749991630646, 47.244580006083552 ], [ 9.520409991632985, 47.254580006105201 ], [ 9.527079991647968, 47.260410006118249 ], [ 9.52874999164966, 47.274580006148902 ], [ 9.533749991661331, 47.276250006152843 ], [ 9.536249991667848, 47.272910006145814 ], [ 9.539579991675797, 47.272910006146041 ], [ 9.544579991687341, 47.27541000615178 ], [ 9.545409991690942, 47.265410006130317 ], [ 9.552079991708091, 47.257910006114614 ], [ 9.556249991717907, 47.258750006116728 ], [ 9.557079991720302, 47.256250006111394 ], [ 9.56290999173436, 47.255410006109983 ], [ 9.571249991753742, 47.258750006117758 ], [ 9.572909991759587, 47.24708000609273 ], [ 9.569579991752308, 47.24291000608352 ], [ 9.572909991760525, 47.241250006080172 ], [ 9.577079991769814, 47.245410006089408 ], [ 9.582079991782425, 47.241250006080804 ], [ 9.587079991794102, 47.242910006084735 ], [ 9.58874999179902, 47.237080006072254 ], [ 9.583749991787618, 47.233750006064774 ], [ 9.588749991800361, 47.228750006054341 ], [ 9.594579991813882, 47.231250006060115 ], [ 9.592079991808314, 47.228750006054547 ], [ 9.594579991815618, 47.22041000603673 ], [ 9.59207999181152, 47.208750006011421 ], [ 9.583749991792434, 47.203750006000064 ], [ 9.579579991784087, 47.193750005978224 ], [ 9.5729099917687, 47.190410005970534 ], [ 9.57374999177298, 47.176250005940041 ], [ 9.560409991742619, 47.167080005919331 ], [ 9.552909991726601, 47.155410005893621 ], [ 9.553749991729811, 47.147910005877463 ], [ 9.551249991723976, 47.14708000587553 ], [ 9.552079991727163, 47.139580005859372 ], [ 9.556249991737378, 47.137910005856043 ], [ 9.559579991746263, 47.132080005843697 ], [ 9.566249991767775, 47.097080005768497 ], [ 9.572079991783136, 47.087910005749087 ], [ 9.564579991766855, 47.077910005726949 ], [ 9.570409991781551, 47.072910005716544 ], [ 9.576249991795606, 47.072080005715122 ], [ 9.578749991803022, 47.062910005695485 ], [ 9.588749991828182, 47.054580005678147 ], [ 9.606249991868697, 47.062080005695591 ], [ 9.617909991897809, 47.053750005678317 ], [ 9.636249991941911, 47.051250005674156 ], [ 9.64124999195343, 47.053750005679888 ], [ 9.644579991960445, 47.05958000569273 ], [ 9.659579991996464, 47.057910005690118 ], [ 9.675409992033931, 47.059580005694791 ], [ 9.680409992045323, 47.062910005702321 ], [ 9.685409992058153, 47.057080005690025 ], [ 9.693749992078548, 47.053750005683376 ], [ 9.712079992122362, 47.052910005682733 ], [ 9.727909992161511, 47.043750005663931 ], [ 9.745409992203601, 47.041250005659656 ], [ 9.747909992210198, 47.037080005650786 ], [ 9.769579992261578, 47.038750005655785 ], [ 9.772909992269392, 47.03958000565779 ], [ 9.774579992272727, 47.043750005666929 ], [ 9.777909992280666, 47.043750005667128 ], [ 9.792079992316221, 47.032080005642761 ], [ 9.799579992334342, 47.030410005639638 ], [ 9.812909992367377, 47.022080005622428 ], [ 9.821249992387367, 47.021250005621127 ], [ 9.831249992412333, 47.013750005605509 ], [ 9.838749992430328, 47.012910005604141 ], [ 9.844579992443704, 47.01625000561171 ], [ 9.852909992463557, 47.01625000561225 ], [ 9.85707999247248, 47.022910005626919 ], [ 9.876249992518394, 47.021250005624459 ], [ 9.87957999252696, 47.017080005615632 ], [ 9.873749992513826, 47.01208000560446 ], [ 9.873749992514703, 47.006250005591838 ], [ 9.877079992523136, 47.002910005584802 ], [ 9.881249992532943, 47.00375000558688 ], [ 9.889579992553287, 47.000410005580108 ], [ 9.892079992560744, 46.990410005558601 ], [ 9.891249992559141, 46.987910005553154 ], [ 9.884579992543637, 46.985410005547322 ], [ 9.879579992533234, 46.97541000552534 ], [ 9.874579992521578, 46.973750005521481 ], [ 9.875409992524558, 46.967080005507043 ], [ 9.871249992515274, 46.962910005497761 ], [ 9.877909992531881, 46.957910005487314 ], [ 9.874579992524957, 46.951250005472701 ], [ 9.879579992538488, 46.940410005449472 ], [ 9.877079992533405, 46.934580005436672 ], [ 9.896249992579525, 46.931250005430591 ], [ 9.904579992600226, 46.925410005418414 ], [ 9.912909992620049, 46.925410005418918 ], [ 9.917909992632689, 46.920410005408371 ], [ 9.937909992681394, 46.91291000539325 ], [ 9.94790999270518, 46.912910005393854 ], [ 9.958749992730478, 46.916250005401693 ], [ 9.962079992738893, 46.912910005394636 ], [ 9.967079992750914, 46.91208000539315 ], [ 9.978749992778067, 46.916250005402858 ], [ 9.981249992785362, 46.907080005383101 ], [ 9.98707999279948, 46.905410005379807 ], [ 9.988749992803935, 46.902080005372675 ], [ 9.997909992825722, 46.902080005373186 ], [ 10.002909992838106, 46.898750005366232 ], [ 10.018749992875419, 46.90125000537256 ], [ 10.027079992896081, 46.895410005360347 ], [ 10.032909992911158, 46.887080005342568 ], [ 10.039579992927148, 46.886250005341147 ], [ 10.042909992935911, 46.880410005328663 ], [ 10.052909992960293, 46.876250005320166 ], [ 10.051249992958152, 46.863750005292943 ], [ 10.057079992972366, 46.861250005287829 ], [ 10.075409993015841, 46.862080005290643 ], [ 10.079579993025993, 46.860410005287221 ], [ 10.086249993041491, 46.86291000529301 ], [ 10.092079993056066, 46.857910005282491 ], [ 10.092909993059232, 46.849580005264414 ], [ 10.082909993036779, 46.840410005243953 ], [ 10.081249993033662, 46.834580005231196 ], [ 10.073749993015717, 46.835410005232582 ], [ 10.071249993010017, 46.833750005228829 ], [ 10.072909993014918, 46.827080005214434 ], [ 10.064579992995963, 46.821250005201328 ], [ 10.062079992991213, 46.812910005183049 ], [ 10.051249992965483, 46.812910005182459 ], [ 10.044579992949991, 46.810410005176642 ], [ 10.041249992942923, 46.804580005163771 ], [ 10.041249992944362, 46.794580005142024 ], [ 10.03790999293679, 46.792080005136413 ], [ 10.027909992913273, 46.790410005132237 ], [ 10.023749992902664, 46.795410005142848 ], [ 9.999579992845478, 46.793750005137881 ], [ 9.989579992823179, 46.78375000511555 ], [ 9.987909992820907, 46.772080005090068 ], [ 9.982079992807911, 46.766250005077069 ], [ 9.973749992787887, 46.767910005080218 ], [ 9.968749992776496, 46.764580005072681 ], [ 9.964579992768044, 46.754580005050634 ], [ 9.955409992746512, 46.752910005046502 ], [ 9.94707999272819, 46.74291000502425 ], [ 9.942909992718539, 46.741250005020397 ], [ 9.937079992704327, 46.743750005025483 ], [ 9.944579992723966, 46.731250004998721 ], [ 9.942909992720853, 46.72541000498591 ], [ 9.956249992753126, 46.721250004977627 ], [ 9.95957999276164, 46.717080004968714 ], [ 9.952909992747507, 46.705410004942934 ], [ 9.957079992758379, 46.698750004928655 ], [ 9.956249992757131, 46.693750004917732 ], [ 9.947079992735494, 46.69291000491534 ], [ 9.932909992701257, 46.697080004923599 ], [ 9.927079992687668, 46.695410004919623 ], [ 9.924579992682222, 46.692080004912242 ], [ 9.909579992646622, 46.692080004911332 ], [ 9.906249992639088, 46.689580004905686 ], [ 9.906249992639701, 46.68541000489661 ], [ 9.899579992623995, 46.684580004894372 ], [ 9.89540999261459, 46.681250004886891 ], [ 9.883749992587038, 46.680410004884372 ], [ 9.880409992578505, 46.684580004893235 ], [ 9.873749992562827, 46.683750004891031 ], [ 9.874579992565533, 46.678750004880186 ], [ 9.868749992552933, 46.670410004861672 ], [ 9.871249992559717, 46.6645800048491 ], [ 9.865409992546731, 46.658750004836044 ], [ 9.864579992545501, 46.653750004825099 ], [ 9.877909992578832, 46.64208000480042 ], [ 9.885409992596866, 46.640410004797253 ], [ 9.892909992616367, 46.62875000477225 ], [ 9.882079992592031, 46.619580004751604 ], [ 9.871249992566108, 46.621250004754607 ], [ 9.863749992549797, 46.611250004732327 ], [ 9.862909992549033, 46.602910004714062 ], [ 9.853749992527321, 46.602910004713529 ], [ 9.840409992496921, 46.594580004694507 ], [ 9.834579992482739, 46.597080004699606 ], [ 9.827909992467047, 46.596250004697374 ], [ 9.828749992469778, 46.591250004686543 ], [ 9.835409992486303, 46.586250004676053 ], [ 9.837079992491002, 46.581250004665229 ], [ 9.846249992512984, 46.579580004662127 ], [ 9.851249992525934, 46.57208000464604 ], [ 9.819579992450887, 46.572080004644128 ], [ 9.816249992443488, 46.568750004636676 ], [ 9.801249992408192, 46.567080004632068 ], [ 9.79540999239485, 46.563750004624438 ], [ 9.789579992380787, 46.565410004627687 ], [ 9.779579992357588, 46.562080004619801 ], [ 9.768749992331932, 46.562080004619141 ], [ 9.764579992322547, 46.558750004611603 ], [ 9.755409992300818, 46.558750004611007 ], [ 9.752909992295395, 46.555410004603551 ], [ 9.739579992263565, 46.55708000460637 ], [ 9.733749992250504, 46.552080004595062 ], [ 9.719579992217808, 46.546250004581381 ], [ 9.717909992214485, 46.542080004572206 ], [ 9.698749992168844, 46.543750004574619 ], [ 9.693749992157247, 46.542080004570657 ], [ 9.703749992183708, 46.523750004531244 ], [ 9.698749992172244, 46.521250004525456 ], [ 9.698749992173513, 46.512910004507191 ], [ 9.703749992185724, 46.510410004502056 ], [ 9.725409992237015, 46.510410004503463 ], [ 9.730409992249854, 46.503750004489206 ], [ 9.727909992244687, 46.498750004478133 ], [ 9.731249992253341, 46.493750004467429 ], [ 9.728749992248055, 46.489580004458148 ], [ 9.73207999225631, 46.487080004452878 ], [ 9.732079992257061, 46.482080004441954 ], [ 9.724579992240683, 46.472910004421422 ], [ 9.724579992241434, 46.467910004410484 ], [ 9.728749992251801, 46.464580004403444 ], [ 9.726249992246384, 46.461250004396007 ], [ 9.732079992260552, 46.4587500043909 ], [ 9.732079992261182, 46.454580004381789 ], [ 9.722079992238891, 46.445410004361108 ], [ 9.719579992233854, 46.439580004348166 ], [ 9.702909992194279, 46.440410004348912 ], [ 9.678749992138886, 46.428750004321806 ], [ 9.675409992131867, 46.422910004308825 ], [ 9.6645799921065, 46.421250004304483 ], [ 9.663749992106048, 46.4112500042825 ], [ 9.658749992093588, 46.415410004291296 ], [ 9.654579992083985, 46.413750004287387 ], [ 9.647079992066118, 46.414580004288702 ], [ 9.642909992055623, 46.418750004297564 ], [ 9.63624999203987, 46.418750004297124 ], [ 9.635409992037633, 46.420410004300706 ], [ 9.627079992018947, 46.413750004285582 ], [ 9.613749991987028, 46.416250004290127 ], [ 9.607909991973605, 46.413750004284275 ], [ 9.60624999197019, 46.410410004276869 ], [ 9.59457999194246, 46.411250004277917 ], [ 9.587909991927967, 46.402910004259205 ], [ 9.580409991909976, 46.404580004262336 ], [ 9.568749991882786, 46.402080004256071 ], [ 9.567909991882079, 46.393750004237766 ], [ 9.553749991850271, 46.382910004213052 ], [ 9.553749991850786, 46.379580004205778 ], [ 9.544579991830529, 46.370410004185054 ], [ 9.524579991783771, 46.36708000417638 ], [ 9.513749991757649, 46.370410004182908 ], [ 9.50457999173663, 46.366250004173189 ], [ 9.491249991704867, 46.36791000417589 ], [ 9.48624999169331, 46.366250004171881 ], [ 9.480409991678719, 46.371250004182414 ], [ 9.458749991626876, 46.375410004189987 ], [ 9.449579991605724, 46.37208000418206 ], [ 9.441249991585908, 46.372910004183261 ], [ 9.435409991572632, 46.369580004175539 ], [ 9.42790999155477, 46.370410004176833 ], [ 9.421249991537453, 46.380410004198261 ], [ 9.422909991540052, 46.388750004216632 ], [ 9.420409991532036, 46.402080004245654 ], [ 9.417079991524032, 46.402910004247218 ], [ 9.415409991519157, 46.408750004259907 ], [ 9.407909991500361, 46.415410004273923 ], [ 9.402909991488675, 46.414580004271741 ], [ 9.402909991485094, 46.437080004321018 ], [ 9.397909991472737, 46.440410004327923 ], [ 9.396249991468013, 46.445410004338726 ], [ 9.404579991484933, 46.46291000437764 ], [ 9.388749991445478, 46.475410004403798 ], [ 9.387909991442561, 46.481250004416509 ], [ 9.380409991424282, 46.48458000442325 ], [ 9.377079991416531, 46.483750004421168 ], [ 9.370409991399542, 46.491250004437092 ], [ 9.368749991394946, 46.495410004446072 ], [ 9.373749991405976, 46.500410004457372 ], [ 9.372909991403318, 46.504580004466433 ], [ 9.367909991391356, 46.505410004467905 ], [ 9.363749991380834, 46.509580004476668 ], [ 9.341249991328516, 46.503750004462283 ], [ 9.336249991316272, 46.506250004467361 ], [ 9.322909991284698, 46.506250004466359 ], [ 9.318749991275251, 46.503750004460564 ], [ 9.307909991249598, 46.503750004459746 ], [ 9.305409991244222, 46.500410004452284 ], [ 9.301249991234242, 46.501250004453787 ], [ 9.291249991211389, 46.496250004442096 ], [ 9.282909991191648, 46.496250004441471 ] ] ] } },
{ "type": "Feature", "properties": { "hzb": "201178", "name": "Kajetansbrücke", "river": "Inn", "km2": 2153.6782892864057, "ice_km2": 54.716047831750075, "ice_pct": 2.5405859409893363, "melt_mio_m3a": 44.804464449875915 }, "geometry": { "type": "Polygon", "coordinates": [ [ [ 10.042079992996351, 46.442910004374731 ], [ 10.042079992997762, 46.432910004352834 ], [ 10.038749992990468, 46.428750004343549 ], [ 10.0245799929566, 46.431250004348222 ], [ 10.02124999294907, 46.428750004342554 ], [ 10.016249992937249, 46.428750004342291 ], [ 9.983749992864865, 46.397080004271089 ], [ 9.98207999286187, 46.390410004256402 ], [ 9.974579992844721, 46.38625000424684 ], [ 9.969579992833969, 46.378750004230149 ], [ 9.942909992771048, 46.377910004226784 ], [ 9.932909992747879, 46.37458000421887 ], [ 9.929579992740603, 46.370410004209532 ], [ 9.931249992744913, 46.367910004204198 ], [ 9.925409992731343, 46.366250004200189 ], [ 9.923749992726822, 46.370410004209205 ], [ 9.921249992720675, 46.372080004212719 ], [ 9.916249992708977, 46.371250004210602 ], [ 9.907079992685864, 46.381250004232001 ], [ 9.895409992659109, 46.375410004218494 ], [ 9.883749992631904, 46.372910004212301 ], [ 9.87124999260393, 46.36208000418786 ], [ 9.862909992583857, 46.364580004192838 ], [ 9.832079992511472, 46.361250004183638 ], [ 9.819579992483625, 46.349580004157318 ], [ 9.814579992471446, 46.352080004162481 ], [ 9.803749992446951, 46.344580004145399 ], [ 9.787079992407921, 46.342080004138865 ], [ 9.779579992391183, 46.335410004123787 ], [ 9.766249992359445, 46.337080004126619 ], [ 9.756249992334579, 46.345410004144242 ], [ 9.747909992314503, 46.347910004149185 ], [ 9.742909992302067, 46.352080004158012 ], [ 9.735409992280374, 46.378750004215959 ], [ 9.727909992261893, 46.383750004226435 ], [ 9.725409992254992, 46.390410004240877 ], [ 9.714579992229256, 46.391250004242025 ], [ 9.712079992222852, 46.394580004249171 ], [ 9.70707999221103, 46.394580004248844 ], [ 9.703749992202521, 46.398750004257778 ], [ 9.702079992198705, 46.397910004255792 ], [ 9.698749992190328, 46.401250004262884 ], [ 9.695409992182562, 46.400410004260856 ], [ 9.691249992172091, 46.404580004269725 ], [ 9.688749992166303, 46.403750004267714 ], [ 9.682909992151359, 46.411250004283772 ], [ 9.672909992127963, 46.409580004279455 ], [ 9.672079992125745, 46.411250004283055 ], [ 9.663749992106048, 46.4112500042825 ], [ 9.6645799921065, 46.421250004304483 ], [ 9.675409992131867, 46.422910004308825 ], [ 9.678749992138886, 46.428750004321806 ], [ 9.702909992194279, 46.440410004348912 ], [ 9.719579992233854, 46.439580004348166 ], [ 9.722079992238891, 46.445410004361108 ], [ 9.732079992261182, 46.454580004381789 ], [ 9.732079992260552, 46.4587500043909 ], [ 9.726249992246384, 46.461250004396007 ], [ 9.728749992251801, 46.464580004403444 ], [ 9.724579992241434, 46.467910004410484 ], [ 9.724579992240683, 46.472910004421422 ], [ 9.732079992257061, 46.482080004441954 ], [ 9.73207999225631, 46.487080004452878 ], [ 9.728749992248055, 46.489580004458148 ], [ 9.73040999225085, 46.497080004474618 ], [ 9.727909992244687, 46.498750004478133 ], [ 9.730409992249854, 46.503750004489206 ], [ 9.725409992237015, 46.510410004503463 ], [ 9.703749992185724, 46.510410004502056 ], [ 9.698749992173513, 46.512910004507191 ], [ 9.698749992172244, 46.521250004525456 ], [ 9.703749992183708, 46.523750004531244 ], [ 9.693749992157247, 46.542080004570657 ], [ 9.698749992168844, 46.543750004574619 ], [ 9.717909992214485, 46.542080004572206 ], [ 9.719579992217808, 46.546250004581381 ], [ 9.733749992250504, 46.552080004595062 ], [ 9.739579992263565, 46.55708000460637 ], [ 9.752909992295395, 46.555410004603551 ], [ 9.755409992300818, 46.558750004611007 ], [ 9.764579992322547, 46.558750004611603 ], [ 9.768749992331932, 46.562080004619141 ], [ 9.779579992357588, 46.562080004619801 ], [ 9.789579992380787, 46.565410004627687 ], [ 9.79540999239485, 46.563750004624438 ], [ 9.801249992408192, 46.567080004632068 ], [ 9.816249992443488, 46.568750004636676 ], [ 9.819579992450887, 46.572080004644128 ], [ 9.851249992525934, 46.57208000464604 ], [ 9.846249992512984, 46.579580004662127 ], [ 9.837079992491002, 46.581250004665229 ], [ 9.835409992486303, 46.586250004676053 ], [ 9.828749992469778, 46.591250004686543 ], [ 9.827909992467047, 46.596250004697374 ], [ 9.834579992482739, 46.597080004699606 ], [ 9.840409992496921, 46.594580004694507 ], [ 9.853749992527321, 46.602910004713529 ], [ 9.862909992549033, 46.602910004714062 ], [ 9.863749992549797, 46.611250004732327 ], [ 9.871249992566108, 46.621250004754607 ], [ 9.882079992592031, 46.619580004751604 ], [ 9.892909992616367, 46.62875000477225 ], [ 9.885409992596866, 46.640410004797253 ], [ 9.877909992578832, 46.64208000480042 ], [ 9.864579992545501, 46.653750004825099 ], [ 9.865409992546731, 46.658750004836044 ], [ 9.871249992559717, 46.6645800048491 ], [ 9.868749992552933, 46.670410004861672 ], [ 9.874579992565533, 46.678750004880186 ], [ 9.873749992562827, 46.683750004891031 ], [ 9.880409992578505, 46.684580004893235 ], [ 9.883749992587038, 46.680410004884372 ], [ 9.89540999261459, 46.681250004886891 ], [ 9.899579992623995, 46.684580004894372 ], [ 9.906249992639701, 46.68541000489661 ], [ 9.906249992639088, 46.689580004905686 ], [ 9.909579992646622, 46.692080004911332 ], [ 9.924579992682222, 46.692080004912242 ], [ 9.927079992687668, 46.695410004919623 ], [ 9.932909992701257, 46.697080004923599 ], [ 9.947079992735494, 46.69291000491534 ], [ 9.956249992757131, 46.693750004917732 ], [ 9.957079992758379, 46.698750004928655 ], [ 9.952909992747507, 46.705410004942934 ], [ 9.95957999276164, 46.717080004968714 ], [ 9.956249992753126, 46.721250004977627 ], [ 9.942909992720853, 46.72541000498591 ], [ 9.944579992723966, 46.731250004998721 ], [ 9.937079992704327, 46.743750005025483 ], [ 9.942909992718539, 46.741250005020397 ], [ 9.94707999272819, 46.74291000502425 ], [ 9.955409992746512, 46.752910005046502 ], [ 9.964579992768044, 46.754580005050634 ], [ 9.968749992776496, 46.764580005072681 ], [ 9.973749992787887, 46.767910005080218 ], [ 9.982079992807911, 46.766250005077069 ], [ 9.987909992820907, 46.772080005090068 ], [ 9.9879099928197, 46.780410005108209 ], [ 9.993749992832242, 46.789580005128506 ], [ 9.999579992845478, 46.793750005137881 ], [ 10.022909992900674, 46.795410005142827 ], [ 10.027909992913273, 46.790410005132237 ], [ 10.03790999293679, 46.792080005136413 ], [ 10.041249992944362, 46.794580005142024 ], [ 10.04374999294814, 46.809580005174801 ], [ 10.051249992965483, 46.812910005182459 ], [ 10.062079992991213, 46.812910005183049 ], [ 10.064579992995963, 46.821250005201328 ], [ 10.072909993014918, 46.827080005214434 ], [ 10.071249993010017, 46.833750005228829 ], [ 10.073749993015717, 46.835410005232582 ], [ 10.081249993033662, 46.834580005231196 ], [ 10.082909993036779, 46.840410005243953 ], [ 10.092909993059109, 46.850410005266205 ], [ 10.104579993088162, 46.841250005246962 ], [ 10.10957999310005, 46.84125000524724 ], [ 10.114579993111459, 46.84458000525472 ], [ 10.118749993121492, 46.843750005253135 ], [ 10.121249993126835, 46.8479100052623 ], [ 10.140409993172497, 46.847080005261517 ], [ 10.144579993181816, 46.851250005270792 ], [ 10.154579993205584, 46.851250005271325 ], [ 10.159579993218063, 46.847080005262512 ], [ 10.162909993225391, 46.851250005271766 ], [ 10.169579993241243, 46.851250005272099 ], [ 10.171249993244862, 46.853750005277604 ], [ 10.181249993268393, 46.855410005281733 ], [ 10.183749993273636, 46.860410005292749 ], [ 10.190409993289347, 46.861250005294899 ], [ 10.192909993294586, 46.866250005305893 ], [ 10.200409993312414, 46.866250005306256 ], [ 10.203749993320944, 46.862080005297379 ], [ 10.209579993334801, 46.862080005297692 ], [ 10.217079993351929, 46.867080005308921 ], [ 10.231249993385727, 46.866250005307847 ], [ 10.232909993388743, 46.872910005322353 ], [ 10.237079993399124, 46.869580005315328 ], [ 10.245409993418688, 46.871250005319403 ], [ 10.253749993439095, 46.867080005310754 ], [ 10.257079993446201, 46.872910005323561 ], [ 10.266249993467188, 46.878750005336713 ], [ 10.273749993485023, 46.878750005337075 ], [ 10.27707999349259, 46.88125000534265 ], [ 10.277909993493529, 46.888750005358993 ], [ 10.280409993499354, 46.889580005360898 ], [ 10.277079993490169, 46.89875000538067 ], [ 10.283749993503257, 46.918750005424371 ], [ 10.289579993516552, 46.922910005433685 ], [ 10.296249993532989, 46.918750005425011 ], [ 10.302909993547908, 46.925410005439772 ], [ 10.317079993581611, 46.92541000544044 ], [ 10.317079993581144, 46.928750005447675 ], [ 10.306249993553783, 46.940410005472458 ], [ 10.307909993556574, 46.948750005490638 ], [ 10.311249993564182, 46.951250005496235 ], [ 10.322079993589941, 46.951250005496753 ], [ 10.327909993603463, 46.9537500055024 ], [ 10.329579993605829, 46.965410005527765 ], [ 10.340409993629997, 46.977080005553582 ], [ 10.339579993627448, 46.981250005562579 ], [ 10.345409993641091, 46.98291000556646 ], [ 10.34624999364217, 46.989580005580919 ], [ 10.352079993655705, 46.992080005586644 ], [ 10.372079993703535, 46.990410005583925 ], [ 10.388749993741722, 47.001250005608185 ], [ 10.405409993781488, 47.000410005607101 ], [ 10.407909993786641, 47.006250005619876 ], [ 10.416249993806264, 47.007910005623863 ], [ 10.417909993809538, 47.012910005634737 ], [ 10.423749993823101, 47.015410005640426 ], [ 10.429579993837091, 47.014580005638869 ], [ 10.435409993851529, 47.010410005630114 ], [ 10.453749993894958, 47.012080005634544 ], [ 10.452909993894867, 46.997910005603799 ], [ 10.460409993914061, 46.987910005582471 ], [ 10.459579993913538, 46.977080005558939 ], [ 10.470409993940311, 46.969580005543179 ], [ 10.478749993960035, 46.970410005545304 ], [ 10.48707999397929, 46.974580005554699 ], [ 10.500409994013106, 46.958750005520955 ], [ 10.502909994018943, 46.959580005522895 ], [ 10.520409994062767, 46.942910005487477 ], [ 10.524579994072793, 46.942080005485835 ], [ 10.527909994081149, 46.938750005478731 ], [ 10.527909994082023, 46.932080005464272 ], [ 10.535409994099968, 46.9312500054628 ], [ 10.53957999411109, 46.922080005443078 ], [ 10.543749994121216, 46.920410005439599 ], [ 10.544579994124511, 46.910410005417965 ], [ 10.548749994134747, 46.907910005412695 ], [ 10.558749994158616, 46.907080005411316 ], [ 10.560409994163324, 46.901250005398737 ], [ 10.565409994175425, 46.899580005395315 ], [ 10.56624999417796, 46.895410005386282 ], [ 10.571249994190165, 46.892910005381047 ], [ 10.571249994190708, 46.888750005372017 ], [ 10.582079994217301, 46.882080005357963 ], [ 10.58290999422025, 46.874580005341748 ], [ 10.58957999423642, 46.872080005336578 ], [ 10.590409994239144, 46.866250005323977 ], [ 10.596249994253551, 46.862080005315129 ], [ 10.595409994252309, 46.856250005302407 ], [ 10.590409994241195, 46.850410005289547 ], [ 10.577079994209866, 46.847910005283559 ], [ 10.570409994194776, 46.842080005270617 ], [ 10.563749994179185, 46.840410005266733 ], [ 10.558749994167201, 46.84125000526835 ], [ 10.545409994135957, 46.837910005260554 ], [ 10.534579994109921, 46.840410005265525 ], [ 10.532909994105623, 46.842910005270895 ], [ 10.520409994076156, 46.84125000526678 ], [ 10.516249994066063, 46.842910005270213 ], [ 10.499579994028769, 46.825410005231461 ], [ 10.469579993957867, 46.822910005224749 ], [ 10.458749993931926, 46.824580005227887 ], [ 10.456249993926212, 46.82291000522418 ], [ 10.457909993931255, 46.814580005206125 ], [ 10.45457999392401, 46.809580005195109 ], [ 10.447909993909283, 46.801250005176698 ], [ 10.442909993897523, 46.800410005174676 ], [ 10.440409993892255, 46.795410005163667 ], [ 10.43707999388435, 46.795410005163532 ], [ 10.427909993863798, 46.786250005143216 ], [ 10.442079993899425, 46.771250005111177 ], [ 10.442909993904149, 46.750410005065881 ], [ 10.436249993889225, 46.743750005051098 ], [ 10.428749993871763, 46.741250005045316 ], [ 10.427909993872204, 46.722910005005346 ], [ 10.417909993849035, 46.718750004995819 ], [ 10.415409993844426, 46.708750004973915 ], [ 10.41124999383501, 46.705410004966502 ], [ 10.404579993819182, 46.705410004966168 ], [ 10.40457999381985, 46.70041000495528 ], [ 10.394579993797574, 46.689580004931244 ], [ 10.387909993781982, 46.687910004927303 ], [ 10.383749993772669, 46.683750004918011 ], [ 10.392079993793969, 46.672080004892976 ], [ 10.392909993797486, 46.660410004867586 ], [ 10.390409993791891, 46.657910004862011 ], [ 10.400409993817144, 46.64625000483705 ], [ 10.400409993818247, 46.637910004818835 ], [ 10.382909993777217, 46.6345800048108 ], [ 10.378749993765805, 46.646250004836048 ], [ 10.364579993732329, 46.645410004833536 ], [ 10.351249993699284, 46.656250004856567 ], [ 10.344579993683702, 46.654580004852633 ], [ 10.338749993670762, 46.64791000483779 ], [ 10.333749993658916, 46.64791000483757 ], [ 10.327079993642213, 46.654580004851823 ], [ 10.327909993643734, 46.657910004859083 ], [ 10.322909993631882, 46.657910004858877 ], [ 10.319579993623643, 46.660410004864133 ], [ 10.313749993610161, 46.657910004858444 ], [ 10.311249993605133, 46.651250004843796 ], [ 10.296249993569571, 46.651250004843057 ], [ 10.290409993556521, 46.64541000483004 ], [ 10.292079993561154, 46.640410004819216 ], [ 10.283749993542086, 46.635410004807895 ], [ 10.283749993542648, 46.631250004798829 ], [ 10.291249993561552, 46.622910004781019 ], [ 10.289579993558275, 46.617910004770025 ], [ 10.292079993564309, 46.617080004768333 ], [ 10.292909993567287, 46.609580004752004 ], [ 10.303749993593646, 46.604580004741614 ], [ 10.314579993619191, 46.605410004743923 ], [ 10.325409993645742, 46.598750004729936 ], [ 10.326249993648963, 46.58958000470993 ], [ 10.329579993656738, 46.590410004711906 ], [ 10.333749993667057, 46.587080004704831 ], [ 10.350409993706968, 46.583750004698359 ], [ 10.347909993701823, 46.577910004685478 ], [ 10.352079993712254, 46.573750004676583 ], [ 10.350409993708629, 46.571250004671064 ], [ 10.353749993717534, 46.563750004654842 ], [ 10.347909993704373, 46.558750004643642 ], [ 10.352079993714572, 46.556250004638343 ], [ 10.349579993709652, 46.548750004621873 ], [ 10.343749993696072, 46.547080004617975 ], [ 10.343749993696399, 46.54458000461247 ], [ 10.338749993684894, 46.542080004606788 ], [ 10.326249993653969, 46.552080004628046 ], [ 10.318749993636766, 46.547910004618565 ], [ 10.310409993617133, 46.547080004616376 ], [ 10.306249993606952, 46.549580004621632 ], [ 10.296249993583267, 46.549580004621134 ], [ 10.291249993570986, 46.55291000462816 ], [ 10.278749993541386, 46.55291000462757 ], [ 10.273749993529881, 46.550410004621867 ], [ 10.272079993525365, 46.554580004630878 ], [ 10.260409993497502, 46.556250004633974 ], [ 10.257079993489622, 46.556250004633803 ], [ 10.252909993480307, 46.552080004624486 ], [ 10.240409993450932, 46.550410004620211 ], [ 10.217909993396738, 46.557080004633654 ], [ 10.211249993380964, 46.55708000463332 ], [ 10.206249993369815, 46.552080004622141 ], [ 10.213749993388934, 46.542080004600692 ], [ 10.211249993383472, 46.538750004593261 ], [ 10.227079993421292, 46.536250004588624 ], [ 10.227909993423483, 46.534580004585003 ], [ 10.212079993388617, 46.515410004542296 ], [ 10.217079993401363, 46.508750004528018 ], [ 10.217909993404346, 46.501250004511661 ], [ 10.214579993396358, 46.50208000451331 ], [ 10.196249993355353, 46.484580004474111 ], [ 10.200409993365991, 46.478750004461553 ], [ 10.193749993351146, 46.472080004446617 ], [ 10.198749993363656, 46.467080004435935 ], [ 10.196249993358308, 46.462910004426696 ], [ 10.188749993340339, 46.464580004429962 ], [ 10.172909993304003, 46.456250004410911 ], [ 10.163749993282334, 46.456250004410435 ], [ 10.159579993273152, 46.451250004399277 ], [ 10.159579993273844, 46.446250004388347 ], [ 10.144579993238708, 46.44375000438211 ], [ 10.133749993213893, 46.437910004368732 ], [ 10.12790999320111, 46.430410004351998 ], [ 10.119579993181526, 46.429580004349745 ], [ 10.117909993178037, 46.426250004342386 ], [ 10.10707999315219, 46.427910004345421 ], [ 10.099579993135382, 46.421250004330467 ], [ 10.079579993087963, 46.4220800043312 ], [ 10.080409993089468, 46.425410004338517 ], [ 10.074579993075094, 46.429580004347322 ], [ 10.063749993049942, 46.426250004339451 ], [ 10.057079993033009, 46.434580004357343 ], [ 10.057079993032191, 46.440410004370086 ], [ 10.050409993016407, 46.440410004369703 ], [ 10.047079993007946, 46.444580004378665 ], [ 10.042079992996351, 46.442910004374731 ] ] ] } },
{ "type": "Feature", "properties": { "hzb": "201210", "name": "Galtür-Au", "river": "Trisanna", "km2": 98.256906134315642, "ice_km2": 7.3716285416617042, "ice_pct": 7.5024024586982252, "melt_mio_m3a": 9.7017099856895967 }, "geometry": { "type": "Polygon", "coordinates": [ [ [ 10.172079993228536, 46.982910005557919 ], [ 10.182079993251277, 46.990410005574709 ], [ 10.186249993261438, 46.988750005571333 ], [ 10.199579993295298, 46.973750005539479 ], [ 10.197079993290055, 46.968750005528513 ], [ 10.205409993311058, 46.960410005510859 ], [ 10.214579993333349, 46.95708000550411 ], [ 10.211249993327659, 46.941250005469627 ], [ 10.207909993319943, 46.939580005465835 ], [ 10.211249993328355, 46.936250005458767 ], [ 10.207079993319724, 46.927080005438668 ], [ 10.211249993331172, 46.916250005415371 ], [ 10.207909993323579, 46.913750005409781 ], [ 10.207909993325218, 46.902080005384477 ], [ 10.21040999333175, 46.897910005375529 ], [ 10.226249993369651, 46.896250005372742 ], [ 10.227909993374528, 46.889580005358319 ], [ 10.233749993388884, 46.886250005351378 ], [ 10.233749993390743, 46.87291000532241 ], [ 10.231249993385727, 46.866250005307847 ], [ 10.217079993351929, 46.867080005308921 ], [ 10.209579993334801, 46.862080005297692 ], [ 10.203749993320944, 46.862080005297379 ], [ 10.200409993312414, 46.866250005306256 ], [ 10.192909993294586, 46.866250005305893 ], [ 10.190409993289347, 46.861250005294899 ], [ 10.183749993273636, 46.860410005292749 ], [ 10.181249993268393, 46.855410005281733 ], [ 10.171249993244862, 46.853750005277604 ], [ 10.169579993241243, 46.851250005272099 ], [ 10.162909993225391, 46.851250005271766 ], [ 10.157909993214096, 46.847080005262427 ], [ 10.154579993205584, 46.851250005271325 ], [ 10.143749993179846, 46.851250005270749 ], [ 10.139579993167329, 46.869580005310361 ], [ 10.127909993138163, 46.879580005331455 ], [ 10.117909993113665, 46.884580005341782 ], [ 10.108749993090452, 46.894580005363004 ], [ 10.108749993088663, 46.907080005390142 ], [ 10.097079993058989, 46.920410005418454 ], [ 10.09707999305803, 46.927080005432934 ], [ 10.105409993077606, 46.928750005437003 ], [ 10.11207999309228, 46.937080005455442 ], [ 10.121249993113985, 46.937910005457688 ], [ 10.126249993125169, 46.942910005468811 ], [ 10.125409993122092, 46.950410005485011 ], [ 10.134579993143321, 46.954580005494549 ], [ 10.135409993144222, 46.962080005510892 ], [ 10.141249993157405, 46.967080005522 ], [ 10.140409993153263, 46.982080005554501 ], [ 10.145409993164096, 46.989580005571021 ], [ 10.154579993185445, 46.9929100055787 ], [ 10.162909993206823, 46.982080005555673 ], [ 10.172079993228536, 46.982910005557919 ] ] ] } },
{ "type": "Feature", "properties": { "hzb": "201251", "name": "St. Anton am Arlberg-Moos", "river": "Rosanna", "km2": 128.95958737724035, "ice_km2": 2.3561109055330398, "ice_pct": 1.8270149226213035, "melt_mio_m3a": 2.2254861260154088 }, "geometry": { "type": "Polygon", "coordinates": [ [ [ 10.220409993321832, 47.136250005892194 ], [ 10.227079993338441, 47.131250005881711 ], [ 10.235409993357957, 47.133750005887549 ], [ 10.247909993389293, 47.12291000586476 ], [ 10.254579993405198, 47.12291000586508 ], [ 10.261249993422155, 47.115410005849171 ], [ 10.277079993460482, 47.111250005840979 ], [ 10.288749993490061, 47.098750005814523 ], [ 10.292079993499394, 47.088750005793045 ], [ 10.300409993519708, 47.08541000578623 ], [ 10.304579993530572, 47.078750005772022 ], [ 10.297079993512943, 47.077080005768032 ], [ 10.291249993500097, 47.06958000575154 ], [ 10.291249993501969, 47.056250005722703 ], [ 10.287909993494594, 47.052080005713528 ], [ 10.268749993449191, 47.050410005708969 ], [ 10.26624999344417, 47.04375000569442 ], [ 10.251249993408445, 47.043750005693681 ], [ 10.244579993392906, 47.041250005687971 ], [ 10.232909993364993, 47.042080005689186 ], [ 10.229579993358126, 47.034580005672765 ], [ 10.230409993361629, 47.023750005649376 ], [ 10.221249993340166, 47.021250005643495 ], [ 10.217909993333272, 47.013750005627088 ], [ 10.212909993321373, 47.013750005626839 ], [ 10.204579993302954, 47.003750005604736 ], [ 10.19624999328347, 47.001250005598891 ], [ 10.185409993257423, 47.00291000560194 ], [ 10.17957999324461, 46.995410005585398 ], [ 10.182079993251394, 46.989580005572904 ], [ 10.172079993228536, 46.982910005557919 ], [ 10.162909993206823, 46.982080005555673 ], [ 10.154579993185683, 46.991250005575111 ], [ 10.15790999319278, 46.997080005587904 ], [ 10.154579993183658, 47.005410005605768 ], [ 10.147079993165557, 47.007080005608984 ], [ 10.138749993144646, 47.014580005624822 ], [ 10.132079993129002, 47.012910005620846 ], [ 10.123749993107845, 47.022080005640248 ], [ 10.143749993154048, 47.032080005662984 ], [ 10.142909993151441, 47.036250005671938 ], [ 10.147909993163115, 47.037910005675805 ], [ 10.147079993160297, 47.043750005688402 ], [ 10.153749993174753, 47.053750005710377 ], [ 10.149579993163746, 47.061250005726414 ], [ 10.134579993127634, 47.063750005731031 ], [ 10.13207999312108, 47.067910005739897 ], [ 10.132909993121132, 47.081250005768787 ], [ 10.137909993132329, 47.086250005779895 ], [ 10.135409993125766, 47.090410005788733 ], [ 10.139579993134864, 47.096250005801572 ], [ 10.145409993148645, 47.097080005803697 ], [ 10.152079993163818, 47.102080005814862 ], [ 10.162079993185255, 47.118750005851396 ], [ 10.184579993238904, 47.118750005852569 ], [ 10.191249993254335, 47.122080005860091 ], [ 10.187909993245764, 47.126250005868933 ], [ 10.192909993257089, 47.130410005878176 ], [ 10.20624999328926, 47.127910005873439 ], [ 10.207079993291, 47.129580005877109 ], [ 10.212909993304898, 47.129580005877393 ], [ 10.220409993321832, 47.136250005892194 ] ] ] } },
{ "type": "Feature", "properties": { "hzb": "201335", "name": "St. Leonhard im Pitztal", "river": "Pitze", "km2": 165.78623009747687, "ice_km2": 26.94316491973364, "ice_pct": 16.251750765966474, "melt_mio_m3a": 29.599636623357213 }, "geometry": { "type": "Polygon", "coordinates": [ [ [ 10.798749994719678, 46.979580005577397 ], [ 10.793749994706959, 46.986250005591693 ], [ 10.797079994713513, 46.997080005615267 ], [ 10.794579994706847, 47.002910005627825 ], [ 10.795409994708608, 47.00458000563146 ], [ 10.805409994732589, 47.002910005628202 ], [ 10.813749994750848, 47.015410005655539 ], [ 10.813749994749907, 47.022910005671761 ], [ 10.82124999476763, 47.023750005673818 ], [ 10.818749994760644, 47.032080005691782 ], [ 10.827909994781388, 47.040410005710129 ], [ 10.832079994789103, 47.057910005748099 ], [ 10.84624999482093, 47.072910005780997 ], [ 10.855409994842518, 47.074580005784895 ], [ 10.864579994864943, 47.069580005774398 ], [ 10.880409994902491, 47.070410005776687 ], [ 10.890409994927296, 47.062080005758951 ], [ 10.892079994932097, 47.055410005744605 ], [ 10.905409994964501, 47.049580005732395 ], [ 10.901249994955842, 47.039580005710619 ], [ 10.892079994934564, 47.03541000570133 ], [ 10.913749994988317, 47.017080005662308 ], [ 10.909579994979023, 47.012080005651342 ], [ 10.908749994978368, 47.001250005627867 ], [ 10.912909994988366, 47.000410005626193 ], [ 10.913749994990759, 46.997080005619033 ], [ 10.908749994979592, 46.991250005606226 ], [ 10.910409994984251, 46.985410005593621 ], [ 10.902079994964868, 46.982080005586148 ], [ 10.90124999496433, 46.970410005560858 ], [ 10.905409994974613, 46.967080005553761 ], [ 10.912909994994759, 46.947910005512455 ], [ 10.919579995010899, 46.945410005507235 ], [ 10.920409995013575, 46.939580005494619 ], [ 10.927909995032392, 46.931250005476748 ], [ 10.925409995027159, 46.925410005464023 ], [ 10.919579995013725, 46.922080005456628 ], [ 10.91957999501474, 46.913750005438594 ], [ 10.914579995003068, 46.912080005434788 ], [ 10.914579995003674, 46.907080005423957 ], [ 10.904579994982065, 46.889580005385689 ], [ 10.892909994954371, 46.889580005385312 ], [ 10.888749994945, 46.885410005376123 ], [ 10.874579994910873, 46.889580005384737 ], [ 10.866249994891712, 46.884580005373643 ], [ 10.85124999485611, 46.884580005373117 ], [ 10.842909994835811, 46.888750005381929 ], [ 10.828749994801996, 46.890410005385078 ], [ 10.820409994782715, 46.886250005375736 ], [ 10.807079994750968, 46.887080005377079 ], [ 10.79790999472992, 46.881250005364102 ], [ 10.793749994720045, 46.881250005363988 ], [ 10.788749994707349, 46.887910005378266 ], [ 10.775409994675378, 46.890410005383266 ], [ 10.778749994682576, 46.896250005396055 ], [ 10.773749994670078, 46.901250005406702 ], [ 10.773749994669036, 46.909580005424765 ], [ 10.785409994695689, 46.917910005443268 ], [ 10.792079994710178, 46.928750005466988 ], [ 10.789579994703615, 46.933750005477776 ], [ 10.792909994710906, 46.938750005488721 ], [ 10.782909994686419, 46.944580005501017 ], [ 10.784579994688825, 46.957080005528184 ], [ 10.79124999470446, 46.958750005532011 ], [ 10.794579994711119, 46.968750005553808 ], [ 10.799579994722588, 46.97208000556121 ], [ 10.798749994719678, 46.979580005577397 ] ] ] } },
{ "type": "Feature", "properties": { "hzb": "201350", "name": "Vent (oberh. Niedertalbach)", "river": "Rofenache", "km2": 98.281412626047597, "ice_km2": 34.47765621505286, "ice_pct": 35.0805460501849, "melt_mio_m3a": 40.796049863933447 }, "geometry": { "type": "Polygon", "coordinates": [ [ [ 10.828749994801996, 46.890410005385078 ], [ 10.842909994835811, 46.888750005381929 ], [ 10.85124999485611, 46.884580005373117 ], [ 10.866249994891712, 46.884580005373643 ], [ 10.874579994910873, 46.889580005384737 ], [ 10.884579994934906, 46.887080005379609 ], [ 10.89374999495778, 46.87791000536 ], [ 10.892909994956389, 46.872910005349127 ], [ 10.909579994997948, 46.856250005313477 ], [ 10.911249995001809, 46.857080005315339 ], [ 10.911249995002409, 46.852080005304444 ], [ 10.902909994983629, 46.84375000528609 ], [ 10.894579994964085, 46.84208000528222 ], [ 10.887079994947193, 46.834580005265678 ], [ 10.885409994944142, 46.827080005249357 ], [ 10.868749994905141, 46.822910005239748 ], [ 10.869579994908113, 46.814580005221679 ], [ 10.862079994890843, 46.810410005212375 ], [ 10.845409994853538, 46.792080005172011 ], [ 10.845409994854245, 46.786250005159303 ], [ 10.839579994841031, 46.78125000514823 ], [ 10.832079994823356, 46.780410005146173 ], [ 10.827079994812314, 46.773750005131511 ], [ 10.817079994788507, 46.774580005132975 ], [ 10.807909994767382, 46.769580005121789 ], [ 10.799579994747637, 46.76958000512149 ], [ 10.804579994758473, 46.77791000513983 ], [ 10.790409994723237, 46.79125000516833 ], [ 10.787909994717413, 46.790410005166422 ], [ 10.786249994712865, 46.795410005177246 ], [ 10.782909994704939, 46.795410005177125 ], [ 10.780409994699525, 46.79125000516801 ], [ 10.760409994652814, 46.785410005154574 ], [ 10.730409994581363, 46.787910005158956 ], [ 10.727079994572941, 46.792080005167911 ], [ 10.727079994572115, 46.798750005182413 ], [ 10.735409994591873, 46.798750005182725 ], [ 10.744579994613099, 46.802910005192089 ], [ 10.752909994631205, 46.816250005221384 ], [ 10.76040999464869, 46.818750005227081 ], [ 10.768749994667649, 46.825410005241835 ], [ 10.775409994683347, 46.826250005243914 ], [ 10.782909994700409, 46.832080005256849 ], [ 10.776249994682544, 46.848750005292835 ], [ 10.795409994726572, 46.860410005318798 ], [ 10.792909994719498, 46.869580005338634 ], [ 10.787909994706911, 46.875410005351114 ], [ 10.80457999474514, 46.886250005375217 ], [ 10.820409994782715, 46.886250005375736 ], [ 10.828749994801996, 46.890410005385078 ] ] ] } },
{ "type": "Feature", "properties": { "hzb": "201376", "name": "Obergurgl", "river": "Gurgler Ache", "km2": 72.723595880663169, "ice_km2": 20.024519841787754, "ice_pct": 27.535106864967567, "melt_mio_m3a": 27.471442760980651 }, "geometry": { "type": "Polygon", "coordinates": [ [ [ 10.990409995186477, 46.882910005373738 ], [ 11.012079995238555, 46.877080005361698 ], [ 11.024579995269663, 46.864580005334879 ], [ 11.023749995268087, 46.861250005327648 ], [ 11.027079995276274, 46.858750005322285 ], [ 11.041249995309867, 46.858750005322683 ], [ 11.045409995320313, 46.853750005311923 ], [ 11.051249995334341, 46.85208000530848 ], [ 11.05457999534311, 46.844580005292265 ], [ 11.072079995385549, 46.836250005274643 ], [ 11.076249995395429, 46.836250005274756 ], [ 11.082909995412749, 46.822910005245951 ], [ 11.081249995409101, 46.820410005240461 ], [ 11.073749995391335, 46.820410005240298 ], [ 11.067909995378075, 46.815410005229239 ], [ 11.062079995364355, 46.814580005227306 ], [ 11.057079995353282, 46.80791000521269 ], [ 11.048749995333454, 46.808750005214286 ], [ 11.043749995321809, 46.807080005210508 ], [ 11.043749995322484, 46.801250005197858 ], [ 11.035409995303691, 46.792910005179486 ], [ 11.032909995298834, 46.783750005159483 ], [ 11.022909995276793, 46.769580005128411 ], [ 11.023749995279269, 46.765410005119378 ], [ 11.008749995242868, 46.772910005135238 ], [ 11.0004099952238, 46.767080005122345 ], [ 10.977079995168154, 46.770410005128937 ], [ 10.973749995159968, 46.77291000513425 ], [ 10.973749995159283, 46.778750005146968 ], [ 10.967909995144955, 46.782910005155848 ], [ 10.968749995145966, 46.791250005173993 ], [ 10.961249995127602, 46.796250005184639 ], [ 10.9579099951189, 46.802910005199017 ], [ 10.961249995125826, 46.811250005217232 ], [ 10.953749995107072, 46.819580005235146 ], [ 10.959579995120388, 46.823750005244364 ], [ 10.95874999511773, 46.829580005257021 ], [ 10.964579995131151, 46.832910005264402 ], [ 10.962909995125615, 46.846250005293349 ], [ 10.973749995150918, 46.849580005300894 ], [ 10.972909995147049, 46.865410005335249 ], [ 10.979579995162569, 46.867910005340875 ], [ 10.981249995165935, 46.872910005351756 ], [ 10.986249995177701, 46.873750005353727 ], [ 10.990409995186477, 46.882910005373738 ] ] ] } },
{ "type": "Feature", "properties": { "hzb": "201558", "name": "St. Jodok am Brenner", "river": "Valser Bach", "km2": 109.40807947210919, "ice_km2": 0.85974109001836718, "ice_pct": 0.78581133511034373, "melt_mio_m3a": 0.57470100913851041 }, "geometry": { "type": "Polygon", "coordinates": [ [ [ 11.501249996377492, 47.062080005772437 ], [ 11.500409996374522, 47.071250005792237 ], [ 11.503749996382343, 47.072080005794078 ], [ 11.507079996389434, 47.079580005810321 ], [ 11.517079996413139, 47.079580005810435 ], [ 11.549579996489006, 47.090410005834237 ], [ 11.553749996497569, 47.102910005861283 ], [ 11.562079996517216, 47.103750005863205 ], [ 11.565409996524762, 47.107080005870436 ], [ 11.57207999654074, 47.105410005866887 ], [ 11.589579996581161, 47.115410005888663 ], [ 11.596249996596177, 47.12291000590492 ], [ 11.598749996601043, 47.132910005926526 ], [ 11.612079996632467, 47.134580005930282 ], [ 11.624579996661131, 47.143750005950189 ], [ 11.631249996676935, 47.143750005950224 ], [ 11.634579996685353, 47.138750005939485 ], [ 11.635409996688622, 47.126250005912517 ], [ 11.638749996696891, 47.122910005905347 ], [ 11.635409996689317, 47.119580005898129 ], [ 11.633749996687039, 47.103750005863937 ], [ 11.641249996705582, 47.096250005847814 ], [ 11.647079996719304, 47.097080005849655 ], [ 11.645409996715951, 47.091250005837047 ], [ 11.647909996722131, 47.088750005831685 ], [ 11.643749996712712, 47.084580005822652 ], [ 11.648749996725504, 47.075410005802887 ], [ 11.646249996720357, 47.067910005786658 ], [ 11.649579996728667, 47.063750005777685 ], [ 11.657909996748645, 47.061250005772372 ], [ 11.65790999674959, 47.052080005752551 ], [ 11.650409996732344, 47.047080005741684 ], [ 11.649579996731669, 47.034580005714673 ], [ 11.645409996722481, 47.027910005700207 ], [ 11.628749996683391, 47.02458000569284 ], [ 11.627909996682524, 47.013750005669436 ], [ 11.608749996637524, 47.010410005662017 ], [ 11.601249996620288, 47.0054100056511 ], [ 11.5887499965907, 47.005410005650951 ], [ 11.583749996578433, 47.009580005659942 ], [ 11.568749996542754, 47.011250005663371 ], [ 11.555409996510033, 47.022080005686625 ], [ 11.526249996440976, 47.022080005686277 ], [ 11.496249996366446, 47.054580005756193 ], [ 11.501249996377492, 47.062080005772437 ] ] ] } },
{ "type": "Feature", "properties": { "hzb": "201566", "name": "Steinach am Brenner", "river": "Gschnitzbach", "km2": 112.57105986133197, "ice_km2": 0.89412238155864299, "ice_pct": 0.79427375265014533, "melt_mio_m3a": 0.68780914047185904 }, "geometry": { "type": "Polygon", "coordinates": [ [ [ 11.374579996072006, 47.108750005871364 ], [ 11.380409996086298, 47.104580005862445 ], [ 11.388749996106272, 47.10291000585898 ], [ 11.399579996131695, 47.105410005864577 ], [ 11.407079996149758, 47.102910005859272 ], [ 11.412079996161347, 47.105410005864762 ], [ 11.418749996177629, 47.101250005855889 ], [ 11.440409996229009, 47.101250005856208 ], [ 11.448749996249244, 47.097080005847324 ], [ 11.451249996254989, 47.098750005850953 ], [ 11.453749996261193, 47.096250005845597 ], [ 11.46040999627699, 47.096250005845697 ], [ 11.466249996291287, 47.092080005836777 ], [ 11.466249996291655, 47.088750005829567 ], [ 11.452079996259767, 47.072910005795165 ], [ 11.449579996254741, 47.064580005777117 ], [ 11.442079996237505, 47.059580005766186 ], [ 11.437079996226471, 47.052080005749936 ], [ 11.429579996208876, 47.050410005746187 ], [ 11.425409996199715, 47.043750005731738 ], [ 11.418749996184106, 47.042080005728003 ], [ 11.409579996163272, 47.033750005709834 ], [ 11.404579996151424, 47.03375000570977 ], [ 11.397909996136155, 47.028750005698861 ], [ 11.38874999611453, 47.02791000569686 ], [ 11.386249996108427, 47.02958000570046 ], [ 11.378749996091742, 47.019580005678698 ], [ 11.373749996080162, 47.017080005673201 ], [ 11.369579996070183, 47.017910005674928 ], [ 11.367909996066501, 47.015410005669501 ], [ 11.361249996050715, 47.015410005669374 ], [ 11.360409996049732, 47.006250005649562 ], [ 11.35624999604042, 47.001250005638639 ], [ 11.358749996047449, 46.99125000561704 ], [ 11.346249996017912, 46.990410005614983 ], [ 11.342079996008673, 46.984580005602318 ], [ 11.337909995998789, 46.984580005602204 ], [ 11.33290999598648, 46.988750005611173 ], [ 11.329579995978676, 46.987910005609301 ], [ 11.325409995968416, 46.991250005616436 ], [ 11.31707999594858, 46.992080005618078 ], [ 11.307909995927764, 46.983750005599873 ], [ 11.299579995908113, 46.982910005597894 ], [ 11.292079995889958, 46.986250005604965 ], [ 11.277079995855047, 46.980410005592049 ], [ 11.263749995823352, 46.98125000559358 ], [ 11.257079995808285, 46.974580005579007 ], [ 11.246249995782703, 46.973750005576996 ], [ 11.242079995772343, 46.977910005585912 ], [ 11.242079995771585, 46.984580005600336 ], [ 11.246249995780627, 46.992080005616693 ], [ 11.246249995779788, 46.999580005632929 ], [ 11.254579995798604, 47.007910005651119 ], [ 11.252079995791913, 47.014580005665493 ], [ 11.253749995794747, 47.024580005687191 ], [ 11.267909995827868, 47.028750005696473 ], [ 11.273749995841154, 47.033750005707404 ], [ 11.280409995856775, 47.035410005711128 ], [ 11.281249995858008, 47.042080005725559 ], [ 11.285409995867692, 47.043750005729258 ], [ 11.297909995897346, 47.043750005729493 ], [ 11.300409995903554, 47.041250005724137 ], [ 11.307079995919102, 47.043750005729684 ], [ 11.317079995942828, 47.043750005729869 ], [ 11.333749995980416, 47.061250005768017 ], [ 11.350409996018639, 47.07291000579351 ], [ 11.351249996020073, 47.077910005804334 ], [ 11.356249996031478, 47.082080005813459 ], [ 11.357909996033648, 47.097910005847659 ], [ 11.365409996051167, 47.100410005853178 ], [ 11.374579996072006, 47.108750005871364 ] ] ] } },
{ "type": "Feature", "properties": { "hzb": "201699", "name": "Klaushof (Brücke)", "river": "Ziller", "km2": 135.10435570972908, "ice_km2": 4.0302999854916504, "ice_pct": 2.9831014435616914, "melt_mio_m3a": 0.87866221393035981 }, "geometry": { "type": "Polygon", "coordinates": [ [ [ 11.95457999744645, 47.100410005858265 ], [ 11.943749997420616, 47.102910005863656 ], [ 11.937909997406175, 47.109580005877994 ], [ 11.932079997392311, 47.110410005879807 ], [ 11.927079997379934, 47.11625000589239 ], [ 11.925409997375018, 47.126250005913953 ], [ 11.937079997402208, 47.130410005922947 ], [ 11.939579997407797, 47.133750005930146 ], [ 11.935409997397377, 47.139580005942705 ], [ 11.935409997396329, 47.150410005966052 ], [ 11.955409997441695, 47.170410006009156 ], [ 11.962909997459192, 47.172910006014554 ], [ 11.976249997491376, 47.166250006000226 ], [ 11.989579997523046, 47.164580005996591 ], [ 12.002909997555587, 47.153750005973237 ], [ 12.009579997571576, 47.151250005967832 ], [ 12.021249997599165, 47.151250005967796 ], [ 12.026249997611604, 47.144580005953429 ], [ 12.039579997643648, 47.138750005940828 ], [ 12.053749997676652, 47.143750005951553 ], [ 12.058749997688, 47.148750005962334 ], [ 12.06874999771208, 47.143750005951546 ], [ 12.078749997735772, 47.142910005949673 ], [ 12.094579997772923, 47.145410005955 ], [ 12.112079997814782, 47.139580005942342 ], [ 12.114579997822363, 47.121250005902844 ], [ 12.128749997857019, 47.107910005874004 ], [ 12.126249997852629, 47.09125000583807 ], [ 12.132079997866756, 47.087080005829065 ], [ 12.135409997875287, 47.079580005812844 ], [ 12.134579997873482, 47.077910005809279 ], [ 12.128749997859652, 47.078750005811109 ], [ 12.121249997842408, 47.073750005800377 ], [ 12.10707999780861, 47.077910005809386 ], [ 12.088749997765433, 47.077080005807687 ], [ 12.07957999774464, 47.06791000578793 ], [ 12.076249997737538, 47.059580005769945 ], [ 12.05874999769633, 47.058750005768218 ], [ 12.052079997680282, 47.062080005775428 ], [ 12.03707999764495, 47.061250005773644 ], [ 12.03124999763212, 47.051250005752046 ], [ 12.022079997610865, 47.047080005743076 ], [ 11.992909997541775, 47.049580005748517 ], [ 11.985409997524306, 47.047080005743112 ], [ 11.980409997512266, 47.049580005748524 ], [ 11.980409997511792, 47.054580005759327 ], [ 11.973749997495677, 47.058750005768324 ], [ 11.973749997494735, 47.06875000578993 ], [ 11.960409997462124, 47.080410005815104 ], [ 11.95457999744645, 47.100410005858265 ] ] ] } },
{ "type": "Feature", "properties": { "hzb": "201723", "name": "Persal", "river": "Tuxbach", "km2": 128.82147872969375, "ice_km2": 3.9268700831833412, "ice_pct": 3.0483038402494174, "melt_mio_m3a": 3.3610044141387325 }, "geometry": { "type": "Polygon", "coordinates": [ [ [ 11.756249996967451, 47.198750006069716 ], [ 11.763749996985219, 47.198750006069751 ], [ 11.769579997000386, 47.185410006041025 ], [ 11.774579997012314, 47.184580006039262 ], [ 11.778749997022866, 47.177910006024916 ], [ 11.800409997075002, 47.169580006007081 ], [ 11.80040999707567, 47.162910005992664 ], [ 11.81374999710884, 47.147080005958642 ], [ 11.803749997086424, 47.134580005931632 ], [ 11.794579997065298, 47.128750005918995 ], [ 11.787909997049601, 47.127910005917187 ], [ 11.785409997043935, 47.12541000591176 ], [ 11.77624999702217, 47.126250005913533 ], [ 11.763749996993669, 47.115410005890077 ], [ 11.75790999697985, 47.115410005890048 ], [ 11.75540999697435, 47.111250005881047 ], [ 11.747909996956512, 47.112080005882795 ], [ 11.735409996927432, 47.107080005871914 ], [ 11.732909996921936, 47.102910005862924 ], [ 11.723749996900755, 47.09791000585205 ], [ 11.709579996867552, 47.094580005844769 ], [ 11.703749996854349, 47.088750005832154 ], [ 11.703749996855283, 47.079580005812332 ], [ 11.696249996837617, 47.078750005810505 ], [ 11.687909996818888, 47.0687500057888 ], [ 11.680409996801313, 47.067080005785151 ], [ 11.678749996797892, 47.062080005774334 ], [ 11.664579996765376, 47.052080005752636 ], [ 11.657909996749501, 47.052910005754349 ], [ 11.657909996748645, 47.061250005772372 ], [ 11.649579996728667, 47.063750005777685 ], [ 11.646249996720357, 47.067910005786658 ], [ 11.648749996725504, 47.075410005802887 ], [ 11.643749996712712, 47.084580005822652 ], [ 11.647909996722131, 47.088750005831685 ], [ 11.645409996715951, 47.091250005837047 ], [ 11.647079996719304, 47.097080005849655 ], [ 11.641249996705582, 47.096250005847814 ], [ 11.633749996687039, 47.103750005863937 ], [ 11.635409996689317, 47.119580005898129 ], [ 11.638749996696891, 47.122910005905347 ], [ 11.635409996688622, 47.126250005912517 ], [ 11.632909996681226, 47.14041000594306 ], [ 11.641249996700987, 47.140410005943131 ], [ 11.647079996714533, 47.142910005948565 ], [ 11.65040999672182, 47.148750005961169 ], [ 11.660409996745079, 47.152910005970227 ], [ 11.665409996756329, 47.158750005982874 ], [ 11.662079996747133, 47.171250006009799 ], [ 11.668749996762067, 47.179580006027805 ], [ 11.671249996767994, 47.179580006027834 ], [ 11.669579996763343, 47.186250006042208 ], [ 11.665409996753104, 47.189580006049333 ], [ 11.66624999675423, 47.19791000606731 ], [ 11.685409996799736, 47.197080006065654 ], [ 11.690409996811244, 47.200410006072865 ], [ 11.695409996823095, 47.200410006072865 ], [ 11.698749996830582, 47.204580006081898 ], [ 11.704579996844394, 47.204580006081954 ], [ 11.708749996854712, 47.200410006072978 ], [ 11.725409996894372, 47.19875000606951 ], [ 11.72957999690365, 47.204580006082097 ], [ 11.751249996955007, 47.204580006082232 ], [ 11.756249996967451, 47.198750006069716 ] ] ] } },
{ "type": "Feature", "properties": { "hzb": "201772", "name": "Rohr", "river": "Gerlosbach", "km2": 198.2900297314969, "ice_km2": 3.0257079569539775, "ice_pct": 1.5259001983362788, "melt_mio_m3a": 1.5821363972834477 }, "geometry": { "type": "Polygon", "coordinates": [ [ [ 12.05957999768995, 47.148750005962327 ], [ 12.04874999766507, 47.141250005946191 ], [ 12.039579997643648, 47.138750005940828 ], [ 12.026249997611604, 47.144580005953429 ], [ 12.021249997599165, 47.151250005967796 ], [ 12.009579997571576, 47.151250005967832 ], [ 12.002909997555587, 47.153750005973237 ], [ 11.989579997523046, 47.164580005996591 ], [ 11.976249997491376, 47.166250006000226 ], [ 11.967909997471091, 47.172080006012749 ], [ 11.962909997459271, 47.172080006012763 ], [ 11.957079997444678, 47.180410006030705 ], [ 11.936249997395485, 47.179580006028914 ], [ 11.925409997369606, 47.182080006034312 ], [ 11.92707999737315, 47.186250006043295 ], [ 11.922909997362552, 47.193750006059446 ], [ 11.915409997344801, 47.193750006059425 ], [ 11.912909997338486, 47.19791000606839 ], [ 11.907079997324606, 47.198750006070199 ], [ 11.896249997297661, 47.212080006098873 ], [ 11.892909997289751, 47.212080006098844 ], [ 11.887909997277422, 47.217080006109619 ], [ 11.885409997270672, 47.225410006127568 ], [ 11.889579997279888, 47.232080006141928 ], [ 11.893749997289675, 47.232910006143683 ], [ 11.895409997293193, 47.237080006152695 ], [ 11.916249997342366, 47.23875000615628 ], [ 11.924579997362338, 47.236250006150897 ], [ 11.927079997368585, 47.232910006143726 ], [ 11.942909997405962, 47.23375000614552 ], [ 11.95040999742314, 47.239580006158057 ], [ 11.954579997433097, 47.238750006156295 ], [ 11.957079997438768, 47.241250006161664 ], [ 11.96124999744864, 47.241250006161664 ], [ 11.967079997461544, 47.250410006181376 ], [ 11.977079997484967, 47.252910006186717 ], [ 11.974579997477669, 47.267080006217185 ], [ 11.983749997498965, 47.271250006226161 ], [ 11.98540999750257, 47.274580006233322 ], [ 11.991249997516391, 47.2745800062333 ], [ 11.998749997534469, 47.271250006226119 ], [ 12.009579997560095, 47.27125000622609 ], [ 12.0129099975683, 47.267910006218926 ], [ 12.032079997613495, 47.269580006222434 ], [ 12.047079997648583, 47.273750006231367 ], [ 12.045409997644073, 47.279580006243897 ], [ 12.047909997649507, 47.284580006254643 ], [ 12.063749997686903, 47.285410006256356 ], [ 12.071249997705438, 47.277080006238414 ], [ 12.078749997723413, 47.274580006233045 ], [ 12.07624999771814, 47.26791000621872 ], [ 12.079579997726009, 47.267910006218678 ], [ 12.08874999774833, 47.261250006204342 ], [ 12.092909997758081, 47.262080006206091 ], [ 12.103749997784266, 47.256250006193518 ], [ 12.117909997817973, 47.253750006188078 ], [ 12.134579997858854, 47.237910006153932 ], [ 12.131249997851286, 47.234580006146786 ], [ 12.135409997862041, 47.224580006125244 ], [ 12.130409997850617, 47.220410006116289 ], [ 12.130409997852309, 47.202080006076869 ], [ 12.137079997868762, 47.194580006060697 ], [ 12.137079997869369, 47.187910006046323 ], [ 12.141249997879754, 47.182080006033786 ], [ 12.138749997874921, 47.170410006008652 ], [ 12.143749997887339, 47.16375000599426 ], [ 12.137079997872728, 47.151250005967398 ], [ 12.131249997859038, 47.150410005965597 ], [ 12.130409997857361, 47.147080005958422 ], [ 12.119579997831799, 47.147080005958479 ], [ 12.112909997816738, 47.139580005942349 ], [ 12.094579997772923, 47.145410005955 ], [ 12.078749997735772, 47.142910005949673 ], [ 12.06874999771208, 47.143750005951546 ], [ 12.05957999768995, 47.148750005962327 ] ] ] } },
{ "type": "Feature", "properties": { "hzb": "201996", "name": "Neukaser", "river": "Zamserbach", "km2": 23.68367087303546, "ice_km2": 1.6412063106165784, "ice_pct": 6.9296956515517998, "melt_mio_m3a": 2.9225319642582503 }, "geometry": { "type": "Polygon", "coordinates": [ [ [ 11.657909996749501, 47.052910005754349 ], [ 11.662909996761341, 47.052910005754399 ], [ 11.667079996771548, 47.049580005747238 ], [ 11.671249996782436, 47.039580005725668 ], [ 11.683749996812605, 47.033750005713145 ], [ 11.689579996826405, 47.033750005713202 ], [ 11.694579996838746, 47.028750005702435 ], [ 11.697909996847041, 47.024580005693451 ], [ 11.696249996844292, 47.012910005668211 ], [ 11.702079996858334, 47.010410005662834 ], [ 11.711249996881696, 46.993750005626886 ], [ 11.700409996856228, 46.992080005623166 ], [ 11.687079996824288, 46.996250005632092 ], [ 11.677909996803022, 46.992080005622995 ], [ 11.669579996783147, 46.993750005626545 ], [ 11.662079996765575, 46.992080005622832 ], [ 11.657909996755283, 46.996250005631829 ], [ 11.647079996729415, 46.998750005637135 ], [ 11.629579996686303, 47.015410005673033 ], [ 11.628749996683391, 47.02458000569284 ], [ 11.645409996722481, 47.027910005700207 ], [ 11.649579996731669, 47.034580005714673 ], [ 11.650409996732344, 47.047080005741684 ], [ 11.657909996749501, 47.052910005754349 ] ] ] } },
{ "type": "Feature", "properties": { "hzb": "202283", "name": "Krössbach", "river": "Ruetz", "km2": 128.33993331413748, "ice_km2": 12.182955171167876, "ice_pct": 9.4927236258941114, "melt_mio_m3a": 14.768595113781977 }, "geometry": { "type": "Polygon", "coordinates": [ [ [ 11.237079995746914, 47.097080005843559 ], [ 11.249579995777928, 47.085410005818616 ], [ 11.260409995803546, 47.086250005820652 ], [ 11.270409995828894, 47.072080005790227 ], [ 11.282909995859788, 47.061250005767079 ], [ 11.289579995875902, 47.058750005761802 ], [ 11.292909995884363, 47.053750005751056 ], [ 11.290409995879557, 47.043750005729372 ], [ 11.281249995858008, 47.042080005725559 ], [ 11.280409995856775, 47.035410005711128 ], [ 11.273749995841154, 47.033750005707404 ], [ 11.267909995827868, 47.028750005696473 ], [ 11.253749995794747, 47.024580005687191 ], [ 11.252079995791913, 47.014580005665493 ], [ 11.254579995798604, 47.007910005651119 ], [ 11.246249995779788, 46.999580005632929 ], [ 11.246249995780627, 46.992080005616693 ], [ 11.242079995771585, 46.984580005600336 ], [ 11.242079995772343, 46.977910005585912 ], [ 11.247079995784764, 46.97291000557518 ], [ 11.242079995773285, 46.969580005567884 ], [ 11.218749995718051, 46.968750005565546 ], [ 11.208749995695008, 46.962910005552715 ], [ 11.206249995689079, 46.962910005552651 ], [ 11.202909995680487, 46.968750005565234 ], [ 11.193749995658578, 46.970410005568617 ], [ 11.192909995656773, 46.968750005564971 ], [ 11.191249995652653, 46.97041000556856 ], [ 11.175409995616029, 46.962080005550149 ], [ 11.16457999558987, 46.966250005558933 ], [ 11.14624999554667, 46.963750005553081 ], [ 11.146249995546192, 46.967910005562103 ], [ 11.141249995533851, 46.972080005571016 ], [ 11.131249995510316, 46.970410005567182 ], [ 11.125409995496268, 46.972080005570639 ], [ 11.121249995485718, 46.977910005583155 ], [ 11.10874999545625, 46.976250005579253 ], [ 11.097079995427386, 46.986250005600624 ], [ 11.090409995411271, 46.988750005605894 ], [ 11.094579995420576, 46.993750005616789 ], [ 11.094579995418918, 47.00791000564746 ], [ 11.098749995428228, 47.012910005658384 ], [ 11.098749995427548, 47.018750005671016 ], [ 11.108749995450703, 47.023750005682103 ], [ 11.119579995476215, 47.025410005685941 ], [ 11.120409995477507, 47.031250005698638 ], [ 11.129579995498601, 47.037080005711424 ], [ 11.141249995526403, 47.036250005709938 ], [ 11.141249995525145, 47.047080005733356 ], [ 11.154579995556599, 47.04875000573729 ], [ 11.157079995561856, 47.054580005749955 ], [ 11.163749995577598, 47.055410005751916 ], [ 11.167909995586795, 47.061250005764606 ], [ 11.181249995618284, 47.062910005768522 ], [ 11.187909995633419, 47.06875000578129 ], [ 11.19540999565133, 47.067910005779638 ], [ 11.210409995686462, 47.072080005788976 ], [ 11.212079995689463, 47.080410005807032 ], [ 11.220409995708858, 47.08375000581443 ], [ 11.227909995726669, 47.083750005814579 ], [ 11.230409995731652, 47.092080005832649 ], [ 11.23540999574333, 47.093750005836348 ], [ 11.237079995746914, 47.097080005843559 ] ] ] } },
{ "type": "Feature", "properties": { "hzb": "203026", "name": "Wald", "river": "Salzach", "km2": 206.45319253680589, "ice_km2": 7.1516476917759908, "ice_pct": 3.46405284602272, "melt_mio_m3a": 5.0927508926884224 }, "geometry": { "type": "Polygon", "coordinates": [ [ [ 12.223749998070819, 47.222910006121047 ], [ 12.208749998036462, 47.211250006096073 ], [ 12.205409998029932, 47.196250006063821 ], [ 12.211249998044167, 47.191250006053025 ], [ 12.207909998036962, 47.183750006036924 ], [ 12.213749998051341, 47.1770800060225 ], [ 12.21374999805194, 47.17041000600814 ], [ 12.218749998064105, 47.166250005999167 ], [ 12.222909998074892, 47.155410005975796 ], [ 12.220409998070249, 47.141250005945295 ], [ 12.225409998082556, 47.135410005932677 ], [ 12.237909998112325, 47.132080005925388 ], [ 12.243749998126983, 47.122080005903783 ], [ 12.26707999818321, 47.107910005873059 ], [ 12.269579998189897, 47.09875000585329 ], [ 12.276249998205758, 47.097080005849612 ], [ 12.283749998223927, 47.091250005836983 ], [ 12.269579998191555, 47.079580005811955 ], [ 12.267909998188053, 47.074580005801174 ], [ 12.246249998137534, 47.068750005788807 ], [ 12.237909998117809, 47.069580005790634 ], [ 12.225409998087189, 47.082910005819485 ], [ 12.217909998069432, 47.083750005821351 ], [ 12.216249998065308, 47.086250005826798 ], [ 12.201249998029878, 47.08708000582866 ], [ 12.186249997994063, 47.092080005839534 ], [ 12.152909997916559, 47.079580005812751 ], [ 12.135409997875211, 47.080410005814642 ], [ 12.132079997866756, 47.087080005829065 ], [ 12.126249997852629, 47.09125000583807 ], [ 12.129579997859201, 47.10541000586862 ], [ 12.126249997850737, 47.112080005883023 ], [ 12.114579997822363, 47.121250005902844 ], [ 12.112079997814782, 47.139580005942342 ], [ 12.119579997831799, 47.147080005958479 ], [ 12.130409997857361, 47.147080005958422 ], [ 12.131249997859038, 47.150410005965597 ], [ 12.137079997872728, 47.151250005967398 ], [ 12.143749997887339, 47.16375000599426 ], [ 12.138749997874921, 47.170410006008652 ], [ 12.141249997879754, 47.182080006033786 ], [ 12.137079997869369, 47.187910006046323 ], [ 12.137079997868762, 47.194580006060697 ], [ 12.130409997852309, 47.202080006076869 ], [ 12.130409997850617, 47.220410006116289 ], [ 12.135409997862041, 47.224580006125244 ], [ 12.131249997851286, 47.234580006146786 ], [ 12.134579997858854, 47.237910006153932 ], [ 12.117909997817973, 47.253750006188078 ], [ 12.103749997784266, 47.256250006193518 ], [ 12.092909997758081, 47.262080006206091 ], [ 12.08874999774833, 47.261250006204342 ], [ 12.079579997726009, 47.267910006218678 ], [ 12.07624999771814, 47.26791000621872 ], [ 12.081249997728852, 47.279580006243755 ], [ 12.088749997746113, 47.284580006254458 ], [ 12.094579997759828, 47.285410006256228 ], [ 12.096249997763222, 47.29125000626874 ], [ 12.101249997774895, 47.292910006272301 ], [ 12.102909997778347, 47.29791000628304 ], [ 12.112909997801204, 47.306250006300886 ], [ 12.118749997815341, 47.302910006293672 ], [ 12.126249997833149, 47.302080006291852 ], [ 12.14124999786987, 47.288750006263157 ], [ 12.147079997883733, 47.287910006261306 ], [ 12.151249997893121, 47.292910006272031 ], [ 12.157079997906825, 47.293750006273775 ], [ 12.167909997931579, 47.302910006293388 ], [ 12.178749997957432, 47.300410006287933 ], [ 12.192079997988861, 47.301250006289649 ], [ 12.197909998002947, 47.297910006282436 ], [ 12.210409998032016, 47.30291000629304 ], [ 12.220409998054736, 47.312910006314439 ], [ 12.228749998074443, 47.312910006314347 ], [ 12.237079998095194, 47.301250006289266 ], [ 12.235409998091777, 47.29541000627674 ], [ 12.23957999810276, 47.282910006249857 ], [ 12.231249998085133, 47.260410006201589 ], [ 12.234579998093601, 47.253750006187261 ], [ 12.232909998091015, 47.238750006155023 ], [ 12.222909998068236, 47.229580006135393 ], [ 12.223749998070819, 47.222910006121047 ] ] ] } },
{ "type": "Feature", "properties": { "hzb": "203042", "name": "Neukirchen", "river": "Untersulzbach", "km2": 42.225393286928686, "ice_km2": 5.7886379707444222, "ice_pct": 13.708902440315118, "melt_mio_m3a": 5.4795758597653723 }, "geometry": { "type": "Polygon", "coordinates": [ [ [ 12.262079998160019, 47.237080006151167 ], [ 12.27790999819775, 47.23291000614207 ], [ 12.297909998246336, 47.217080006107821 ], [ 12.304579998262147, 47.216250006105966 ], [ 12.312079998280643, 47.207080006086173 ], [ 12.312909998283107, 47.201250006073629 ], [ 12.322909998307409, 47.192910006055548 ], [ 12.327909998320566, 47.177080006021441 ], [ 12.34790999836857, 47.167080005999679 ], [ 12.348749998370979, 47.16208000598894 ], [ 12.364579998410044, 47.141250005943895 ], [ 12.35457999838763, 47.127910005915275 ], [ 12.355409998390357, 47.118750005895521 ], [ 12.359579998400527, 47.114580005886481 ], [ 12.35374999838737, 47.107910005872178 ], [ 12.343749998363675, 47.109580005875927 ], [ 12.347909998373048, 47.11458000588663 ], [ 12.342909998360915, 47.118750005895656 ], [ 12.344579998364434, 47.123750005906437 ], [ 12.339579998352011, 47.131250005922631 ], [ 12.321249998308547, 47.134580005930012 ], [ 12.318749998302431, 47.13708000593541 ], [ 12.31124999828484, 47.136250005933718 ], [ 12.303749998266658, 47.142080005946347 ], [ 12.293749998241784, 47.157080005978735 ], [ 12.292079998237048, 47.166250005998528 ], [ 12.283749998216827, 47.17291000601292 ], [ 12.284579998218057, 47.181250006030865 ], [ 12.277079998199635, 47.189580006048892 ], [ 12.275409998194807, 47.199580006070398 ], [ 12.271249998184478, 47.205410006082971 ], [ 12.262909998164355, 47.210410006093817 ], [ 12.257909998151222, 47.225410006126104 ], [ 12.251249998134986, 47.231250006138765 ], [ 12.253749998140583, 47.234580006145876 ], [ 12.262079998160019, 47.237080006151167 ] ] ] } },
{ "type": "Feature", "properties": { "hzb": "203141", "name": "Bruck (Fuscher Ache)", "river": "Fuscher Ache", "km2": 161.98033242203067, "ice_km2": 6.5087101989419267, "ice_pct": 4.0182101750376997, "melt_mio_m3a": 7.1082726529858267 }, "geometry": { "type": "Polygon", "coordinates": [ [ [ 12.822079999475068, 47.275410006223645 ], [ 12.82874999949097, 47.272080006216335 ], [ 12.832909999501167, 47.266250006203727 ], [ 12.840409999518711, 47.267080006205298 ], [ 12.845409999530627, 47.264580006199786 ], [ 12.850409999542727, 47.259580006188941 ], [ 12.848749999539207, 47.254580006178259 ], [ 12.852079999547144, 47.252910006174588 ], [ 12.853749999551495, 47.247080006162044 ], [ 12.867079999582751, 47.247080006161688 ], [ 12.87957999961249, 47.241250006148839 ], [ 12.887079999629956, 47.242910006152208 ], [ 12.892079999641982, 47.238750006143128 ], [ 12.897909999655651, 47.238750006143 ], [ 12.897079999655034, 47.22041000610367 ], [ 12.899579999661368, 47.213750006089256 ], [ 12.894579999649826, 47.21125000608405 ], [ 12.894579999650071, 47.207910006076887 ], [ 12.897079999656231, 47.20375000606785 ], [ 12.902079999668004, 47.202910006065927 ], [ 12.907909999682023, 47.197910006055046 ], [ 12.906249999678849, 47.187910006033611 ], [ 12.897909999659907, 47.179580006015939 ], [ 12.859579999571059, 47.166250005988317 ], [ 12.858749999569472, 47.161250005977593 ], [ 12.852909999556028, 47.157910005970571 ], [ 12.854579999560418, 47.1512500059562 ], [ 12.851249999553044, 47.145410005943717 ], [ 12.853749999559136, 47.142080005936499 ], [ 12.84374999953595, 47.13875000592958 ], [ 12.841249999530811, 47.128750005908145 ], [ 12.83124999950774, 47.123750005897627 ], [ 12.828749999502302, 47.117910005885122 ], [ 12.824579999492659, 47.116250005881696 ], [ 12.827079999499171, 47.107080005861853 ], [ 12.821249999486172, 47.097910005842287 ], [ 12.804579999447112, 47.09791000584265 ], [ 12.80374999944536, 47.095410005837351 ], [ 12.79707999942991, 47.092910005832103 ], [ 12.781249999392815, 47.092910005832458 ], [ 12.774579999376629, 47.100410005848772 ], [ 12.760409999343482, 47.099580005847315 ], [ 12.757079999335861, 47.097080005842024 ], [ 12.749579999318087, 47.099580005847557 ], [ 12.738749999292693, 47.099580005847812 ], [ 12.732909999278634, 47.104580005858701 ], [ 12.734579999281866, 47.113750005878423 ], [ 12.729579999270143, 47.113750005878487 ], [ 12.72624999926215, 47.116250005883956 ], [ 12.715409999236719, 47.116250005884211 ], [ 12.712079999228157, 47.126250005905796 ], [ 12.717079999239637, 47.129580005912871 ], [ 12.732079999274694, 47.131250005916137 ], [ 12.734579999279438, 47.146250005948332 ], [ 12.742079999296912, 47.147910005951736 ], [ 12.744579999302335, 47.153750005964255 ], [ 12.757079999331349, 47.157910005972923 ], [ 12.76124999934051, 47.166250005990747 ], [ 12.75707999933042, 47.170410005999777 ], [ 12.760409999337227, 47.183750006028355 ], [ 12.7562499993274, 47.184580006030245 ], [ 12.747079999305193, 47.193750006050188 ], [ 12.752909999318245, 47.202080006067938 ], [ 12.752079999315853, 47.207910006080503 ], [ 12.758749999331201, 47.212080006089273 ], [ 12.767909999351309, 47.230410006128423 ], [ 12.774579999366773, 47.232910006133636 ], [ 12.779579999377885, 47.241250006151418 ], [ 12.791249999404709, 47.248750006167249 ], [ 12.793749999410075, 47.255410006181464 ], [ 12.805409999436565, 47.267080006206193 ], [ 12.809579999446354, 47.267080006206058 ], [ 12.822079999475068, 47.275410006223645 ] ] ] } },
{ "type": "Feature", "properties": { "hzb": "203158", "name": "Bucheben", "river": "Hüttwinklache", "km2": 95.399808983733081, "ice_km2": 2.3381094466107095, "ice_pct": 2.4508533837938691, "melt_mio_m3a": 2.050242238316677 }, "geometry": { "type": "Polygon", "coordinates": [ [ [ 12.954579999793722, 47.163750005980354 ], [ 12.963749999815406, 47.160410005972864 ], [ 12.970409999830823, 47.16291000597807 ], [ 12.981249999856642, 47.15625000596345 ], [ 12.984579999864438, 47.156250005963358 ], [ 12.988749999873903, 47.16041000597216 ], [ 12.991249999879932, 47.157910005966706 ], [ 13.002079999905369, 47.156250005962811 ], [ 13.013749999933172, 47.148750005946368 ], [ 13.022079999952709, 47.147910005944304 ], [ 13.020409999949868, 47.132080005910318 ], [ 13.029579999972082, 47.120410005884963 ], [ 13.026249999965126, 47.107910005858159 ], [ 13.030409999975127, 47.103750005849122 ], [ 13.030409999975509, 47.097910005836511 ], [ 13.038749999995444, 47.091250005821969 ], [ 13.025409999964717, 47.084580005808021 ], [ 13.027909999971101, 47.076250005789994 ], [ 13.03290999998284, 47.075410005788044 ], [ 13.031249999979229, 47.07125000577912 ], [ 13.012079999934999, 47.062910005761772 ], [ 13.001249999910357, 47.052910005740536 ], [ 13.002079999912899, 47.043750005720796 ], [ 12.998749999905337, 47.04041000571371 ], [ 12.985409999874507, 47.035410005703326 ], [ 12.982079999866503, 47.038750005710604 ], [ 12.968749999835413, 47.037910005709186 ], [ 12.956249999805872, 47.042910005720287 ], [ 12.95290999979756, 47.050410005736552 ], [ 12.956249999805145, 47.053750005743652 ], [ 12.942909999773619, 47.058750005754789 ], [ 12.942909999773169, 47.065410005769131 ], [ 12.936249999756807, 47.077080005794478 ], [ 12.916249999709727, 47.081250005803987 ], [ 12.915409999707133, 47.090410005823713 ], [ 12.908749999690746, 47.10208000584899 ], [ 12.911249999695549, 47.117080005881206 ], [ 12.907909999687554, 47.119580005886689 ], [ 12.9112499996948, 47.127910005904518 ], [ 12.913749999700357, 47.132080005913402 ], [ 12.918749999712002, 47.132910005915036 ], [ 12.920409999715591, 47.137080005923963 ], [ 12.923749999723414, 47.137080005923863 ], [ 12.918749999711419, 47.141250005932989 ], [ 12.920409999714778, 47.148750005949047 ], [ 12.937909999755339, 47.154580005961115 ], [ 12.941249999762686, 47.161250005975354 ], [ 12.947909999778338, 47.160410005973347 ], [ 12.954579999793722, 47.163750005980354 ] ] ] } },
{ "type": "Feature", "properties": { "hzb": "203554", "name": "Uttendorf (ÖBB)", "river": "Stubache", "km2": 122.41662490640209, "ice_km2": 5.6989826629549523, "ice_pct": 4.655399270574816, "melt_mio_m3a": 7.0994266449963801 }, "geometry": { "type": "Polygon", "coordinates": [ [ [ 12.568749998880197, 47.26791000621315 ], [ 12.575409998896351, 47.262080006200492 ], [ 12.58374999891611, 47.26041000619675 ], [ 12.602079998960454, 47.245410006164228 ], [ 12.611249998982222, 47.242910006158695 ], [ 12.612079998984971, 47.232910006137168 ], [ 12.622909999011172, 47.223750006117278 ], [ 12.632909999035146, 47.217910006104546 ], [ 12.637079999044945, 47.217910006104468 ], [ 12.636249999043589, 47.210410006088352 ], [ 12.639579999051611, 47.207910006082905 ], [ 12.664579999111076, 47.19875000606271 ], [ 12.670409999124773, 47.198750006062618 ], [ 12.676249999139076, 47.191250006046353 ], [ 12.687909999166719, 47.187910006038948 ], [ 12.668749999125129, 47.143750005944383 ], [ 12.66957999912759, 47.137080005929995 ], [ 12.676249999143691, 47.13125000591733 ], [ 12.672079999134477, 47.123750005901265 ], [ 12.667079999122862, 47.122080005897736 ], [ 12.667079999123313, 47.116250005885206 ], [ 12.672909999137627, 47.107910005867105 ], [ 12.662909999114541, 47.102910005856586 ], [ 12.658749999105162, 47.097910005845897 ], [ 12.638749999057703, 47.104580005860647 ], [ 12.628749999033394, 47.115410005884172 ], [ 12.618749999009456, 47.121250005896925 ], [ 12.592079998946483, 47.125410005906375 ], [ 12.588749998938132, 47.132080005920791 ], [ 12.579579998916657, 47.131250005919178 ], [ 12.567079998886953, 47.13541000592835 ], [ 12.565409998882695, 47.139580005937347 ], [ 12.558749998866711, 47.143750005946444 ], [ 12.560409998869542, 47.157080005975104 ], [ 12.557079998861454, 47.160410005982335 ], [ 12.557909998862801, 47.167910005998451 ], [ 12.553749998852092, 47.179580006023649 ], [ 12.551249998846135, 47.180410006025461 ], [ 12.55374999885114, 47.191250006048719 ], [ 12.547909998837138, 47.194580006056 ], [ 12.539579998816729, 47.204580006077641 ], [ 12.539579998816386, 47.208750006086589 ], [ 12.530409998794198, 47.216250006102875 ], [ 12.527079998785132, 47.231250006135149 ], [ 12.530409998792969, 47.231250006135099 ], [ 12.547079998830627, 47.250410006175983 ], [ 12.553749998846261, 47.251250006177663 ], [ 12.568749998880197, 47.26791000621315 ] ] ] } },
{ "type": "Feature", "properties": { "hzb": "203596", "name": "Habach", "river": "Habach", "km2": 44.94660990867937, "ice_km2": 2.6479684428146357, "ice_pct": 5.8913641055346924, "melt_mio_m3a": 1.8101598420149034 }, "geometry": { "type": "Polygon", "coordinates": [ [ [ 12.324579998306538, 47.247910006173811 ], [ 12.342079998348252, 47.242910006162866 ], [ 12.357909998386519, 47.232080006139391 ], [ 12.367079998409155, 47.220410006114186 ], [ 12.367079998410304, 47.207080006085519 ], [ 12.377909998436047, 47.204580006080043 ], [ 12.380409998442149, 47.202080006074617 ], [ 12.377909998436827, 47.1954100060603 ], [ 12.381249998445123, 47.190410006049497 ], [ 12.385409998455279, 47.186250006040517 ], [ 12.401249998493025, 47.181250006029551 ], [ 12.403749998499542, 47.17375000601335 ], [ 12.402079998497225, 47.154580005972136 ], [ 12.383749998454904, 47.144580005950836 ], [ 12.374579998433385, 47.143750005949158 ], [ 12.372909998429732, 47.140410005941973 ], [ 12.362079998404086, 47.142080005945715 ], [ 12.34790999836857, 47.167080005999679 ], [ 12.327909998320566, 47.177080006021441 ], [ 12.322909998307409, 47.192910006055548 ], [ 12.312909998283107, 47.201250006073629 ], [ 12.312079998280643, 47.207080006086173 ], [ 12.307079998268403, 47.212080006096969 ], [ 12.312909998281137, 47.223750006122017 ], [ 12.311249998276564, 47.231250006138168 ], [ 12.324579998306898, 47.243750006164866 ], [ 12.324579998306538, 47.247910006173811 ] ] ] } },
{ "type": "Feature", "properties": { "hzb": "203851", "name": "Böckstein (Summenpegel)", "river": "Nassfelder Ache m.Werksk.", "km2": 56.910416521264665, "ice_km2": 0.2481089879479334, "ice_pct": 0.43596410484050335, "melt_mio_m3a": 0.26813616782613353 }, "geometry": { "type": "Polygon", "coordinates": [ [ [ 13.08791000010971, 47.099580005838334 ], [ 13.102910000144728, 47.099580005837851 ], [ 13.114580000172712, 47.087910005812383 ], [ 13.112080000167094, 47.084580005805293 ], [ 13.11875000018324, 47.075410005785344 ], [ 13.112910000170084, 47.067910005769392 ], [ 13.117080000180131, 47.062910005758496 ], [ 13.10125000014383, 47.052910005737481 ], [ 13.11208000016936, 47.048750005728181 ], [ 13.131250000214903, 47.035410005698836 ], [ 13.127080000205748, 47.026250005679259 ], [ 13.098750000139784, 47.024580005676555 ], [ 13.090410000120118, 47.027910005684028 ], [ 13.083750000104635, 47.027080005682414 ], [ 13.072080000078248, 47.013750005654053 ], [ 13.058750000046935, 47.017080005661654 ], [ 13.050410000027098, 47.022910005674454 ], [ 13.040410000003757, 47.022910005674781 ], [ 13.03540999999182, 47.027080005683899 ], [ 13.020409999956634, 47.029580005689745 ], [ 13.01957999995394, 47.041250005714907 ], [ 13.002079999912899, 47.043750005720796 ], [ 13.001249999910357, 47.052910005740536 ], [ 13.015409999942609, 47.065410005767035 ], [ 13.031249999979229, 47.07125000577912 ], [ 13.03290999998284, 47.075410005788044 ], [ 13.028749999973119, 47.075410005788186 ], [ 13.02540999996488, 47.082080005802631 ], [ 13.030409999976122, 47.088750005816848 ], [ 13.034579999985748, 47.090410005820274 ], [ 13.044580000009276, 47.087910005814578 ], [ 13.055410000034463, 47.089580005817837 ], [ 13.058750000042536, 47.085410005808782 ], [ 13.067910000063984, 47.084580005806693 ], [ 13.077080000085124, 47.088750005815385 ], [ 13.08791000010971, 47.099580005838334 ] ] ] } },
{ "type": "Feature", "properties": { "hzb": "203893", "name": "Kees", "river": "Obersulzbach", "km2": 20.103536431554407, "ice_km2": 10.356898941255269, "ice_pct": 51.517796266925117, "melt_mio_m3a": 9.7384224445033851 }, "geometry": { "type": "Polygon", "coordinates": [ [ [ 12.309579998280832, 47.137080005935509 ], [ 12.318749998302431, 47.13708000593541 ], [ 12.321249998308547, 47.134580005930012 ], [ 12.339579998352011, 47.131250005922631 ], [ 12.344579998364434, 47.123750005906437 ], [ 12.342909998360915, 47.118750005895656 ], [ 12.347909998373124, 47.113750005884853 ], [ 12.339579998354001, 47.107910005872327 ], [ 12.332909998338225, 47.108750005874242 ], [ 12.317079998301221, 47.105410005867199 ], [ 12.313749998294027, 47.097910005851077 ], [ 12.307079998278812, 47.092080005838547 ], [ 12.28790999823344, 47.094580005844143 ], [ 12.282909998221882, 47.092080005838795 ], [ 12.269579998189897, 47.09875000585329 ], [ 12.26707999818321, 47.107910005873059 ], [ 12.262909998173168, 47.110410005878506 ], [ 12.281249998214799, 47.128750005917851 ], [ 12.288749998232614, 47.127080005914181 ], [ 12.302079998263661, 47.13125000592305 ], [ 12.309579998280832, 47.137080005935509 ] ] ] } },
{ "type": "Feature", "properties": { "hzb": "205146", "name": "Steeg (Seeausfluss)", "river": "Traun", "km2": 612.19097012250279, "ice_km2": 4.2280431477068223, "ice_pct": 0.69064121394354572, "melt_mio_m3a": 3.9156592002292214 }, "geometry": { "type": "Polygon", "coordinates": [ [ [ 13.614580003426921, 47.603750003207431 ], [ 13.617080003432282, 47.606250003212423 ], [ 13.625410003450519, 47.607080003213468 ], [ 13.632910003466431, 47.617910003235416 ], [ 13.636250003473718, 47.618750003236897 ], [ 13.63625000347384, 47.616250003231677 ], [ 13.642080003486676, 47.615410003229421 ], [ 13.643750003489924, 47.623750003246691 ], [ 13.648750003500723, 47.627080003253184 ], [ 13.644580003491322, 47.632080003263951 ], [ 13.645410003492934, 47.636250003272544 ], [ 13.662910003530277, 47.657080003314441 ], [ 13.66708000353942, 47.657080003314078 ], [ 13.672910003551868, 47.663750003327465 ], [ 13.677080003561224, 47.659580003318432 ], [ 13.686250003581453, 47.657080003312466 ], [ 13.687910003585428, 47.650410003298418 ], [ 13.699580003611008, 47.650410003297424 ], [ 13.704580003621629, 47.657080003310895 ], [ 13.714580003643668, 47.654580003304837 ], [ 13.719580003654006, 47.667080003330405 ], [ 13.73125000367949, 47.668750003332867 ], [ 13.738750003695715, 47.67291000334086 ], [ 13.742910003704454, 47.68041000335608 ], [ 13.748750003717287, 47.679580003353877 ], [ 13.747910003715692, 47.67458000334355 ], [ 13.765410003754686, 47.660410003312521 ], [ 13.772910003770987, 47.66291000331708 ], [ 13.777910003781967, 47.662080003314919 ], [ 13.783750003794626, 47.6645800033196 ], [ 13.787080003801469, 47.673750003338377 ], [ 13.793750003816019, 47.674580003339535 ], [ 13.7987500038268, 47.677910003346007 ], [ 13.816250003865074, 47.677910003344437 ], [ 13.817910003868349, 47.685410003359856 ], [ 13.823750003880958, 47.688750003366259 ], [ 13.822910003878887, 47.693750003376742 ], [ 13.829580003893225, 47.698750003386529 ], [ 13.826250003885702, 47.703750003397204 ], [ 13.829580003892625, 47.711250003412481 ], [ 13.839580003914694, 47.707080003402901 ], [ 13.860410003960299, 47.705410003397589 ], [ 13.86541000397099, 47.710410003407503 ], [ 13.865410003970593, 47.718750003424816 ], [ 13.873750003988498, 47.725410003437858 ], [ 13.877080003995774, 47.725410003437553 ], [ 13.879580004001479, 47.720410003426956 ], [ 13.885410004014132, 47.722080003429888 ], [ 13.881250004005313, 47.716250003418189 ], [ 13.890410004025645, 47.709580003403502 ], [ 13.885410004014958, 47.704580003393595 ], [ 13.885410004015069, 47.70208000338841 ], [ 13.890410004026071, 47.700410003384462 ], [ 13.8895800040246, 47.692910003368979 ], [ 13.894580004035635, 47.69041000336334 ], [ 13.931250004115661, 47.690410003359972 ], [ 13.934580004123037, 47.687910003354467 ], [ 13.942080004139168, 47.692910003364155 ], [ 13.946250004148299, 47.692080003362015 ], [ 13.956250004169922, 47.696250003369784 ], [ 13.961250004180483, 47.703750003384862 ], [ 13.969580004198754, 47.701250003378895 ], [ 13.972080004204429, 47.696250003368299 ], [ 13.99208000424793, 47.697910003369842 ], [ 14.003750004273025, 47.705410003384294 ], [ 14.012910004293122, 47.702080003376537 ], [ 14.03541000434153, 47.715410003402035 ], [ 14.04041000435252, 47.712910003396367 ], [ 14.032910004336593, 47.703750003378104 ], [ 14.035410004342287, 47.697910003365756 ], [ 14.023750004317199, 47.691250003353026 ], [ 14.022910004315616, 47.685410003341005 ], [ 14.028750004328607, 47.67875000332662 ], [ 14.037080004346739, 47.678750003325831 ], [ 14.043750004361531, 47.672080003311365 ], [ 14.047080004368745, 47.672910003312779 ], [ 14.051250004378025, 47.667910003301998 ], [ 14.054580004385265, 47.667910003301671 ], [ 14.05458000438551, 47.662080003289574 ], [ 14.062080004401922, 47.659580003283679 ], [ 14.064580004407565, 47.654580003273061 ], [ 14.056250004389625, 47.650410003265179 ], [ 14.052080004380485, 47.652080003269049 ], [ 14.045410004366294, 47.64458000325412 ], [ 14.037910004350017, 47.643750003253103 ], [ 14.039580004353924, 47.637080003239099 ], [ 14.034580004343221, 47.632910003230904 ], [ 14.017910004306991, 47.632080003230747 ], [ 14.011250004292389, 47.634580003236564 ], [ 14.005410004279753, 47.632910003233661 ], [ 13.998750004265151, 47.635410003239457 ], [ 13.995410004258021, 47.632080003232872 ], [ 13.989580004245289, 47.632910003235132 ], [ 13.987910004241767, 47.630410003230089 ], [ 13.972910004209103, 47.630410003231496 ], [ 13.967910004197856, 47.638750003249278 ], [ 13.965410004192476, 47.637080003246048 ], [ 13.947080004152506, 47.637910003249473 ], [ 13.947080004152717, 47.632910003239076 ], [ 13.943750004145604, 47.629580003232448 ], [ 13.932910004122084, 47.627080003228265 ], [ 13.923750004102764, 47.612080003197903 ], [ 13.917080004088263, 47.61125000319678 ], [ 13.913750004081182, 47.607080003188408 ], [ 13.894580004039225, 47.61041000319706 ], [ 13.887910004025187, 47.598750003173414 ], [ 13.877910004003342, 47.599580003176058 ], [ 13.876250004000116, 47.590410003157103 ], [ 13.871250003989241, 47.589580003155838 ], [ 13.867910003982173, 47.584580003145724 ], [ 13.884580004019181, 47.569580003112989 ], [ 13.887080004024948, 47.562080003097165 ], [ 13.881250004012484, 47.556250003085516 ], [ 13.885410004021733, 47.552080003076462 ], [ 13.883750004018294, 47.54791000306794 ], [ 13.886250004023845, 47.545410003062493 ], [ 13.878750004007633, 47.542080003056242 ], [ 13.880410004011637, 47.532910003036982 ], [ 13.873750003997287, 47.528750003028904 ], [ 13.876250004002845, 47.526250003023449 ], [ 13.874580003999474, 47.5195800030097 ], [ 13.869580003988581, 47.519580003010162 ], [ 13.861250003970587, 47.515410003002202 ], [ 13.858750003965071, 47.517080003005894 ], [ 13.854580003956181, 47.512080002995823 ], [ 13.844580003934366, 47.512080002996704 ], [ 13.842080003929052, 47.508750002990006 ], [ 13.837080003918144, 47.508750002990418 ], [ 13.834580003912798, 47.506250002985446 ], [ 13.827910003898205, 47.507080002987749 ], [ 13.8245800038908, 47.510410002994981 ], [ 13.810410003860117, 47.504580002984078 ], [ 13.804580003847246, 47.507910002991494 ], [ 13.797080003831018, 47.504580002985215 ], [ 13.77708000378737, 47.503750002985186 ], [ 13.776250003785632, 47.502080002981785 ], [ 13.765410003761945, 47.502080002982709 ], [ 13.76208000375456, 47.504580002988213 ], [ 13.752080003732891, 47.50041000298036 ], [ 13.747910003723597, 47.504580002989428 ], [ 13.746250003720039, 47.502910002986106 ], [ 13.737910003701735, 47.504580002990288 ], [ 13.731250003686871, 47.51125000300474 ], [ 13.722080003666893, 47.509580003002043 ], [ 13.71625000365399, 47.512910003009495 ], [ 13.711250003643055, 47.512910003009935 ], [ 13.709580003639886, 47.502080002987462 ], [ 13.700410003620123, 47.495410002974282 ], [ 13.695410003609668, 47.484580002952107 ], [ 13.692080003602458, 47.482910002948898 ], [ 13.692910003604418, 47.479580002941837 ], [ 13.697080003613619, 47.477910002938032 ], [ 13.694580003608262, 47.475410002933003 ], [ 13.687080003591776, 47.477080002937136 ], [ 13.684580003586376, 47.47541000293382 ], [ 13.677910003571634, 47.478750002941361 ], [ 13.670410003555673, 47.468750002921098 ], [ 13.669580003554113, 47.462910002908956 ], [ 13.656250003525203, 47.457080002897897 ], [ 13.652080003516325, 47.451250002885999 ], [ 13.644580003499911, 47.451250002886631 ], [ 13.641250003492502, 47.453750002892136 ], [ 13.640410003490107, 47.466250002918358 ], [ 13.626250003459008, 47.467910002922963 ], [ 13.623750003453381, 47.471250002930176 ], [ 13.614580003433209, 47.472910002934348 ], [ 13.609580003422099, 47.476250002941754 ], [ 13.582910003363748, 47.473750002938651 ], [ 13.572080001215241, 47.482080006637361 ], [ 13.567910001205528, 47.482080006637574 ], [ 13.565410001199449, 47.486250006646536 ], [ 13.555410001176149, 47.48625000664704 ], [ 13.547910001158419, 47.490410006656248 ], [ 13.537080001133075, 47.492080006660338 ], [ 13.534580001127042, 47.495410006667548 ], [ 13.520410001094055, 47.49458000666646 ], [ 13.513750001078012, 47.502910006684495 ], [ 13.509580001068285, 47.502910006684701 ], [ 13.504580001056155, 47.510410006700909 ], [ 13.488750001019067, 47.512910006706939 ], [ 13.487080001014697, 47.520410006722983 ], [ 13.481250001001035, 47.521250006725062 ], [ 13.477080000990776, 47.529580006742968 ], [ 13.477080000990192, 47.538750006762477 ], [ 13.473750000982372, 47.539580006764417 ], [ 13.483750001004912, 47.552080006790497 ], [ 13.479580000994103, 47.568750006826143 ], [ 13.494580001028536, 47.577910006844881 ], [ 13.496250001032221, 47.581250006851903 ], [ 13.504580001051671, 47.581250006851491 ], [ 13.507080001057238, 47.585410006860236 ], [ 13.50458000105081, 47.594580006879823 ], [ 13.508750001060335, 47.5979100068867 ], [ 13.508750001059957, 47.603750006899098 ], [ 13.522910001092043, 47.618750006930263 ], [ 13.532910001115184, 47.622080006936834 ], [ 13.535410001120802, 47.625410006943774 ], [ 13.54708000114837, 47.620410006932595 ], [ 13.549580001154094, 47.62208000693601 ], [ 13.557910001173591, 47.621250006933856 ], [ 13.560410001179266, 47.623750006939034 ], [ 13.559580001177853, 47.615410006921351 ], [ 13.569580001201505, 47.61041000691025 ], [ 13.578753998723629, 47.607908730242833 ], [ 13.602080003399236, 47.608750003218901 ], [ 13.614580003426921, 47.603750003207431 ] ] ] } },
{ "type": "Feature", "properties": { "hzb": "212043", "name": "Hinterbichl", "river": "Isel", "km2": 106.69287557297577, "ice_km2": 12.295569933470423, "ice_pct": 11.524265202750584, "melt_mio_m3a": 7.678361583142232 }, "geometry": { "type": "Polygon", "coordinates": [ [ [ 12.321249998322074, 46.974580005584777 ], [ 12.312079998300717, 46.972080005579457 ], [ 12.298749998269157, 46.974580005584976 ], [ 12.293749998257111, 46.977910005592214 ], [ 12.283749998234009, 46.972910005581511 ], [ 12.276249998216082, 46.976250005588795 ], [ 12.264579998188628, 46.976250005588888 ], [ 12.260409998178035, 46.985410005608713 ], [ 12.254579998164029, 46.988750005615991 ], [ 12.247079998146949, 46.982080005601631 ], [ 12.245409998144153, 46.968750005572829 ], [ 12.237909998126431, 46.969580005574677 ], [ 12.225409998096371, 46.97708000559097 ], [ 12.219579998082718, 46.976250005589222 ], [ 12.203749998045085, 46.980410005598323 ], [ 12.202909998042824, 46.983750005605543 ], [ 12.207079998052214, 46.988750005616318 ], [ 12.200409998035997, 46.994580005628961 ], [ 12.199579998033174, 47.004580005650581 ], [ 12.204579998044665, 47.007910005657706 ], [ 12.208749998053689, 47.017080005677528 ], [ 12.204579998042989, 47.027080005699148 ], [ 12.215409998067125, 47.042910005733269 ], [ 12.217079998069744, 47.057910005765628 ], [ 12.237909998118171, 47.065410005781651 ], [ 12.239579998121817, 47.068750005788829 ], [ 12.256249998160943, 47.070410005792304 ], [ 12.267909998188053, 47.074580005801174 ], [ 12.270409998193438, 47.080410005813711 ], [ 12.28790999823344, 47.094580005844143 ], [ 12.302079998267036, 47.092080005838596 ], [ 12.308749998282675, 47.092910005840338 ], [ 12.310409998287227, 47.085410005824173 ], [ 12.317079998303356, 47.080410005813313 ], [ 12.312909998294607, 47.067910005786359 ], [ 12.320409998313252, 47.056250005761143 ], [ 12.325409998328031, 47.020410005683736 ], [ 12.336249998353745, 47.017910005678232 ], [ 12.345409998376542, 47.002910005645745 ], [ 12.352079998392432, 47.000410005640255 ], [ 12.352909998395141, 46.991250005620479 ], [ 12.350409998389541, 46.987910005613315 ], [ 12.355409998402259, 46.976250005588021 ], [ 12.340409998367752, 46.967080005568384 ], [ 12.330409998344091, 46.968750005572041 ], [ 12.321249998322074, 46.974580005584777 ] ] ] } },
{ "type": "Feature", "properties": { "hzb": "212068", "name": "Innergschlöß", "river": "Gschlössbach", "km2": 39.602640095602489, "ice_km2": 11.964260507766012, "ice_pct": 30.210764936084484, "melt_mio_m3a": 13.427979777858456 }, "geometry": { "type": "Polygon", "coordinates": [ [ [ 12.397079998485674, 47.152080005966823 ], [ 12.412909998523707, 47.142910005946867 ], [ 12.425409998553063, 47.143750005948498 ], [ 12.43457999857409, 47.150410005962733 ], [ 12.451249998613809, 47.14458000594994 ], [ 12.454579998622201, 47.137910005935531 ], [ 12.450409998612662, 47.134580005928427 ], [ 12.451249998615731, 47.121250005899682 ], [ 12.454579998623839, 47.117910005892455 ], [ 12.469579998659263, 47.116250005888666 ], [ 12.466249998652106, 47.107910005870728 ], [ 12.460409998638717, 47.103750005861876 ], [ 12.439579998589718, 47.103750005862139 ], [ 12.433749998576276, 47.100410005855032 ], [ 12.419579998542801, 47.102080005858831 ], [ 12.391249998477317, 47.087910005828668 ], [ 12.382909998457414, 47.091250005835938 ], [ 12.370409998427021, 47.10291000586124 ], [ 12.360409998403611, 47.101250005857764 ], [ 12.354579998389674, 47.103750005863212 ], [ 12.349579998377404, 47.109580005875856 ], [ 12.35374999838737, 47.107910005872178 ], [ 12.359579998400527, 47.114580005886481 ], [ 12.355409998390357, 47.118750005895521 ], [ 12.35457999838763, 47.127910005915275 ], [ 12.36290999840625, 47.139580005940296 ], [ 12.364579998410044, 47.141250005943895 ], [ 12.372909998429732, 47.140410005941973 ], [ 12.374579998433385, 47.143750005949158 ], [ 12.383749998454904, 47.144580005950836 ], [ 12.397079998485674, 47.152080005966823 ] ] ] } },
{ "type": "Feature", "properties": { "hzb": "212100", "name": "Hopfgarten im Def. Zwenewald", "river": "Schwarzach", "km2": 267.8168005861163, "ice_km2": 1.9173074814436344, "ice_pct": 0.71590261598511085, "melt_mio_m3a": 2.6412620500546131 }, "geometry": { "type": "Polygon", "coordinates": [ [ [ 12.339579998365798, 46.96708000556837 ], [ 12.347079998383228, 46.969580005573732 ], [ 12.357079998407686, 46.957910005548392 ], [ 12.357909998410051, 46.952910005537539 ], [ 12.364579998425718, 46.952910005537497 ], [ 12.367909998433815, 46.949580005530251 ], [ 12.382079998467322, 46.947080005524697 ], [ 12.397079998502424, 46.94875000552814 ], [ 12.402909998516318, 46.946250005522664 ], [ 12.415409998545741, 46.945410005520685 ], [ 12.444579998613854, 46.95041000553114 ], [ 12.451249998629773, 46.947080005523837 ], [ 12.474579998684417, 46.948750005527145 ], [ 12.485409998710098, 46.94541000551979 ], [ 12.497079998737483, 46.945410005519619 ], [ 12.50290999875239, 46.929580005485313 ], [ 12.514579998780926, 46.914580005452706 ], [ 12.50707999876397, 46.906250005434806 ], [ 12.504579998758041, 46.907080005436661 ], [ 12.493749998733216, 46.899580005420567 ], [ 12.486249998715756, 46.897910005417081 ], [ 12.477909998696774, 46.890410005400938 ], [ 12.46624999866968, 46.887080005393877 ], [ 12.462079998659831, 46.887910005395746 ], [ 12.458749998652401, 46.882910005384957 ], [ 12.442909998614985, 46.886250005392384 ], [ 12.422909998568377, 46.882080005383614 ], [ 12.416249998552681, 46.88291000538549 ], [ 12.405409998527764, 46.876250005371205 ], [ 12.398749998512201, 46.875410005369467 ], [ 12.394579998502943, 46.868750005355082 ], [ 12.367909998440407, 46.867910005353558 ], [ 12.352079998402703, 46.874580005368152 ], [ 12.328749998347709, 46.877080005373799 ], [ 12.323749998335694, 46.880410005381066 ], [ 12.31790999832238, 46.87541000537027 ], [ 12.307909998299026, 46.87375000536678 ], [ 12.291249998260634, 46.86458000534703 ], [ 12.275409998222667, 46.873750005367022 ], [ 12.27790999822799, 46.880410005381428 ], [ 12.273749998217871, 46.884580005390504 ], [ 12.266249998199966, 46.887910005397771 ], [ 12.251249998164635, 46.888750005399721 ], [ 12.248749998158477, 46.892080005406932 ], [ 12.23707999813125, 46.889580005401584 ], [ 12.237079998131598, 46.885410005392551 ], [ 12.230409998116478, 46.878750005378215 ], [ 12.222079998096751, 46.880410005381798 ], [ 12.218749998089487, 46.873750005367441 ], [ 12.216249998083603, 46.873750005367448 ], [ 12.200409998045227, 46.887080005396371 ], [ 12.198749998040329, 46.898750005421689 ], [ 12.193749998028141, 46.903750005432528 ], [ 12.191249998022331, 46.902910005430741 ], [ 12.190409998020073, 46.906250005437954 ], [ 12.17624999798668, 46.907080005439838 ], [ 12.170409997972655, 46.910410005447076 ], [ 12.162079997953334, 46.907080005439951 ], [ 12.161249997951241, 46.908750005443544 ], [ 12.148749997921751, 46.909580005445406 ], [ 12.144579997911645, 46.912910005452623 ], [ 12.145409997913381, 46.915410005458028 ], [ 12.151249997927051, 46.916250005459815 ], [ 12.155409997936491, 46.92041000546881 ], [ 12.161249997949367, 46.930410005490423 ], [ 12.167909997964758, 46.933750005497636 ], [ 12.168749997966371, 46.937910005506616 ], [ 12.158749997941742, 46.950410005533705 ], [ 12.146249997912085, 46.952910005539181 ], [ 12.132079997877911, 46.962080005559059 ], [ 12.137079997889394, 46.965410005566227 ], [ 12.137079997888655, 46.973750005584279 ], [ 12.134579997882621, 46.975410005587882 ], [ 12.137079997887845, 46.982910005604062 ], [ 12.129579997869888, 46.986250005611332 ], [ 12.130409997871169, 46.993750005627533 ], [ 12.121249997848398, 47.007080005656391 ], [ 12.129579997867213, 47.016250005676163 ], [ 12.138749997888679, 47.017910005679717 ], [ 12.146249997905766, 47.024580005694112 ], [ 12.165409997951436, 47.01875000568139 ], [ 12.172079997966714, 47.023750005692179 ], [ 12.201249998035154, 47.027080005699176 ], [ 12.207079998049096, 47.024580005693757 ], [ 12.208749998053539, 47.01875000568112 ], [ 12.204579998044665, 47.007910005657706 ], [ 12.199579998033174, 47.004580005650581 ], [ 12.200409998035997, 46.994580005628961 ], [ 12.207079998052214, 46.988750005616318 ], [ 12.202909998042824, 46.983750005605543 ], [ 12.205409998049072, 46.979580005596517 ], [ 12.219579998082718, 46.976250005589222 ], [ 12.225409998096371, 46.97708000559097 ], [ 12.237909998126431, 46.969580005574677 ], [ 12.245409998144153, 46.968750005572829 ], [ 12.247079998146949, 46.982080005601631 ], [ 12.254579998164029, 46.988750005615991 ], [ 12.260409998178035, 46.985410005608713 ], [ 12.264579998188628, 46.976250005588888 ], [ 12.276249998216082, 46.976250005588795 ], [ 12.284579998235964, 46.972910005581504 ], [ 12.29540999826102, 46.977910005592186 ], [ 12.298749998269157, 46.974580005584976 ], [ 12.312079998300717, 46.972080005579457 ], [ 12.322079998324027, 46.974580005584755 ], [ 12.330409998344091, 46.968750005572041 ], [ 12.339579998365798, 46.96708000556837 ] ] ] } },
{ "type": "Feature", "properties": { "hzb": "212118", "name": "Spöttling", "river": "Dorfer Bach", "km2": 47.58274035656401, "ice_km2": 5.1249832340216344, "ice_pct": 10.770676921121559, "melt_mio_m3a": 4.5934753982634788 }, "geometry": { "type": "Polygon", "coordinates": [ [ [ 12.592909998948437, 47.125410005906375 ], [ 12.618749999009456, 47.121250005896925 ], [ 12.628749999033394, 47.115410005884172 ], [ 12.638749999057703, 47.104580005860647 ], [ 12.650409999085332, 47.101250005853245 ], [ 12.650409999085459, 47.09958000584966 ], [ 12.657079999101116, 47.099580005849532 ], [ 12.667909999127161, 47.091250005831363 ], [ 12.677909999150817, 47.088750005825766 ], [ 12.682079999160971, 47.083750005814913 ], [ 12.671249999136512, 47.071250005788187 ], [ 12.660409999111264, 47.068750005783038 ], [ 12.652079999092226, 47.062080005768841 ], [ 12.653749999096656, 47.055410005754418 ], [ 12.646249999079245, 47.052910005749169 ], [ 12.646249999079625, 47.04791000573838 ], [ 12.628749999039709, 47.032910005706356 ], [ 12.633749999051874, 47.027080005693691 ], [ 12.632909999050101, 47.02458000568835 ], [ 12.617079999012901, 47.025410005690389 ], [ 12.611249998999732, 47.018750005676139 ], [ 12.599579998972162, 47.02125000568175 ], [ 12.59874999896989, 47.02541000569073 ], [ 12.590409998949683, 47.033750005708882 ], [ 12.595409998960397, 47.047080005737513 ], [ 12.592079998952386, 47.049580005742989 ], [ 12.590409998947496, 47.062080005769943 ], [ 12.583749998931415, 47.067910005782643 ], [ 12.588749998942703, 47.073750005795141 ], [ 12.582909998928599, 47.078750005806015 ], [ 12.58874999894199, 47.082910005814895 ], [ 12.589579998943544, 47.087910005825663 ], [ 12.59707999896084, 47.092080005834511 ], [ 12.598749998964303, 47.097910005847027 ], [ 12.605409998979749, 47.100410005852289 ], [ 12.602079998971019, 47.11208000587748 ], [ 12.593749998951193, 47.115410005884812 ], [ 12.592909998948437, 47.125410005906375 ] ] ] } },
{ "type": "Feature", "properties": { "hzb": "212126", "name": "Spöttling-Taurer", "river": "Teischnitzbach", "km2": 13.686782611894795, "ice_km2": 1.6889977968489429, "ice_pct": 12.3403567130604, "melt_mio_m3a": 1.6889843161613967 }, "geometry": { "type": "Polygon", "coordinates": [ [ [ 12.681249999159089, 47.082910005813126 ], [ 12.6845799991669, 47.082910005813055 ], [ 12.692079999185118, 47.074580005794964 ], [ 12.681249999160782, 47.060410005764652 ], [ 12.682079999164218, 47.040410005721505 ], [ 12.677909999154872, 47.03458000570901 ], [ 12.672079999141516, 47.030410005700148 ], [ 12.657079999106283, 47.031250005702248 ], [ 12.64874999908699, 47.02791000569519 ], [ 12.636249999057679, 47.027910005695446 ], [ 12.633749999052, 47.025410005690098 ], [ 12.628749999039709, 47.032910005706356 ], [ 12.646249999079625, 47.04791000573838 ], [ 12.646249999079245, 47.052910005749169 ], [ 12.653749999096656, 47.055410005754418 ], [ 12.652079999092226, 47.062080005768841 ], [ 12.660409999111264, 47.068750005783038 ], [ 12.671249999136512, 47.071250005788187 ], [ 12.681249999159089, 47.082910005813126 ] ] ] } },
{ "type": "Feature", "properties": { "hzb": "212233", "name": "Hinterbichl (Mühle) (Summenpegel)", "river": "Dorferbach und KW-Einzug", "km2": 35.202291767121061, "ice_km2": 9.0865416971972071, "ice_pct": 25.812358346748425, "melt_mio_m3a": 5.4854764687181428 }, "geometry": { "type": "Polygon", "coordinates": [ [ [ 12.342079998359747, 47.10958000587592 ], [ 12.35040999837944, 47.108750005874057 ], [ 12.360409998403611, 47.101250005857764 ], [ 12.370409998427021, 47.10291000586124 ], [ 12.376249998441043, 47.099580005853994 ], [ 12.379579998449369, 47.093750005841379 ], [ 12.390409998475276, 47.088750005830448 ], [ 12.391249998478283, 47.076250005803502 ], [ 12.373749998437663, 47.069580005789305 ], [ 12.362079998410973, 47.060410005769675 ], [ 12.362909998413686, 47.0512500057499 ], [ 12.358749998404248, 47.047080005740959 ], [ 12.351249998386743, 47.045410005737416 ], [ 12.349579998383364, 47.038750005723095 ], [ 12.341249998364393, 47.031250005706973 ], [ 12.337909998357445, 47.02041000568363 ], [ 12.33957999836165, 47.017080005676419 ], [ 12.337079998355772, 47.017080005676426 ], [ 12.325409998328031, 47.020410005683736 ], [ 12.320409998313252, 47.056250005761143 ], [ 12.312909998294607, 47.067910005786359 ], [ 12.317079998303356, 47.080410005813313 ], [ 12.310409998287227, 47.085410005824173 ], [ 12.308749998282599, 47.093750005842146 ], [ 12.317079998301221, 47.105410005867199 ], [ 12.342079998359747, 47.10958000587592 ] ] ] } },
{ "type": "Feature", "properties": { "hzb": "212381", "name": "Mallnitz", "river": "Mallnitzbach", "km2": 86.229135276887192, "ice_km2": 0.50073746331807922, "ice_pct": 0.58070565326925716, "melt_mio_m3a": 0.23371579628741365 }, "geometry": { "type": "Polygon", "coordinates": [ [ [ 13.183750000339993, 46.990410005600161 ], [ 13.174580000319187, 46.981250005580726 ], [ 13.170410000309069, 46.987910005595225 ], [ 13.167080000301322, 46.98791000559536 ], [ 13.157910000280445, 46.979580005577667 ], [ 13.153750000270708, 46.980410005579621 ], [ 13.147910000257509, 46.973750005565456 ], [ 13.137910000234209, 46.973750005565776 ], [ 13.130410000216326, 46.980410005580374 ], [ 13.123750000200753, 46.981250005582396 ], [ 13.114580000179021, 46.987080005595253 ], [ 13.102080000150142, 46.982910005586668 ], [ 13.099580000144055, 46.987080005595722 ], [ 13.08041000009915, 46.990410005603501 ], [ 13.080410000098885, 46.994580005612498 ], [ 13.070410000075141, 47.001250005627156 ], [ 13.070410000074775, 47.00708000563975 ], [ 13.083750000104635, 47.027080005682414 ], [ 13.090410000120118, 47.027910005684028 ], [ 13.098750000139784, 47.024580005676555 ], [ 13.127080000205748, 47.026250005679259 ], [ 13.130410000213043, 47.033750005695289 ], [ 13.138750000232342, 47.03625000570041 ], [ 13.145410000247971, 47.034580005696576 ], [ 13.157080000275126, 47.035410005697983 ], [ 13.159580000280798, 47.037910005703282 ], [ 13.165410000294438, 47.037080005701299 ], [ 13.167910000299962, 47.042080005711973 ], [ 13.177080000321439, 47.040410005708068 ], [ 13.182080000332887, 47.043750005715104 ], [ 13.189580000350364, 47.043750005714834 ], [ 13.190410000352401, 47.042080005711213 ], [ 13.207910000393028, 47.044580005716 ], [ 13.216250000412506, 47.04375000571391 ], [ 13.22708000043753, 47.04708000572068 ], [ 13.247080000484065, 47.047910005721775 ], [ 13.247910000485847, 47.050410005727109 ], [ 13.254580000501774, 47.043750005712539 ], [ 13.264580000525347, 47.038750005701409 ], [ 13.263750000523807, 47.032080005687099 ], [ 13.269580000537616, 47.027910005677896 ], [ 13.282910000568879, 47.023750005668489 ], [ 13.297080000601847, 47.023750005667935 ], [ 13.300410000609739, 47.021250005662417 ], [ 13.320410000656349, 47.019580005658071 ], [ 13.321250000658397, 47.017910005654457 ], [ 13.312080000637732, 47.00625000562971 ], [ 13.287910000582089, 46.996250005609085 ], [ 13.273750000549002, 46.998750005614944 ], [ 13.259580000516126, 46.99708000561187 ], [ 13.243750000479, 47.002080005623213 ], [ 13.23625000046164, 47.000410005619877 ], [ 13.229580000445868, 47.004580005629087 ], [ 13.217910000418854, 47.00208000562413 ], [ 13.212910000407451, 46.997910005615317 ], [ 13.197080000370693, 46.996250005612261 ], [ 13.187080000347796, 46.989580005598263 ], [ 13.183750000339993, 46.990410005600161 ] ] ] } },
{ "type": "Feature", "properties": { "hzb": "212456", "name": "Ochsenhütte-Hochalm", "river": "Hochalmbach", "km2": 8.8723817465694594, "ice_km2": 2.1552606015418263, "ice_pct": 24.291792926686977, "melt_mio_m3a": 1.3036274698110002 }, "geometry": { "type": "Polygon", "coordinates": [ [ [ 13.332080000682499, 47.037080005695302 ], [ 13.336250000692194, 47.037080005695131 ], [ 13.342080000706087, 47.031250005682359 ], [ 13.354580000735474, 47.025410005669308 ], [ 13.363750000756886, 47.023750005665399 ], [ 13.367080000764938, 47.017910005652659 ], [ 13.374580000782554, 47.014580005645215 ], [ 13.382080000799936, 47.015410005646714 ], [ 13.383750000804, 47.012080005639504 ], [ 13.377910000790695, 47.007080005628936 ], [ 13.37791000079093, 47.00291000561996 ], [ 13.362910000756036, 47.003750005622358 ], [ 13.357910000744507, 47.002080005618964 ], [ 13.352080000730862, 47.003750005622777 ], [ 13.343750000711086, 47.011250005639248 ], [ 13.334580000689817, 47.010410005637802 ], [ 13.332910000685791, 47.012910005643249 ], [ 13.321250000658539, 47.015410005649095 ], [ 13.320410000656349, 47.019580005658071 ], [ 13.33375000068685, 47.028750005677303 ], [ 13.332080000682499, 47.037080005695302 ] ] ] } },
{ "type": "Feature", "properties": { "hzb": "213926", "name": "Heiligenblut-Winkl", "river": "Möll", "km2": 141.92356431281146, "ice_km2": 21.003212897488968, "ice_pct": 14.798960975357215, "melt_mio_m3a": 40.703833103247398 }, "geometry": { "type": "Polygon", "coordinates": [ [ [ 12.795409999425999, 47.092910005832131 ], [ 12.80374999944536, 47.095410005837351 ], [ 12.804579999447112, 47.09791000584265 ], [ 12.820409999484268, 47.09708000584051 ], [ 12.824579999494389, 47.092080005829644 ], [ 12.831249999510074, 47.09125000582771 ], [ 12.835409999520405, 47.082910005809637 ], [ 12.858749999575167, 47.081250005805479 ], [ 12.860409999580114, 47.066250005773135 ], [ 12.857909999574435, 47.063750005767794 ], [ 12.862079999584434, 47.060410005760517 ], [ 12.862909999586723, 47.055410005749742 ], [ 12.833749999520396, 47.027910005691183 ], [ 12.838749999532975, 47.015410005664108 ], [ 12.818749999486407, 47.012080005657424 ], [ 12.812079999470619, 47.014580005662964 ], [ 12.807079999459157, 47.01125000565591 ], [ 12.810409999467117, 47.008750005650406 ], [ 12.806249999457796, 47.002910005637929 ], [ 12.807909999462034, 46.997910005627112 ], [ 12.804579999454418, 46.995410005621828 ], [ 12.795409999432961, 46.995410005622013 ], [ 12.796249999435215, 46.991250005613011 ], [ 12.790409999421787, 46.987910005605954 ], [ 12.789579999420081, 46.984580005598794 ], [ 12.783749999406551, 46.982910005595301 ], [ 12.782079999402933, 46.978750005586342 ], [ 12.786249999413098, 46.972910005573631 ], [ 12.782079999403695, 46.967910005562977 ], [ 12.777079999392287, 46.96375000555409 ], [ 12.766249999367062, 46.962080005550732 ], [ 12.760409999353691, 46.957910005541841 ], [ 12.749579999328162, 46.96041000554748 ], [ 12.741249999308071, 46.968750005565681 ], [ 12.737909999299239, 46.982910005596288 ], [ 12.724579999267299, 46.992910005618171 ], [ 12.724579999267057, 46.99625000562537 ], [ 12.730409999280653, 46.997080005627069 ], [ 12.732909999286086, 47.002910005639563 ], [ 12.737079999295732, 47.004580005643085 ], [ 12.736249999293252, 47.012080005659286 ], [ 12.731249999281648, 47.010410005655785 ], [ 12.727909999273523, 47.014580005664861 ], [ 12.722909999261756, 47.015410005666745 ], [ 12.715409999243629, 47.022910005683094 ], [ 12.716249999244932, 47.032080005702824 ], [ 12.707909999225141, 47.035410005710204 ], [ 12.698749999201691, 47.062080005767889 ], [ 12.701249999206805, 47.072080005789346 ], [ 12.693749999189096, 47.073750005793144 ], [ 12.6845799991669, 47.082910005813055 ], [ 12.680409999157048, 47.083750005814927 ], [ 12.677909999150817, 47.088750005825766 ], [ 12.667909999127161, 47.091250005831363 ], [ 12.658749999105094, 47.098750005847712 ], [ 12.672909999137627, 47.107910005867105 ], [ 12.667079999123313, 47.116250005885206 ], [ 12.667909999124758, 47.122910005899548 ], [ 12.674579999140786, 47.117910005888653 ], [ 12.678749999150572, 47.117910005888533 ], [ 12.687909999171627, 47.123750005900931 ], [ 12.705409999212815, 47.122080005896954 ], [ 12.70707999921655, 47.124580005902331 ], [ 12.71207999922828, 47.12458000590221 ], [ 12.715409999236719, 47.116250005884211 ], [ 12.72624999926215, 47.116250005883956 ], [ 12.729579999270143, 47.113750005878487 ], [ 12.734579999281866, 47.113750005878423 ], [ 12.732909999278634, 47.104580005858701 ], [ 12.738749999292693, 47.099580005847812 ], [ 12.749579999318087, 47.099580005847557 ], [ 12.757079999335861, 47.097080005842024 ], [ 12.760409999343482, 47.099580005847315 ], [ 12.774579999376629, 47.100410005848772 ], [ 12.781249999392815, 47.092910005832458 ], [ 12.795409999425999, 47.092910005832131 ] ] ] } },
{ "type": "Feature", "properties": { "hzb": "230300", "name": "Gepatschalm", "river": "Fagge", "km2": 54.037471269437702, "ice_km2": 20.120550959198795, "ice_pct": 37.234442113094389, "melt_mio_m3a": 22.956872563205685 }, "geometry": { "type": "Polygon", "coordinates": [ [ [ 10.692079994475813, 46.903750005409229 ], [ 10.700409994495915, 46.901250005404115 ], [ 10.704579994506558, 46.895410005391589 ], [ 10.727079994560413, 46.892080005385182 ], [ 10.732909994574253, 46.892080005385395 ], [ 10.735409994579456, 46.897910005398131 ], [ 10.739579994589777, 46.894580005391042 ], [ 10.749579994613523, 46.894580005391404 ], [ 10.750409994615287, 46.896250005395068 ], [ 10.762079994642894, 46.897080005397285 ], [ 10.774579994672051, 46.90125000540673 ], [ 10.778749994682576, 46.896250005396055 ], [ 10.775409994675378, 46.890410005383266 ], [ 10.788749994707349, 46.887910005378266 ], [ 10.793749994719736, 46.883750005369414 ], [ 10.792909994718467, 46.877910005356703 ], [ 10.787909994707116, 46.873750005347517 ], [ 10.792909994719498, 46.869580005338634 ], [ 10.795409994726572, 46.860410005318798 ], [ 10.776249994682544, 46.848750005292835 ], [ 10.782909994700409, 46.832080005256849 ], [ 10.775409994683347, 46.826250005243914 ], [ 10.762909994654098, 46.822910005236224 ], [ 10.751249994625086, 46.833750005259368 ], [ 10.734579994585324, 46.835410005262389 ], [ 10.730409994574909, 46.839580005271287 ], [ 10.72207999455525, 46.838750005269191 ], [ 10.716249994540366, 46.847080005287054 ], [ 10.703749994510687, 46.847080005286593 ], [ 10.701249994504339, 46.850410005293767 ], [ 10.693749994486323, 46.852080005297104 ], [ 10.69540999448879, 46.863750005322515 ], [ 10.690409994476395, 46.867910005331375 ], [ 10.672079994432551, 46.870410005336112 ], [ 10.662909994409292, 46.882080005361111 ], [ 10.662909994408224, 46.890410005379195 ], [ 10.672909994431018, 46.897910005395865 ], [ 10.672909994430698, 46.900410005401284 ], [ 10.686249994462386, 46.900410005401781 ], [ 10.692079994475813, 46.903750005409229 ] ] ] } },
{ "type": "Feature", "properties": { "hzb": "230383", "name": "Fundusalm", "river": "Fundusbach", "km2": 12.919681520925639, "ice_km2": 0.16734606212142855, "ice_pct": 1.2952800875964545, "melt_mio_m3a": 0.181 }, "geometry": { "type": "Polygon", "coordinates": [ [ [ 10.890409994918297, 47.134580005915652 ], [ 10.895409994930196, 47.134580005915808 ], [ 10.902079994946995, 47.127080005899813 ], [ 10.895409994932583, 47.115410005874416 ], [ 10.904579994957693, 47.088750005817076 ], [ 10.898749994944243, 47.085410005809671 ], [ 10.898749994944653, 47.082080005802439 ], [ 10.884579994911578, 47.07708000579121 ], [ 10.87874999489615, 47.089580005818036 ], [ 10.867079994867982, 47.092910005824891 ], [ 10.861249994853493, 47.09791000583553 ], [ 10.861249994852658, 47.104580005849961 ], [ 10.869579994871536, 47.112080005866382 ], [ 10.867079994864238, 47.122910005889736 ], [ 10.875409994883116, 47.130410005906185 ], [ 10.882909994901178, 47.12875000590283 ], [ 10.890409994918297, 47.134580005915652 ] ] ] } },
{ "type": "Feature", "properties": { "hzb": "230706", "name": "In der Au", "river": "Melach", "km2": 205.1275525074004, "ice_km2": 5.0794669820693645, "ice_pct": 2.4762480320073594, "melt_mio_m3a": 5.3498910658452496 }, "geometry": { "type": "Polygon", "coordinates": [ [ [ 11.197079995636933, 47.225410006119589 ], [ 11.212079995672804, 47.223750006116326 ], [ 11.221249995694228, 47.227080006123728 ], [ 11.232079995719991, 47.227080006123956 ], [ 11.244579995751359, 47.212910006093644 ], [ 11.242079995746966, 47.199580006064856 ], [ 11.244579995753293, 47.196250006057745 ], [ 11.245409995757585, 47.176250006014648 ], [ 11.236249995737742, 47.159580005978491 ], [ 11.237079995740871, 47.149580005956942 ], [ 11.22790999572014, 47.140410005936943 ], [ 11.227079995718746, 47.135410005926133 ], [ 11.215409995691697, 47.129580005913319 ], [ 11.201249995659504, 47.117080005886024 ], [ 11.193749995641884, 47.115410005882211 ], [ 11.189579995632551, 47.110410005871358 ], [ 11.164579995573556, 47.107080005863622 ], [ 11.162079995568291, 47.101250005850957 ], [ 11.152079995545021, 47.097080005841711 ], [ 11.141249995520658, 47.085410005816229 ], [ 11.119579995469962, 47.078750005801325 ], [ 11.114579995458969, 47.071250005784982 ], [ 11.107079995441252, 47.070410005782996 ], [ 11.100409995425014, 47.073750005790018 ], [ 11.087079995393834, 47.069580005780686 ], [ 11.08707999539245, 47.081250005805906 ], [ 11.080409995376211, 47.084580005812967 ], [ 11.073749995358899, 47.097080005839793 ], [ 11.067079995342842, 47.098750005843243 ], [ 11.070409995350062, 47.104580005855908 ], [ 11.064579995335407, 47.11125000587019 ], [ 11.062909995331536, 47.110410005868331 ], [ 11.064579995334606, 47.117910005884553 ], [ 11.061249995326291, 47.121250005891696 ], [ 11.061249995325191, 47.130410005911493 ], [ 11.057909995316951, 47.132910005916784 ], [ 11.063749995329436, 47.144580005942139 ], [ 11.056249995311203, 47.147910005949136 ], [ 11.049579995294538, 47.154580005963354 ], [ 11.047909995289253, 47.165410005986679 ], [ 11.044579995281223, 47.166250005988395 ], [ 11.045409995281693, 47.178750006015399 ], [ 11.03874999526413, 47.192910006045786 ], [ 11.041249995269473, 47.197910006056617 ], [ 11.03457999525339, 47.199580006060025 ], [ 11.035409995254662, 47.205410006072626 ], [ 11.022909995223994, 47.212910006088457 ], [ 11.023749995224053, 47.228750006122631 ], [ 11.027079995231579, 47.232080006129912 ], [ 11.031249995241613, 47.231250006128221 ], [ 11.032909995245353, 47.232910006131846 ], [ 11.035409995250182, 47.242080006151646 ], [ 11.04040999526158, 47.246250006160771 ], [ 11.053749995293243, 47.247080006162868 ], [ 11.060409995309305, 47.245410006159489 ], [ 11.059579995308034, 47.239580006146909 ], [ 11.072079995339006, 47.229580006125666 ], [ 11.094579995393163, 47.224580006115453 ], [ 11.104579995416859, 47.225410006117485 ], [ 11.107909995425286, 47.221250006108612 ], [ 11.113749995439386, 47.219580006105154 ], [ 11.140409995503108, 47.217080006100367 ], [ 11.149579995524633, 47.219580006105978 ], [ 11.152079995530181, 47.22291000611321 ], [ 11.167079995566167, 47.220410006108182 ], [ 11.172079995577759, 47.222910006113665 ], [ 11.194579995631379, 47.222080006112357 ], [ 11.197079995636933, 47.225410006119589 ] ] ] } },
{ "type": "Feature", "properties": { "hzb": "231662", "name": "Lorüns-Äule", "river": "Ill", "km2": 533.93686213259627, "ice_km2": 7.0952006822391036, "ice_pct": 1.3288463834282158, "melt_mio_m3a": 9.0181853454222214 }, "geometry": { "type": "Polygon", "coordinates": [ [ [ 9.919579992607733, 47.113750005827178 ], [ 9.923749992617806, 47.112910005825583 ], [ 9.932079992637169, 47.116250005833315 ], [ 9.957079992696915, 47.115410005832949 ], [ 9.959579992703377, 47.112080005825909 ], [ 9.974579992739141, 47.112080005826762 ], [ 9.977909992747456, 47.109580005821535 ], [ 9.997909992795394, 47.107910005819079 ], [ 10.002079992805834, 47.104580005812117 ], [ 10.017909992843704, 47.103750005811207 ], [ 10.02707999286606, 47.100410005804498 ], [ 10.037909992890899, 47.107080005819519 ], [ 10.055409992932256, 47.109580005825919 ], [ 10.058749992940953, 47.104580005815265 ], [ 10.066249992959319, 47.101250005808481 ], [ 10.077079992985139, 47.101250005809057 ], [ 10.081249992995566, 47.097910005802071 ], [ 10.081249992996058, 47.094580005794874 ], [ 10.077909992988335, 47.09291000579109 ], [ 10.078749992992284, 47.079580005762288 ], [ 10.092079993024299, 47.077910005759399 ], [ 10.106249993057705, 47.080410005765579 ], [ 10.109579993066374, 47.075410005754932 ], [ 10.11457999307817, 47.076250005757011 ], [ 10.120409993092423, 47.073750005751918 ], [ 10.132079993119874, 47.076250005757935 ], [ 10.134579993127634, 47.063750005731031 ], [ 10.149579993163746, 47.061250005726414 ], [ 10.153749993174396, 47.05625000571581 ], [ 10.146249993158678, 47.041250005682954 ], [ 10.147909993163115, 47.037910005675805 ], [ 10.142909993151441, 47.036250005671938 ], [ 10.143749993154048, 47.032080005662984 ], [ 10.123749993107845, 47.022080005640248 ], [ 10.132079993129002, 47.012910005620846 ], [ 10.138749993144646, 47.014580005624822 ], [ 10.147079993165557, 47.007080005608984 ], [ 10.154579993183658, 47.005410005605768 ], [ 10.15790999319278, 46.997080005587904 ], [ 10.154579993185445, 46.9929100055787 ], [ 10.145409993164096, 46.989580005571021 ], [ 10.14124999315502, 46.983750005558143 ], [ 10.141249993157405, 46.967080005522 ], [ 10.135409993144222, 46.962080005510892 ], [ 10.134579993143321, 46.954580005494549 ], [ 10.125409993122092, 46.950410005485011 ], [ 10.126249993125169, 46.942910005468811 ], [ 10.121249993113985, 46.937910005457688 ], [ 10.11207999309228, 46.937080005455442 ], [ 10.105409993077606, 46.928750005437003 ], [ 10.09707999305803, 46.927080005432934 ], [ 10.097079993058989, 46.920410005418454 ], [ 10.108749993088663, 46.907080005390142 ], [ 10.108749993090452, 46.894580005363004 ], [ 10.117909993113665, 46.884580005341782 ], [ 10.127909993138163, 46.879580005331455 ], [ 10.139579993167329, 46.869580005310361 ], [ 10.144579993181816, 46.851250005270792 ], [ 10.140409993172497, 46.847080005261517 ], [ 10.121249993126835, 46.8479100052623 ], [ 10.118749993121492, 46.843750005253135 ], [ 10.114579993111459, 46.84458000525472 ], [ 10.112909993107849, 46.842080005249201 ], [ 10.104579993088162, 46.841250005246962 ], [ 10.092909993059109, 46.850410005266205 ], [ 10.092079993056066, 46.857910005282491 ], [ 10.086249993041491, 46.86291000529301 ], [ 10.079579993025993, 46.860410005287221 ], [ 10.075409993015841, 46.862080005290643 ], [ 10.057079992972366, 46.861250005287829 ], [ 10.051249992958152, 46.863750005292943 ], [ 10.052909992960293, 46.876250005320166 ], [ 10.042909992935911, 46.880410005328663 ], [ 10.039579992927148, 46.886250005341147 ], [ 10.032909992911158, 46.887080005342568 ], [ 10.027079992896081, 46.895410005360347 ], [ 10.018749992875419, 46.90125000537256 ], [ 10.002909992838106, 46.898750005366232 ], [ 9.997909992825722, 46.902080005373186 ], [ 9.988749992803935, 46.902080005372675 ], [ 9.98707999279948, 46.905410005379807 ], [ 9.981249992785362, 46.907080005383101 ], [ 9.978749992778067, 46.916250005402858 ], [ 9.967079992750914, 46.91208000539315 ], [ 9.962079992738893, 46.912910005394636 ], [ 9.958749992730478, 46.916250005401693 ], [ 9.94790999270518, 46.912910005393854 ], [ 9.937909992681394, 46.91291000539325 ], [ 9.917909992632689, 46.920410005408371 ], [ 9.912909992620049, 46.925410005418918 ], [ 9.904579992600226, 46.925410005418414 ], [ 9.896249992579525, 46.931250005430591 ], [ 9.877079992533405, 46.934580005436672 ], [ 9.879579992538488, 46.940410005449472 ], [ 9.874579992524957, 46.951250005472701 ], [ 9.877909992531881, 46.957910005487314 ], [ 9.871249992515274, 46.962910005497761 ], [ 9.875409992524558, 46.967080005507043 ], [ 9.874579992521578, 46.973750005521481 ], [ 9.88040999253508, 46.976250005527255 ], [ 9.885409992545481, 46.986250005549181 ], [ 9.892079992560992, 46.988750005554998 ], [ 9.889579992553287, 47.000410005580108 ], [ 9.881249992532943, 47.00375000558688 ], [ 9.877079992523136, 47.002910005584802 ], [ 9.872909992512453, 47.007910005595384 ], [ 9.879579992526706, 47.018750005619268 ], [ 9.873749992512318, 47.022080005626123 ], [ 9.85707999247248, 47.022910005626919 ], [ 9.852909992463557, 47.01625000561225 ], [ 9.844579992443704, 47.01625000561171 ], [ 9.838749992430328, 47.012910005604141 ], [ 9.831249992412333, 47.013750005605509 ], [ 9.821249992387367, 47.021250005621127 ], [ 9.812909992367377, 47.022080005622428 ], [ 9.799579992334342, 47.030410005639638 ], [ 9.792079992316221, 47.032080005642761 ], [ 9.780409992286749, 47.042910005665469 ], [ 9.774579992272601, 47.04458000566872 ], [ 9.772909992267977, 47.04875000567764 ], [ 9.7762499922753, 47.052910005686847 ], [ 9.765409992248431, 47.059580005700603 ], [ 9.766249992249023, 47.068750005720489 ], [ 9.770409992258932, 47.068750005720759 ], [ 9.770409992258685, 47.070410005724362 ], [ 9.76874999225331, 47.079580005744084 ], [ 9.762079992237281, 47.080410005745442 ], [ 9.763749992239841, 47.089580005765391 ], [ 9.780409992279695, 47.088750005764666 ], [ 9.787079992295466, 47.089580005766841 ], [ 9.787079992295082, 47.092080005772246 ], [ 9.798749992322776, 47.092910005774797 ], [ 9.80374999233368, 47.099580005789534 ], [ 9.8112499923513, 47.101250005793595 ], [ 9.817079992364185, 47.107910005808321 ], [ 9.825409992383671, 47.110410005814288 ], [ 9.827909992388742, 47.116250005827077 ], [ 9.834579992404771, 47.115410005825623 ], [ 9.839579992416065, 47.119580005834983 ], [ 9.848749992437677, 47.121250005839144 ], [ 9.848749992435517, 47.135410005869723 ], [ 9.91207999258847, 47.122910005846535 ], [ 9.919579992607733, 47.113750005827178 ] ] ] } }
]
}
