{"type":"FeatureCollection","name":"ManagementRestrictionOrRegulationZone","crs":{"type":"name","properties":{"name":"urn:ogc:def:crs:OGC:1.3:CRS84"}},"features":[{"type":"Feature","properties":{"id":"GK100035","n":"Weinviertel [DUJ]","u":51.3},"geometry":{"type":"MultiPolygon","coordinates":[[[[15.854,48.6852],[15.8525,48.6749],[15.8473,48.6687],[15.8012,48.6806],[15.7966,48.6852],[15.7966,48.6912],[15.8158,48.6866],[15.8203,48.6805],[15.8209,48.685],[15.8331,48.69],[15.854,48.6852]]],[[[16.6275,48.3634],[16.6146,48.3581],[16.5647,48.3595],[16.5247,48.3682],[16.5042,48.3598],[16.4906,48.3633],[16.4862,48.3609],[16.4635,48.3616],[16.4586,48.3578],[16.44,48.3538],[16.4294,48.345],[16.4288,48.3382],[16.4236,48.3308],[16.4243,48.3219],[16.4268,48.312],[16.434,48.3086],[16.4336,48.3053],[16.3921,48.3],[16.3694,48.3048],[16.3538,48.3132],[16.3539,48.3238],[16.3654,48.334],[16.366,48.3403],[16.3899,48.3606],[16.3798,48.3656],[16.3831,48.3726],[16.3743,48.3796],[16.3748,48.3851],[16.3708,48.3868],[16.3618,48.3867],[16.3535,48.3823],[16.3321,48.383],[16.3049,48.3702],[16.2818,48.3872],[16.2597,48.3785],[16.2367,48.3867],[16.2248,48.3946],[16.2156,48.3874],[16.192,48.3914],[16.156,48.3934],[16.1334,48.3912],[16.1058,48.3967],[16.0592,48.3983],[15.9983,48.409],[15.9825,48.4092],[15.9724,48.4145],[15.9708,48.4218],[15.9481,48.4177],[15.8956,48.4332],[15.8713,48.4373],[15.8409,48.438],[15.8183,48.4291],[15.8003,48.4274],[15.7551,48.4438],[15.7414,48.4516],[15.7341,48.4642],[15.7169,48.4681],[15.7016,48.481],[15.7309,48.4761],[15.7462,48.4912],[15.7808,48.487],[15.7941,48.4921],[15.7988,48.5022],[15.7927,48.5049],[15.7902,48.5109],[15.775,48.5142],[15.7744,48.5166],[15.7844,48.5219],[15.7855,48.5255],[15.7805,48.5328],[15.7723,48.5368],[15.8355,48.5767],[15.8522,48.592],[15.8673,48.5981],[15.8622,48.6048],[15.864,48.6154],[15.8543,48.6257],[15.8518,48.6355],[15.86,48.6461],[15.8591,48.6603],[15.875,48.6684],[15.8705,48.6809],[15.8712,48.6834],[15.8849,48.6729],[15.8988,48.6768],[15.9266,48.6753],[15.9399,48.6722],[15.9522,48.661],[15.9695,48.6577],[15.9746,48.6645],[15.9973,48.6666],[15.9976,48.6715],[16.0027,48.6731],[16.002,48.6778],[16.021,48.6754],[16.0291,48.6792],[16.0485,48.6732],[16.0556,48.68],[16.0678,48.6742],[16.1025,48.6747],[16.1079,48.6713],[16.1198,48.6727],[16.1313,48.6675],[16.1537,48.6719],[16.1517,48.6617],[16.1609,48.6534],[16.1583,48.6303],[16.1552,48.6269],[16.1671,48.6161],[16.1658,48.6114],[16.177,48.6076],[16.1886,48.5957],[16.2021,48.6007],[16.2075,48.598],[16.2248,48.598],[16.238,48.6007],[16.2445,48.6054],[16.2624,48.6003],[16.2929,48.6054],[16.3007,48.6095],[16.3055,48.6077],[16.3041,48.6012],[16.3184,48.5933],[16.3208,48.5859],[16.3374,48.583],[16.336,48.5796],[16.3543,48.5677],[16.354,48.5618],[16.3577,48.5571],[16.3485,48.5497],[16.3319,48.5463],[16.3411,48.5373],[16.3479,48.5369],[16.3438,48.5367],[16.3374,48.5301],[16.3499,48.5227],[16.3512,48.5065],[16.3621,48.5088],[16.3719,48.5056],[16.3783,48.4987],[16.3939,48.509],[16.3969,48.504],[16.4087,48.4993],[16.4162,48.4896],[16.4266,48.4887],[16.4304,48.4887],[16.4243,48.4966],[16.4297,48.5033],[16.4747,48.5038],[16.4798,48.495],[16.4926,48.4979],[16.5004,48.4938],[16.497,48.488],[16.5082,48.4929],[16.523,48.4873],[16.5237,48.4834],[16.5395,48.4747],[16.5395,48.4704],[16.5439,48.4672],[16.5419,48.4614],[16.5466,48.4578],[16.5459,48.4497],[16.555,48.4456],[16.5543,48.4402],[16.5502,48.438],[16.5532,48.4285],[16.5407,48.4211],[16.5488,48.4151],[16.5498,48.4101],[16.5696,48.3988],[16.5679,48.3955],[16.5713,48.3887],[16.5625,48.3869],[16.5652,48.3815],[16.5918,48.3803],[16.5986,48.3772],[16.6053,48.379],[16.6252,48.3702],[16.6275,48.3634]]]]}},{"type":"Feature","properties":{"id":"GK100153","n":"Molasse u. n\u00f6rdl. Flyschzone [RHE]","u":2.2},"geometry":{"type":"Polygon","coordinates":[[[10.1057,47.4289],[10.0807,47.4176],[10.0609,47.416],[10.0313,47.4268],[9.9685,47.4178],[9.8746,47.4245],[9.8307,47.4196],[9.7882,47.4217],[9.7569,47.4184],[9.7594,47.4202],[9.7557,47.4223],[9.7576,47.4268],[9.763,47.4291],[9.7572,47.4301],[9.7565,47.4359],[9.7691,47.4438],[9.7637,47.4445],[9.7681,47.4488],[9.7649,47.4491],[9.7644,47.4532],[9.7502,47.4597],[9.7517,47.4712],[9.7557,47.4788],[9.7685,47.4748],[9.764,47.4778],[9.7666,47.4799],[9.7629,47.4788],[9.763,47.4818],[9.7511,47.4843],[9.7387,47.492],[9.7321,47.488],[9.7216,47.4875],[9.7212,47.4904],[9.7301,47.4918],[9.7363,47.4992],[9.7475,47.5004],[9.7529,47.5078],[9.7541,47.5159],[9.751,47.5217],[9.7299,47.5337],[9.7366,47.5356],[9.7352,47.5461],[9.7419,47.5546],[9.7473,47.556],[9.7435,47.5587],[9.7517,47.5675],[9.7479,47.5708],[9.7564,47.5728],[9.7564,47.5794],[9.7619,47.5812],[9.7607,47.5833],[9.7656,47.5855],[9.7655,47.5892],[9.7691,47.5879],[9.7776,47.5957],[9.7907,47.5937],[9.8,47.5963],[9.8141,47.5884],[9.8243,47.5867],[9.8275,47.5778],[9.821,47.5707],[9.8259,47.5596],[9.8169,47.5533],[9.8158,47.5479],[9.8502,47.5418],[9.8585,47.5339],[9.8737,47.5287],[9.8785,47.5395],[9.8757,47.5445],[9.8809,47.5483],[9.9069,47.5425],[9.9145,47.5321],[9.9226,47.5299],[9.9414,47.5382],[9.9638,47.5349],[9.959,47.5434],[9.9698,47.546],[9.9711,47.5441],[9.9651,47.5381],[9.9683,47.5252],[9.965,47.5217],[9.9954,47.5028],[9.9878,47.4984],[9.9973,47.4842],[10.0109,47.4815],[10.037,47.4889],[10.0472,47.4863],[10.0451,47.4846],[10.0544,47.4755],[10.0519,47.4712],[10.0537,47.4668],[10.0664,47.4626],[10.0702,47.4555],[10.0801,47.4552],[10.0884,47.4601],[10.0913,47.4583],[10.0949,47.4499],[10.0934,47.442],[10.1057,47.4289]]]}},{"type":"Feature","properties":{"id":"GK100176","n":"S\u00fcdl. Wiener Becken-Ostrand [DUJ]","u":58.1},"geometry":{"type":"Polygon","coordinates":[[[16.9761,48.1727],[17.0153,48.1523],[17.028,48.1418],[17.0384,48.1399],[17.0577,48.144],[17.0691,48.1245],[17.0627,48.1218],[17.0687,48.1163],[17.077,48.1152],[17.0731,48.1104],[17.0792,48.1079],[17.0776,48.106],[17.0928,48.0996],[17.088,48.0965],[17.0932,48.0911],[17.0748,48.0857],[17.0715,48.0811],[17.0608,48.1013],[17.0479,48.1044],[17.0416,48.1021],[17.0357,48.0844],[17.0024,48.0925],[17.0282,48.1],[17.0199,48.1057],[17.0044,48.0989],[16.9975,48.1095],[16.9854,48.1122],[16.9839,48.1057],[16.9788,48.1038],[16.9762,48.1061],[16.9695,48.0979],[16.9821,48.0957],[16.9842,48.0912],[17.0168,48.0739],[16.994,48.046],[16.9882,48.0458],[16.9567,48.0485],[16.9467,48.058],[16.932,48.0589],[16.9297,48.0607],[16.9344,48.0627],[16.9297,48.0632],[16.9284,48.0668],[16.9338,48.0679],[16.9275,48.0729],[16.9224,48.0722],[16.9168,48.081],[16.9071,48.0822],[16.9058,48.091],[16.8683,48.0977],[16.8637,48.1018],[16.8358,48.1012],[16.8351,48.0987],[16.823,48.0997],[16.8039,48.0955],[16.7955,48.0978],[16.781,48.0875],[16.7528,48.0851],[16.7396,48.0791],[16.7299,48.0827],[16.7239,48.0801],[16.7064,48.0806],[16.6977,48.0853],[16.6752,48.0804],[16.6581,48.0816],[16.6531,48.0789],[16.6561,48.0737],[16.6507,48.0686],[16.6757,48.0579],[16.6737,48.0496],[16.6653,48.0429],[16.6582,48.0461],[16.6539,48.0445],[16.6484,48.036],[16.6514,48.0328],[16.642,48.0315],[16.6353,48.0268],[16.629,48.0462],[16.614,48.0667],[16.6176,48.0735],[16.6144,48.0994],[16.6175,48.118],[16.6384,48.1295],[16.6949,48.1186],[16.7377,48.1285],[16.7579,48.1259],[16.7869,48.117],[16.8034,48.1165],[16.8745,48.1299],[16.907,48.146],[16.9401,48.1506],[16.9578,48.169],[16.9761,48.1727]]]}},{"type":"Feature","properties":{"id":"GK100188","n":"Flyschzone [DUJ]","u":14.2},"geometry":{"type":"MultiPolygon","coordinates":[[[[16.3482,48.2906],[16.3691,48.2647],[16.339,48.2617],[16.3355,48.2576],[16.3226,48.2561],[16.3203,48.2536],[16.3221,48.2495],[16.3099,48.2458],[16.3014,48.2344],[16.2991,48.2148],[16.2893,48.199],[16.2854,48.1863],[16.2601,48.1714],[16.2517,48.1567],[16.2521,48.1481],[16.225,48.142],[16.2217,48.1361],[16.2136,48.1339],[16.195,48.1195],[16.1691,48.1117],[16.1291,48.0942],[16.1214,48.0882],[16.1167,48.0882],[16.1132,48.0926],[16.1021,48.0905],[16.0898,48.0833],[16.0898,48.0808],[16.097,48.0782],[16.0948,48.0759],[16.0764,48.074],[16.0396,48.0583],[16.0182,48.0563],[16.0051,48.0425],[15.9975,48.0399],[15.993,48.0295],[15.9839,48.029],[15.98,48.0244],[15.9592,48.0269],[15.9562,48.0235],[15.9422,48.0227],[15.9392,48.019],[15.9146,48.0234],[15.8998,48.021],[15.8965,48.0235],[15.8747,48.0211],[15.8009,48.0219],[15.7305,48.0371],[15.7244,48.0341],[15.6854,48.0354],[15.6381,48.041],[15.6066,48.0377],[15.5163,48.0558],[15.5448,48.0588],[15.5464,48.0619],[15.5136,48.0619],[15.4972,48.0577],[15.486,48.0612],[15.4455,48.0629],[15.4253,48.0565],[15.4093,48.0581],[15.397,48.0557],[15.3824,48.048],[15.3613,48.0457],[15.351,48.039],[15.353,48.0349],[15.3497,48.0301],[15.3363,48.0235],[15.3273,48.027],[15.3055,48.0211],[15.2909,48.0222],[15.2644,48.0179],[15.2542,48.0134],[15.2523,48.0089],[15.2335,48.0073],[15.2319,48.0019],[15.2268,48.0031],[15.2214,47.9992],[15.1927,48.0024],[15.178,47.9963],[15.1804,47.9927],[15.1746,47.9907],[15.1574,47.9907],[15.1432,47.9974],[15.1138,47.9916],[15.094,47.9938],[15.0734,47.9872],[15.0638,47.9807],[15.0533,47.9793],[15.0489,47.973],[15.0423,47.9742],[15.0317,47.9696],[15.0014,47.9738],[14.9742,47.9707],[14.9356,47.9582],[14.9352,47.953],[14.9454,47.9458],[14.9381,47.9428],[14.9205,47.9398],[14.8855,47.9403],[14.8624,47.9346],[14.8595,47.9448],[14.8455,47.9489],[14.8058,47.9418],[14.7929,47.9473],[14.7598,47.9533],[14.7435,47.9543],[14.7229,47.9501],[14.7156,47.9537],[14.7043,47.9509],[14.6908,47.9411],[14.6593,47.9499],[14.6382,47.9482],[14.619,47.9437],[14.6097,47.9368],[14.5995,47.9345],[14.5918,47.9265],[14.5583,47.9092],[14.4934,47.9341],[14.4782,47.9486],[14.4356,47.9556],[14.4396,47.9601],[14.3998,47.9623],[14.3586,47.9535],[14.3555,47.9626],[14.3583,47.9691],[14.3638,47.9718],[14.3696,47.985],[14.4073,47.9963],[14.4103,48.0056],[14.4177,48.0108],[14.4168,48.0172],[14.4236,48.0288],[14.4408,48.043],[14.4574,48.0455],[14.4557,48.0484],[14.4624,48.0523],[14.4833,48.043],[14.4903,48.0426],[14.5121,48.0513],[14.5506,48.0394],[14.5773,48.0429],[14.6158,48.0284],[14.6539,48.0287],[14.6734,48.0241],[14.7726,48.0364],[14.7353,48.0093],[14.7329,48.0054],[14.7363,48.0014],[14.7825,48.0264],[14.7914,48.0345],[14.792,48.0401],[14.8225,48.0479],[14.8975,48.0557],[14.9854,48.0705],[15.0283,48.0724],[15.0545,48.0691],[15.028,48.0544],[15.0169,48.0385],[15.0239,48.0383],[15.0464,48.059],[15.0772,48.0688],[15.1252,48.0579],[15.1307,48.0444],[15.1515,48.026],[15.154,48.0274],[15.1521,48.0362],[15.1402,48.0426],[15.1416,48.0474],[15.1385,48.0525],[15.1566,48.052],[15.1729,48.0436],[15.187,48.0467],[15.2031,48.0436],[15.2108,48.0479],[15.2443,48.0541],[15.2556,48.0533],[15.2686,48.0583],[15.3226,48.0643],[15.3478,48.0753],[15.3542,48.0744],[15.3998,48.0879],[15.4317,48.1022],[15.4944,48.1184],[15.5353,48.1228],[15.5367,48.1179],[15.5291,48.1037],[15.5085,48.1009],[15.5039,48.0981],[15.4981,48.0866],[15.4793,48.0822],[15.4927,48.0804],[15.5103,48.0941],[15.5349,48.1005],[15.5537,48.1238],[15.5808,48.1242],[15.605,48.1301],[15.6076,48.1133],[15.5994,48.1044],[15.5887,48.0766],[15.5994,48.0673],[15.6017,48.0574],[15.609,48.0532],[15.6105,48.0493],[15.6065,48.044],[15.6111,48.0394],[15.6205,48.05],[15.6378,48.047],[15.6384,48.053],[15.6149,48.0554],[15.6061,48.0602],[15.6019,48.0699],[15.5953,48.0738],[15.5953,48.0816],[15.603,48.0886],[15.6048,48.0974],[15.6304,48.119],[15.6341,48.1307],[15.686,48.1502],[15.7156,48.1696],[15.759,48.1725],[15.7787,48.182],[15.791,48.1836],[15.848,48.1812],[15.8621,48.1858],[15.8796,48.1847],[15.9077,48.192],[15.9263,48.2015],[15.9522,48.2023],[15.9528,48.2065],[16.0277,48.2308],[16.0486,48.2328],[16.0604,48.2373],[16.071,48.2509],[16.0823,48.2529],[16.0806,48.2585],[16.0851,48.2623],[16.106,48.2714],[16.1099,48.2763],[16.1477,48.2911],[16.1646,48.3056],[16.212,48.324],[16.238,48.3439],[16.253,48.3506],[16.2736,48.3501],[16.2899,48.3453],[16.3167,48.3155],[16.3254,48.3099],[16.3373,48.2915],[16.3412,48.2889],[16.3482,48.2906]]],[[[14.4222,48.0427],[14.4216,48.0408],[14.4195,48.0401],[14.4052,48.0384],[14.4051,48.0337],[14.3971,48.029],[14.3932,48.0214],[14.3981,48.0157],[14.3954,48.0077],[14.397,48.0018],[14.3645,47.9937],[14.3546,47.9875],[14.3455,47.9739],[14.3397,47.9731],[14.3451,47.9628],[14.3421,47.9528],[14.3459,47.951],[14.3323,47.9464],[14.2945,47.9426],[14.2837,47.9351],[14.2303,47.9331],[14.2144,47.918],[14.1927,47.913],[14.1783,47.8991],[14.1443,47.8813],[14.1335,47.8721],[14.1284,47.8779],[14.1267,47.8986],[14.1221,47.8982],[14.1057,47.9207],[14.106,47.9269],[14.1172,47.9372],[14.1239,47.9559],[14.1301,47.9616],[14.1286,47.9766],[14.1456,47.9716],[14.1915,47.9738],[14.2132,47.9793],[14.2201,47.989],[14.2174,47.992],[14.2533,48.0008],[14.2524,48.0053],[14.2538,48.0088],[14.2692,48.0042],[14.2714,48.0006],[14.2933,48.0122],[14.2979,48.0054],[14.3074,48.009],[14.3148,48.0183],[14.3349,48.0278],[14.337,48.0364],[14.329,48.0418],[14.3367,48.0441],[14.3418,48.0515],[14.3661,48.049],[14.3792,48.0435],[14.4029,48.0399],[14.4222,48.0427]]],[[[13.9273,47.8863],[13.9073,47.8857],[13.8946,47.89],[13.8751,47.8832],[13.8724,47.8859],[13.8522,47.8813],[13.8495,47.8867],[13.8326,47.889],[13.8147,47.8828],[13.8112,47.8805],[13.8158,47.8635],[13.8142,47.8535],[13.8077,47.8422],[13.8077,47.8255],[13.7946,47.8095],[13.7834,47.809],[13.7836,47.8132],[13.7748,47.8141],[13.791,47.8279],[13.785,47.8371],[13.7919,47.8463],[13.7318,47.8526],[13.6864,47.8525],[13.6572,47.847],[13.6547,47.8508],[13.6455,47.8489],[13.645,47.8416],[13.6129,47.8429],[13.5903,47.84],[13.5439,47.8016],[13.5284,47.7975],[13.5111,47.7972],[13.5071,47.7912],[13.4895,47.7897],[13.4843,47.7932],[13.4826,47.8019],[13.467,47.8041],[13.4005,47.7997],[13.3921,47.7943],[13.3505,47.8097],[13.3483,47.8133],[13.3124,47.8127],[13.3096,47.8219],[13.2897,47.8244],[13.2867,47.8306],[13.2885,47.8425],[13.2844,47.8441],[13.292,47.8486],[13.288,47.8559],[13.2955,47.8572],[13.2847,47.8729],[13.2761,47.8774],[13.277,47.8832],[13.2703,47.8911],[13.2816,47.8972],[13.2789,47.9089],[13.2829,47.915],[13.2789,47.9226],[13.2906,47.9271],[13.2903,47.9411],[13.3023,47.9404],[13.308,47.9462],[13.3147,47.9462],[13.3221,47.9343],[13.3348,47.9386],[13.3345,47.9422],[13.3264,47.946],[13.3245,47.9572],[13.3405,47.9524],[13.3379,47.9476],[13.3408,47.943],[13.3459,47.9445],[13.3586,47.9397],[13.3583,47.9425],[13.3643,47.9455],[13.3611,47.9556],[13.3741,47.9632],[13.3858,47.9528],[13.3933,47.9571],[13.4157,47.9515],[13.4385,47.9566],[13.4834,47.9506],[13.4731,47.9327],[13.4632,47.9252],[13.4745,47.9223],[13.4973,47.9351],[13.5026,47.9497],[13.5231,47.9553],[13.5875,47.9512],[13.6279,47.9359],[13.6446,47.9452],[13.7161,47.9538],[13.7381,47.9596],[13.7833,47.9583],[13.8083,47.9652],[13.8096,47.9586],[13.8,47.9463],[13.7891,47.9129],[13.8021,47.9179],[13.807,47.9126],[13.8133,47.9443],[13.8246,47.9549],[13.8261,47.9642],[13.8348,47.9683],[13.8777,47.9636],[13.8968,47.9676],[13.9079,47.9759],[13.9246,47.9682],[13.9829,47.9627],[13.9784,47.9475],[13.9879,47.9301],[13.9762,47.9216],[13.9507,47.913],[13.9462,47.9071],[13.935,47.9026],[13.9256,47.8924],[13.9273,47.8863]]],[[[14.0798,47.9596],[14.0982,47.9466],[14.0765,47.932],[14.0925,47.9183],[14.1028,47.8887],[14.1161,47.8724],[14.0872,47.8865],[14.0734,47.8867],[14.0629,47.8913],[14.0361,47.8906],[14.0301,47.8879],[14.0082,47.8893],[14.0014,47.8956],[13.9801,47.9007],[13.9515,47.8928],[13.9669,47.9015],[13.9772,47.9117],[13.9935,47.9164],[13.9965,47.9257],[13.9949,47.932],[14.0018,47.9407],[14.003,47.9528],[14.0062,47.9485],[14.02,47.9569],[14.0543,47.9404],[14.0617,47.946],[14.0689,47.9464],[14.0738,47.9588],[14.0798,47.9596]]]]}},{"type":"Feature","properties":{"id":"GK100196","n":"Saggautal [MUR]","u":25.3},"geometry":{"type":"Polygon","coordinates":[[[15.4288,46.7429],[15.4431,46.7463],[15.4462,46.736],[15.4426,46.737],[15.4371,46.7312],[15.4129,46.7198],[15.3966,46.6955],[15.3973,46.6854],[15.4035,46.6766],[15.4181,46.6721],[15.4224,46.672],[15.4244,46.6757],[15.4268,46.6719],[15.4348,46.6701],[15.4639,46.6681],[15.4821,46.6628],[15.4817,46.658],[15.4736,46.6608],[15.4696,46.6558],[15.4677,46.6603],[15.4511,46.666],[15.3983,46.6718],[15.395,46.6767],[15.3871,46.677],[15.3917,46.6823],[15.3865,46.6917],[15.3817,46.6882],[15.3627,46.6851],[15.3593,46.6798],[15.3543,46.6822],[15.353,46.6788],[15.351,46.6819],[15.3445,46.6799],[15.3235,46.6849],[15.3236,46.6889],[15.3159,46.6889],[15.3188,46.6912],[15.3148,46.6927],[15.2954,46.6945],[15.2852,46.6904],[15.2842,46.6943],[15.2704,46.6941],[15.2586,46.6914],[15.2478,46.6844],[15.2339,46.682],[15.2248,46.6753],[15.2158,46.679],[15.2247,46.6798],[15.2222,46.6828],[15.2286,46.6828],[15.2356,46.6892],[15.2336,46.6913],[15.2442,46.6896],[15.2656,46.7007],[15.2738,46.6994],[15.2745,46.7018],[15.2928,46.7052],[15.3076,46.7037],[15.3112,46.6985],[15.3203,46.6983],[15.3288,46.6904],[15.3517,46.6883],[15.3535,46.69],[15.3488,46.6937],[15.3573,46.6931],[15.3664,46.6964],[15.3641,46.6983],[15.3849,46.6987],[15.3754,46.7019],[15.3876,46.702],[15.3868,46.7079],[15.3908,46.7052],[15.4005,46.7169],[15.3981,46.717],[15.4047,46.7211],[15.4018,46.7241],[15.4059,46.7237],[15.4086,46.7293],[15.4221,46.7347],[15.4243,46.7371],[15.4219,46.7392],[15.4276,46.7384],[15.4288,46.7429]]]}},{"type":"Feature","properties":{"id":"GK100026","n":"Tullnerfeld [DUJ]","u":52.8},"geometry":{"type":"Polygon","coordinates":[[[15.7016,48.481],[15.7169,48.4681],[15.7341,48.4642],[15.7414,48.4516],[15.7551,48.4438],[15.8003,48.4274],[15.8183,48.4291],[15.8409,48.438],[15.8713,48.4373],[15.8956,48.4332],[15.9481,48.4177],[15.9708,48.4218],[15.9724,48.4145],[15.9825,48.4092],[15.9983,48.409],[16.0592,48.3983],[16.1058,48.3967],[16.1334,48.3912],[16.156,48.3934],[16.192,48.3914],[16.2156,48.3874],[16.2248,48.3946],[16.2367,48.3867],[16.2597,48.3785],[16.2818,48.3872],[16.3049,48.3702],[16.3321,48.383],[16.3535,48.3823],[16.3684,48.3874],[16.3748,48.3851],[16.3743,48.3796],[16.3823,48.3742],[16.3798,48.3656],[16.3899,48.3606],[16.3676,48.3421],[16.3654,48.334],[16.3539,48.3238],[16.3539,48.3133],[16.3466,48.3099],[16.344,48.305],[16.3482,48.2906],[16.3412,48.2889],[16.3254,48.3099],[16.3167,48.3155],[16.2899,48.3453],[16.2752,48.3499],[16.2574,48.3509],[16.2408,48.3456],[16.2035,48.3203],[16.1694,48.3069],[16.1111,48.29],[16.0773,48.2843],[16.0204,48.281],[16.006,48.2851],[15.9633,48.2879],[15.9541,48.2871],[15.9453,48.2786],[15.9009,48.2764],[15.8956,48.2789],[15.8857,48.3014],[15.8777,48.3064],[15.8778,48.3119],[15.8206,48.3192],[15.8118,48.323],[15.8021,48.3222],[15.793,48.334],[15.7691,48.3436],[15.7461,48.3471],[15.7394,48.3529],[15.7374,48.3615],[15.7327,48.3637],[15.7115,48.3628],[15.712,48.3711],[15.7027,48.3779],[15.6819,48.3803],[15.6635,48.3751],[15.637,48.3916],[15.6186,48.3801],[15.5861,48.3872],[15.5602,48.3832],[15.5477,48.3861],[15.578,48.3983],[15.5981,48.4109],[15.6134,48.4139],[15.6319,48.4251],[15.6572,48.4242],[15.6824,48.4356],[15.7006,48.4383],[15.7125,48.4478],[15.7082,48.4546],[15.6926,48.464],[15.6857,48.4731],[15.6927,48.4906],[15.6926,48.4989],[15.697,48.4954],[15.7016,48.481]]]}},{"type":"Feature","properties":{"id":"GK100128","n":"Ikvatal [LRR]","u":1.9},"geometry":{"type":"MultiPolygon","coordinates":[[[[16.538,47.7398],[16.5366,47.737],[16.5522,47.7224],[16.5408,47.712],[16.5208,47.7123],[16.5171,47.7069],[16.4999,47.7046],[16.4936,47.6985],[16.4868,47.6976],[16.4847,47.6914],[16.4759,47.6899],[16.4745,47.6811],[16.4615,47.6828],[16.4542,47.6968],[16.448,47.6968],[16.4433,47.6742],[16.4209,47.6651],[16.4132,47.6714],[16.4112,47.6786],[16.4133,47.6829],[16.429,47.6862],[16.4454,47.7026],[16.4607,47.7038],[16.4692,47.7077],[16.466,47.714],[16.4673,47.7239],[16.479,47.7221],[16.4928,47.7232],[16.4979,47.7266],[16.5118,47.726],[16.5216,47.7339],[16.5182,47.7389],[16.5224,47.7452],[16.538,47.7398]]],[[[16.6976,47.5194],[16.667,47.5215],[16.6533,47.5289],[16.6382,47.5249],[16.614,47.5252],[16.6065,47.52],[16.5956,47.5255],[16.5822,47.5261],[16.5822,47.5377],[16.5689,47.5465],[16.5774,47.554],[16.5365,47.5742],[16.5356,47.5864],[16.506,47.5905],[16.4818,47.6011],[16.4692,47.6148],[16.4572,47.6166],[16.4529,47.6261],[16.4452,47.6313],[16.455,47.6431],[16.4523,47.6546],[16.48,47.6501],[16.4876,47.642],[16.4975,47.6396],[16.5072,47.6386],[16.515,47.6461],[16.5489,47.6338],[16.5744,47.6197],[16.59,47.6175],[16.6297,47.6282],[16.6528,47.6226],[16.6597,47.6063],[16.6732,47.6049],[16.666,47.5965],[16.6746,47.5791],[16.6705,47.5712],[16.6631,47.5688],[16.6645,47.5663],[16.6712,47.5601],[16.6891,47.5593],[16.6977,47.5458],[16.7141,47.5402],[16.7028,47.5334],[16.7055,47.5234],[16.6976,47.5194]]]]}},{"type":"Feature","properties":{"id":"GK100005","n":"Pinzgauer Saalachtal [DBJ]","u":8.3},"geometry":{"type":"Polygon","coordinates":[[[12.8463,47.4484],[12.8432,47.4453],[12.8298,47.4491],[12.8272,47.445],[12.8287,47.4366],[12.8617,47.4321],[12.8749,47.4239],[12.877,47.4188],[12.8938,47.4148],[12.9006,47.408],[12.8967,47.4059],[12.8843,47.4082],[12.8541,47.3959],[12.828,47.3758],[12.8244,47.3664],[12.82,47.3635],[12.8145,47.3379],[12.7968,47.3397],[12.798,47.3551],[12.7955,47.3608],[12.7852,47.3627],[12.7858,47.3648],[12.7982,47.3624],[12.79,47.3887],[12.7942,47.3977],[12.8075,47.4083],[12.81,47.4155],[12.8148,47.415],[12.8197,47.4233],[12.8157,47.4261],[12.8162,47.4329],[12.8088,47.4383],[12.7771,47.4377],[12.7784,47.4443],[12.7979,47.4518],[12.803,47.4502],[12.8202,47.4611],[12.8246,47.4663],[12.8253,47.4834],[12.7872,47.4988],[12.7628,47.5051],[12.7554,47.5092],[12.7532,47.5185],[12.7446,47.5245],[12.7224,47.5353],[12.7189,47.5321],[12.7193,47.5458],[12.7229,47.5544],[12.7124,47.5614],[12.7021,47.563],[12.7017,47.567],[12.6928,47.5705],[12.6856,47.582],[12.6951,47.5895],[12.7068,47.5849],[12.7041,47.5829],[12.71,47.5747],[12.7214,47.5684],[12.7167,47.5617],[12.7321,47.5536],[12.7226,47.5443],[12.7354,47.5321],[12.757,47.5224],[12.7623,47.5105],[12.8274,47.4903],[12.8342,47.4847],[12.8288,47.4621],[12.8463,47.4484]]]}},{"type":"Feature","properties":{"id":"GK100178","n":"S\u00fcdl. Wiener Becken-Ostrand [LRR]","u":62.9},"geometry":{"type":"MultiPolygon","coordinates":[[[[16.994,48.046],[16.9854,48.028],[16.9796,48.0235],[16.9695,48.0264],[16.9714,48.0362],[16.9745,48.0355],[16.9707,48.04],[16.9525,48.0462],[16.9177,48.046],[16.8956,48.0402],[16.8671,48.0257],[16.8664,47.9999],[16.8594,47.9932],[16.8531,47.9993],[16.8432,47.9992],[16.8045,47.9916],[16.8021,47.9925],[16.8065,48.0014],[16.8163,48.0008],[16.8179,48.0094],[16.8221,48.0137],[16.8207,48.0177],[16.797,48.0161],[16.7997,48.0046],[16.7882,48.0091],[16.7841,48.0147],[16.7781,48.0152],[16.7701,48.0099],[16.7686,47.9929],[16.783,47.9881],[16.7875,47.9919],[16.7904,47.9885],[16.7865,47.9848],[16.7806,47.9834],[16.7835,47.9861],[16.7559,47.9893],[16.7399,47.9965],[16.716,47.9918],[16.7088,47.9875],[16.696,47.9871],[16.6987,47.9794],[16.6958,47.9778],[16.6879,47.9879],[16.6793,47.9909],[16.6633,47.9863],[16.6578,47.9795],[16.6523,47.9781],[16.6482,47.9812],[16.6282,47.9805],[16.6236,47.9756],[16.6254,47.9679],[16.6158,47.9676],[16.6179,47.973],[16.6078,47.9721],[16.5858,47.9595],[16.6205,47.9869],[16.6241,47.9972],[16.634,48.0093],[16.6353,48.027],[16.6514,48.0328],[16.6484,48.036],[16.6539,48.0445],[16.6582,48.0461],[16.6653,48.0429],[16.6737,48.0496],[16.6757,48.0579],[16.6507,48.0686],[16.6561,48.0737],[16.6531,48.0789],[16.6581,48.0816],[16.6752,48.0804],[16.6977,48.0853],[16.7064,48.0806],[16.7239,48.0801],[16.7299,48.0827],[16.7396,48.0791],[16.7528,48.0851],[16.781,48.0875],[16.7955,48.0978],[16.8039,48.0955],[16.823,48.0997],[16.8351,48.0987],[16.8358,48.1012],[16.8637,48.1018],[16.8683,48.0977],[16.9058,48.091],[16.9071,48.0822],[16.9168,48.081],[16.9224,48.0722],[16.9275,48.0729],[16.9338,48.0679],[16.9284,48.0668],[16.9297,48.0632],[16.9344,48.0627],[16.9297,48.0607],[16.932,48.0589],[16.9467,48.058],[16.9567,48.0485],[16.994,48.046]]],[[[16.4407,47.8614],[16.4353,47.8621],[16.4347,47.8555],[16.4242,47.859],[16.4183,47.8563],[16.4117,47.8463],[16.4042,47.8451],[16.3986,47.8345],[16.3787,47.8268],[16.3709,47.8156],[16.358,47.8221],[16.3773,47.8274],[16.3722,47.8312],[16.3872,47.8435],[16.3482,47.8679],[16.3582,47.8665],[16.3777,47.8728],[16.3889,47.8816],[16.4007,47.8762],[16.4123,47.8815],[16.4085,47.8844],[16.4164,47.8905],[16.409,47.8925],[16.4142,47.8957],[16.4195,47.8939],[16.4234,47.9049],[16.4203,47.9066],[16.4242,47.9115],[16.4194,47.9131],[16.4265,47.9158],[16.4369,47.9271],[16.4651,47.9397],[16.4795,47.9374],[16.488,47.9431],[16.5052,47.9385],[16.5135,47.9418],[16.5124,47.9437],[16.5186,47.9439],[16.5238,47.9348],[16.5408,47.9203],[16.5607,47.9291],[16.5849,47.9542],[16.5873,47.9524],[16.576,47.935],[16.5651,47.9303],[16.5689,47.9278],[16.5826,47.9365],[16.5843,47.9439],[16.5858,47.9425],[16.5826,47.9284],[16.576,47.9243],[16.5643,47.9014],[16.5667,47.8974],[16.562,47.8978],[16.5575,47.8916],[16.5511,47.8899],[16.5546,47.8822],[16.5474,47.8835],[16.5402,47.8808],[16.5302,47.8836],[16.5265,47.8895],[16.5304,47.8939],[16.5343,47.8875],[16.5408,47.8872],[16.5401,47.8916],[16.5451,47.8964],[16.5413,47.9026],[16.5465,47.9091],[16.5374,47.9059],[16.531,47.9103],[16.5293,47.9036],[16.5146,47.893],[16.4753,47.905],[16.463,47.9056],[16.4617,47.9138],[16.4572,47.9154],[16.4558,47.9083],[16.4582,47.9052],[16.4537,47.905],[16.4524,47.9089],[16.4464,47.9041],[16.4505,47.9012],[16.4476,47.9],[16.4501,47.897],[16.4496,47.8823],[16.4396,47.8725],[16.4407,47.8614]]]]}},{"type":"Feature","properties":{"id":"GK100083","n":"Grauwackenzone [LRR]","u":10.4},"geometry":{"type":"Polygon","coordinates":[[[16.0209,47.7164],[16.0146,47.7089],[16.0035,47.7045],[16.0028,47.6973],[15.9993,47.6951],[15.9842,47.6911],[15.9635,47.6795],[15.9402,47.678],[15.9415,47.6745],[15.9561,47.6685],[15.9372,47.6662],[15.923,47.6605],[15.8995,47.6591],[15.8493,47.665],[15.817,47.6588],[15.7975,47.662],[15.7756,47.6716],[15.7619,47.673],[15.7476,47.6656],[15.7287,47.6618],[15.7178,47.6847],[15.7278,47.6849],[15.731,47.6908],[15.7351,47.6919],[15.7537,47.6922],[15.7638,47.699],[15.7914,47.6986],[15.8121,47.7029],[15.8661,47.6985],[15.8879,47.6929],[15.9172,47.6971],[15.9288,47.7037],[15.9377,47.7041],[15.95,47.7203],[15.9683,47.7278],[15.973,47.7217],[15.9851,47.7228],[16.0209,47.7164]]]}},{"type":"Feature","properties":{"id":"GK100064","n":"Krappfeld [DRA]","u":78.8},"geometry":{"type":"Polygon","coordinates":[[[14.4772,46.7782],[14.4739,46.7771],[14.4719,46.7807],[14.465,46.7825],[14.4579,46.7996],[14.4434,46.8113],[14.4403,46.818],[14.4306,46.8206],[14.4331,46.8319],[14.4258,46.8342],[14.4216,46.8412],[14.4233,46.8513],[14.4314,46.8556],[14.4312,46.8628],[14.4449,46.866],[14.449,46.8791],[14.4367,46.8903],[14.4419,46.8954],[14.4556,46.8938],[14.4574,46.8861],[14.4637,46.8793],[14.4777,46.8763],[14.4876,46.8701],[14.4794,46.859],[14.494,46.8514],[14.4872,46.8235],[14.4705,46.8002],[14.4703,46.7939],[14.479,46.7889],[14.476,46.7847],[14.4772,46.7782]]]}},{"type":"Feature","properties":{"id":"GK100015","n":"Schlierh\u00fcgelland [DBJ]","u":41.0},"geometry":{"type":"Polygon","coordinates":[[[13.6827,48.3761],[13.6871,48.3727],[13.686,48.3617],[13.7062,48.3544],[13.7025,48.3454],[13.6947,48.3407],[13.6734,48.3316],[13.6632,48.3316],[13.6683,48.3251],[13.6655,48.3123],[13.6702,48.3105],[13.6668,48.3091],[13.6688,48.3035],[13.6657,48.3024],[13.6698,48.299],[13.6714,48.2893],[13.6616,48.2799],[13.6514,48.2779],[13.6507,48.2714],[13.6551,48.2642],[13.653,48.2601],[13.6587,48.2577],[13.6422,48.253],[13.6321,48.2539],[13.6317,48.2469],[13.6236,48.2465],[13.6292,48.2242],[13.6181,48.2202],[13.6134,48.2223],[13.613,48.216],[13.6258,48.2114],[13.6275,48.2069],[13.6241,48.2047],[13.6237,48.1979],[13.6162,48.2027],[13.5826,48.1809],[13.5617,48.1548],[13.4603,48.1596],[13.4431,48.1755],[13.4411,48.1815],[13.4122,48.188],[13.4042,48.1944],[13.3775,48.2023],[13.3597,48.214],[13.3207,48.2265],[13.3124,48.235],[13.3004,48.241],[13.2445,48.252],[13.3003,48.2666],[13.3134,48.2647],[13.3212,48.2597],[13.3223,48.2637],[13.3349,48.2639],[13.3371,48.2692],[13.3324,48.2779],[13.3335,48.2835],[13.3509,48.2939],[13.3513,48.2978],[13.3606,48.3032],[13.3629,48.3128],[13.3734,48.3189],[13.3803,48.3197],[13.3884,48.3132],[13.3864,48.3099],[13.3945,48.3111],[13.4067,48.3071],[13.4332,48.3206],[13.429,48.3284],[13.4101,48.3402],[13.409,48.3569],[13.4212,48.3653],[13.4262,48.3802],[13.4489,48.3866],[13.4529,48.4011],[13.4642,48.4133],[13.4753,48.4173],[13.4924,48.4045],[13.4984,48.4075],[13.5017,48.4177],[13.4969,48.4284],[13.4856,48.4439],[13.4766,48.4484],[13.4821,48.4535],[13.5045,48.4521],[13.5178,48.4408],[13.5237,48.4462],[13.5242,48.4579],[13.5326,48.4599],[13.5429,48.451],[13.5481,48.4324],[13.5667,48.4289],[13.5784,48.4196],[13.5884,48.4245],[13.607,48.4247],[13.6119,48.4302],[13.6218,48.4326],[13.6363,48.417],[13.6472,48.414],[13.6339,48.3997],[13.6491,48.3923],[13.6498,48.382],[13.6543,48.3758],[13.6734,48.3651],[13.6784,48.3678],[13.6827,48.3761]]]}},{"type":"Feature","properties":{"id":"GK100151","n":"Helvetikum [RHE]","u":3.9},"geometry":{"type":"MultiPolygon","coordinates":[[[[10.0963,47.423],[10.0952,47.4177],[10.0748,47.4149],[10.0692,47.4103],[10.0853,47.3998],[10.0834,47.3939],[10.0988,47.3572],[10.0722,47.3522],[10.0707,47.3467],[10.0761,47.3429],[10.0715,47.3378],[10.0557,47.3328],[10.044,47.3377],[10.0263,47.3271],[10.0159,47.3163],[9.9908,47.3128],[9.9888,47.315],[9.9693,47.3136],[9.9458,47.3043],[9.923,47.3099],[9.9018,47.3043],[9.8805,47.3068],[9.8685,47.2959],[9.8518,47.2952],[9.8471,47.2976],[9.8439,47.2904],[9.8371,47.2869],[9.8032,47.2896],[9.802,47.28],[9.7899,47.2734],[9.7543,47.2853],[9.7467,47.2805],[9.7292,47.2773],[9.7428,47.2756],[9.7351,47.2568],[9.6891,47.253],[9.6835,47.2491],[9.6895,47.2493],[9.6665,47.2284],[9.6562,47.2296],[9.6512,47.2249],[9.6439,47.2248],[9.6348,47.227],[9.6302,47.2314],[9.6309,47.2267],[9.6263,47.2257],[9.6047,47.2304],[9.6042,47.2196],[9.5774,47.2115],[9.5697,47.2189],[9.5772,47.2266],[9.5728,47.2259],[9.5723,47.2283],[9.5917,47.2402],[9.5947,47.2509],[9.6003,47.2566],[9.6113,47.2581],[9.6147,47.2552],[9.591,47.2348],[9.5996,47.2332],[9.5989,47.2368],[9.6124,47.2446],[9.6256,47.2585],[9.6568,47.2761],[9.6599,47.2747],[9.6608,47.2826],[9.6721,47.2959],[9.6648,47.2915],[9.6554,47.2913],[9.6522,47.2943],[9.6527,47.3006],[9.6605,47.3053],[9.6503,47.3049],[9.6518,47.3078],[9.648,47.3105],[9.6224,47.3126],[9.6411,47.3271],[9.6423,47.3314],[9.6478,47.3317],[9.6465,47.3289],[9.6545,47.3328],[9.6498,47.3326],[9.6558,47.3396],[9.654,47.3436],[9.6676,47.3436],[9.687,47.3531],[9.6873,47.3569],[9.6976,47.3571],[9.6959,47.3598],[9.6902,47.3595],[9.6951,47.3608],[9.6906,47.3634],[9.7133,47.38],[9.7328,47.3867],[9.7404,47.3863],[9.7401,47.3907],[9.7479,47.3954],[9.7495,47.4013],[9.763,47.3963],[9.7504,47.4054],[9.7535,47.4089],[9.7579,47.4057],[9.7546,47.4118],[9.7572,47.4131],[9.7539,47.4144],[9.7569,47.4184],[9.7882,47.4217],[9.8307,47.4196],[9.8746,47.4245],[9.9685,47.4178],[10.0313,47.4268],[10.0609,47.416],[10.0807,47.4176],[10.0963,47.423]]],[[[9.6095,47.3422],[9.6141,47.3422],[9.6216,47.335],[9.6276,47.3355],[9.63,47.3306],[9.6182,47.3291],[9.5985,47.3325],[9.6029,47.3362],[9.6034,47.3411],[9.6124,47.3444],[9.6095,47.3422]]],[[[9.6249,47.3254],[9.6224,47.3206],[9.6168,47.3224],[9.6249,47.3254]]],[[[9.5526,47.2237],[9.5674,47.2409],[9.5614,47.2488],[9.5803,47.2537],[9.5819,47.2426],[9.5526,47.2237]]]]}},{"type":"Feature","properties":{"id":"GK100138","n":"Grazer Bergland \u00f6stl. der Mur [LRR]","u":0.0},"geometry":{"type":"Polygon","coordinates":[[[15.6841,47.2872],[15.6959,47.2611],[15.6866,47.2524],[15.6924,47.2455],[15.6853,47.2423],[15.6852,47.2388],[15.6771,47.2334],[15.6771,47.2297],[15.6728,47.2298],[15.6679,47.2246],[15.6619,47.2265],[15.6582,47.2233],[15.6471,47.2266],[15.6307,47.2215],[15.6103,47.2356],[15.6063,47.233],[15.6133,47.2291],[15.617,47.2221],[15.607,47.2227],[15.5963,47.229],[15.5916,47.2283],[15.5918,47.2253],[15.5746,47.227],[15.5695,47.2246],[15.5844,47.2144],[15.5806,47.2076],[15.5764,47.2063],[15.5854,47.2029],[15.5991,47.2051],[15.6048,47.1982],[15.6238,47.192],[15.6185,47.1883],[15.6205,47.1858],[15.6243,47.1871],[15.6268,47.183],[15.6236,47.1769],[15.6067,47.1826],[15.6061,47.1789],[15.597,47.1777],[15.5984,47.1713],[15.5822,47.1845],[15.5818,47.1902],[15.5874,47.1909],[15.5811,47.1988],[15.5791,47.1946],[15.5621,47.2028],[15.5557,47.1985],[15.5428,47.2002],[15.5403,47.1988],[15.5466,47.1921],[15.5413,47.1854],[15.5495,47.1754],[15.5483,47.1699],[15.5207,47.1751],[15.5177,47.1829],[15.5112,47.1832],[15.505,47.1783],[15.5041,47.1718],[15.4982,47.17],[15.4992,47.1641],[15.5081,47.1592],[15.5047,47.1555],[15.4847,47.1632],[15.4716,47.1744],[15.464,47.1732],[15.4535,47.1637],[15.4426,47.168],[15.4515,47.1938],[15.4662,47.1995],[15.4563,47.2114],[15.4369,47.2239],[15.4409,47.229],[15.4385,47.2323],[15.4446,47.2356],[15.4446,47.2397],[15.43,47.246],[15.4226,47.2549],[15.4142,47.2556],[15.4156,47.2833],[15.4125,47.2847],[15.4092,47.2954],[15.4188,47.3022],[15.4218,47.3081],[15.4371,47.3054],[15.442,47.3154],[15.4647,47.333],[15.4708,47.3329],[15.4717,47.3394],[15.4745,47.3405],[15.4964,47.3418],[15.5191,47.3485],[15.5336,47.345],[15.5373,47.3401],[15.5486,47.3398],[15.5566,47.3533],[15.5369,47.3569],[15.5306,47.3619],[15.5362,47.3721],[15.5307,47.3915],[15.5361,47.4018],[15.5673,47.4063],[15.5817,47.4127],[15.5797,47.421],[15.5883,47.4273],[15.5829,47.4402],[15.586,47.4483],[15.6125,47.429],[15.6133,47.4222],[15.632,47.4084],[15.6369,47.4007],[15.6466,47.3958],[15.6487,47.3838],[15.6642,47.3696],[15.6684,47.3619],[15.6574,47.3651],[15.6588,47.3698],[15.6545,47.372],[15.653,47.3603],[15.661,47.3559],[15.658,47.3525],[15.6651,47.3513],[15.6672,47.3456],[15.6794,47.3421],[15.69,47.3239],[15.6841,47.3066],[15.6841,47.2872]]]}},{"type":"Feature","properties":{"id":"GK100183","n":"H\u00fcgelland zwischen Mur und Raab [MUR]","u":49.4},"geometry":{"type":"MultiPolygon","coordinates":[[[[15.4283,47.1262],[15.4258,47.1308],[15.418,47.1166],[15.4141,47.1202],[15.4133,47.1156],[15.4057,47.113],[15.3798,47.1122],[15.3748,47.1197],[15.3761,47.1221],[15.3541,47.1246],[15.3644,47.1294],[15.358,47.1285],[15.36,47.1321],[15.3539,47.1341],[15.3549,47.1391],[15.3513,47.1351],[15.3451,47.1403],[15.3444,47.1378],[15.3307,47.1378],[15.3355,47.1437],[15.326,47.158],[15.3398,47.1698],[15.3493,47.1692],[15.3573,47.1626],[15.3626,47.1631],[15.3632,47.1735],[15.3681,47.1751],[15.3757,47.1724],[15.376,47.1678],[15.3863,47.1655],[15.3774,47.1652],[15.3797,47.1634],[15.3767,47.1594],[15.3714,47.1597],[15.3658,47.1556],[15.3753,47.1529],[15.3768,47.1497],[15.3771,47.1449],[15.3711,47.1382],[15.3677,47.1394],[15.3687,47.1374],[15.3781,47.1356],[15.3824,47.1312],[15.3905,47.1414],[15.3899,47.1289],[15.3966,47.1309],[15.3966,47.1353],[15.4067,47.1322],[15.4107,47.1376],[15.4068,47.1396],[15.4075,47.1435],[15.4126,47.1477],[15.4227,47.1442],[15.4211,47.1384],[15.4276,47.1316],[15.4283,47.1262]]],[[[16.0661,46.8489],[16.058,46.8383],[16.0429,46.8409],[16.0324,46.8329],[16.0339,46.8357],[16.0279,46.8412],[16.0134,46.8356],[16.0079,46.8301],[15.9948,46.8345],[15.986,46.8271],[15.9883,46.8197],[15.9957,46.8142],[15.9986,46.8076],[15.9915,46.8046],[15.994,46.7924],[15.9887,46.7801],[15.9906,46.7725],[15.9879,46.761],[15.9903,46.7577],[15.9843,46.7515],[15.9886,46.743],[15.9808,46.7406],[15.9731,46.7436],[15.9678,46.7422],[15.9659,46.7463],[15.9608,46.7441],[15.9459,46.7479],[15.934,46.7544],[15.9326,46.7601],[15.9084,46.7655],[15.9047,46.7691],[15.8858,46.7648],[15.8853,46.7588],[15.8721,46.7527],[15.8453,46.763],[15.8264,46.7602],[15.8268,46.757],[15.8194,46.7528],[15.8115,46.7531],[15.8108,46.7596],[15.8044,46.7541],[15.7894,46.7593],[15.7914,46.7534],[15.7788,46.7523],[15.7761,46.755],[15.7638,46.754],[15.7525,46.7563],[15.7502,46.7596],[15.7447,46.7584],[15.7388,46.7643],[15.7381,46.76],[15.7197,46.7542],[15.6952,46.7548],[15.6923,46.7594],[15.6885,46.7557],[15.6706,46.7625],[15.6689,46.7647],[15.6723,46.7692],[15.6662,46.7658],[15.661,46.7712],[15.6311,46.7737],[15.6243,46.7753],[15.6231,46.7789],[15.6208,46.7756],[15.6157,46.7764],[15.605,46.7853],[15.6064,46.7908],[15.6025,46.7891],[15.5907,46.7947],[15.5962,46.8189],[15.6021,46.822],[15.5954,46.8232],[15.6004,46.8354],[15.5991,46.8553],[15.5962,46.854],[15.5925,46.8605],[15.595,46.8665],[15.5891,46.8633],[15.5813,46.869],[15.5821,46.8741],[15.5745,46.883],[15.5726,46.8937],[15.5753,46.9],[15.5695,46.8989],[15.5636,46.8902],[15.5253,46.8969],[15.5211,46.9015],[15.5193,46.8976],[15.5125,46.8981],[15.4944,46.9051],[15.497,46.9104],[15.4936,46.9092],[15.4938,46.9121],[15.5048,46.9255],[15.5091,46.9407],[15.5122,46.9425],[15.5108,46.9505],[15.516,46.9518],[15.5118,46.9532],[15.5095,46.9592],[15.5138,46.9672],[15.509,46.9704],[15.5114,46.9798],[15.5179,46.9883],[15.5312,46.9943],[15.5251,46.9963],[15.5116,46.9908],[15.5081,46.9934],[15.5045,47.0054],[15.5053,47.0152],[15.5099,47.0157],[15.5098,47.0187],[15.5152,47.0217],[15.5041,47.0172],[15.5002,47.0243],[15.5108,47.0356],[15.5074,47.0375],[15.4961,47.0318],[15.4799,47.0548],[15.4904,47.0587],[15.4857,47.0618],[15.4785,47.0603],[15.472,47.0658],[15.4748,47.0697],[15.4688,47.0685],[15.4617,47.073],[15.478,47.0774],[15.4715,47.0784],[15.4686,47.0831],[15.4672,47.0797],[15.4621,47.0794],[15.4594,47.0866],[15.4538,47.0795],[15.4541,47.0827],[15.4499,47.0819],[15.4391,47.0902],[15.4354,47.0884],[15.4321,47.0904],[15.4337,47.0919],[15.424,47.0951],[15.424,47.0985],[15.4284,47.0971],[15.4372,47.1015],[15.432,47.1019],[15.4303,47.108],[15.4349,47.1102],[15.432,47.1116],[15.4392,47.1209],[15.4288,47.117],[15.4286,47.1252],[15.4365,47.1212],[15.4445,47.1262],[15.4465,47.118],[15.4432,47.1121],[15.4612,47.1129],[15.4614,47.1067],[15.4669,47.0983],[15.4734,47.0971],[15.4753,47.1053],[15.4889,47.1054],[15.4941,47.1096],[15.4736,47.1118],[15.467,47.1203],[15.476,47.1271],[15.4807,47.1264],[15.4782,47.1236],[15.4813,47.1205],[15.4903,47.1219],[15.4935,47.1255],[15.472,47.1378],[15.4718,47.1405],[15.4808,47.1397],[15.4815,47.1434],[15.4927,47.1448],[15.4935,47.1486],[15.5024,47.148],[15.5047,47.1555],[15.5263,47.1433],[15.5261,47.1349],[15.5358,47.1296],[15.5336,47.1238],[15.5368,47.119],[15.5496,47.1122],[15.5444,47.1081],[15.5446,47.1033],[15.5584,47.0999],[15.5599,47.0936],[15.5732,47.0916],[15.5823,47.0836],[15.5831,47.0764],[15.5921,47.0747],[15.5938,47.0719],[15.5887,47.0687],[15.5905,47.0635],[15.6131,47.0531],[15.622,47.026],[15.6271,47.0262],[15.6448,47.0164],[15.6424,47.0075],[15.6467,47.0018],[15.6442,46.9948],[15.649,46.9883],[15.6477,46.9838],[15.6665,46.9773],[15.6818,46.9795],[15.6952,46.9735],[15.6955,46.965],[15.7034,46.9633],[15.7179,46.9672],[15.7203,46.9623],[15.7289,46.9589],[15.7269,46.9534],[15.7399,46.937],[15.7408,46.9298],[15.7586,46.9332],[15.7622,46.93],[15.7686,46.9325],[15.7917,46.9299],[15.7977,46.9321],[15.8077,46.929],[15.8113,46.9349],[15.8151,46.9349],[15.8272,46.9251],[15.8351,46.9248],[15.8401,46.9197],[15.8593,46.9203],[15.8634,46.9149],[15.8727,46.9108],[15.8727,46.9053],[15.8867,46.9073],[15.8898,46.9118],[15.9014,46.9081],[15.9068,46.9099],[15.913,46.9065],[15.9138,46.899],[15.9261,46.8951],[15.947,46.8976],[15.958,46.8936],[15.9617,46.8889],[15.9747,46.8917],[15.9972,46.886],[16.0085,46.8875],[16.007,46.8855],[16.0114,46.8836],[16.0216,46.8867],[16.0339,46.879],[16.0392,46.8809],[16.0462,46.8694],[16.0524,46.8698],[16.055,46.8655],[16.0635,46.8631],[16.0609,46.8537],[16.0661,46.8489]]]]}},{"type":"Feature","properties":{"id":"GK100189","n":"N\u00f6rdliche Kalkalpen [DUJ]","u":2.6},"geometry":{"type":"Polygon","coordinates":[[[16.2521,48.1481],[16.2475,48.1403],[16.2705,48.1186],[16.277,48.1055],[16.283,48.0803],[16.2808,48.0599],[16.2835,48.0522],[16.2369,48.0123],[16.2112,48.0059],[16.2025,47.9849],[16.2083,47.9678],[16.204,47.9638],[16.1856,47.961],[16.1777,47.9551],[16.1795,47.9474],[16.202,47.9332],[16.177,47.9319],[16.1822,47.9234],[16.1785,47.9108],[16.1924,47.8954],[16.1988,47.8757],[16.1922,47.8694],[16.1781,47.8682],[16.176,47.864],[16.1816,47.8573],[16.1747,47.8542],[16.157,47.8488],[16.1389,47.8523],[16.1323,47.8449],[16.1042,47.8487],[16.0998,47.8534],[16.0868,47.8498],[16.0648,47.8504],[16.0635,47.8432],[16.0475,47.8389],[16.0458,47.8357],[16.0251,47.8379],[16.0224,47.8323],[16.0164,47.8311],[16.0078,47.8228],[16.0029,47.8145],[15.9965,47.8165],[15.9808,47.8126],[15.9699,47.8049],[15.9682,47.8074],[15.9569,47.8069],[15.9428,47.814],[15.9201,47.8092],[15.91,47.8276],[15.889,47.8215],[15.8653,47.8207],[15.8453,47.8094],[15.837,47.8096],[15.8307,47.8057],[15.8311,47.7997],[15.8188,47.7987],[15.8092,47.7825],[15.8045,47.7856],[15.8045,47.7926],[15.799,47.8011],[15.8023,47.8112],[15.7919,47.8175],[15.8015,47.8222],[15.8001,47.8326],[15.7863,47.8363],[15.7826,47.8422],[15.7955,47.8523],[15.7944,47.8611],[15.8007,47.8656],[15.7986,47.8737],[15.8073,47.8796],[15.7925,47.8834],[15.7925,47.887],[15.7861,47.8894],[15.7877,47.8975],[15.8036,47.9061],[15.8041,47.9219],[15.8152,47.9242],[15.8141,47.9275],[15.8204,47.9348],[15.7903,47.9364],[15.7746,47.9316],[15.7585,47.9349],[15.7502,47.9308],[15.7476,47.9254],[15.7409,47.9238],[15.7383,47.9191],[15.7156,47.9149],[15.7123,47.9122],[15.7143,47.9072],[15.6901,47.8952],[15.6911,47.89],[15.6882,47.8873],[15.6755,47.8868],[15.6787,47.8994],[15.6669,47.9029],[15.6626,47.9011],[15.6587,47.8916],[15.6505,47.8833],[15.6394,47.8841],[15.6381,47.8789],[15.6238,47.875],[15.6257,47.8627],[15.6227,47.859],[15.6288,47.8544],[15.6269,47.8487],[15.6199,47.8473],[15.6156,47.841],[15.623,47.8375],[15.6234,47.8332],[15.6322,47.8261],[15.6313,47.8157],[15.6183,47.8125],[15.6151,47.8032],[15.6042,47.7998],[15.5835,47.7997],[15.5729,47.7908],[15.5543,47.786],[15.5476,47.7898],[15.5436,47.7886],[15.5284,47.7997],[15.5098,47.7969],[15.5055,47.7926],[15.4858,47.7922],[15.4842,47.7902],[15.4886,47.7824],[15.483,47.7574],[15.4704,47.7584],[15.4591,47.7538],[15.4358,47.753],[15.419,47.7407],[15.4067,47.7372],[15.395,47.738],[15.3966,47.7243],[15.3997,47.7207],[15.4107,47.7184],[15.4215,47.7101],[15.4076,47.7057],[15.3966,47.7079],[15.3962,47.694],[15.3903,47.689],[15.3812,47.6934],[15.3774,47.692],[15.3782,47.6772],[15.3871,47.6741],[15.388,47.6666],[15.3991,47.6641],[15.4148,47.6551],[15.4058,47.6492],[15.4038,47.6406],[15.3964,47.6346],[15.3212,47.6268],[15.3153,47.6188],[15.3158,47.6056],[15.307,47.6064],[15.2987,47.6155],[15.2863,47.6214],[15.2717,47.6348],[15.2732,47.6388],[15.2707,47.6403],[15.2274,47.6315],[15.22,47.6273],[15.2011,47.6296],[15.1921,47.6266],[15.1786,47.6326],[15.1675,47.6313],[15.1621,47.6292],[15.1617,47.6254],[15.1234,47.6106],[15.1139,47.6147],[15.0853,47.6139],[15.0697,47.6057],[15.0591,47.6081],[15.0282,47.6054],[15.023,47.5974],[14.9903,47.5926],[14.9789,47.5863],[14.9733,47.575],[14.9644,47.5732],[14.9693,47.5706],[14.983,47.5518],[14.9739,47.5402],[14.9698,47.5387],[14.9594,47.5485],[14.9509,47.5518],[14.9303,47.5468],[14.9244,47.5525],[14.9086,47.5444],[14.9113,47.5409],[14.8851,47.5416],[14.8683,47.5586],[14.8469,47.5334],[14.8354,47.5258],[14.8316,47.5284],[14.8249,47.5263],[14.8243,47.5229],[14.8349,47.5217],[14.8299,47.5149],[14.8029,47.5217],[14.7968,47.5256],[14.7987,47.5264],[14.7953,47.5338],[14.7685,47.5466],[14.7658,47.5457],[14.7665,47.5403],[14.7563,47.5422],[14.7214,47.5325],[14.7066,47.5221],[14.6999,47.5251],[14.6718,47.5256],[14.6469,47.5206],[14.644,47.5267],[14.6398,47.5281],[14.6304,47.5271],[14.628,47.5219],[14.6192,47.5228],[14.583,47.5393],[14.5701,47.5381],[14.5607,47.5413],[14.5507,47.5354],[14.5352,47.539],[14.4998,47.5381],[14.4881,47.5345],[14.4827,47.5266],[14.4687,47.5292],[14.4693,47.5377],[14.463,47.5499],[14.4584,47.5691],[14.46,47.572],[14.5234,47.5846],[14.5366,47.5831],[14.5419,47.5793],[14.5507,47.5818],[14.5184,47.5966],[14.4896,47.5966],[14.477,47.5924],[14.4616,47.5993],[14.4538,47.5971],[14.4562,47.5922],[14.4531,47.5866],[14.4296,47.5834],[14.4053,47.5879],[14.4028,47.587],[14.4062,47.5857],[14.4056,47.5823],[14.4028,47.5812],[14.3731,47.5924],[14.3537,47.5916],[14.3228,47.5818],[14.3024,47.5636],[14.2083,47.5712],[14.2028,47.5792],[14.198,47.5671],[14.1614,47.5561],[14.1488,47.5562],[14.1414,47.5501],[14.1135,47.5406],[14.105,47.5335],[14.0822,47.5267],[14.0595,47.5277],[14.0534,47.5392],[14.0403,47.5473],[14.0408,47.5502],[14.0226,47.5465],[14.0218,47.5495],[14.0288,47.5495],[14.0325,47.5533],[14.0264,47.5637],[14.0324,47.5732],[14.0308,47.5777],[14.0244,47.5714],[14.0234,47.5663],[14.0279,47.5571],[14.0086,47.5533],[14.0077,47.5475],[14.0147,47.5449],[14.0107,47.5423],[14.0368,47.5407],[14.0526,47.5328],[14.0638,47.5181],[14.0785,47.5182],[14.0478,47.5088],[14.0156,47.4904],[14.0037,47.4874],[13.9779,47.486],[13.9573,47.4918],[13.9578,47.4886],[13.9679,47.4862],[13.9337,47.4709],[13.9198,47.4565],[13.908,47.4507],[13.8774,47.4489],[13.8714,47.458],[13.8643,47.4583],[13.8639,47.4517],[13.8698,47.4461],[13.8968,47.4428],[13.8998,47.437],[13.8932,47.4321],[13.8727,47.4291],[13.8594,47.4231],[13.8466,47.4261],[13.8313,47.4201],[13.8151,47.4263],[13.8082,47.4247],[13.7995,47.4274],[13.7946,47.424],[13.782,47.4263],[13.7794,47.4223],[13.7576,47.4142],[13.7176,47.4089],[13.6688,47.392],[13.6504,47.3888],[13.6005,47.3892],[13.588,47.4003],[13.5738,47.4053],[13.5643,47.4133],[13.5638,47.4202],[13.5738,47.4264],[13.5785,47.4412],[13.5921,47.4601],[13.5907,47.4707],[13.5875,47.4698],[13.5856,47.4744],[13.5731,47.4804],[13.5344,47.495],[13.5157,47.4961],[13.5137,47.5026],[13.5087,47.5038],[13.5041,47.5103],[13.4882,47.5135],[13.4872,47.5202],[13.4809,47.5214],[13.4766,47.5306],[13.4783,47.5351],[13.4756,47.543],[13.4846,47.5526],[13.4843,47.5587],[13.481,47.56],[13.478,47.5681],[13.4967,47.5809],[13.5056,47.5816],[13.5044,47.6],[13.5237,47.6191],[13.5178,47.6252],[13.5184,47.6288],[13.5125,47.6322],[13.5021,47.6286],[13.4918,47.6309],[13.4775,47.6219],[13.4569,47.634],[13.4396,47.6332],[13.4273,47.637],[13.4243,47.6485],[13.411,47.6575],[13.397,47.6541],[13.3944,47.6456],[13.389,47.6507],[13.3927,47.6573],[13.3887,47.664],[13.3728,47.6663],[13.3634,47.673],[13.3451,47.6699],[13.3311,47.675],[13.3283,47.6801],[13.3338,47.6926],[13.3325,47.7031],[13.3415,47.7083],[13.3385,47.7094],[13.3398,47.7189],[13.3338,47.7229],[13.3365,47.7324],[13.3491,47.7416],[13.3598,47.745],[13.3428,47.7679],[13.3158,47.776],[13.2804,47.78],[13.2587,47.7933],[13.2457,47.7895],[13.235,47.7949],[13.2267,47.7948],[13.2263,47.8025],[13.2143,47.8074],[13.2314,47.8094],[13.2729,47.7991],[13.2891,47.8026],[13.2952,47.8123],[13.3115,47.8173],[13.3142,47.8124],[13.3483,47.8133],[13.3505,47.8097],[13.3921,47.7943],[13.4005,47.7997],[13.467,47.8041],[13.4826,47.8019],[13.4876,47.7901],[13.5024,47.7899],[13.5071,47.7912],[13.5111,47.7972],[13.5284,47.7975],[13.5439,47.8016],[13.592,47.8406],[13.645,47.8416],[13.6455,47.8489],[13.6547,47.8508],[13.6572,47.847],[13.6864,47.8525],[13.7289,47.8526],[13.7924,47.846],[13.785,47.8371],[13.791,47.8279],[13.7748,47.8141],[13.7831,47.8134],[13.783,47.8092],[13.7872,47.8084],[13.7957,47.81],[13.8077,47.8255],[13.8077,47.8422],[13.8142,47.8535],[13.8159,47.8645],[13.8112,47.8805],[13.8309,47.8888],[13.8495,47.8867],[13.8522,47.8813],[13.8724,47.8859],[13.8751,47.8832],[13.8946,47.89],[13.9073,47.8857],[13.9273,47.8863],[13.9331,47.881],[13.9311,47.8762],[13.9397,47.8686],[13.9399,47.86],[13.9566,47.8502],[13.965,47.8572],[13.9728,47.8578],[13.9582,47.8624],[13.9453,47.8708],[13.946,47.8783],[13.9432,47.8824],[13.9515,47.8928],[13.9697,47.8998],[13.9896,47.8989],[14.0014,47.8956],[14.0082,47.8893],[14.0301,47.8879],[14.0599,47.8915],[14.0734,47.8867],[14.084,47.8873],[14.1253,47.8689],[14.1783,47.8991],[14.1927,47.913],[14.2144,47.918],[14.2303,47.9331],[14.2837,47.9351],[14.2945,47.9426],[14.3323,47.9464],[14.3459,47.951],[14.35,47.936],[14.3532,47.9361],[14.3626,47.9424],[14.3586,47.9535],[14.3998,47.9623],[14.4277,47.9627],[14.4404,47.9596],[14.4363,47.9551],[14.4782,47.9486],[14.4934,47.9341],[14.5554,47.9093],[14.5731,47.9158],[14.6153,47.9422],[14.6382,47.9482],[14.6593,47.9499],[14.6908,47.9411],[14.7043,47.9509],[14.7172,47.9537],[14.7259,47.9503],[14.7435,47.9543],[14.7929,47.9473],[14.8058,47.9418],[14.8455,47.9489],[14.8595,47.9448],[14.8624,47.9346],[14.8855,47.9403],[14.9205,47.9398],[14.9454,47.9458],[14.9338,47.9555],[14.9395,47.9605],[14.9742,47.9707],[15.0014,47.9738],[15.0317,47.9696],[15.0423,47.9742],[15.0489,47.973],[15.0533,47.9793],[15.0638,47.9807],[15.0734,47.9872],[15.094,47.9938],[15.1138,47.9916],[15.1432,47.9974],[15.1574,47.9907],[15.1746,47.9907],[15.1804,47.9927],[15.178,47.9963],[15.1927,48.0024],[15.2214,47.9992],[15.2268,48.0031],[15.2319,48.0019],[15.2335,48.0073],[15.2523,48.0089],[15.2542,48.0134],[15.2644,48.0179],[15.2909,48.0222],[15.3055,48.0211],[15.3273,48.027],[15.3363,48.0235],[15.3497,48.0301],[15.353,48.0349],[15.351,48.039],[15.3613,48.0457],[15.3824,48.048],[15.397,48.0557],[15.4093,48.0581],[15.4253,48.0565],[15.4455,48.0629],[15.486,48.0612],[15.4972,48.0577],[15.5136,48.0619],[15.5464,48.0619],[15.5448,48.0588],[15.5163,48.0558],[15.6066,48.0377],[15.6381,48.041],[15.6854,48.0354],[15.7244,48.0341],[15.7305,48.0371],[15.8009,48.0219],[15.8747,48.0211],[15.8965,48.0235],[15.8998,48.021],[15.9146,48.0234],[15.9413,48.0192],[15.9422,48.0227],[15.9562,48.0235],[15.9592,48.0269],[15.98,48.0244],[15.9839,48.029],[15.993,48.0295],[15.9975,48.0399],[16.0051,48.0425],[16.0182,48.0563],[16.0396,48.0583],[16.0764,48.074],[16.0948,48.0759],[16.097,48.0782],[16.0898,48.0808],[16.0898,48.0833],[16.1021,48.0905],[16.1132,48.0926],[16.1167,48.0882],[16.1214,48.0882],[16.1291,48.0942],[16.1691,48.1117],[16.195,48.1195],[16.2136,48.1339],[16.2217,48.1361],[16.225,48.142],[16.2521,48.1481]],[[14.6338,47.7282],[14.6305,47.7196],[14.6341,47.7119],[14.6315,47.7077],[14.6418,47.7116],[14.667,47.71],[14.681,47.7052],[14.6834,47.7024],[14.6774,47.6953],[14.7064,47.6793],[14.7049,47.6726],[14.7109,47.6714],[14.7077,47.6586],[14.7165,47.6634],[14.7293,47.6647],[14.7244,47.6512],[14.741,47.6531],[14.7464,47.6477],[14.749,47.6488],[14.7484,47.6425],[14.7587,47.6361],[14.7587,47.6293],[14.7517,47.6253],[14.7392,47.6094],[14.7319,47.6077],[14.7411,47.6068],[14.7477,47.6011],[14.7474,47.5943],[14.7517,47.594],[14.7528,47.5994],[14.7458,47.6064],[14.7458,47.6117],[14.7526,47.6153],[14.756,47.6259],[14.7637,47.634],[14.7722,47.632],[14.7673,47.6379],[14.7684,47.6564],[14.7341,47.6618],[14.7307,47.6702],[14.7482,47.6708],[14.7386,47.6753],[14.7146,47.6689],[14.7123,47.683],[14.6857,47.698],[14.6983,47.7084],[14.6921,47.7074],[14.6899,47.7108],[14.6955,47.7138],[14.6874,47.714],[14.6854,47.7188],[14.6747,47.7186],[14.6702,47.7243],[14.6564,47.7176],[14.6494,47.7264],[14.6338,47.7282]],[[13.8,47.6531],[13.8113,47.6598],[13.7992,47.6567],[13.7895,47.6465],[13.7646,47.6438],[13.7598,47.6464],[13.7518,47.6373],[13.7533,47.6352],[13.7472,47.635],[13.7487,47.6309],[13.7571,47.6307],[13.7534,47.6307],[13.7532,47.6256],[13.7326,47.6296],[13.7303,47.6267],[13.7513,47.6229],[13.7534,47.618],[13.7361,47.6141],[13.7419,47.6089],[13.7415,47.6057],[13.7288,47.5958],[13.7151,47.5901],[13.711,47.5846],[13.713,47.5753],[13.7162,47.5759],[13.7151,47.5829],[13.7197,47.5873],[13.7359,47.5943],[13.7507,47.5975],[13.7804,47.5963],[13.7969,47.5889],[13.8092,47.5752],[13.824,47.5721],[13.8241,47.5681],[13.8123,47.5595],[13.8148,47.5579],[13.8417,47.5587],[13.8504,47.5569],[13.8495,47.5538],[13.8658,47.5516],[13.8669,47.5485],[13.8747,47.5507],[13.8856,47.5587],[13.8809,47.5698],[13.8631,47.5685],[13.8377,47.5787],[13.8105,47.5769],[13.7946,47.5959],[13.7978,47.6064],[13.8255,47.598],[13.8225,47.606],[13.8081,47.6103],[13.8145,47.6121],[13.8228,47.6074],[13.8311,47.61],[13.8377,47.6178],[13.8527,47.6214],[13.8669,47.6295],[13.8871,47.6267],[13.9049,47.6321],[13.9166,47.6322],[13.919,47.636],[13.9167,47.638],[13.9498,47.6491],[13.9262,47.6469],[13.9187,47.6426],[13.8946,47.641],[13.8876,47.6439],[13.8775,47.6396],[13.8619,47.6402],[13.8202,47.6234],[13.8064,47.6242],[13.7894,47.6204],[13.7773,47.6226],[13.7756,47.625],[13.7817,47.6283],[13.7828,47.6325],[13.8001,47.6401],[13.803,47.6444],[13.8,47.6531]],[[13.9104,47.5694],[13.8937,47.5708],[13.8834,47.5655],[13.895,47.5592],[13.8912,47.5553],[13.903,47.5558],[13.9127,47.5505],[13.9165,47.5533],[13.9203,47.546],[13.9155,47.5452],[13.9131,47.5393],[13.9177,47.5378],[13.918,47.5319],[13.9242,47.5308],[13.9521,47.5321],[14.0088,47.554],[13.9805,47.553],[13.9537,47.558],[13.9447,47.5553],[13.9361,47.5586],[13.9339,47.5652],[13.9316,47.5606],[13.9181,47.5678],[13.9179,47.5654],[13.9104,47.5694]]]}},{"type":"Feature","properties":{"id":"GK100006","n":"Unteres Salzachtal [DBJ]","u":38.3},"geometry":{"type":"Polygon","coordinates":[[[12.8782,47.9966],[12.881,47.9913],[12.8942,47.986],[12.8989,47.9789],[12.8913,47.9646],[12.8946,47.9614],[12.9191,47.9573],[12.9235,47.9529],[12.9241,47.9431],[12.927,47.9413],[12.9331,47.9419],[12.9349,47.9488],[12.9388,47.9498],[12.9501,47.9426],[12.9496,47.9341],[12.9604,47.9384],[12.9709,47.9351],[12.9732,47.9285],[12.9696,47.9257],[12.9775,47.9123],[12.9721,47.9071],[12.9815,47.9016],[13.0057,47.8952],[13.0087,47.8855],[13.0194,47.8767],[13.0168,47.8569],[13.0195,47.8532],[13.0312,47.8481],[13.0459,47.8484],[13.058,47.8442],[13.0522,47.8389],[13.0286,47.8397],[13.0265,47.8369],[13.031,47.8331],[13.0375,47.8285],[13.0505,47.8268],[13.0748,47.8318],[13.0844,47.8409],[13.0902,47.8388],[13.0789,47.8221],[13.0707,47.8166],[13.0784,47.8128],[13.0729,47.8099],[13.0807,47.8066],[13.0848,47.7983],[13.0905,47.7959],[13.09,47.7909],[13.0941,47.7861],[13.0931,47.7774],[13.0888,47.7715],[13.0916,47.7676],[13.0873,47.7591],[13.0932,47.7559],[13.0945,47.7511],[13.0866,47.7468],[13.0908,47.7304],[13.0961,47.7237],[13.0926,47.7156],[13.1003,47.7065],[13.1122,47.7007],[13.1109,47.6926],[13.1235,47.6798],[13.1311,47.6762],[13.1431,47.6619],[13.1613,47.6639],[13.1555,47.6566],[13.1692,47.641],[13.1686,47.6345],[13.1774,47.6255],[13.1692,47.6196],[13.1809,47.6169],[13.1768,47.613],[13.1809,47.6029],[13.1725,47.6022],[13.1729,47.5984],[13.1695,47.5962],[13.1772,47.5964],[13.1857,47.5902],[13.2118,47.5915],[13.2335,47.5852],[13.242,47.5867],[13.2415,47.5822],[13.2666,47.5808],[13.2678,47.5727],[13.2735,47.5688],[13.1948,47.5894],[13.1896,47.5883],[13.1834,47.5826],[13.1847,47.5797],[13.1782,47.576],[13.1704,47.5805],[13.1626,47.5783],[13.1516,47.5828],[13.1434,47.5758],[13.1174,47.5653],[13.1122,47.5668],[13.1108,47.5695],[13.1146,47.5716],[13.1503,47.5862],[13.151,47.5914],[13.15,47.5957],[13.1419,47.602],[13.139,47.6205],[13.1291,47.6291],[13.1121,47.6656],[13.0956,47.6758],[13.0783,47.6946],[13.0649,47.7042],[13.0659,47.7072],[13.0547,47.7212],[13.0467,47.7242],[13.0477,47.7116],[13.0438,47.7128],[13.0368,47.7248],[13.0367,47.7368],[13.0304,47.7418],[13.001,47.7459],[12.9897,47.7417],[12.9879,47.7434],[12.9969,47.763],[12.9867,47.7623],[12.978,47.7557],[12.9651,47.7576],[12.9543,47.768],[12.9519,47.777],[12.9388,47.7793],[12.9411,47.7861],[12.9471,47.7867],[12.963,47.7989],[12.9832,47.8262],[13.0033,47.8428],[13.0038,47.8483],[12.978,47.881],[12.966,47.9014],[12.9441,47.9257],[12.9371,47.9436],[12.9313,47.9395],[12.9221,47.9393],[12.9187,47.9429],[12.9206,47.9522],[12.9153,47.9562],[12.8836,47.959],[12.8712,47.9656],[12.8605,47.9963],[12.8782,47.9966]]]}},{"type":"Feature","properties":{"id":"GK100103","n":"Kainach [MUR]","u":39.9},"geometry":{"type":"Polygon","coordinates":[[[15.1079,47.1227],[15.1228,47.1095],[15.1235,47.0954],[15.1344,47.0711],[15.1323,47.0689],[15.1349,47.0595],[15.1488,47.0512],[15.1553,47.0534],[15.1583,47.046],[15.164,47.0455],[15.1729,47.0368],[15.1782,47.0381],[15.1952,47.023],[15.206,47.0272],[15.2181,47.0261],[15.2167,47.0242],[15.2248,47.0129],[15.223,47.0048],[15.2371,47.0104],[15.2484,47.0104],[15.2755,47.0023],[15.2656,47.016],[15.2126,47.0523],[15.2154,47.0539],[15.2104,47.0583],[15.2128,47.0596],[15.2062,47.0641],[15.2067,47.0679],[15.2013,47.0682],[15.194,47.0841],[15.1775,47.0969],[15.1758,47.1011],[15.1779,47.1015],[15.1914,47.0881],[15.2034,47.0839],[15.2035,47.0749],[15.2076,47.0694],[15.2181,47.067],[15.2206,47.058],[15.2397,47.0441],[15.2443,47.0447],[15.2724,47.0224],[15.2784,47.0219],[15.2846,47.0119],[15.2939,47.0053],[15.2941,47.0013],[15.2978,47.0023],[15.2957,46.9985],[15.3018,46.9919],[15.3206,46.9819],[15.3211,46.9863],[15.3244,46.9796],[15.331,46.9774],[15.331,46.9873],[15.321,47.0034],[15.2911,47.0353],[15.2747,47.0621],[15.2654,47.0671],[15.2531,47.0832],[15.265,47.077],[15.2867,47.0546],[15.2955,47.0603],[15.2936,47.0451],[15.2987,47.041],[15.2991,47.0367],[15.341,46.998],[15.3441,46.9909],[15.344,46.9715],[15.3479,46.9665],[15.371,46.9521],[15.3735,46.9614],[15.3772,46.947],[15.381,46.9465],[15.3831,46.9534],[15.3882,46.9567],[15.3857,46.9423],[15.3977,46.9343],[15.3986,46.9308],[15.4022,46.9313],[15.4107,46.9197],[15.4167,46.9189],[15.4153,46.9164],[15.4201,46.9171],[15.4253,46.9103],[15.4418,46.9037],[15.448,46.8961],[15.4468,46.8899],[15.4345,46.8871],[15.4238,46.8892],[15.3905,46.9096],[15.3831,46.9089],[15.3856,46.9126],[15.3706,46.9195],[15.3716,46.9219],[15.3661,46.9263],[15.3315,46.9471],[15.3161,46.9608],[15.295,46.9689],[15.2951,46.9718],[15.2826,46.9722],[15.2838,46.9744],[15.2803,46.9767],[15.2722,46.9744],[15.2715,46.9794],[15.2438,46.9895],[15.2307,46.9969],[15.2275,47.002],[15.2177,47.0063],[15.2134,47.0042],[15.1977,47.0207],[15.1925,47.0203],[15.1844,47.0296],[15.1765,47.0299],[15.1732,47.0351],[15.1499,47.0404],[15.141,47.0474],[15.1436,47.0487],[15.1371,47.047],[15.1212,47.052],[15.1271,47.0559],[15.1222,47.0585],[15.1263,47.0608],[15.1249,47.0666],[15.1105,47.0697],[15.1187,47.0708],[15.1174,47.0785],[15.1212,47.0842],[15.1167,47.0942],[15.1188,47.0945],[15.1188,47.1065],[15.1068,47.1201],[15.1079,47.1227]]]}},{"type":"Feature","properties":{"id":"GK100016","n":"S\u00fcdliche Flyschzone [DBJ]","u":22.5},"geometry":{"type":"Polygon","coordinates":[[[10.2069,47.3319],[10.1921,47.327],[10.1976,47.3159],[10.1632,47.3173],[10.1497,47.3081],[10.1335,47.3081],[10.1252,47.3037],[10.1391,47.2956],[10.1627,47.2939],[10.1469,47.2921],[10.1247,47.2953],[10.1095,47.288],[10.0989,47.2869],[10.0904,47.287],[10.0771,47.2992],[10.0846,47.3079],[10.0843,47.3155],[10.07,47.3324],[10.0715,47.3378],[10.0794,47.3328],[10.0975,47.332],[10.1618,47.3433],[10.1707,47.3492],[10.1761,47.3575],[10.1988,47.3687],[10.2021,47.374],[10.2272,47.3892],[10.2363,47.3818],[10.2317,47.379],[10.2371,47.3738],[10.2248,47.3589],[10.2166,47.3543],[10.2175,47.3506],[10.2044,47.3367],[10.2078,47.3346],[10.2069,47.3319]]]}},{"type":"Feature","properties":{"id":"GK100152","n":"Kristallin [RHE]","u":0.7},"geometry":{"type":"Polygon","coordinates":[[[10.2105,47.1301],[10.1866,47.1285],[10.1906,47.122],[10.185,47.1189],[10.1621,47.1192],[10.1514,47.1017],[10.1371,47.0941],[10.1377,47.0865],[10.1329,47.081],[10.1344,47.0636],[10.1498,47.0597],[10.1487,47.0482],[10.1543,47.0418],[10.1439,47.0363],[10.1393,47.0294],[10.1233,47.022],[10.1283,47.0186],[10.1318,47.0092],[10.1542,47.0055],[10.1589,46.9983],[10.1542,46.992],[10.1594,46.984],[10.1486,46.9853],[10.1433,46.9822],[10.1391,46.9733],[10.1415,46.968],[10.1361,46.9563],[10.1269,46.9487],[10.1266,46.9431],[10.1125,46.9374],[10.106,46.9295],[10.0977,46.9274],[10.096,46.9196],[10.1053,46.9093],[10.1099,46.9007],[10.1091,46.8952],[10.1169,46.8865],[10.1426,46.8713],[10.139,46.8683],[10.1454,46.8509],[10.1401,46.8474],[10.1228,46.8481],[10.1089,46.8413],[10.1054,46.8409],[10.0919,46.8514],[10.0929,46.8581],[10.0875,46.8612],[10.0608,46.8607],[10.0511,46.8642],[10.052,46.8767],[10.0323,46.888],[10.018,46.9021],[10.0056,46.899],[9.9903,46.9024],[9.9821,46.9067],[9.978,46.9158],[9.967,46.9122],[9.9592,46.916],[9.9386,46.9132],[9.923,46.9183],[9.9123,46.9261],[9.9082,46.9248],[9.8951,46.9313],[9.8762,46.9346],[9.8808,46.9402],[9.8767,46.9407],[9.875,46.9504],[9.8793,46.9566],[9.8708,46.9632],[9.876,46.9687],[9.8758,46.9735],[9.8844,46.9808],[9.8849,46.9856],[9.8922,46.9904],[9.8888,47.0008],[9.8734,47.0064],[9.8713,47.01],[9.8711,47.0135],[9.8814,47.0183],[9.8784,47.021],[9.8593,47.0232],[9.8525,47.0175],[9.8361,47.0133],[9.8071,47.0245],[9.7843,47.0383],[9.7473,47.0373],[9.742,47.0428],[9.732,47.0433],[9.753,47.0458],[9.767,47.052],[9.7745,47.058],[9.7613,47.0545],[9.76,47.0584],[9.7641,47.0593],[9.7668,47.0672],[9.7705,47.066],[9.7811,47.0743],[9.7956,47.0741],[9.7979,47.0769],[9.7956,47.082],[9.8012,47.0861],[9.82,47.0865],[9.868,47.104],[9.9196,47.1057],[9.9539,47.1103],[9.9814,47.1197],[10.0302,47.1273],[10.1229,47.1304],[10.1322,47.1341],[10.1574,47.1361],[10.1616,47.1395],[10.2036,47.1404],[10.2105,47.1301]]]}},{"type":"Feature","properties":{"id":"GK100186","n":"Zentralzone [DRA]","u":2.0},"geometry":{"type":"GeometryCollection","geometries":[{"type":"MultiPolygon","coordinates":[[[[14.2956,46.6542],[14.2941,46.6579],[14.2886,46.6504],[14.2943,46.637],[14.2926,46.628],[14.2787,46.6236],[14.2541,46.6246],[14.2514,46.6133],[14.2437,46.6118],[14.2683,46.5928],[14.274,46.5916],[14.2282,46.5836],[14.1934,46.5881],[14.1517,46.583],[14.1305,46.5888],[14.1285,46.593],[14.1113,46.5987],[14.0848,46.5907],[14.0847,46.5839],[14.0607,46.572],[14.0394,46.5851],[14.0339,46.5949],[14.0167,46.5963],[13.9859,46.5911],[13.981,46.5967],[13.9439,46.6085],[13.9254,46.6229],[13.9031,46.6271],[13.8937,46.6417],[13.8966,46.6484],[13.8939,46.6597],[13.8699,46.6538],[13.8655,46.6506],[13.8665,46.6428],[13.8548,46.6351],[13.8408,46.6339],[13.8128,46.6401],[13.797,46.6512],[13.7718,46.6547],[13.7672,46.6634],[13.7575,46.6643],[13.7522,46.6698],[13.6821,46.7028],[13.5792,46.7651],[13.522,46.7894],[13.5155,46.7958],[13.4574,46.8158],[13.4614,46.8205],[13.4512,46.8322],[13.3774,46.8449],[13.3678,46.8363],[13.3685,46.8323],[13.3507,46.833],[13.343,46.8299],[13.3459,46.8033],[13.3493,46.7979],[13.3435,46.7857],[13.3426,46.7742],[13.3089,46.76],[13.3031,46.7598],[13.3051,46.7638],[13.3016,46.7653],[13.2719,46.764],[13.2073,46.7527],[13.1352,46.7476],[13.1223,46.7444],[13.0869,46.7468],[13.077,46.7373],[13.0388,46.7467],[13.007,46.7464],[12.9868,46.7532],[12.969,46.7498],[12.9688,46.7535],[12.9492,46.7547],[12.9339,46.7654],[12.9299,46.7647],[12.9315,46.7672],[12.923,46.7744],[12.8845,46.8024],[12.8535,46.8077],[12.8371,46.8278],[12.7793,46.8377],[12.758,46.8358],[12.7529,46.83],[12.7525,46.8219],[12.734,46.8041],[12.7334,46.7967],[12.7287,46.7937],[12.6886,46.7851],[12.6566,46.7822],[12.6046,46.7699],[12.5776,46.7688],[12.5654,46.761],[12.4997,46.7464],[12.4424,46.7459],[12.432,46.7482],[12.37,46.7403],[12.3575,46.7749],[12.3102,46.785],[12.2837,46.7833],[12.2803,46.7922],[12.2877,46.7951],[12.2877,46.8006],[12.2922,46.8029],[12.2831,46.8152],[12.3057,46.8335],[12.3066,46.8413],[12.2959,46.8437],[12.2965,46.8476],[12.2919,46.8501],[12.2892,46.857],[12.2918,46.8653],[12.2758,46.8729],[12.2781,46.8779],[12.2737,46.8837],[12.2423,46.8906],[12.2366,46.8885],[12.2366,46.8841],[12.2322,46.8804],[12.2228,46.88],[12.2193,46.8743],[12.2161,46.8743],[12.2005,46.8874],[12.2022,46.89],[12.1978,46.8931],[12.2003,46.8964],[12.1911,46.9063],[12.1705,46.9101],[12.1632,46.9072],[12.1453,46.9146],[12.1532,46.9164],[12.1689,46.9371],[12.1582,46.9503],[12.1385,46.9568],[12.1323,46.9629],[12.1371,46.9665],[12.1383,46.9819],[12.1277,46.9856],[12.1308,46.9932],[12.1212,47.0066],[12.1259,47.0127],[12.1473,47.0248],[12.1645,47.0184],[12.1803,47.0252],[12.2048,47.0266],[12.2165,47.045],[12.2169,47.0586],[12.2409,47.0691],[12.2677,47.0757],[12.2743,47.0846],[12.289,47.0944],[12.3073,47.0931],[12.3172,47.1049],[12.3579,47.1123],[12.3561,47.131],[12.3643,47.1407],[12.3716,47.1402],[12.3993,47.1524],[12.4072,47.1461],[12.4194,47.1426],[12.4342,47.1502],[12.4507,47.1449],[12.4665,47.1476],[12.4734,47.1523],[12.4816,47.1515],[12.484,47.1581],[12.4962,47.1575],[12.5069,47.1524],[12.5207,47.1512],[12.5259,47.1402],[12.5352,47.1369],[12.5411,47.1308],[12.5533,47.1278],[12.5664,47.1362],[12.5876,47.132],[12.592,47.1245],[12.62,47.1203],[12.6394,47.1053],[12.6514,47.0999],[12.6561,47.0997],[12.6724,47.1091],[12.6663,47.1161],[12.6663,47.1227],[12.6748,47.1208],[12.6902,47.1243],[12.6962,47.1216],[12.7112,47.1249],[12.7142,47.117],[12.728,47.115],[12.7337,47.1034],[12.7441,47.0989],[12.7726,47.1009],[12.7838,47.0925],[12.7941,47.0926],[12.8045,47.0977],[12.8207,47.0976],[12.8374,47.0828],[12.8594,47.0807],[12.8712,47.0862],[12.8927,47.0811],[12.9182,47.0816],[12.9351,47.0773],[12.9428,47.0592],[12.9577,47.0538],[12.9528,47.0483],[12.9649,47.0388],[12.9791,47.0389],[12.985,47.0355],[13.0033,47.0435],[13.0205,47.0412],[13.0209,47.029],[13.0333,47.0272],[13.0448,47.0214],[13.0502,47.0224],[13.0726,47.0136],[13.0789,47.0188],[13.0825,47.0297],[13.0964,47.0252],[13.1251,47.0267],[13.1323,47.0347],[13.1575,47.0355],[13.1698,47.0425],[13.1922,47.0418],[13.246,47.0482],[13.2498,47.0525],[13.2439,47.0566],[13.2465,47.0667],[13.2398,47.0716],[13.2482,47.0877],[13.2911,47.0972],[13.3001,47.0873],[13.309,47.0861],[13.3323,47.0954],[13.3625,47.0986],[13.3805,47.0928],[13.3819,47.0809],[13.3984,47.0701],[13.4064,47.0689],[13.4271,47.0813],[13.4391,47.0779],[13.4568,47.0807],[13.5202,47.0686],[13.577,47.0523],[13.6167,47.0587],[13.6362,47.0562],[13.6436,47.0408],[13.6491,47.0389],[13.6873,47.0402],[13.6826,47.0377],[13.6827,47.0311],[13.6715,47.0266],[13.6653,47.0173],[13.6505,47.0091],[13.6551,47.005],[13.6765,47.0068],[13.6827,47.0046],[13.6924,47.0078],[13.6923,47.0029],[13.7043,46.9978],[13.7055,46.9946],[13.7321,46.9891],[13.7485,46.994],[13.758,46.9887],[13.7583,46.9827],[13.7658,46.9812],[13.7908,46.9907],[13.7958,46.9868],[13.7932,46.9833],[13.7992,46.9719],[13.7976,46.9603],[13.801,46.9514],[13.7853,46.9436],[13.7834,46.938],[13.7941,46.9352],[13.7978,46.9303],[13.8108,46.9249],[13.8155,46.9182],[13.8287,46.9123],[13.8352,46.9146],[13.8487,46.9092],[13.8566,46.9168],[13.8764,46.9136],[13.8874,46.9154],[13.9009,46.9065],[13.9154,46.9122],[13.9239,46.9103],[13.9361,46.9127],[13.9472,46.919],[13.9986,46.9163],[14.023,46.9214],[14.0264,46.9279],[14.0382,46.931],[14.033,46.9361],[14.0365,46.9404],[14.046,46.9418],[14.0506,46.9595],[14.0599,46.9659],[14.0898,46.9758],[14.0934,46.9893],[14.0857,46.9955],[14.0873,47.0078],[14.0788,47.0224],[14.1101,47.0408],[14.123,47.0424],[14.1364,47.03],[14.1625,47.0243],[14.1676,47.0374],[14.1715,47.038],[14.2086,47.0314],[14.2142,47.0255],[14.2296,47.0225],[14.2501,47.035],[14.264,47.026],[14.2721,47.0296],[14.2785,47.0261],[14.2852,47.029],[14.2907,47.0257],[14.3278,47.0296],[14.3403,47.0238],[14.3457,47.0262],[14.3626,47.0254],[14.3828,47.014],[14.3771,47.0083],[14.3778,47.0007],[14.3934,47.0118],[14.4115,47.0178],[14.4183,47.025],[14.4389,47.0189],[14.4475,47.0256],[14.4571,47.0111],[14.4586,47.0143],[14.4639,47.0098],[14.471,47.011],[14.4718,47.0077],[14.4779,47.0193],[14.5033,47.0263],[14.5069,47.0305],[14.4914,47.0632],[14.4798,47.0679],[14.4873,47.0746],[14.4835,47.0912],[14.4757,47.0963],[14.4571,47.1008],[14.4585,47.1135],[14.4841,47.1255],[14.4976,47.1222],[14.5069,47.1147],[14.5169,47.1115],[14.5396,47.1089],[14.5494,47.0926],[14.549,47.0762],[14.5594,47.0719],[14.5668,47.0639],[14.6308,47.0565],[14.6508,47.0452],[14.6734,47.0419],[14.6797,47.0445],[14.6977,47.0345],[14.7235,47.0493],[14.7516,47.0519],[14.771,47.061],[14.7961,47.0605],[14.8084,47.066],[14.8242,47.0601],[14.849,47.0569],[14.8501,47.0547],[14.8405,47.0401],[14.8436,47.0352],[14.8561,47.0252],[14.8743,47.0211],[14.8881,47.0089],[14.9041,47.0001],[14.9488,46.9925],[14.9597,46.9878],[14.9783,46.9641],[14.9792,46.9578],[14.9867,46.9518],[14.9937,46.9363],[15.0166,46.9227],[15.0263,46.9105],[15.0273,46.9069],[15.0162,46.8829],[15.0085,46.8791],[15.0075,46.8752],[15.0102,46.8697],[15.0075,46.8592],[15.0194,46.8442],[15.012,46.8337],[14.9963,46.8276],[14.99,46.8217],[14.9762,46.7849],[14.9933,46.7804],[15.0058,46.7823],[15.0309,46.7798],[15.0439,46.7707],[15.0701,46.763],[15.0795,46.7528],[15.0724,46.7428],[15.0745,46.7379],[15.0875,46.7209],[15.1131,46.7029],[15.1296,46.6771],[15.1396,46.6699],[15.1513,46.6705],[15.1569,46.6623],[15.1686,46.6618],[15.1776,46.6551],[15.1685,46.6537],[15.1627,46.6577],[15.1559,46.6554],[15.1454,46.6597],[15.1402,46.6562],[15.1344,46.6569],[15.1285,46.6502],[15.1213,46.6559],[15.1191,46.6537],[15.1081,46.6599],[15.0988,46.6535],[15.0877,46.6518],[15.0824,46.6453],[15.0643,46.6521],[15.0409,46.6518],[15.0162,46.6404],[14.9949,46.6213],[14.9958,46.6145],[14.98,46.6021],[14.9712,46.6247],[14.9572,46.6327],[14.961,46.6359],[14.9482,46.6434],[14.9487,46.6487],[14.9579,46.6509],[14.9529,46.6559],[14.9504,46.6661],[14.9396,46.6745],[14.9141,46.6819],[14.908,46.69],[14.9131,46.6918],[14.9094,46.696],[14.8989,46.7037],[14.8833,46.7054],[14.8644,46.7255],[14.8639,46.7305],[14.8682,46.7357],[14.8581,46.7417],[14.8491,46.7619],[14.8524,46.7665],[14.8635,46.7694],[14.855,46.7879],[14.8648,46.7935],[14.8661,46.8041],[14.8593,46.8257],[14.8464,46.8409],[14.8502,46.8514],[14.8647,46.8599],[14.8621,46.8636],[14.8415,46.8567],[14.8363,46.8628],[14.8327,46.8619],[14.8346,46.8542],[14.8315,46.8451],[14.8102,46.8581],[14.7981,46.8586],[14.8038,46.8406],[14.7784,46.8401],[14.7937,46.8263],[14.8026,46.7988],[14.8119,46.798],[14.815,46.7939],[14.8091,46.7755],[14.8169,46.7514],[14.8091,46.7426],[14.8303,46.7326],[14.834,46.7252],[14.8449,46.7201],[14.843,46.7156],[14.8501,46.7111],[14.852,46.7041],[14.8632,46.7012],[14.8641,46.6987],[14.8485,46.6928],[14.8355,46.6924],[14.8345,46.6848],[14.8561,46.688],[14.8751,46.6997],[14.8976,46.6987],[14.9027,46.6926],[14.9012,46.6828],[14.9147,46.6745],[14.9185,46.655],[14.9561,46.6323],[14.9314,46.6152],[14.9231,46.6207],[14.9204,46.6164],[14.9234,46.605],[14.9196,46.6024],[14.9151,46.6062],[14.9045,46.6051],[14.901,46.6122],[14.8969,46.6104],[14.8877,46.6133],[14.8704,46.6074],[14.8666,46.6035],[14.865,46.5937],[14.8577,46.5932],[14.8523,46.5808],[14.8401,46.5727],[14.8402,46.566],[14.8349,46.5631],[14.8382,46.5584],[14.8321,46.5483],[14.8107,46.5549],[14.8087,46.5608],[14.8136,46.5649],[14.8139,46.5694],[14.8043,46.5815],[14.8011,46.5971],[14.8043,46.6061],[14.8095,46.6106],[14.8124,46.623],[14.822,46.6341],[14.8253,46.6468],[14.8128,46.6478],[14.786,46.6335],[14.7749,46.634],[14.7782,46.6409],[14.7719,46.6513],[14.7773,46.6639],[14.7773,46.6785],[14.7641,46.6907],[14.7529,46.6934],[14.7449,46.7017],[14.7312,46.708],[14.7037,46.7003],[14.6994,46.6917],[14.6655,46.698],[14.6335,46.6919],[14.6001,46.7047],[14.5794,46.7076],[14.5679,46.7027],[14.5681,46.7001],[14.5902,46.6892],[14.6016,46.6775],[14.6828,46.6687],[14.6881,46.6693],[14.6883,46.6768],[14.6918,46.678],[14.7,46.6768],[14.6993,46.6691],[14.7065,46.6668],[14.7163,46.672],[14.7104,46.6826],[14.7244,46.6957],[14.7302,46.6952],[14.7375,46.6912],[14.7454,46.68],[14.7472,46.6708],[14.7567,46.6636],[14.7376,46.6645],[14.7328,46.6599],[14.7396,46.6522],[14.7548,46.6565],[14.7498,46.6511],[14.7498,46.6468],[14.7604,46.6382],[14.7134,46.6349],[14.705,46.6286],[14.6835,46.6345],[14.6572,46.6286],[14.6566,46.6459],[14.6384,46.6574],[14.6183,46.645],[14.5788,46.6431],[14.578,46.6372],[14.5456,46.6211],[14.5458,46.6304],[14.5065,46.6476],[14.492,46.6485],[14.462,46.6414],[14.4498,46.6416],[14.4505,46.6518],[14.4382,46.6681],[14.4508,46.6811],[14.4607,46.6849],[14.4961,46.685],[14.5042,46.6914],[14.508,46.7002],[14.5282,46.7121],[14.5258,46.7168],[14.5379,46.7152],[14.5469,46.7246],[14.5317,46.7283],[14.533,46.7378],[14.5387,46.7466],[14.5385,46.7537],[14.5109,46.7528],[14.4909,46.7635],[14.4913,46.77],[14.4784,46.78],[14.4772,46.7782],[14.476,46.7847],[14.479,46.7889],[14.4703,46.7939],[14.4705,46.8002],[14.4872,46.8235],[14.494,46.8514],[14.4794,46.859],[14.4876,46.8701],[14.4777,46.8763],[14.4637,46.8793],[14.4574,46.8861],[14.4576,46.8926],[14.4452,46.8961],[14.4367,46.8903],[14.449,46.8791],[14.4449,46.866],[14.4312,46.8628],[14.4306,46.854],[14.4233,46.8513],[14.4217,46.847],[14.4258,46.8342],[14.4331,46.8319],[14.4306,46.8206],[14.4403,46.818],[14.4434,46.8113],[14.459,46.7984],[14.465,46.7825],[14.4727,46.7795],[14.4739,46.7771],[14.4663,46.7754],[14.4643,46.7596],[14.4906,46.7605],[14.508,46.7449],[14.5269,46.7469],[14.53,46.7438],[14.5256,46.7346],[14.5092,46.7122],[14.4925,46.6999],[14.4909,46.6955],[14.4756,46.6917],[14.4558,46.6965],[14.4314,46.678],[14.3871,46.66],[14.3848,46.6559],[14.4002,46.6574],[14.3963,46.654],[14.3964,46.6495],[14.3839,46.6486],[14.3704,46.6522],[14.3513,46.6462],[14.3406,46.6464],[14.3196,46.6545],[14.3079,46.6524],[14.3037,46.6525],[14.2979,46.6535],[14.2956,46.6542]],[[14.3269,46.9689],[14.3093,46.9732],[14.2734,46.9754],[14.2542,46.9809],[14.2482,46.9789],[14.2725,46.9719],[14.2888,46.9725],[14.3232,46.9655],[14.3518,46.9675],[14.3921,46.957],[14.42,46.9397],[14.4265,46.928],[14.4245,46.9139],[14.4356,46.8984],[14.4419,46.9],[14.4424,46.9079],[14.4359,46.9173],[14.4357,46.9246],[14.4422,46.9367],[14.4363,46.9417],[14.4427,46.9418],[14.4427,46.9439],[14.4153,46.9558],[14.4123,46.9636],[14.3973,46.9724],[14.3969,46.9796],[14.3843,46.9804],[14.3269,46.9689]]],[[[13.3357,46.7539],[13.3553,46.7625],[13.3641,46.776],[13.3622,46.7833],[13.3662,46.7999],[13.3493,46.8269],[13.3786,46.8263],[13.4013,46.82],[13.4092,46.8142],[13.4157,46.8149],[13.4159,46.8094],[13.4673,46.7934],[13.485,46.7858],[13.4909,46.779],[13.5113,46.7754],[13.5546,46.755],[13.5808,46.7464],[13.6421,46.7076],[13.6502,46.6968],[13.5549,46.7126],[13.2921,46.7479],[13.3357,46.7539]]]]},{"type":"MultiLineString","coordinates":[[[14.1009,46.7095],[14.1034,46.7026],[14.0912,46.6999],[14.0863,46.6888],[14.0692,46.6714],[14.0768,46.6576],[14.0855,46.659],[14.0854,46.6635],[14.0785,46.6713],[14.0923,46.6824],[14.1063,46.6853],[14.1179,46.6921],[14.1507,46.6937],[14.1533,46.6977],[14.1641,46.6988],[14.1593,46.7089],[14.1607,46.7221],[14.1875,46.7201],[14.2061,46.7076],[14.2147,46.7104],[14.2159,46.716],[14.2576,46.721],[14.2642,46.7211],[14.2745,46.7139],[14.2866,46.7254],[14.3009,46.7309],[14.3402,46.7341],[14.3483,46.7498],[14.3641,46.7598],[14.373,46.7589],[14.3743,46.7434],[14.3852,46.739],[14.3726,46.7381],[14.3613,46.7298],[14.3582,46.7168],[14.3501,46.7059],[14.3348,46.702],[14.3293,46.6917],[14.3113,46.6839],[14.3122,46.6798],[14.2974,46.6701],[14.2691,46.67],[14.2578,46.6668],[14.2686,46.6665],[14.2741,46.6561],[14.2886,46.6504]],[[14.2941,46.6579],[14.2957,46.6542],[14.3079,46.6524]],[[14.3079,46.6524],[14.3141,46.6545],[14.3183,46.6677],[14.3277,46.6733],[14.3497,46.678],[14.3866,46.7127],[14.3908,46.728],[14.397,46.7366],[14.3906,46.7448],[14.3972,46.7604],[14.3943,46.7642],[14.3821,46.7681],[14.3863,46.7835],[14.3848,46.7891],[14.3741,46.7843],[14.3687,46.776],[14.36,46.7728],[14.3514,46.7643],[14.33,46.7526],[14.3181,46.7476],[14.3017,46.7459],[14.2817,46.7367],[14.1938,46.7212],[14.156,46.7343],[14.1384,46.7276],[14.134,46.7217],[14.1202,46.7243],[14.1022,46.7138],[14.1071,46.7221],[14.0998,46.7395],[14.129,46.7518],[14.1205,46.7543],[14.1103,46.7517],[14.1074,46.7561],[14.112,46.7644],[14.1247,46.7691],[14.1313,46.7881],[14.1215,46.7872],[14.1264,46.7817],[14.1217,46.7723],[14.0975,46.7546],[14.0579,46.7489],[14.0503,46.7439],[14.0482,46.7485],[14.0197,46.7639],[14.0077,46.7741],[13.9676,46.7785],[13.9366,46.7863],[13.9232,46.7941],[13.9243,46.7995],[13.9128,46.7998],[13.8898,46.8119],[13.8688,46.8147],[13.8643,46.8217],[13.8702,46.8355],[13.8951,46.8522],[13.8993,46.8511],[13.8901,46.8618],[13.8868,46.8496],[13.861,46.8329],[13.8551,46.816],[13.866,46.808],[13.8865,46.8052],[13.9646,46.7709],[14.0117,46.766],[14.0451,46.7416],[14.0519,46.7422],[14.0586,46.7473],[14.0896,46.7516],[14.0871,46.7412],[14.0901,46.7356],[14.0821,46.7297],[14.077,46.7209],[14.0586,46.714],[14.0574,46.7058],[14.0444,46.6989],[14.0267,46.7019],[14.01,46.696],[14.0193,46.6909],[14.0195,46.6868],[14.0508,46.6885],[14.0812,46.6945],[14.0879,46.6965],[14.0818,46.708],[14.087,46.7146],[14.1009,46.7095]]]}]}},{"type":"Feature","properties":{"id":"GK100101","n":"Oberes Murtal (Landesgrenze STMK bis Judenburg) [MUR]","u":5.4},"geometry":{"type":"Polygon","coordinates":[[[14.654,47.1758],[14.656,47.1727],[14.6656,47.1724],[14.6684,47.1672],[14.662,47.1673],[14.6509,47.1614],[14.6523,47.1656],[14.6483,47.1669],[14.613,47.1768],[14.6017,47.1759],[14.5829,47.1936],[14.5675,47.2016],[14.5166,47.2007],[14.475,47.2097],[14.4659,47.2088],[14.4526,47.2035],[14.4355,47.186],[14.4316,47.1655],[14.4161,47.1522],[14.421,47.1433],[14.402,47.1472],[14.3888,47.1449],[14.3598,47.1249],[14.3369,47.125],[14.2955,47.132],[14.2819,47.1293],[14.2549,47.1315],[14.2297,47.1202],[14.2169,47.1071],[14.203,47.1024],[14.1885,47.1072],[14.1598,47.1084],[14.1601,47.112],[14.1559,47.1126],[14.1431,47.1057],[14.1007,47.0962],[14.087,47.0964],[14.0615,47.1079],[14.0336,47.1099],[14.0175,47.1055],[14.0077,47.095],[13.9866,47.0819],[13.9839,47.0747],[13.9746,47.0807],[13.9425,47.0836],[13.9171,47.0727],[13.9156,47.0672],[13.9049,47.0679],[13.9053,47.0713],[13.9356,47.0876],[13.9703,47.0855],[14.0015,47.0979],[14.0177,47.1102],[14.0302,47.1128],[14.0641,47.1112],[14.0881,47.1055],[14.1073,47.1059],[14.1333,47.1092],[14.1523,47.1153],[14.1686,47.1138],[14.1709,47.1201],[14.1756,47.1151],[14.1971,47.1102],[14.2149,47.1145],[14.2227,47.1223],[14.2477,47.1342],[14.2806,47.1366],[14.2828,47.1391],[14.2556,47.1567],[14.2387,47.1619],[14.2305,47.17],[14.2057,47.1788],[14.1354,47.184],[14.1181,47.1784],[14.1139,47.1725],[14.1097,47.1809],[14.1026,47.18],[14.1298,47.1921],[14.1878,47.1911],[14.2326,47.1765],[14.2482,47.1633],[14.2644,47.1542],[14.2741,47.1524],[14.286,47.1439],[14.3322,47.1385],[14.3386,47.1348],[14.3668,47.139],[14.3708,47.1504],[14.3606,47.162],[14.3366,47.1713],[14.307,47.1891],[14.265,47.2008],[14.2355,47.1981],[14.2551,47.2049],[14.2809,47.2055],[14.3001,47.1936],[14.3366,47.1804],[14.3449,47.1732],[14.3719,47.1605],[14.3869,47.1565],[14.4185,47.1658],[14.4257,47.1887],[14.4393,47.2037],[14.4447,47.2049],[14.4432,47.2082],[14.4654,47.2168],[14.4922,47.2173],[14.5199,47.2106],[14.5737,47.2101],[14.585,47.2055],[14.605,47.1895],[14.6266,47.1809],[14.654,47.1758]]]}},{"type":"Feature","properties":{"id":"GK100010","n":"Zentralzone [DBJ]","u":1.6},"geometry":{"type":"Polygon","coordinates":[[[12.3936,47.5223],[12.3802,47.5046],[12.3733,47.4514],[12.4015,47.4366],[12.4042,47.4382],[12.3924,47.462],[12.3961,47.4922],[12.4041,47.5043],[12.4161,47.5136],[12.4277,47.518],[12.4425,47.5153],[12.446,47.5187],[12.451,47.5177],[12.4609,47.5107],[12.4834,47.5031],[12.4925,47.4959],[12.5276,47.4894],[12.5393,47.4797],[12.5744,47.4629],[12.5825,47.4624],[12.5881,47.4658],[12.5949,47.4632],[12.6146,47.4698],[12.6388,47.4663],[12.6617,47.4554],[12.6793,47.4568],[12.7125,47.4531],[12.773,47.4602],[12.8126,47.4568],[12.803,47.4502],[12.7979,47.4518],[12.7784,47.4443],[12.7771,47.4377],[12.8059,47.4392],[12.8162,47.4329],[12.8157,47.4261],[12.8197,47.4233],[12.8157,47.4164],[12.81,47.4155],[12.8075,47.4083],[12.7942,47.3977],[12.79,47.3887],[12.7982,47.3624],[12.7858,47.3648],[12.7852,47.3627],[12.7955,47.3608],[12.798,47.3551],[12.7968,47.3397],[12.8145,47.3379],[12.82,47.3635],[12.8244,47.3664],[12.828,47.3758],[12.8541,47.3959],[12.8715,47.404],[12.8843,47.4082],[12.8967,47.4059],[12.9006,47.408],[12.8938,47.4148],[12.877,47.4188],[12.8749,47.4239],[12.8617,47.4321],[12.8306,47.4354],[12.8272,47.445],[12.8319,47.45],[12.8432,47.4453],[12.8463,47.4484],[12.8565,47.449],[12.854,47.4462],[12.8623,47.4419],[12.8635,47.4376],[12.9101,47.4419],[12.9276,47.4335],[12.9451,47.4339],[12.9533,47.4276],[12.9682,47.4331],[12.9769,47.4259],[12.9809,47.4263],[12.9905,47.4339],[13.0004,47.4346],[13.0065,47.431],[13.0011,47.4114],[13.0131,47.4073],[13.0299,47.4106],[13.0275,47.4057],[13.0461,47.4053],[13.0506,47.4038],[13.0523,47.3975],[13.0609,47.4002],[13.0639,47.4094],[13.0772,47.4049],[13.0911,47.4107],[13.1041,47.4088],[13.1342,47.4184],[13.1673,47.4194],[13.1823,47.4231],[13.2013,47.419],[13.207,47.4207],[13.2024,47.4352],[13.2064,47.4471],[13.1927,47.4545],[13.1926,47.4658],[13.1834,47.4755],[13.1857,47.4795],[13.1836,47.4814],[13.1983,47.4866],[13.2129,47.4871],[13.2209,47.4803],[13.2349,47.4756],[13.264,47.4746],[13.2789,47.4705],[13.2805,47.4663],[13.2849,47.4674],[13.2968,47.4569],[13.3127,47.4644],[13.3236,47.4611],[13.3371,47.4621],[13.3491,47.4567],[13.3193,47.4468],[13.3256,47.4439],[13.3574,47.4491],[13.3649,47.453],[13.3779,47.4707],[13.3917,47.4785],[13.3954,47.4892],[13.424,47.498],[13.446,47.4984],[13.4616,47.4933],[13.4871,47.4791],[13.5189,47.4761],[13.5091,47.4546],[13.5119,47.4422],[13.5017,47.4359],[13.4953,47.4269],[13.4961,47.4202],[13.5026,47.4168],[13.4748,47.4151],[13.4531,47.4056],[13.4296,47.4067],[13.4216,47.411],[13.3954,47.4157],[13.3716,47.4005],[13.3689,47.3926],[13.3453,47.3894],[13.3291,47.3746],[13.3283,47.3478],[13.339,47.3468],[13.3498,47.3311],[13.3476,47.3265],[13.3498,47.3175],[13.3436,47.2989],[13.3592,47.2845],[13.363,47.2664],[13.356,47.2578],[13.3556,47.2494],[13.3653,47.2418],[13.3728,47.2169],[13.3573,47.2099],[13.352,47.2037],[13.3516,47.1979],[13.3445,47.1968],[13.3323,47.1878],[13.3344,47.1731],[13.3183,47.1595],[13.329,47.1456],[13.337,47.142],[13.3332,47.1236],[13.3433,47.1113],[13.3466,47.1112],[13.3546,47.0971],[13.3323,47.0954],[13.309,47.0861],[13.3001,47.0873],[13.2911,47.0972],[13.2482,47.0877],[13.2398,47.0716],[13.2465,47.0667],[13.2439,47.0566],[13.2498,47.0525],[13.246,47.0482],[13.1922,47.0418],[13.1698,47.0425],[13.1575,47.0355],[13.1323,47.0347],[13.1251,47.0267],[13.0964,47.0252],[13.0825,47.0297],[13.0789,47.0188],[13.0726,47.0136],[13.0502,47.0224],[13.0448,47.0214],[13.0333,47.0272],[13.0209,47.029],[13.0205,47.0412],[13.0033,47.0435],[12.985,47.0355],[12.9791,47.0389],[12.9649,47.0388],[12.9528,47.0483],[12.9577,47.0538],[12.9428,47.0592],[12.9351,47.0773],[12.9182,47.0816],[12.8927,47.0811],[12.8712,47.0862],[12.8594,47.0807],[12.8374,47.0828],[12.8207,47.0976],[12.8045,47.0977],[12.7941,47.0926],[12.7838,47.0925],[12.7726,47.1009],[12.7441,47.0989],[12.7337,47.1034],[12.728,47.115],[12.7142,47.117],[12.7112,47.1249],[12.6962,47.1216],[12.6902,47.1243],[12.6748,47.1208],[12.6663,47.1227],[12.6663,47.1161],[12.6724,47.1091],[12.6561,47.0997],[12.6514,47.0999],[12.6394,47.1053],[12.62,47.1203],[12.592,47.1245],[12.5876,47.132],[12.5664,47.1362],[12.5533,47.1278],[12.5411,47.1308],[12.5352,47.1369],[12.5259,47.1402],[12.5207,47.1512],[12.5069,47.1524],[12.4962,47.1575],[12.484,47.1581],[12.4816,47.1515],[12.4734,47.1523],[12.4665,47.1476],[12.4507,47.1449],[12.4342,47.1502],[12.4194,47.1426],[12.4072,47.1461],[12.3993,47.1524],[12.3716,47.1402],[12.3643,47.1407],[12.3561,47.131],[12.3579,47.1123],[12.3172,47.1049],[12.3073,47.0931],[12.285,47.0929],[12.2677,47.0757],[12.2581,47.0717],[12.2407,47.0689],[12.2278,47.0819],[12.1863,47.0924],[12.1605,47.0816],[12.1514,47.0792],[12.1373,47.081],[12.1342,47.0774],[12.1192,47.0732],[12.0983,47.0777],[12.0818,47.0693],[12.0768,47.0575],[12.0432,47.0601],[12.0356,47.0571],[12.0304,47.0494],[12.021,47.0463],[11.9983,47.0485],[11.9862,47.0465],[11.9794,47.0494],[11.9686,47.0402],[11.956,47.0426],[11.9464,47.0331],[11.9329,47.0375],[11.9156,47.0327],[11.9142,47.0287],[11.8953,47.0206],[11.8927,47.0165],[11.8797,47.0162],[11.8739,47.0102],[11.8696,47.012],[11.8602,47.008],[11.8523,47.0003],[11.8451,47.0018],[11.8362,46.993],[11.8134,46.9898],[11.7816,46.9924],[11.7804,46.9885],[11.7704,46.983],[11.7651,46.9734],[11.7469,46.9691],[11.7274,46.9726],[11.7243,46.9805],[11.7115,46.9933],[11.6883,46.9955],[11.6644,46.9919],[11.635,47.003],[11.6271,47.0133],[11.5893,47.0056],[11.5811,47.0018],[11.5816,46.9974],[11.5779,46.9955],[11.5535,46.9903],[11.5407,46.9841],[11.5356,46.9852],[11.533,46.9913],[11.5265,46.9956],[11.5163,46.9995],[11.5125,47.0053],[11.5017,47.0068],[11.5017,47.0098],[11.4786,47.0111],[11.47,47.0026],[11.4695,46.9952],[11.4603,46.9914],[11.4529,46.9927],[11.4403,46.9754],[11.4054,46.9646],[11.3823,46.9704],[11.3759,46.9796],[11.3584,46.9908],[11.3457,46.9907],[11.337,46.9849],[11.3212,46.9928],[11.3077,46.9843],[11.288,46.9861],[11.2712,46.9798],[11.2626,46.9806],[11.2566,46.9745],[11.2492,46.9745],[11.2414,46.9702],[11.2213,46.9694],[11.2069,46.9625],[11.2028,46.968],[11.1953,46.9708],[11.1865,46.9698],[11.1754,46.9627],[11.1645,46.9658],[11.1653,46.9554],[11.1624,46.9502],[11.1683,46.945],[11.1668,46.9425],[11.1385,46.9278],[11.1148,46.9314],[11.1095,46.9261],[11.1091,46.916],[11.0973,46.9134],[11.095,46.9079],[11.0995,46.8993],[11.097,46.8913],[11.1016,46.8899],[11.0891,46.8788],[11.0713,46.853],[11.0748,46.8436],[11.0703,46.8384],[11.0768,46.8354],[11.0834,46.8228],[11.0604,46.813],[11.0572,46.8079],[11.0395,46.8052],[11.0444,46.8013],[11.0358,46.7932],[11.026,46.7733],[11.0258,46.767],[11.0224,46.7654],[11.0142,46.7723],[10.9963,46.7672],[10.9778,46.7693],[10.9745,46.7731],[10.9183,46.7753],[10.9071,46.7685],[10.8948,46.7698],[10.8895,46.7642],[10.8836,46.7632],[10.8688,46.766],[10.8675,46.7725],[10.8531,46.7738],[10.842,46.7784],[10.8403,46.782],[10.8332,46.7811],[10.8255,46.7733],[10.8141,46.7754],[10.7864,46.7965],[10.7783,46.7904],[10.7578,46.7853],[10.7299,46.7889],[10.7264,46.7979],[10.7459,46.8046],[10.7499,46.8127],[10.7638,46.8233],[10.7557,46.8326],[10.7226,46.8378],[10.7156,46.8431],[10.7167,46.8473],[10.7036,46.8473],[10.6933,46.8524],[10.6969,46.8625],[10.6909,46.8678],[10.6718,46.8706],[10.6674,46.8755],[10.6512,46.8662],[10.625,46.8646],[10.6079,46.8582],[10.5956,46.8575],[10.5897,46.8502],[10.579,46.8481],[10.5711,46.8424],[10.5464,46.8369],[10.5566,46.8467],[10.5553,46.8484],[10.5207,46.8453],[10.4985,46.8473],[10.4941,46.8488],[10.4946,46.8526],[10.4908,46.8498],[10.4868,46.8549],[10.4803,46.8559],[10.4829,46.8565],[10.4813,46.8589],[10.4697,46.8547],[10.4669,46.8635],[10.4706,46.8716],[10.4695,46.8797],[10.4648,46.8841],[10.4752,46.8942],[10.4789,46.9107],[10.4865,46.915],[10.4886,46.9272],[10.486,46.932],[10.4898,46.9376],[10.4784,46.9401],[10.456,46.9527],[10.4263,46.9576],[10.4224,46.9612],[10.4268,46.9755],[10.4022,46.9908],[10.3987,46.9968],[10.3893,47.0005],[10.3722,46.9907],[10.3548,46.9923],[10.3466,46.9894],[10.3298,46.9646],[10.3279,46.9542],[10.3079,46.9479],[10.3061,46.9406],[10.3174,46.9306],[10.3163,46.9253],[10.3034,46.9254],[10.2969,46.9201],[10.2702,46.9281],[10.2406,46.9314],[10.242,46.9195],[10.237,46.9158],[10.2322,46.9006],[10.2258,46.8963],[10.2276,46.8902],[10.2344,46.8852],[10.2307,46.8694],[10.2325,46.8663],[10.1935,46.8663],[10.181,46.8551],[10.1694,46.8508],[10.156,46.8479],[10.1454,46.8509],[10.139,46.8683],[10.1426,46.8713],[10.1169,46.8865],[10.1091,46.8952],[10.1099,46.9007],[10.1053,46.9093],[10.096,46.9196],[10.0977,46.9274],[10.106,46.9295],[10.1125,46.9374],[10.1266,46.9431],[10.1269,46.9487],[10.1361,46.9563],[10.1415,46.968],[10.1391,46.9733],[10.1433,46.9822],[10.1486,46.9853],[10.1594,46.984],[10.1542,46.992],[10.1589,46.9983],[10.1542,47.0055],[10.1318,47.0092],[10.1283,47.0186],[10.1233,47.022],[10.1393,47.0294],[10.1439,47.0363],[10.1543,47.0418],[10.1487,47.0482],[10.1498,47.0597],[10.1344,47.0636],[10.1329,47.081],[10.1377,47.0865],[10.1371,47.0941],[10.1514,47.1017],[10.1621,47.1192],[10.1864,47.1193],[10.1906,47.122],[10.1866,47.1285],[10.2105,47.1301],[10.226,47.1088],[10.2399,47.1173],[10.2649,47.1261],[10.2755,47.1346],[10.2825,47.1357],[10.2826,47.1381],[10.3838,47.1511],[10.4051,47.1483],[10.4304,47.1306],[10.4603,47.1261],[10.4901,47.1172],[10.4987,47.1278],[10.5113,47.1344],[10.556,47.1413],[10.5773,47.1488],[10.5798,47.153],[10.5716,47.1547],[10.5775,47.1588],[10.6127,47.1755],[10.6194,47.1814],[10.6409,47.1863],[10.6471,47.1961],[10.6667,47.2031],[10.6842,47.2031],[10.7068,47.2151],[10.7467,47.2163],[10.7613,47.2199],[10.7887,47.2111],[10.8084,47.2121],[10.8165,47.2163],[10.8209,47.227],[10.8298,47.2264],[10.8293,47.2221],[10.8545,47.2366],[10.8574,47.2327],[10.8631,47.2334],[10.8984,47.2549],[11.0042,47.2774],[11.072,47.2969],[11.0941,47.2954],[11.195,47.2658],[11.2363,47.2597],[11.257,47.2513],[11.285,47.2531],[11.3782,47.2495],[11.4369,47.2556],[11.481,47.2687],[11.5622,47.2788],[11.5819,47.2883],[11.6184,47.2939],[11.6486,47.3033],[11.7452,47.3646],[11.7652,47.3747],[11.8052,47.3877],[11.8848,47.4344],[11.9576,47.4498],[11.983,47.4622],[12.0643,47.4782],[12.0843,47.4939],[12.0978,47.4935],[12.1121,47.4863],[12.1364,47.4802],[12.1615,47.4879],[12.1652,47.493],[12.186,47.5001],[12.1933,47.5074],[12.2026,47.5055],[12.2085,47.5174],[12.2353,47.5221],[12.2463,47.5198],[12.2822,47.5218],[12.2988,47.5154],[12.3395,47.514],[12.3936,47.5223]]]}},{"type":"Feature","properties":{"id":"GK100032","n":"N\u00d6 Alpenvorland [DUJ]","u":43.8},"geometry":{"type":"MultiPolygon","coordinates":[[[[15.7115,48.3628],[15.704,48.3531],[15.7029,48.3421],[15.6947,48.3283],[15.682,48.3162],[15.689,48.2936],[15.6832,48.2839],[15.6836,48.2713],[15.6797,48.2573],[15.6631,48.2371],[15.627,48.2231],[15.6143,48.2085],[15.6045,48.1672],[15.6024,48.1474],[15.605,48.1301],[15.5808,48.1242],[15.5537,48.1238],[15.5588,48.1339],[15.5557,48.1463],[15.5585,48.1536],[15.5481,48.1786],[15.5241,48.1964],[15.5112,48.2003],[15.5114,48.2121],[15.4901,48.2131],[15.4898,48.2189],[15.4813,48.224],[15.4778,48.2317],[15.5034,48.2224],[15.5279,48.2228],[15.5348,48.2242],[15.5281,48.2284],[15.5326,48.2369],[15.5542,48.239],[15.562,48.2483],[15.5737,48.242],[15.5838,48.2416],[15.5948,48.2439],[15.604,48.2498],[15.5987,48.2585],[15.583,48.26],[15.5761,48.269],[15.5816,48.2878],[15.5812,48.2989],[15.5897,48.3072],[15.5907,48.3174],[15.6018,48.3245],[15.6267,48.3229],[15.6538,48.3278],[15.643,48.3465],[15.6329,48.3525],[15.6383,48.3627],[15.6355,48.374],[15.6464,48.3862],[15.6514,48.3804],[15.6635,48.3751],[15.6819,48.3803],[15.7027,48.3779],[15.712,48.3711],[15.7115,48.3628]]],[[[15.7405,48.3461],[15.7691,48.3436],[15.793,48.334],[15.8021,48.3222],[15.8118,48.323],[15.8206,48.3192],[15.8778,48.3119],[15.8777,48.3064],[15.8857,48.3014],[15.8956,48.2789],[15.9009,48.2764],[15.9453,48.2786],[15.9541,48.2871],[15.9633,48.2879],[16.006,48.2851],[16.0204,48.281],[16.0773,48.2843],[16.1111,48.29],[16.1646,48.3056],[16.1477,48.2911],[16.1099,48.2763],[16.106,48.2714],[16.0851,48.2623],[16.0806,48.2585],[16.0823,48.2529],[16.071,48.2509],[16.0604,48.2373],[16.0486,48.2328],[16.0277,48.2308],[15.9528,48.2065],[15.9522,48.2023],[15.9263,48.2015],[15.9077,48.192],[15.8796,48.1847],[15.8621,48.1858],[15.848,48.1812],[15.791,48.1836],[15.7787,48.182],[15.759,48.1725],[15.7156,48.1696],[15.686,48.1502],[15.6341,48.1307],[15.6403,48.1388],[15.6418,48.1576],[15.6702,48.1783],[15.6754,48.1927],[15.7006,48.2234],[15.7044,48.2398],[15.7093,48.2464],[15.7064,48.2536],[15.7083,48.2633],[15.7174,48.2742],[15.729,48.3005],[15.7298,48.3287],[15.7405,48.3461]]],[[[15.5353,48.1228],[15.4944,48.1184],[15.4317,48.1022],[15.3998,48.0879],[15.3542,48.0744],[15.3478,48.0753],[15.3226,48.0643],[15.2686,48.0583],[15.2556,48.0533],[15.2443,48.0541],[15.2108,48.0479],[15.2031,48.0436],[15.187,48.0467],[15.1729,48.0436],[15.1566,48.052],[15.1385,48.0525],[15.1519,48.0597],[15.156,48.076],[15.1548,48.0829],[15.1426,48.0946],[15.1511,48.1139],[15.1448,48.12],[15.1519,48.1247],[15.1579,48.1239],[15.1658,48.1303],[15.1639,48.1361],[15.1726,48.1458],[15.1717,48.1521],[15.1876,48.1532],[15.1865,48.1635],[15.176,48.1723],[15.1834,48.1745],[15.1871,48.181],[15.2137,48.1917],[15.2109,48.1953],[15.232,48.2006],[15.2522,48.1997],[15.2698,48.2139],[15.2813,48.2177],[15.3028,48.2155],[15.3135,48.2189],[15.2577,48.1801],[15.2363,48.1743],[15.2421,48.154],[15.2549,48.1592],[15.2666,48.1565],[15.2768,48.1617],[15.3065,48.1521],[15.3402,48.1702],[15.3482,48.1677],[15.3442,48.1582],[15.352,48.1485],[15.3923,48.1617],[15.3947,48.1679],[15.3916,48.1718],[15.3723,48.1847],[15.364,48.2093],[15.3529,48.2203],[15.3578,48.2242],[15.3623,48.2188],[15.3718,48.2156],[15.3723,48.2119],[15.3779,48.2081],[15.3766,48.2016],[15.3728,48.2006],[15.3785,48.1963],[15.4039,48.194],[15.41,48.1883],[15.4621,48.185],[15.4591,48.1812],[15.4647,48.1818],[15.4781,48.1673],[15.4822,48.1671],[15.4806,48.1722],[15.4847,48.1754],[15.4909,48.1694],[15.5149,48.1693],[15.5303,48.1625],[15.5351,48.1486],[15.532,48.1391],[15.5345,48.1378],[15.5353,48.1228]]],[[[15.0545,48.0691],[15.0283,48.0724],[14.9854,48.0705],[14.8975,48.0557],[14.8304,48.0496],[14.8062,48.0419],[14.7918,48.0409],[14.7961,48.0444],[14.8071,48.0435],[14.8264,48.0531],[14.8578,48.056],[14.8837,48.0643],[14.8919,48.0718],[14.9046,48.0747],[14.9185,48.0831],[14.9314,48.0947],[14.9908,48.1136],[15.0098,48.115],[15.0323,48.1215],[15.067,48.1356],[15.0857,48.1502],[15.1187,48.1672],[15.1113,48.1722],[15.1183,48.1804],[15.1094,48.1969],[15.1179,48.2061],[15.1487,48.2118],[15.1513,48.2089],[15.182,48.2016],[15.1741,48.1883],[15.1652,48.1822],[15.1693,48.1537],[15.1613,48.1472],[15.1445,48.1439],[15.1388,48.1329],[15.115,48.1197],[15.0977,48.0973],[15.0831,48.0886],[15.0777,48.0887],[15.08,48.086],[15.0654,48.0805],[15.0545,48.0691]]],[[[14.8278,48.1894],[14.8447,48.1945],[14.8473,48.1989],[14.8489,48.1893],[14.8401,48.1831],[14.8434,48.1729],[14.8511,48.1653],[14.8658,48.1606],[14.8823,48.1647],[14.8881,48.1726],[14.9156,48.1733],[14.9366,48.1608],[14.9346,48.151],[14.9389,48.1464],[14.9314,48.139],[14.914,48.1335],[14.9134,48.127],[14.8907,48.1293],[14.8376,48.116],[14.8141,48.105],[14.8001,48.1026],[14.7984,48.0989],[14.7927,48.0976],[14.7867,48.0854],[14.7867,48.0821],[14.7919,48.0789],[14.7764,48.0683],[14.7746,48.0509],[14.7782,48.0411],[14.7726,48.0364],[14.6734,48.0241],[14.6539,48.0287],[14.6158,48.0284],[14.5773,48.0429],[14.5506,48.0394],[14.5188,48.0506],[14.5071,48.0504],[14.4903,48.0426],[14.4833,48.043],[14.4663,48.0514],[14.4583,48.0508],[14.4582,48.0627],[14.4656,48.0694],[14.4668,48.0766],[14.4834,48.0914],[14.4879,48.1027],[14.4967,48.112],[14.4848,48.1217],[14.4857,48.1313],[14.4933,48.1422],[14.5379,48.1644],[14.5538,48.2005],[14.5623,48.2061],[14.5728,48.2022],[14.6034,48.1787],[14.6212,48.174],[14.6319,48.1676],[14.6917,48.1555],[14.7103,48.163],[14.7098,48.168],[14.7162,48.1704],[14.7385,48.1555],[14.7756,48.1545],[14.8072,48.1616],[14.828,48.1758],[14.8252,48.184],[14.8278,48.1894]]],[[[15.1252,48.0579],[15.091,48.0667],[15.0772,48.0688],[15.0952,48.074],[15.1173,48.0916],[15.12,48.098],[15.1293,48.0686],[15.1252,48.0579]]]]}},{"type":"Feature","properties":{"id":"GK100054","n":"Salzburger Alpenvorland [DUJ]","u":1.1},"geometry":{"type":"MultiPolygon","coordinates":[[[[13.3194,47.9921],[13.3548,47.9779],[13.3714,47.9768],[13.3699,47.9713],[13.373,47.9655],[13.3659,47.9612],[13.3669,47.9578],[13.3611,47.9556],[13.3643,47.9455],[13.3583,47.9425],[13.3586,47.9397],[13.3459,47.9445],[13.3408,47.943],[13.3379,47.9476],[13.3405,47.9524],[13.3237,47.9572],[13.3258,47.9633],[13.3234,47.9701],[13.3308,47.9865],[13.3251,47.9865],[13.3194,47.9921]]],[[[13.2707,47.8916],[13.277,47.8832],[13.2761,47.8774],[13.2847,47.8729],[13.2955,47.8572],[13.288,47.8559],[13.292,47.8486],[13.2844,47.8441],[13.2885,47.8425],[13.2867,47.8306],[13.2897,47.8244],[13.3096,47.8219],[13.3115,47.8173],[13.2952,47.8123],[13.2891,47.8026],[13.2729,47.7991],[13.2314,47.8094],[13.2136,47.8079],[13.2103,47.811],[13.1949,47.8123],[13.1929,47.8065],[13.1889,47.8049],[13.1876,47.8078],[13.1802,47.8065],[13.1776,47.809],[13.1585,47.8067],[13.1452,47.8145],[13.1478,47.8157],[13.1478,47.8273],[13.1438,47.8339],[13.1344,47.8397],[13.1711,47.8407],[13.1801,47.8472],[13.1888,47.8476],[13.1941,47.8542],[13.2088,47.858],[13.2108,47.8756],[13.2195,47.8762],[13.2288,47.8825],[13.2592,47.8929],[13.2707,47.8916]]],[[[13.3074,47.9952],[13.2755,47.9894],[13.2668,47.9948],[13.2819,47.9976],[13.2815,48.0051],[13.2909,48.0096],[13.2959,48.0074],[13.2982,48.0109],[13.3043,48.0059],[13.2989,48.0025],[13.3016,47.9955],[13.3074,47.9952]]]]}},{"type":"Feature","properties":{"id":"GK100063","n":"Klagenfurter Becken [DRA]","u":3.8},"geometry":{"type":"Polygon","coordinates":[[[14.3964,46.6495],[14.4044,46.6364],[14.4177,46.6339],[14.4308,46.6411],[14.4586,46.641],[14.492,46.6485],[14.5065,46.6476],[14.5458,46.6304],[14.5456,46.6211],[14.534,46.6163],[14.5244,46.6084],[14.5213,46.6014],[14.5034,46.5889],[14.483,46.6022],[14.4466,46.6055],[14.4371,46.6013],[14.3907,46.6032],[14.3598,46.5984],[14.3282,46.5976],[14.3135,46.593],[14.2921,46.5981],[14.274,46.5916],[14.2683,46.5928],[14.2438,46.6113],[14.2533,46.6157],[14.2541,46.6246],[14.2787,46.6236],[14.2926,46.628],[14.2943,46.637],[14.2886,46.6504],[14.2941,46.6579],[14.2979,46.6535],[14.3196,46.6545],[14.3406,46.6464],[14.3513,46.6462],[14.3704,46.6522],[14.3839,46.6486],[14.3964,46.6495]]]}},{"type":"Feature","properties":{"id":"GK100038","n":"Linzer Becken [DUJ]","u":58.9},"geometry":{"type":"Polygon","coordinates":[[[14.52,48.2367],[14.4917,48.2243],[14.4874,48.219],[14.4542,48.208],[14.4,48.2091],[14.4006,48.2134],[14.3841,48.2238],[14.3802,48.2301],[14.3705,48.2336],[14.3543,48.2501],[14.3324,48.2551],[14.2944,48.2815],[14.283,48.2994],[14.2842,48.3265],[14.2976,48.3378],[14.3055,48.3348],[14.3217,48.338],[14.3259,48.3286],[14.3407,48.325],[14.3412,48.321],[14.3357,48.3142],[14.3374,48.3064],[14.3503,48.2879],[14.3794,48.2812],[14.4057,48.2809],[14.4086,48.2768],[14.4049,48.2655],[14.4109,48.26],[14.4266,48.2591],[14.4576,48.271],[14.4575,48.2636],[14.4715,48.259],[14.4701,48.2537],[14.485,48.2523],[14.4887,48.2472],[14.4979,48.247],[14.5001,48.2425],[14.52,48.2367]]]}},{"type":"Feature","properties":{"id":"GK100023","n":"S\u00fcdl. Machland [DUJ]","u":13.2},"geometry":{"type":"Polygon","coordinates":[[[14.7442,48.1753],[14.8278,48.1894],[14.8252,48.184],[14.828,48.1758],[14.8072,48.1616],[14.7756,48.1545],[14.7385,48.1555],[14.7162,48.1704],[14.7107,48.1691],[14.7103,48.163],[14.704,48.16],[14.6917,48.1555],[14.6855,48.156],[14.6319,48.1676],[14.6212,48.174],[14.6034,48.1787],[14.5728,48.2022],[14.5623,48.2061],[14.5185,48.2358],[14.5344,48.2379],[14.5823,48.225],[14.6106,48.1965],[14.6256,48.1894],[14.636,48.18],[14.6623,48.1714],[14.6676,48.1646],[14.688,48.1573],[14.7055,48.1628],[14.7064,48.1692],[14.7155,48.1786],[14.7262,48.1782],[14.7394,48.1721],[14.7442,48.1753]]]}},{"type":"Feature","properties":{"id":"GK100018","n":"Heideboden [DUJ]","u":31.4},"geometry":{"type":"Polygon","coordinates":[[[17.0715,48.0811],[17.0788,48.0782],[17.0724,48.0705],[17.0864,48.0652],[17.0683,48.0554],[17.084,48.0502],[17.0873,48.0454],[17.0673,48.0313],[17.0902,48.0199],[17.1104,48.0314],[17.1267,48.021],[17.1311,48.0233],[17.1438,48.0204],[17.1607,48.0067],[17.0949,47.9708],[17.1168,47.9608],[17.1028,47.9452],[17.0849,47.9475],[17.0791,47.9567],[17.0721,47.9592],[17.0628,47.9691],[17.0302,47.9769],[17.0137,47.988],[17.0042,47.9977],[17.0025,48.0054],[16.9897,48.0168],[16.9696,48.0218],[16.9695,48.0264],[16.9728,48.0267],[16.9736,48.0235],[16.9838,48.0261],[16.9968,48.0521],[17.0168,48.0739],[16.9842,48.0912],[16.9821,48.0957],[16.9695,48.0979],[16.9762,48.1061],[16.9788,48.1038],[16.9839,48.1057],[16.9854,48.1122],[16.9975,48.1095],[17.0044,48.0989],[17.0199,48.1057],[17.0282,48.1],[17.0024,48.0925],[17.0357,48.0844],[17.0416,48.1021],[17.0553,48.104],[17.0621,48.0999],[17.0715,48.0811]]]}},{"type":"Feature","properties":{"id":"GK100195","n":"Sulmtal [MUR]","u":2.4},"geometry":{"type":"Polygon","coordinates":[[[15.5233,46.7919],[15.5244,46.7886],[15.5197,46.7842],[15.5228,46.7779],[15.5096,46.7694],[15.511,46.7632],[15.5045,46.7609],[15.5049,46.7545],[15.4983,46.7564],[15.4921,46.7539],[15.4924,46.751],[15.478,46.7482],[15.4717,46.7535],[15.4656,46.7687],[15.4613,46.7695],[15.4577,46.7664],[15.4562,46.7554],[15.4449,46.7516],[15.4431,46.7463],[15.4288,46.7429],[15.4177,46.7489],[15.4148,46.7553],[15.404,46.7566],[15.3996,46.7509],[15.3776,46.7466],[15.3552,46.7369],[15.3491,46.7379],[15.3319,46.7324],[15.3251,46.7339],[15.2946,46.7194],[15.2746,46.7153],[15.2704,46.7171],[15.2646,46.712],[15.2554,46.7141],[15.2517,46.7099],[15.2513,46.7129],[15.2326,46.7124],[15.2165,46.7238],[15.2329,46.7179],[15.2518,46.717],[15.2529,46.7203],[15.2596,46.7207],[15.2681,46.7179],[15.2708,46.7234],[15.2759,46.7224],[15.2925,46.7281],[15.3187,46.7422],[15.2821,46.7463],[15.2681,46.7551],[15.2543,46.7585],[15.2247,46.7484],[15.2229,46.7515],[15.2118,46.7504],[15.2005,46.7553],[15.2071,46.7624],[15.2053,46.7662],[15.2114,46.7675],[15.2222,46.7765],[15.249,46.7819],[15.2561,46.7753],[15.2821,46.7702],[15.283,46.7739],[15.2975,46.761],[15.3079,46.7619],[15.3099,46.7565],[15.3136,46.7579],[15.3366,46.748],[15.3485,46.7501],[15.3501,46.7546],[15.36,46.7575],[15.3521,46.765],[15.3714,46.7613],[15.3813,46.7628],[15.3743,46.7697],[15.3774,46.7711],[15.3815,46.7668],[15.3847,46.7695],[15.3854,46.7633],[15.3919,46.7691],[15.3952,46.7685],[15.3946,46.7638],[15.4009,46.7645],[15.402,46.762],[15.4176,46.7588],[15.4277,46.7609],[15.4393,46.7556],[15.444,46.7577],[15.4437,46.7616],[15.4481,46.7604],[15.4614,46.771],[15.4767,46.7635],[15.4869,46.7674],[15.4832,46.7686],[15.4826,46.7746],[15.4897,46.7695],[15.4974,46.7739],[15.4939,46.7822],[15.496,46.7829],[15.505,46.7767],[15.5092,46.7775],[15.5084,46.7803],[15.5183,46.779],[15.5166,46.7857],[15.5233,46.7919]]]}},{"type":"Feature","properties":{"id":"GK100120","n":"Seetaler Alpen Nord [MUR]","u":0.0},"geometry":{"type":"Polygon","coordinates":[[[14.662,47.1673],[14.6844,47.1674],[14.6989,47.1524],[14.7123,47.1481],[14.7228,47.1374],[14.7411,47.1299],[14.7373,47.1217],[14.7221,47.1199],[14.7081,47.1125],[14.7029,47.1034],[14.6855,47.091],[14.6991,47.0652],[14.7145,47.0535],[14.7187,47.0454],[14.7014,47.0345],[14.6924,47.036],[14.6797,47.0445],[14.6734,47.0419],[14.6508,47.0452],[14.6308,47.0565],[14.5668,47.0639],[14.5594,47.0719],[14.549,47.0762],[14.5494,47.0926],[14.5396,47.1089],[14.5169,47.1115],[14.5069,47.1147],[14.4976,47.1222],[14.4841,47.1255],[14.4585,47.1135],[14.4409,47.128],[14.4345,47.1373],[14.4224,47.1394],[14.416,47.1515],[14.4284,47.161],[14.4329,47.1695],[14.4354,47.1858],[14.4519,47.2029],[14.4746,47.2096],[14.5166,47.2007],[14.5675,47.2016],[14.5829,47.1936],[14.6017,47.1759],[14.613,47.1768],[14.6483,47.1669],[14.6523,47.1656],[14.6509,47.1614],[14.662,47.1673]]]}},{"type":"Feature","properties":{"id":"GK100174","n":"Ilz und Rittscheintal [LRR]","u":68.4},"geometry":{"type":"MultiPolygon","coordinates":[[[[15.9513,47.0889],[15.9775,47.0781],[16.0052,47.0615],[15.9845,47.0674],[15.9762,47.0664],[15.9565,47.0744],[15.9205,47.0796],[15.8922,47.0792],[15.8736,47.0822],[15.8668,47.087],[15.8387,47.0891],[15.8155,47.096],[15.8132,47.0981],[15.8137,47.1093],[15.799,47.1274],[15.7875,47.136],[15.7833,47.1357],[15.7798,47.1419],[15.7721,47.1436],[15.7737,47.1451],[15.7682,47.1495],[15.7508,47.1551],[15.7456,47.1628],[15.7253,47.1706],[15.7312,47.1711],[15.7309,47.1766],[15.7367,47.1703],[15.739,47.1726],[15.7409,47.169],[15.751,47.1647],[15.7527,47.1667],[15.7568,47.1597],[15.763,47.161],[15.7628,47.1585],[15.7709,47.1543],[15.7736,47.1558],[15.7759,47.1514],[15.7804,47.152],[15.781,47.1487],[15.8039,47.1343],[15.8321,47.1003],[15.8499,47.1011],[15.8629,47.095],[15.8939,47.0892],[15.902,47.0898],[15.9024,47.0929],[15.9091,47.0898],[15.9122,47.0921],[15.9159,47.0888],[15.9252,47.0894],[15.9282,47.0933],[15.9302,47.089],[15.9383,47.0926],[15.9388,47.0897],[15.9513,47.0889]]],[[[16.092,47.0268],[16.1437,46.9977],[16.1474,47.0007],[16.1492,47.0003],[16.1459,46.9991],[16.1494,46.9982],[16.1475,46.9965],[16.1503,46.9951],[16.1478,46.995],[16.1553,46.9935],[16.1548,46.9908],[16.1285,46.9962],[16.1265,46.9941],[16.1275,46.997],[16.1168,47.002],[16.1091,47.0017],[16.1113,47.0071],[16.0891,47.0176],[16.0825,47.0138],[16.0733,47.0141],[16.0718,47.0112],[16.0513,47.0102],[16.0461,47.0159],[16.0331,47.0133],[16.0306,47.017],[16.0148,47.019],[16.0116,47.0149],[16.0015,47.0219],[15.9929,47.0353],[16.0033,47.036],[16.0127,47.0314],[16.0146,47.0338],[16.0183,47.0313],[16.0273,47.0338],[16.0264,47.0297],[16.0513,47.0292],[16.0599,47.025],[16.092,47.0268]]],[[[16.1267,46.9917],[16.1265,46.994],[16.1277,46.994],[16.1287,46.9931],[16.1267,46.9917]]]]}},{"type":"Feature","properties":{"id":"GK100116","n":"Niedere Tauern einschl. Seckauer Tauern [MUR]","u":0.2},"geometry":{"type":"Polygon","coordinates":[[[14.996,47.3649],[15.006,47.3489],[15.0055,47.3421],[14.9954,47.3425],[14.9903,47.3361],[14.9832,47.3348],[14.9832,47.3379],[14.9815,47.3346],[14.9774,47.3355],[14.9703,47.3254],[14.9408,47.3109],[14.935,47.3025],[14.9259,47.2982],[14.936,47.295],[14.9398,47.2868],[14.9178,47.279],[14.9098,47.2698],[14.9042,47.2688],[14.8986,47.2724],[14.8994,47.2697],[14.8863,47.2751],[14.8808,47.2789],[14.8819,47.2839],[14.8776,47.2857],[14.8629,47.2904],[14.8563,47.2873],[14.8542,47.2812],[14.8608,47.263],[14.8535,47.2672],[14.8555,47.2632],[14.8511,47.2621],[14.868,47.2514],[14.8438,47.2486],[14.8393,47.2512],[14.8421,47.2474],[14.8296,47.2381],[14.8062,47.2386],[14.8048,47.2353],[14.7953,47.2321],[14.7795,47.2353],[14.7708,47.2294],[14.7522,47.2278],[14.7344,47.2314],[14.7268,47.2238],[14.7066,47.222],[14.6753,47.2113],[14.6564,47.2133],[14.6503,47.2081],[14.635,47.2068],[14.628,47.2098],[14.6324,47.2155],[14.6241,47.2123],[14.6087,47.224],[14.5947,47.2298],[14.5832,47.2322],[14.5777,47.2281],[14.5672,47.2299],[14.5675,47.2346],[14.5517,47.2367],[14.5474,47.2414],[14.544,47.2401],[14.5102,47.2671],[14.5061,47.2622],[14.4969,47.265],[14.491,47.2765],[14.4875,47.2763],[14.4845,47.2814],[14.4906,47.2915],[14.4954,47.2894],[14.4958,47.2917],[14.4902,47.2951],[14.4913,47.3003],[14.4885,47.3045],[14.4916,47.3058],[14.4859,47.3093],[14.4881,47.3124],[14.4838,47.3156],[14.4856,47.3185],[14.4742,47.328],[14.4733,47.3541],[14.4683,47.3609],[14.4665,47.3456],[14.4702,47.3414],[14.4701,47.3274],[14.4835,47.3074],[14.4864,47.2956],[14.4813,47.2857],[14.4625,47.2977],[14.4532,47.3081],[14.4494,47.3038],[14.4556,47.3027],[14.4609,47.2954],[14.4785,47.2831],[14.4842,47.2678],[14.4821,47.2667],[14.5001,47.2572],[14.4944,47.2526],[14.5063,47.2539],[14.535,47.2335],[14.5391,47.2319],[14.5436,47.2347],[14.5444,47.2304],[14.5522,47.2249],[14.5519,47.2211],[14.5637,47.2203],[14.572,47.2137],[14.606,47.2131],[14.6335,47.1972],[14.6542,47.1759],[14.6266,47.1809],[14.605,47.1895],[14.585,47.2055],[14.5737,47.2101],[14.5199,47.2106],[14.4922,47.2173],[14.4654,47.2168],[14.4432,47.2082],[14.4447,47.2049],[14.4393,47.2037],[14.4257,47.1887],[14.4185,47.1658],[14.3869,47.1565],[14.3719,47.1605],[14.3449,47.1732],[14.3366,47.1804],[14.3001,47.1936],[14.2809,47.2055],[14.2551,47.2049],[14.2388,47.2006],[14.2339,47.2047],[14.2316,47.2143],[14.2187,47.2234],[14.1957,47.2228],[14.1926,47.2201],[14.1856,47.2218],[14.1721,47.2178],[14.1642,47.2087],[14.1675,47.2072],[14.1647,47.2037],[14.1663,47.2014],[14.1623,47.2017],[14.1631,47.197],[14.1593,47.1912],[14.1298,47.1921],[14.1026,47.1803],[14.1097,47.1809],[14.1135,47.1725],[14.1179,47.1783],[14.1203,47.176],[14.1185,47.1705],[14.0957,47.1682],[14.0776,47.1732],[14.0488,47.171],[14.0432,47.1672],[14.101,47.1489],[14.0995,47.1443],[14.079,47.1405],[14.0795,47.1365],[14.0678,47.1319],[14.0824,47.1066],[14.0641,47.1112],[14.0295,47.1127],[14.0163,47.1095],[14.0015,47.0979],[13.9836,47.0895],[13.9679,47.0853],[13.936,47.0877],[13.9053,47.0713],[13.8862,47.0916],[13.878,47.0945],[13.883,47.1092],[13.8982,47.1139],[13.9094,47.1238],[13.9399,47.1363],[13.9438,47.1363],[13.9573,47.124],[13.9726,47.1269],[13.9842,47.1249],[13.9959,47.1331],[13.9913,47.1379],[13.9935,47.1409],[13.9674,47.1503],[13.9603,47.1595],[13.9495,47.1657],[13.9225,47.1719],[13.9172,47.1702],[13.9158,47.1789],[13.9086,47.1856],[13.8985,47.1822],[13.8945,47.1855],[13.9036,47.1948],[13.8827,47.2044],[13.8503,47.2297],[13.8684,47.2413],[13.8646,47.2521],[13.8757,47.256],[13.883,47.254],[13.9107,47.2611],[13.9155,47.2501],[13.9308,47.249],[13.9415,47.2546],[13.9532,47.2556],[13.9578,47.2593],[13.9546,47.2649],[13.9685,47.2699],[14.0019,47.267],[14.0131,47.2621],[14.0162,47.2713],[14.0346,47.2757],[14.0441,47.2888],[14.0523,47.2841],[14.0537,47.2786],[14.0651,47.2724],[14.0826,47.2717],[14.0984,47.2629],[14.1048,47.2672],[14.1107,47.2669],[14.1166,47.2767],[14.1286,47.2822],[14.1397,47.2967],[14.1566,47.2964],[14.1707,47.3086],[14.1902,47.3044],[14.1985,47.3069],[14.2018,47.3118],[14.2205,47.3218],[14.227,47.3292],[14.2236,47.338],[14.2291,47.3415],[14.2255,47.3489],[14.2265,47.3578],[14.2393,47.3745],[14.2871,47.3836],[14.3037,47.3984],[14.316,47.4028],[14.3214,47.4003],[14.3279,47.4053],[14.3592,47.4168],[14.3764,47.4202],[14.3883,47.4268],[14.3898,47.4334],[14.4003,47.4394],[14.4044,47.4347],[14.4304,47.4302],[14.4514,47.413],[14.462,47.4169],[14.4815,47.4164],[14.4935,47.404],[14.5072,47.3963],[14.5102,47.3909],[14.5394,47.3917],[14.5455,47.3842],[14.536,47.3778],[14.5444,47.3645],[14.5611,47.3673],[14.5693,47.3612],[14.5774,47.3614],[14.5817,47.3647],[14.5831,47.3722],[14.5931,47.3785],[14.6197,47.3786],[14.6103,47.3925],[14.6024,47.3947],[14.6011,47.4025],[14.6047,47.4122],[14.6351,47.4204],[14.6291,47.4251],[14.636,47.4302],[14.6536,47.43],[14.6659,47.4365],[14.6693,47.4492],[14.6825,47.4435],[14.6869,47.4348],[14.6974,47.4346],[14.7083,47.4259],[14.729,47.4204],[14.7402,47.422],[14.7603,47.4173],[14.7695,47.4116],[14.7762,47.4026],[14.8265,47.3914],[14.8498,47.3943],[14.8785,47.3898],[14.8869,47.3851],[14.9142,47.3866],[14.9562,47.3751],[14.9833,47.3719],[14.996,47.3649]]]}},{"type":"Feature","properties":{"id":"GK100194","n":"Karawanken [DRA]","u":0.0},"geometry":{"type":"Polygon","coordinates":[[[14.8237,46.5304],[14.8176,46.5208],[14.8181,46.509],[14.8061,46.5075],[14.7847,46.499],[14.7769,46.5045],[14.7591,46.5043],[14.7485,46.4977],[14.7411,46.5051],[14.7283,46.4907],[14.7226,46.4981],[14.7146,46.4999],[14.7093,46.4807],[14.7024,46.4804],[14.6976,46.4744],[14.7022,46.467],[14.6995,46.4637],[14.693,46.4639],[14.6835,46.468],[14.6757,46.4618],[14.6797,46.4578],[14.6751,46.4506],[14.6655,46.4494],[14.6592,46.4442],[14.6315,46.4393],[14.5961,46.4368],[14.5954,46.4333],[14.5864,46.4297],[14.5826,46.4182],[14.5888,46.4144],[14.5894,46.4097],[14.5861,46.3923],[14.5787,46.3836],[14.5817,46.3813],[14.5786,46.3772],[14.5655,46.3747],[14.5653,46.3723],[14.5571,46.3769],[14.5539,46.3917],[14.5414,46.4051],[14.54,46.4118],[14.5322,46.4146],[14.5219,46.4275],[14.5056,46.4244],[14.4922,46.413],[14.4846,46.4156],[14.4796,46.4134],[14.4765,46.4198],[14.4426,46.4232],[14.4418,46.4286],[14.4302,46.4366],[14.4385,46.443],[14.4297,46.4471],[14.3983,46.4446],[14.381,46.4391],[14.3445,46.4374],[14.3265,46.4309],[14.3081,46.4305],[14.3018,46.4382],[14.2832,46.4435],[14.2647,46.4383],[14.2571,46.4392],[14.237,46.4321],[14.2279,46.4353],[14.2191,46.4432],[14.2074,46.4393],[14.1909,46.444],[14.1759,46.434],[14.1634,46.4337],[14.1545,46.4359],[14.1508,46.4432],[14.1358,46.4506],[14.1352,46.459],[14.1206,46.4744],[14.1216,46.4766],[14.1024,46.4788],[14.0913,46.4858],[14.0403,46.4927],[14.0213,46.4816],[14.0066,46.4811],[13.99,46.4882],[13.9892,46.4927],[13.976,46.4981],[13.9701,46.4967],[13.9435,46.5114],[13.9115,46.5209],[13.8967,46.5194],[13.8821,46.523],[13.8792,46.5192],[13.857,46.5141],[13.8316,46.5187],[13.8276,46.5133],[13.8117,46.5063],[13.7943,46.5056],[13.7798,46.5126],[13.8038,46.5186],[13.8082,46.5299],[13.8296,46.5271],[13.8416,46.5302],[13.8488,46.5221],[13.8547,46.5209],[13.8555,46.5232],[13.8598,46.5205],[13.8707,46.524],[13.8695,46.5297],[13.898,46.5336],[13.9054,46.5294],[13.9329,46.5314],[13.948,46.5282],[13.9522,46.5217],[13.9832,46.5212],[13.9894,46.5175],[14.0283,46.5224],[14.0262,46.5119],[14.0288,46.5089],[14.0431,46.5061],[14.0585,46.5096],[14.0757,46.501],[14.1227,46.4905],[14.1521,46.4712],[14.1647,46.4668],[14.1826,46.474],[14.1987,46.4631],[14.1979,46.4562],[14.2275,46.4594],[14.2323,46.4663],[14.2426,46.4627],[14.2572,46.4634],[14.2592,46.4569],[14.2543,46.4482],[14.2616,46.4433],[14.2598,46.4485],[14.2686,46.446],[14.2682,46.4501],[14.2904,46.4513],[14.2915,46.4582],[14.3185,46.4565],[14.3246,46.452],[14.3316,46.4519],[14.3367,46.4565],[14.3437,46.4557],[14.3627,46.4615],[14.3702,46.4602],[14.3744,46.4522],[14.3893,46.4534],[14.3911,46.4583],[14.4024,46.4559],[14.4095,46.4604],[14.4236,46.46],[14.436,46.4644],[14.4512,46.4612],[14.4548,46.4568],[14.4854,46.463],[14.4894,46.4607],[14.4895,46.4531],[14.4881,46.4425],[14.4828,46.4371],[14.4874,46.4336],[14.5175,46.4321],[14.5243,46.4343],[14.5267,46.4315],[14.5506,46.4279],[14.5684,46.4421],[14.5686,46.4471],[14.5763,46.4551],[14.586,46.4573],[14.595,46.4536],[14.6015,46.4543],[14.6016,46.4573],[14.6345,46.4576],[14.6387,46.4592],[14.6421,46.4658],[14.6607,46.4606],[14.6651,46.4614],[14.6723,46.4749],[14.685,46.4739],[14.6881,46.4821],[14.6861,46.4865],[14.6702,46.4909],[14.6712,46.5112],[14.6774,46.5164],[14.6973,46.5175],[14.7047,46.5233],[14.7018,46.5307],[14.7078,46.541],[14.7064,46.5489],[14.7102,46.5522],[14.7307,46.5483],[14.7332,46.541],[14.7483,46.5421],[14.7547,46.5386],[14.766,46.5427],[14.7747,46.5337],[14.8041,46.538],[14.8237,46.5304]]]}},{"type":"Feature","properties":{"id":"GK100066","n":"Metnitztal [DRA]","u":5.8},"geometry":{"type":"Polygon","coordinates":[[[14.3969,46.9796],[14.3973,46.9724],[14.4123,46.9636],[14.4153,46.9558],[14.4427,46.9439],[14.4427,46.9418],[14.4363,46.9417],[14.4422,46.9367],[14.4357,46.9246],[14.4359,46.9173],[14.4424,46.9079],[14.4419,46.9],[14.4356,46.8984],[14.4245,46.9139],[14.4265,46.928],[14.42,46.9397],[14.3921,46.957],[14.3518,46.9675],[14.3232,46.9655],[14.2888,46.9725],[14.2725,46.9719],[14.2482,46.9789],[14.2542,46.9809],[14.2734,46.9754],[14.3093,46.9732],[14.3269,46.9689],[14.3843,46.9804],[14.3969,46.9796]]]}},{"type":"Feature","properties":{"id":"GK100139","n":"G\u00fcnser Gebirge Umland [LRR]","u":4.6},"geometry":{"type":"Polygon","coordinates":[[[16.4283,47.4075],[16.4461,47.4055],[16.4465,47.4038],[16.4466,47.401],[16.4508,47.3926],[16.4614,47.383],[16.4555,47.3838],[16.4515,47.3797],[16.4575,47.367],[16.4518,47.3611],[16.4529,47.3569],[16.4343,47.3526],[16.4447,47.3466],[16.4477,47.3399],[16.4627,47.3365],[16.4706,47.3169],[16.4588,47.3116],[16.4565,47.3085],[16.4603,47.3062],[16.4519,47.3024],[16.4425,47.3037],[16.425,47.2993],[16.4204,47.2952],[16.4071,47.2959],[16.4071,47.2931],[16.4003,47.2916],[16.3904,47.2957],[16.3608,47.2943],[16.3566,47.296],[16.3661,47.3084],[16.3828,47.3094],[16.3746,47.3139],[16.3718,47.311],[16.3656,47.3131],[16.3565,47.3108],[16.3457,47.3029],[16.3369,47.3037],[16.3344,47.3074],[16.3373,47.3134],[16.3292,47.3138],[16.3256,47.3249],[16.3177,47.3203],[16.3099,47.3228],[16.3057,47.3145],[16.2928,47.3231],[16.2905,47.3121],[16.2834,47.3188],[16.2844,47.3125],[16.282,47.3134],[16.2696,47.326],[16.2596,47.3111],[16.2442,47.3158],[16.2321,47.3278],[16.228,47.3481],[16.2347,47.3499],[16.2388,47.3601],[16.2671,47.3693],[16.3106,47.3724],[16.3281,47.3815],[16.333,47.3894],[16.337,47.3869],[16.3437,47.3893],[16.3452,47.3852],[16.3485,47.385],[16.3522,47.3865],[16.3506,47.3918],[16.3623,47.3945],[16.3669,47.3921],[16.3683,47.398],[16.3905,47.4063],[16.4194,47.4056],[16.4243,47.401],[16.4273,47.402],[16.4283,47.4075]]]}},{"type":"Feature","properties":{"id":"GK100123","n":"Weststeirisches H\u00fcgelland [MUR]","u":21.8},"geometry":{"type":"MultiPolygon","coordinates":[[[[15.1728,47.0766],[15.1877,47.0733],[15.1929,47.068],[15.2067,47.0679],[15.2062,47.0641],[15.2152,47.0549],[15.2126,47.0523],[15.2656,47.016],[15.2756,47.0025],[15.2484,47.0104],[15.2371,47.0104],[15.223,47.0048],[15.2248,47.0129],[15.2167,47.0242],[15.2181,47.0261],[15.206,47.0272],[15.1952,47.023],[15.1782,47.0381],[15.1729,47.0368],[15.164,47.0455],[15.1583,47.046],[15.1553,47.0534],[15.1488,47.0512],[15.1347,47.0596],[15.1323,47.0689],[15.1345,47.0707],[15.132,47.0731],[15.1456,47.0843],[15.1604,47.0767],[15.1632,47.0838],[15.1684,47.0864],[15.1734,47.081],[15.1728,47.0766]]],[[[15.1017,47.0867],[15.1143,47.0826],[15.1212,47.084],[15.1174,47.0785],[15.1187,47.0708],[15.1105,47.0697],[15.1249,47.0666],[15.1263,47.0608],[15.1222,47.0585],[15.1271,47.0559],[15.1203,47.0526],[15.1371,47.047],[15.1436,47.0487],[15.141,47.0474],[15.1499,47.0404],[15.172,47.0353],[15.1694,47.033],[15.1514,47.0354],[15.1362,47.0338],[15.112,47.0403],[15.1058,47.0393],[15.1063,47.0368],[15.102,47.0347],[15.0823,47.0371],[15.0646,47.0414],[15.0452,47.052],[15.0395,47.0601],[15.0478,47.0662],[15.0474,47.074],[15.0588,47.0705],[15.0547,47.0671],[15.056,47.064],[15.0727,47.0666],[15.0818,47.0712],[15.0818,47.0766],[15.0748,47.0819],[15.0888,47.083],[15.0858,47.0816],[15.091,47.0771],[15.101,47.0798],[15.0978,47.0838],[15.1017,47.0867]]],[[[15.2747,47.0621],[15.2951,47.0303],[15.3214,47.0028],[15.331,46.9873],[15.3315,46.9777],[15.3244,46.9796],[15.3211,46.9863],[15.3206,46.9819],[15.3084,46.987],[15.2978,46.9954],[15.2956,46.9991],[15.2978,47.0023],[15.2941,47.0013],[15.2939,47.0053],[15.2846,47.0119],[15.2784,47.0219],[15.2724,47.0224],[15.2443,47.0447],[15.2397,47.0441],[15.2215,47.0574],[15.2304,47.0628],[15.2341,47.0598],[15.2383,47.0613],[15.2438,47.0547],[15.2735,47.0608],[15.2666,47.0656],[15.2647,47.0678],[15.2747,47.0621]]],[[[15.4468,46.8899],[15.4643,46.8875],[15.4688,46.8844],[15.4686,46.8803],[15.4816,46.8784],[15.5147,46.8873],[15.5186,46.8809],[15.5287,46.8775],[15.5309,46.8681],[15.5225,46.8579],[15.515,46.8547],[15.4831,46.8703],[15.4553,46.8625],[15.439,46.8642],[15.44,46.8603],[15.4322,46.8606],[15.4315,46.8563],[15.4236,46.8535],[15.4166,46.8534],[15.4142,46.8567],[15.4122,46.8525],[15.4042,46.8561],[15.4034,46.8534],[15.3941,46.8579],[15.3987,46.8611],[15.3943,46.863],[15.4001,46.8718],[15.3943,46.8768],[15.393,46.8645],[15.3888,46.8598],[15.3817,46.8661],[15.3825,46.8705],[15.3791,46.8703],[15.3733,46.8767],[15.3709,46.8725],[15.3741,46.8685],[15.3717,46.866],[15.3652,46.8686],[15.3569,46.867],[15.3588,46.8703],[15.3518,46.8744],[15.3483,46.8641],[15.3343,46.8665],[15.3254,46.8773],[15.31,46.8835],[15.3026,46.8905],[15.2985,46.891],[15.2996,46.8856],[15.2829,46.8956],[15.2702,46.8989],[15.2576,46.9179],[15.2538,46.9181],[15.2537,46.9148],[15.2501,46.9166],[15.2663,46.8957],[15.2569,46.8969],[15.2413,46.9072],[15.2164,46.9151],[15.2141,46.9143],[15.2214,46.9105],[15.2121,46.907],[15.2121,46.9148],[15.2065,46.9177],[15.2042,46.9228],[15.2154,46.9234],[15.2226,46.9176],[15.2226,46.9203],[15.2333,46.9181],[15.2446,46.9205],[15.231,46.9279],[15.2175,46.9407],[15.2255,46.941],[15.2426,46.9343],[15.2552,46.9358],[15.2516,46.9407],[15.2387,46.945],[15.2464,46.9466],[15.2446,46.9488],[15.249,46.9566],[15.2465,46.9632],[15.2536,46.9693],[15.2497,46.9716],[15.2415,46.9656],[15.2369,46.9666],[15.2258,46.9712],[15.2284,46.9772],[15.2239,46.9847],[15.213,46.9811],[15.2085,46.9825],[15.2084,46.9868],[15.1952,46.9904],[15.208,46.9934],[15.2077,46.9959],[15.2189,46.996],[15.2264,47.0025],[15.2438,46.9895],[15.2715,46.9794],[15.2722,46.9744],[15.2803,46.9767],[15.2838,46.9744],[15.2826,46.9722],[15.2951,46.9718],[15.295,46.9689],[15.3161,46.9608],[15.3315,46.9471],[15.3661,46.9263],[15.3716,46.9219],[15.3706,46.9195],[15.3856,46.9126],[15.3831,46.9089],[15.3905,46.9096],[15.4238,46.8892],[15.4345,46.8871],[15.4468,46.8899]]],[[[15.2397,46.8988],[15.2273,46.9013],[15.2298,46.9037],[15.2184,46.905],[15.2232,46.9094],[15.2397,46.8988]]],[[[15.2107,46.8221],[15.2264,46.8286],[15.2016,46.8359],[15.1894,46.8501],[15.175,46.8517],[15.1737,46.8573],[15.1848,46.8579],[15.1867,46.8671],[15.2008,46.8563],[15.2123,46.8623],[15.2243,46.8634],[15.2029,46.871],[15.2154,46.8766],[15.2504,46.8839],[15.2367,46.8909],[15.2434,46.8946],[15.242,46.8965],[15.2571,46.8849],[15.2852,46.8763],[15.3086,46.8738],[15.3262,46.8589],[15.3549,46.8498],[15.37,46.8504],[15.3729,46.8469],[15.3779,46.8469],[15.3801,46.8426],[15.3695,46.8433],[15.372,46.8398],[15.3579,46.8377],[15.3498,46.8412],[15.3514,46.8378],[15.3465,46.8362],[15.3397,46.8422],[15.3362,46.8415],[15.3422,46.8358],[15.3327,46.8366],[15.3362,46.8333],[15.3301,46.8331],[15.3338,46.8305],[15.3214,46.8261],[15.3112,46.8332],[15.3126,46.8297],[15.3103,46.8291],[15.3157,46.824],[15.3109,46.8236],[15.286,46.827],[15.2811,46.8316],[15.2788,46.8296],[15.2808,46.8275],[15.2757,46.827],[15.2483,46.8378],[15.2473,46.8333],[15.2425,46.8325],[15.2332,46.8386],[15.2309,46.8258],[15.2107,46.8221]]],[[[15.5048,46.8546],[15.5006,46.8481],[15.5036,46.8447],[15.4954,46.8398],[15.5,46.8294],[15.4972,46.8257],[15.5001,46.8229],[15.5026,46.8255],[15.5136,46.8051],[15.524,46.8037],[15.5275,46.7988],[15.5245,46.7924],[15.5177,46.7883],[15.5187,46.7793],[15.5106,46.778],[15.5084,46.7803],[15.5092,46.7775],[15.505,46.7767],[15.496,46.7829],[15.4939,46.7822],[15.4974,46.7739],[15.4897,46.7695],[15.4826,46.7746],[15.4832,46.7686],[15.4869,46.7674],[15.4767,46.7635],[15.4614,46.771],[15.4481,46.7604],[15.4437,46.7616],[15.444,46.7577],[15.4393,46.7556],[15.4277,46.7609],[15.4176,46.7588],[15.402,46.762],[15.4009,46.7645],[15.3946,46.7638],[15.3952,46.7685],[15.3919,46.7691],[15.3854,46.7633],[15.3847,46.7695],[15.3815,46.7668],[15.3774,46.7711],[15.3743,46.7697],[15.3813,46.7628],[15.3714,46.7613],[15.3521,46.765],[15.36,46.7575],[15.3501,46.7546],[15.3485,46.7501],[15.3366,46.748],[15.3136,46.7579],[15.3099,46.7565],[15.3079,46.7619],[15.2975,46.761],[15.283,46.7739],[15.2821,46.7702],[15.2561,46.7753],[15.249,46.7819],[15.2222,46.7765],[15.2114,46.7675],[15.2053,46.7662],[15.2071,46.7624],[15.2008,46.7555],[15.1888,46.7588],[15.1863,46.7651],[15.1938,46.768],[15.1806,46.7715],[15.1789,46.7766],[15.1708,46.779],[15.1731,46.7807],[15.1583,46.7791],[15.1611,46.782],[15.1499,46.7818],[15.1505,46.7839],[15.1447,46.7835],[15.1457,46.786],[15.1414,46.7839],[15.141,46.7873],[15.1342,46.784],[15.1371,46.7882],[15.1242,46.7879],[15.1239,46.7907],[15.1101,46.7972],[15.1167,46.8032],[15.1301,46.8019],[15.1298,46.8061],[15.1343,46.8065],[15.1485,46.7984],[15.1582,46.7994],[15.1577,46.7939],[15.176,46.7913],[15.1786,46.7948],[15.1827,46.7916],[15.195,46.7902],[15.1963,46.785],[15.2044,46.7846],[15.2186,46.7938],[15.203,46.8027],[15.206,46.8045],[15.2026,46.805],[15.2053,46.8075],[15.2012,46.8109],[15.2098,46.8167],[15.187,46.818],[15.1889,46.8217],[15.1991,46.8258],[15.2103,46.8214],[15.208,46.8195],[15.2114,46.8188],[15.2107,46.8162],[15.2045,46.8104],[15.2122,46.8081],[15.2465,46.8157],[15.2664,46.8104],[15.2853,46.814],[15.2934,46.8117],[15.3229,46.8129],[15.3459,46.8175],[15.3513,46.8199],[15.3496,46.822],[15.3594,46.822],[15.3747,46.8286],[15.3839,46.8302],[15.3869,46.8272],[15.3957,46.8329],[15.3942,46.8344],[15.4091,46.8415],[15.4121,46.8387],[15.41,46.8346],[15.4062,46.8345],[15.4092,46.8302],[15.3938,46.8213],[15.3905,46.8165],[15.3948,46.814],[15.4088,46.8225],[15.4176,46.8178],[15.4126,46.8233],[15.42,46.8251],[15.4158,46.8258],[15.4175,46.8311],[15.4217,46.8331],[15.4225,46.8377],[15.4275,46.8368],[15.4267,46.8413],[15.44,46.8484],[15.4478,46.8446],[15.4463,46.8475],[15.4592,46.8508],[15.4679,46.8491],[15.4733,46.8555],[15.4866,46.8568],[15.489,46.8601],[15.5048,46.8546]]],[[[15.5237,46.7881],[15.5393,46.7577],[15.5697,46.7443],[15.5735,46.7298],[15.5819,46.7272],[15.5797,46.7235],[15.5856,46.7191],[15.589,46.7199],[15.5852,46.7241],[15.5873,46.7271],[15.6115,46.7197],[15.6158,46.7141],[15.6311,46.7088],[15.6359,46.7015],[15.6368,46.7054],[15.6502,46.7057],[15.6543,46.7],[15.6543,46.6922],[15.6384,46.6915],[15.6324,46.6845],[15.6341,46.6813],[15.6253,46.6841],[15.6201,46.68],[15.6138,46.6858],[15.5961,46.6904],[15.5734,46.6802],[15.5518,46.687],[15.5375,46.673],[15.5296,46.6732],[15.5205,46.6783],[15.516,46.6757],[15.5143,46.6639],[15.5111,46.6626],[15.5101,46.6497],[15.505,46.6477],[15.5162,46.6436],[15.5209,46.6303],[15.5159,46.6246],[15.5015,46.6257],[15.4968,46.6228],[15.474,46.6216],[15.4734,46.6121],[15.4622,46.6153],[15.4624,46.626],[15.4553,46.6303],[15.4568,46.6391],[15.4496,46.6424],[15.4397,46.64],[15.4304,46.6468],[15.4219,46.6472],[15.4234,46.6527],[15.42,46.655],[15.3708,46.6497],[15.356,46.6515],[15.3537,46.655],[15.3442,46.6508],[15.3283,46.653],[15.3188,46.6477],[15.3099,46.6521],[15.2945,46.6525],[15.277,46.6435],[15.2622,46.6447],[15.2355,46.6391],[15.2238,46.6431],[15.1969,46.6455],[15.1835,46.6552],[15.2012,46.6579],[15.1988,46.6615],[15.2002,46.6713],[15.1932,46.6769],[15.1985,46.6789],[15.1823,46.6818],[15.1851,46.686],[15.1766,46.692],[15.158,46.6924],[15.1552,46.6956],[15.1407,46.6981],[15.1356,46.7032],[15.1422,46.7039],[15.1599,46.6953],[15.1619,46.6986],[15.1755,46.6992],[15.1907,46.6937],[15.1924,46.6836],[15.1984,46.6826],[15.2009,46.6858],[15.2157,46.682],[15.2206,46.6961],[15.2317,46.7014],[15.2312,46.7062],[15.224,46.7144],[15.2265,46.7163],[15.2326,46.7124],[15.2513,46.7129],[15.2517,46.7099],[15.2564,46.7143],[15.2646,46.712],[15.2704,46.7171],[15.2746,46.7153],[15.2946,46.7194],[15.3251,46.7339],[15.3319,46.7324],[15.3491,46.7379],[15.3552,46.7369],[15.3776,46.7466],[15.3996,46.7509],[15.404,46.7566],[15.4113,46.7564],[15.4153,46.7549],[15.4177,46.7489],[15.4287,46.7432],[15.428,46.7387],[15.4219,46.7392],[15.4243,46.7371],[15.4221,46.7347],[15.4086,46.7293],[15.4059,46.7237],[15.4018,46.7241],[15.4047,46.7211],[15.3981,46.717],[15.4005,46.7169],[15.3908,46.7052],[15.3868,46.7079],[15.3876,46.702],[15.3754,46.7019],[15.3849,46.6987],[15.3641,46.6983],[15.3664,46.6964],[15.3573,46.6931],[15.3488,46.6937],[15.3535,46.69],[15.3486,46.688],[15.3288,46.6904],[15.3203,46.6983],[15.3112,46.6985],[15.3076,46.7037],[15.2928,46.7052],[15.2745,46.7018],[15.2738,46.6994],[15.2656,46.7007],[15.2442,46.6896],[15.2336,46.6913],[15.2356,46.6892],[15.2286,46.6828],[15.2222,46.6828],[15.2247,46.6798],[15.2158,46.679],[15.2248,46.6753],[15.2339,46.682],[15.2478,46.6844],[15.2586,46.6914],[15.2704,46.6941],[15.2842,46.6943],[15.2852,46.6904],[15.2954,46.6945],[15.3148,46.6927],[15.3188,46.6912],[15.3159,46.6889],[15.3236,46.6889],[15.3235,46.6849],[15.3445,46.6799],[15.351,46.6819],[15.353,46.6788],[15.3543,46.6822],[15.3593,46.6798],[15.3627,46.6851],[15.3817,46.6882],[15.3865,46.6917],[15.3917,46.6823],[15.3871,46.677],[15.395,46.6767],[15.3983,46.6718],[15.4511,46.666],[15.4677,46.6603],[15.4696,46.6558],[15.4736,46.6608],[15.4817,46.658],[15.4821,46.6628],[15.4639,46.6681],[15.4348,46.6701],[15.4268,46.6719],[15.4244,46.6757],[15.4224,46.672],[15.4181,46.6721],[15.4035,46.6766],[15.3971,46.6859],[15.3963,46.6946],[15.4129,46.7198],[15.4371,46.7312],[15.4426,46.737],[15.4462,46.736],[15.4431,46.7497],[15.4562,46.7554],[15.4592,46.7686],[15.4656,46.7687],[15.4717,46.7535],[15.478,46.7482],[15.4924,46.751],[15.4921,46.7539],[15.4983,46.7564],[15.5049,46.7545],[15.5045,46.7609],[15.511,46.7632],[15.5096,46.7694],[15.5228,46.7779],[15.5197,46.7842],[15.5237,46.7881]]],[[[15.2344,46.7188],[15.2357,46.723],[15.2494,46.7233],[15.2453,46.7327],[15.2269,46.7341],[15.2223,46.7421],[15.2092,46.7437],[15.205,46.7483],[15.2223,46.7516],[15.2283,46.7487],[15.2543,46.7585],[15.2681,46.7551],[15.2821,46.7463],[15.2991,46.7461],[15.3189,46.7415],[15.3074,46.7379],[15.3113,46.7373],[15.2925,46.7281],[15.2759,46.7224],[15.2708,46.7234],[15.2681,46.7179],[15.2596,46.7207],[15.2529,46.7203],[15.2518,46.717],[15.2344,46.7188]]],[[[15.3878,47.0098],[15.3929,47.0062],[15.3893,47.0048],[15.3908,47.0026],[15.3838,47.0034],[15.3877,47.0001],[15.3851,46.9997],[15.3903,46.9983],[15.3907,46.9928],[15.3882,46.9923],[15.3924,46.9866],[15.3909,46.9689],[15.3943,46.9612],[15.4,46.9544],[15.4072,46.9516],[15.4102,46.9521],[15.4063,46.9582],[15.4089,46.9588],[15.4337,46.937],[15.4427,46.9274],[15.4394,46.9155],[15.4574,46.907],[15.4649,46.898],[15.4594,46.9],[15.4466,46.8959],[15.4418,46.9037],[15.4253,46.9103],[15.4201,46.9171],[15.4153,46.9164],[15.4167,46.9189],[15.4107,46.9197],[15.4022,46.9313],[15.3986,46.9308],[15.3977,46.9343],[15.3857,46.9423],[15.3882,46.9567],[15.3831,46.9534],[15.381,46.9465],[15.3766,46.9472],[15.3735,46.9614],[15.3707,46.9522],[15.3443,46.9707],[15.3441,46.9909],[15.3396,46.9995],[15.3484,46.9838],[15.3593,46.9813],[15.3637,46.9754],[15.3633,46.985],[15.3575,46.9924],[15.363,46.9967],[15.365,46.9828],[15.373,46.9698],[15.3732,46.9753],[15.3796,46.9847],[15.3798,46.996],[15.3766,47.0001],[15.3754,47.0085],[15.3794,47.0022],[15.3813,47.0068],[15.3878,47.0098]]]]}},{"type":"Feature","properties":{"id":"GK100197","n":"Hausruck [DUJ]","u":22.0},"geometry":{"type":"Polygon","coordinates":[[[13.6237,48.1979],[13.6445,48.1848],[13.6382,48.1466],[13.6873,48.1552],[13.7633,48.1332],[13.7728,48.1344],[13.8039,48.129],[13.8074,48.1251],[13.8365,48.1196],[13.8588,48.1102],[13.8744,48.1085],[13.8698,48.1025],[13.8746,48.0948],[13.8823,48.0918],[13.8926,48.0937],[13.8971,48.0882],[13.8781,48.0854],[13.8508,48.0892],[13.8327,48.0857],[13.7932,48.0576],[13.7877,48.0613],[13.7604,48.0655],[13.7422,48.0497],[13.7415,48.0371],[13.7339,48.0336],[13.7231,48.0213],[13.7123,48.0165],[13.7073,47.9985],[13.6998,47.9942],[13.6959,47.9981],[13.6914,47.995],[13.6901,47.9992],[13.6587,48.0135],[13.6198,48.0128],[13.6176,48.0065],[13.6133,48.0047],[13.5899,48.0168],[13.5571,48.0281],[13.5142,48.0283],[13.514,48.0333],[13.5088,48.0326],[13.5037,48.0389],[13.5048,48.0485],[13.4997,48.0502],[13.5035,48.0522],[13.4918,48.0555],[13.4919,48.0626],[13.5,48.0643],[13.4947,48.0695],[13.4887,48.0688],[13.485,48.054],[13.4808,48.0518],[13.4905,48.0497],[13.4866,48.0417],[13.4988,48.0318],[13.4973,48.0099],[13.47,48.0028],[13.4463,48.0112],[13.4447,48.0079],[13.4404,48.0091],[13.4286,48.0202],[13.4129,48.029],[13.4114,48.0473],[13.4201,48.0629],[13.4134,48.06],[13.4094,48.063],[13.4121,48.0576],[13.4072,48.0398],[13.4077,48.029],[13.4163,48.0167],[13.4042,48.012],[13.4215,48.0129],[13.4379,48.005],[13.4323,48.0017],[13.4583,48.0007],[13.4578,47.9974],[13.4614,47.9954],[13.4402,47.9874],[13.3967,47.9864],[13.3219,47.9903],[13.3016,47.9955],[13.2989,48.0025],[13.3045,48.0038],[13.3026,48.0097],[13.2959,48.0106],[13.2955,48.0074],[13.2909,48.0096],[13.2939,48.0148],[13.3167,48.0168],[13.3482,48.027],[13.3573,48.0389],[13.376,48.0404],[13.3821,48.0517],[13.3891,48.0535],[13.3915,48.0656],[13.3855,48.0701],[13.3918,48.08],[13.4029,48.0859],[13.4257,48.0827],[13.4291,48.0861],[13.4284,48.0903],[13.4462,48.102],[13.4476,48.1081],[13.4614,48.1074],[13.4681,48.1114],[13.4842,48.1128],[13.4919,48.1065],[13.498,48.1069],[13.5101,48.1127],[13.5205,48.1105],[13.5332,48.1147],[13.5823,48.1166],[13.589,48.1238],[13.6035,48.1238],[13.6086,48.133],[13.6025,48.1364],[13.6083,48.1424],[13.606,48.1568],[13.6138,48.1651],[13.6118,48.1708],[13.6216,48.177],[13.6229,48.182],[13.6189,48.1878],[13.6237,48.1979]]]}},{"type":"Feature","properties":{"id":"GK100027","n":"Unteres Ennstal (Noe, Ooe) [DUJ]","u":34.9},"geometry":{"type":"Polygon","coordinates":[[[14.5623,48.2061],[14.5538,48.2005],[14.5379,48.1644],[14.4933,48.1422],[14.4857,48.1313],[14.4848,48.1217],[14.4967,48.112],[14.4879,48.1027],[14.4834,48.0914],[14.4717,48.0827],[14.4629,48.0655],[14.4582,48.0627],[14.4574,48.0455],[14.4408,48.043],[14.4236,48.0288],[14.4168,48.0172],[14.4177,48.0108],[14.4103,48.0056],[14.4073,47.9963],[14.3696,47.985],[14.3638,47.9718],[14.3583,47.9691],[14.3555,47.9634],[14.3626,47.9424],[14.3584,47.9378],[14.35,47.936],[14.3474,47.9498],[14.3421,47.9528],[14.3451,47.9628],[14.3397,47.9731],[14.3455,47.9739],[14.3546,47.9875],[14.3645,47.9937],[14.397,48.0018],[14.3954,48.0077],[14.3981,48.0157],[14.3932,48.0214],[14.3977,48.0298],[14.4051,48.0337],[14.4052,48.0384],[14.4195,48.0401],[14.4364,48.047],[14.4234,48.0543],[14.4235,48.0576],[14.4136,48.0589],[14.4195,48.077],[14.4134,48.0891],[14.4312,48.0961],[14.4467,48.0926],[14.4435,48.101],[14.4478,48.1064],[14.438,48.1148],[14.4315,48.1405],[14.4336,48.1532],[14.4305,48.1612],[14.4389,48.179],[14.4631,48.2001],[14.4826,48.2058],[14.4917,48.2243],[14.5185,48.2358],[14.5623,48.2061]]]}},{"type":"Feature","properties":{"id":"GK100100","n":"Murdurchbruchstal  (Bruck/Mur - Graz/Andritz) [MUR]","u":37.7},"geometry":{"type":"Polygon","coordinates":[[[15.2738,47.4129],[15.2938,47.4103],[15.2893,47.407],[15.29,47.3946],[15.3012,47.3964],[15.312,47.3932],[15.3134,47.3881],[15.3096,47.3754],[15.3434,47.3665],[15.3417,47.3647],[15.3481,47.359],[15.3533,47.3451],[15.361,47.3469],[15.3567,47.3394],[15.3636,47.3303],[15.3677,47.332],[15.3658,47.3282],[15.379,47.3109],[15.3705,47.3011],[15.3201,47.289],[15.314,47.284],[15.3287,47.2823],[15.3344,47.2761],[15.3328,47.2706],[15.3386,47.2693],[15.323,47.2621],[15.3266,47.2604],[15.3238,47.26],[15.3248,47.2555],[15.3171,47.2489],[15.3447,47.2273],[15.3385,47.2192],[15.3467,47.2134],[15.349,47.2032],[15.3562,47.1976],[15.3521,47.192],[15.3397,47.1875],[15.3327,47.1802],[15.3364,47.1707],[15.3447,47.1719],[15.3262,47.1587],[15.3355,47.1437],[15.3302,47.1384],[15.3444,47.1378],[15.3451,47.1403],[15.3513,47.1351],[15.3549,47.1391],[15.3539,47.1341],[15.36,47.1321],[15.358,47.1285],[15.3644,47.1294],[15.3541,47.1246],[15.3762,47.1221],[15.3751,47.1189],[15.3532,47.1174],[15.3436,47.1119],[15.3379,47.1138],[15.3364,47.1093],[15.3296,47.1078],[15.3212,47.1069],[15.3227,47.1096],[15.3146,47.1117],[15.3177,47.1266],[15.3045,47.1278],[15.3094,47.13],[15.3078,47.1326],[15.3162,47.1306],[15.316,47.1355],[15.3234,47.1486],[15.3129,47.1571],[15.3176,47.1655],[15.3187,47.1755],[15.3133,47.1757],[15.3018,47.1696],[15.2976,47.173],[15.316,47.1801],[15.3208,47.1787],[15.3247,47.1839],[15.3244,47.1902],[15.3338,47.1961],[15.3113,47.2067],[15.3089,47.2126],[15.3285,47.2069],[15.3359,47.2007],[15.3334,47.2044],[15.3341,47.2203],[15.3398,47.2262],[15.3263,47.2257],[15.3145,47.231],[15.308,47.2397],[15.3095,47.2465],[15.3061,47.2512],[15.3117,47.2577],[15.3074,47.266],[15.3122,47.2729],[15.3243,47.2762],[15.31,47.2796],[15.2905,47.276],[15.2858,47.2785],[15.3057,47.2818],[15.3049,47.2852],[15.3118,47.2926],[15.3178,47.294],[15.3145,47.2988],[15.3216,47.2947],[15.3326,47.2948],[15.3617,47.3037],[15.3696,47.3102],[15.3706,47.3159],[15.3503,47.3351],[15.3478,47.3417],[15.3408,47.34],[15.3445,47.3442],[15.343,47.3507],[15.3317,47.3625],[15.3201,47.3685],[15.3159,47.3655],[15.3161,47.3692],[15.3055,47.373],[15.3043,47.3786],[15.3083,47.3912],[15.2922,47.39],[15.2842,47.3927],[15.2843,47.4041],[15.2765,47.4047],[15.2738,47.4129]]]}},{"type":"Feature","properties":{"id":"GK100036","n":"Eferdinger Becken [DUJ]","u":49.9},"geometry":{"type":"Polygon","coordinates":[[[13.9953,48.3784],[14.0197,48.365],[14.0543,48.3584],[14.0719,48.3611],[14.077,48.355],[14.1174,48.3446],[14.117,48.3362],[14.1365,48.3396],[14.1472,48.3454],[14.1454,48.3502],[14.1494,48.3522],[14.1637,48.3494],[14.1737,48.3401],[14.1901,48.3324],[14.1752,48.3298],[14.1724,48.3258],[14.1754,48.3126],[14.168,48.2974],[14.1302,48.2787],[14.0862,48.2672],[14.0673,48.2667],[14.0442,48.2736],[14.0259,48.2736],[14.0024,48.2844],[13.9998,48.3009],[13.9927,48.3069],[14.0026,48.3119],[13.9923,48.3291],[13.9744,48.3497],[13.9746,48.3664],[13.9699,48.3726],[13.9771,48.3768],[13.9953,48.3784]]]}},{"type":"Feature","properties":{"id":"GK100098","n":"Leibnitzer Feld [MUR]","u":24.7},"geometry":{"type":"Polygon","coordinates":[[[15.4977,46.9188],[15.4931,46.9101],[15.497,46.9104],[15.4944,46.9051],[15.5082,46.8991],[15.5193,46.8976],[15.5211,46.9015],[15.5253,46.8969],[15.5636,46.8902],[15.5695,46.8989],[15.5753,46.9],[15.5726,46.8937],[15.5745,46.883],[15.5821,46.8741],[15.5813,46.869],[15.5891,46.8633],[15.595,46.8665],[15.5925,46.8605],[15.5962,46.854],[15.5991,46.8553],[15.6004,46.8354],[15.5954,46.8232],[15.6021,46.822],[15.5962,46.8189],[15.5907,46.7947],[15.6025,46.7891],[15.6064,46.7908],[15.605,46.7853],[15.6157,46.7764],[15.6208,46.7756],[15.6231,46.7789],[15.6243,46.7753],[15.6338,46.7735],[15.628,46.7603],[15.6117,46.7489],[15.6037,46.7482],[15.5859,46.7354],[15.5728,46.7313],[15.5715,46.742],[15.5669,46.7465],[15.5393,46.7577],[15.5237,46.7881],[15.5268,46.8002],[15.524,46.8037],[15.5136,46.8051],[15.5026,46.8255],[15.5001,46.8229],[15.4972,46.8257],[15.5,46.8294],[15.4954,46.8398],[15.5036,46.8447],[15.5006,46.8481],[15.5042,46.854],[15.521,46.8567],[15.5314,46.8706],[15.5279,46.8783],[15.5163,46.8827],[15.5195,46.8865],[15.4982,46.8976],[15.4853,46.9126],[15.4878,46.9168],[15.4977,46.9188]]]}},{"type":"Feature","properties":{"id":"GK100001","n":"Gro\u00dfache [DBJ]","u":21.9},"geometry":{"type":"Polygon","coordinates":[[[12.446,47.5187],[12.4425,47.5153],[12.4277,47.518],[12.4161,47.5136],[12.4041,47.5043],[12.3961,47.4922],[12.3924,47.462],[12.4042,47.4382],[12.4015,47.4366],[12.3733,47.4514],[12.3768,47.4908],[12.3802,47.5046],[12.3881,47.5183],[12.4296,47.5401],[12.4367,47.5536],[12.4695,47.5772],[12.4742,47.5874],[12.4968,47.5838],[12.4957,47.5771],[12.4756,47.5649],[12.4571,47.5471],[12.4508,47.5375],[12.446,47.5187]]]}},{"type":"Feature","properties":{"id":"GK100133","n":"Safental [LRR]","u":72.6},"geometry":{"type":"Polygon","coordinates":[[[16.0881,47.1083],[16.0876,47.0936],[16.0835,47.0836],[16.0681,47.1001],[16.0535,47.109],[16.045,47.1253],[16.037,47.1286],[16.0407,47.1306],[16.0078,47.1609],[16.0063,47.1669],[15.9999,47.1663],[16.0028,47.169],[15.9964,47.1742],[15.9823,47.1837],[15.976,47.1824],[15.9673,47.1897],[15.9283,47.2072],[15.9088,47.2131],[15.9082,47.2097],[15.9049,47.2133],[15.8907,47.2143],[15.8957,47.2154],[15.8913,47.2177],[15.9009,47.2204],[15.9007,47.2259],[15.8897,47.2445],[15.895,47.2447],[15.9018,47.2401],[15.9164,47.217],[15.9468,47.2089],[15.9822,47.1899],[15.9907,47.1882],[15.988,47.2039],[15.9784,47.209],[15.9844,47.2094],[15.9885,47.2128],[15.9851,47.2144],[15.9911,47.216],[15.9921,47.2315],[15.9896,47.2362],[15.9928,47.2391],[15.9902,47.2416],[15.9929,47.242],[15.9927,47.2456],[15.9816,47.2602],[15.9838,47.2623],[15.9678,47.2751],[15.9764,47.2819],[15.9823,47.2808],[15.9799,47.2838],[15.9829,47.2868],[15.9966,47.2844],[15.9989,47.2899],[16.0069,47.2934],[16.0033,47.2977],[16.0071,47.299],[16.0081,47.308],[16.0061,47.3143],[16.0019,47.3157],[16.0092,47.3151],[16.015,47.3025],[16.0117,47.2991],[16.0139,47.2981],[16.0119,47.2911],[16.0032,47.2861],[16.0052,47.2794],[15.9865,47.2695],[15.9905,47.258],[16.0003,47.2486],[15.9968,47.2272],[16.0011,47.2239],[15.9998,47.2182],[16.0021,47.2165],[15.9951,47.2101],[15.9983,47.2052],[15.9946,47.1984],[16.0071,47.1814],[16.0119,47.1827],[16.0084,47.1788],[16.0132,47.1764],[16.0171,47.1669],[16.0227,47.1653],[16.0239,47.1587],[16.044,47.1436],[16.0746,47.1091],[16.0806,47.1065],[16.0826,47.1091],[16.0881,47.1083]]]}},{"type":"Feature","properties":{"id":"GK100062","n":"Jauntal [DRA]","u":1.1},"geometry":{"type":"Polygon","coordinates":[[[14.7604,46.6382],[14.7839,46.6329],[14.8107,46.6471],[14.8253,46.6468],[14.822,46.6341],[14.8124,46.623],[14.8095,46.6106],[14.8013,46.5999],[14.8043,46.5815],[14.8139,46.5694],[14.8136,46.5649],[14.8087,46.5608],[14.8116,46.5533],[14.7969,46.5476],[14.7812,46.5504],[14.7641,46.5467],[14.7595,46.5524],[14.7509,46.5559],[14.7266,46.5523],[14.713,46.5563],[14.6794,46.5586],[14.6428,46.5574],[14.6339,46.5548],[14.6259,46.5438],[14.6123,46.5415],[14.6059,46.5478],[14.6163,46.5599],[14.6222,46.575],[14.6226,46.5856],[14.6269,46.5913],[14.6173,46.6038],[14.5959,46.6047],[14.5831,46.5999],[14.5615,46.6042],[14.5541,46.6004],[14.534,46.6027],[14.5244,46.6084],[14.5367,46.6183],[14.5513,46.6225],[14.578,46.6372],[14.5788,46.6431],[14.6183,46.645],[14.6384,46.6574],[14.6566,46.6459],[14.6572,46.6286],[14.6835,46.6345],[14.705,46.6286],[14.7134,46.6349],[14.7604,46.6382]]]}},{"type":"Feature","properties":{"id":"GK100132","n":"Rabnitztal [LRR]","u":5.8},"geometry":{"type":"Polygon","coordinates":[[[16.3396,47.5203],[16.3562,47.5036],[16.3556,47.4808],[16.3602,47.467],[16.3764,47.461],[16.3792,47.4526],[16.3963,47.4471],[16.4165,47.449],[16.4425,47.4573],[16.4509,47.4637],[16.4643,47.4828],[16.4673,47.4845],[16.4737,47.485],[16.4765,47.4894],[16.4869,47.4834],[16.4864,47.4888],[16.4928,47.4771],[16.5032,47.4758],[16.5026,47.4715],[16.5154,47.4603],[16.5239,47.4453],[16.5326,47.4381],[16.5478,47.432],[16.5586,47.4312],[16.5674,47.4371],[16.5982,47.4472],[16.5994,47.4622],[16.6208,47.4731],[16.6099,47.4872],[16.6265,47.4729],[16.6411,47.4854],[16.6461,47.4826],[16.6616,47.4844],[16.6703,47.4743],[16.6619,47.4662],[16.6606,47.4548],[16.6499,47.4595],[16.6207,47.455],[16.6174,47.4494],[16.6192,47.4309],[16.6066,47.43],[16.6035,47.4254],[16.5934,47.4221],[16.5431,47.4201],[16.5314,47.4239],[16.517,47.4348],[16.5047,47.4473],[16.4864,47.4757],[16.4743,47.484],[16.4664,47.4834],[16.4638,47.4735],[16.4512,47.4565],[16.4332,47.4522],[16.418,47.4441],[16.3973,47.4438],[16.3907,47.4474],[16.3774,47.4482],[16.3518,47.4698],[16.3503,47.4938],[16.3383,47.5175],[16.3396,47.5203]]]}},{"type":"Feature","properties":{"id":"GK100155","n":"S\u00fcdliche Flyschzone [RHE]","u":0.0},"geometry":{"type":"MultiPolygon","coordinates":[[[[10.0715,47.3378],[10.0702,47.3319],[10.0819,47.3211],[10.0846,47.3141],[10.0846,47.3079],[10.0771,47.2992],[10.0904,47.287],[10.0683,47.2828],[10.062,47.2703],[10.0424,47.2805],[10.0273,47.2837],[10.0201,47.2815],[10.009,47.2877],[9.9877,47.2791],[9.9772,47.2827],[9.9598,47.2819],[9.9645,47.2788],[9.9575,47.2724],[9.9695,47.271],[9.9395,47.2591],[9.9352,47.2506],[9.9165,47.2364],[9.9252,47.2336],[9.9414,47.2369],[9.9375,47.2261],[9.9174,47.2207],[9.9104,47.2225],[9.904,47.2176],[9.8944,47.2192],[9.8853,47.2162],[9.8732,47.2079],[9.8727,47.1982],[9.8373,47.2002],[9.7976,47.1929],[9.7907,47.1883],[9.7879,47.192],[9.7941,47.1967],[9.7801,47.1958],[9.7781,47.1981],[9.7825,47.2022],[9.7737,47.1986],[9.767,47.1995],[9.7676,47.2026],[9.7442,47.2008],[9.7397,47.1975],[9.7301,47.1997],[9.7061,47.1977],[9.7047,47.2014],[9.6957,47.2012],[9.6988,47.2044],[9.7126,47.206],[9.6987,47.2074],[9.6769,47.2175],[9.673,47.2248],[9.6799,47.2225],[9.6819,47.2234],[9.6738,47.2259],[9.6768,47.2275],[9.6755,47.2322],[9.6665,47.2284],[9.6895,47.2493],[9.6835,47.2491],[9.6891,47.253],[9.7351,47.2568],[9.7428,47.2756],[9.7292,47.2773],[9.7467,47.2805],[9.7543,47.2853],[9.7899,47.2734],[9.802,47.28],[9.8032,47.2896],[9.8371,47.2869],[9.8439,47.2904],[9.8471,47.2976],[9.8518,47.2952],[9.8685,47.2959],[9.8805,47.3068],[9.9018,47.3043],[9.923,47.3099],[9.9458,47.3043],[9.9693,47.3136],[9.9888,47.315],[9.9908,47.3128],[10.0159,47.3163],[10.0263,47.3271],[10.044,47.3377],[10.0557,47.3328],[10.0715,47.3378]]],[[[9.7467,47.1689],[9.7148,47.1707],[9.6884,47.1627],[9.6744,47.1728],[9.6589,47.1775],[9.6448,47.1753],[9.6374,47.1842],[9.5994,47.1781],[9.5771,47.182],[9.5726,47.1908],[9.5803,47.1958],[9.5849,47.2045],[9.5774,47.2115],[9.6042,47.2196],[9.6046,47.2265],[9.609,47.2218],[9.6515,47.2074],[9.6619,47.1973],[9.671,47.199],[9.6829,47.1949],[9.6813,47.1896],[9.6939,47.1885],[9.6994,47.1849],[9.7007,47.1817],[9.6983,47.1807],[9.7081,47.1775],[9.72,47.1791],[9.7178,47.1774],[9.7215,47.1723],[9.7279,47.1764],[9.7467,47.1689]]]]}},{"type":"Feature","properties":{"id":"GK100017","n":"Erlauftal / P\u00f6chlarner Feld [DUJ]","u":60.2},"geometry":{"type":"Polygon","coordinates":[[[15.3437,48.2346],[15.3028,48.2155],[15.2813,48.2177],[15.2698,48.2139],[15.2522,48.1997],[15.232,48.2006],[15.212,48.1956],[15.2137,48.1917],[15.1871,48.181],[15.1834,48.1745],[15.176,48.1723],[15.1865,48.1635],[15.1876,48.1532],[15.1717,48.1521],[15.1726,48.1458],[15.1639,48.1361],[15.1658,48.1303],[15.1579,48.1239],[15.1519,48.1247],[15.1448,48.12],[15.1511,48.1139],[15.1426,48.0946],[15.1548,48.0829],[15.156,48.076],[15.1519,48.0597],[15.138,48.0512],[15.1416,48.0474],[15.1408,48.0418],[15.1521,48.0362],[15.1524,48.0261],[15.1337,48.0411],[15.1245,48.0555],[15.1293,48.0686],[15.12,48.098],[15.1173,48.0916],[15.0943,48.0733],[15.0599,48.065],[15.0421,48.0559],[15.0239,48.0383],[15.0158,48.0391],[15.028,48.0544],[15.0538,48.0682],[15.0654,48.0805],[15.08,48.086],[15.0777,48.0887],[15.0831,48.0886],[15.0977,48.0973],[15.115,48.1197],[15.1388,48.1329],[15.1445,48.1439],[15.1613,48.1472],[15.1693,48.1537],[15.1652,48.1822],[15.1741,48.1883],[15.182,48.2016],[15.1513,48.2089],[15.1487,48.2118],[15.1774,48.2155],[15.2247,48.2146],[15.2621,48.2228],[15.3059,48.2241],[15.3494,48.2442],[15.3437,48.2346]]]}},{"type":"Feature","properties":{"id":"GK100039","n":"Mittleres Ennstal (Trauten\u00adfels bis Ges\u00e4use) [DUJ]","u":5.5},"geometry":{"type":"Polygon","coordinates":[[[14.4584,47.5692],[14.4578,47.5726],[14.4444,47.5727],[14.4115,47.5656],[14.3998,47.567],[14.3772,47.5771],[14.3584,47.5775],[14.3362,47.5716],[14.322,47.552],[14.3076,47.5469],[14.213,47.553],[14.208,47.5462],[14.2164,47.5435],[14.1677,47.5412],[14.1556,47.5312],[14.1508,47.5307],[14.1463,47.5219],[14.1489,47.5201],[14.1474,47.5147],[14.146,47.5184],[14.1441,47.516],[14.1381,47.518],[14.1164,47.507],[14.1011,47.505],[14.085,47.5185],[14.0638,47.5181],[14.047,47.536],[14.0287,47.5427],[14.011,47.542],[14.0147,47.5449],[14.0075,47.5485],[14.0099,47.5539],[14.0279,47.5571],[14.0234,47.5663],[14.0244,47.5714],[14.0308,47.5777],[14.0324,47.5732],[14.0264,47.5637],[14.0325,47.5533],[14.0288,47.5495],[14.0218,47.5495],[14.0226,47.5465],[14.0408,47.5502],[14.0403,47.5473],[14.0534,47.5392],[14.0595,47.5277],[14.0822,47.5267],[14.105,47.5335],[14.1135,47.5406],[14.1414,47.5501],[14.1488,47.5562],[14.1614,47.5561],[14.198,47.5671],[14.2028,47.5792],[14.2083,47.5712],[14.3024,47.5636],[14.3228,47.5818],[14.3537,47.5916],[14.3731,47.5924],[14.4028,47.5812],[14.4056,47.5823],[14.4062,47.5857],[14.4028,47.587],[14.4053,47.5879],[14.4296,47.5834],[14.4531,47.5866],[14.4562,47.5922],[14.4538,47.5971],[14.4622,47.5993],[14.477,47.5924],[14.4896,47.5966],[14.5184,47.5966],[14.5508,47.582],[14.5419,47.5793],[14.5366,47.5831],[14.5209,47.5843],[14.46,47.572],[14.4584,47.5692]]]}},{"type":"Feature","properties":{"id":"GK100040","n":"Oberes Ennstal (Landesgrenze STMK bis Trautenfels) [DUJ]","u":0.8},"geometry":{"type":"MultiPolygon","coordinates":[[[[13.8937,47.5708],[13.9104,47.5694],[13.9179,47.5654],[13.9181,47.5678],[13.9316,47.5606],[13.9339,47.5652],[13.9361,47.5586],[13.9447,47.5553],[13.9537,47.558],[13.9805,47.553],[14.0088,47.554],[13.9521,47.5321],[13.9242,47.5308],[13.918,47.5319],[13.9177,47.5378],[13.9131,47.5393],[13.9155,47.5452],[13.9203,47.546],[13.9165,47.5533],[13.9127,47.5505],[13.903,47.5558],[13.8912,47.5553],[13.895,47.5592],[13.8834,47.5655],[13.8937,47.5708]]],[[[14.1115,47.5062],[14.1023,47.5006],[14.1052,47.4952],[14.0861,47.4971],[14.0821,47.5026],[14.0668,47.5016],[14.0242,47.4858],[14.0201,47.4823],[14.0199,47.4754],[13.9992,47.4634],[13.9953,47.4593],[13.998,47.4576],[13.9789,47.455],[13.962,47.4472],[13.9539,47.4398],[13.9427,47.4368],[13.9419,47.4313],[13.9326,47.4325],[13.8618,47.4186],[13.7886,47.414],[13.7794,47.4107],[13.7662,47.4123],[13.7509,47.4055],[13.7158,47.4016],[13.6952,47.3948],[13.6881,47.3887],[13.6684,47.3902],[13.6166,47.3839],[13.591,47.3871],[13.5862,47.3958],[13.5736,47.3998],[13.5738,47.4054],[13.5867,47.4008],[13.6005,47.3892],[13.6507,47.3888],[13.6694,47.3922],[13.7176,47.4089],[13.7565,47.4139],[13.7794,47.4223],[13.7819,47.4263],[13.7946,47.424],[13.7995,47.4274],[13.8082,47.4247],[13.8151,47.4263],[13.831,47.4201],[13.8466,47.4261],[13.862,47.4235],[13.8727,47.4291],[13.8932,47.4321],[13.8998,47.437],[13.8962,47.4431],[13.8698,47.4461],[13.8639,47.4517],[13.8645,47.4585],[13.8714,47.458],[13.8774,47.4489],[13.91,47.4514],[13.9198,47.4565],[13.9337,47.4709],[13.9679,47.4862],[13.9578,47.4886],[13.9573,47.4918],[13.9779,47.486],[14.0037,47.4874],[14.0156,47.4904],[14.0478,47.5088],[14.0834,47.5192],[14.0993,47.5054],[14.1115,47.5062]]]]}},{"type":"Feature","properties":{"id":"GK100037","n":"Liesing [MUR]","u":1.1},"geometry":{"type":"Polygon","coordinates":[[[14.9171,47.3963],[14.9562,47.3878],[14.9689,47.3805],[14.9856,47.378],[14.9861,47.3843],[14.9894,47.385],[14.9884,47.3778],[15.0032,47.3714],[15.0112,47.3552],[15.0018,47.3522],[14.996,47.3649],[14.9833,47.3719],[14.9562,47.3751],[14.915,47.3864],[14.8869,47.3851],[14.8785,47.3898],[14.8526,47.394],[14.8265,47.3914],[14.7928,47.398],[14.7762,47.4026],[14.7676,47.4131],[14.7548,47.4193],[14.7402,47.422],[14.729,47.4204],[14.7083,47.4259],[14.6968,47.4348],[14.6869,47.4348],[14.6825,47.4435],[14.6693,47.4492],[14.6756,47.4524],[14.6776,47.4483],[14.6872,47.4444],[14.6906,47.4378],[14.7215,47.4268],[14.7341,47.4311],[14.7545,47.4296],[14.7541,47.4329],[14.7552,47.4331],[14.7581,47.4274],[14.773,47.4204],[14.7827,47.4099],[14.8081,47.4014],[14.8234,47.4012],[14.8244,47.4036],[14.844,47.3973],[14.8728,47.3952],[14.8886,47.388],[14.9171,47.3963]]]}},{"type":"Feature","properties":{"id":"GK100099","n":"Mittl. Murtal (Knittelfeld bis Bruck/Mur)  [MUR]","u":66.6},"geometry":{"type":"Polygon","coordinates":[[[15.033,47.4243],[15.0281,47.4104],[15.0348,47.3973],[15.0424,47.3966],[15.0473,47.3901],[15.0494,47.3927],[15.0516,47.3882],[15.0817,47.3768],[15.0826,47.3835],[15.0859,47.3827],[15.0895,47.3902],[15.0944,47.3922],[15.0959,47.39],[15.1201,47.3898],[15.1378,47.4001],[15.1559,47.4016],[15.1668,47.4068],[15.1844,47.406],[15.2079,47.417],[15.2191,47.4086],[15.2289,47.4062],[15.265,47.4158],[15.2738,47.4129],[15.2765,47.4047],[15.2522,47.4024],[15.2385,47.3953],[15.2182,47.4003],[15.2165,47.4043],[15.2112,47.4014],[15.2114,47.4052],[15.2006,47.4069],[15.1898,47.3989],[15.1645,47.3938],[15.1645,47.3897],[15.1572,47.3924],[15.1434,47.3866],[15.1447,47.3843],[15.1387,47.3862],[15.1103,47.3756],[15.0975,47.3753],[15.1032,47.3697],[15.0987,47.3697],[15.0995,47.3656],[15.1138,47.3623],[15.0923,47.3523],[15.0769,47.3502],[15.0766,47.3533],[15.0724,47.3531],[15.0688,47.3515],[15.0685,47.3457],[15.08,47.3408],[15.1092,47.3381],[15.1235,47.331],[15.0753,47.3396],[15.0614,47.3503],[15.0496,47.3368],[15.0348,47.3366],[15.0386,47.333],[15.0327,47.3257],[15.0386,47.3218],[15.0544,47.3205],[15.0701,47.3248],[15.0787,47.3197],[15.0627,47.3185],[15.0559,47.3128],[15.0473,47.3173],[15.0354,47.3186],[15.0199,47.3328],[15.0003,47.3262],[14.9831,47.328],[14.9809,47.3246],[14.9867,47.323],[14.9883,47.3171],[14.9798,47.3166],[14.9476,47.2968],[14.9444,47.284],[14.9302,47.2769],[14.9454,47.2666],[14.9491,47.2526],[14.9463,47.254],[14.9456,47.2424],[14.9329,47.2257],[14.9134,47.2168],[14.9038,47.2066],[14.8823,47.2166],[14.868,47.2151],[14.8537,47.2179],[14.8292,47.2382],[14.8421,47.2474],[14.8393,47.2512],[14.8438,47.2486],[14.868,47.2514],[14.8511,47.2621],[14.8555,47.2632],[14.8535,47.2672],[14.8608,47.263],[14.8542,47.2812],[14.8557,47.2869],[14.8621,47.2902],[14.8819,47.2839],[14.8808,47.2789],[14.8863,47.2751],[14.8994,47.2697],[14.8986,47.2724],[14.9042,47.2688],[14.9094,47.2696],[14.9178,47.279],[14.9398,47.2868],[14.936,47.295],[14.9259,47.2982],[14.935,47.3025],[14.9408,47.3109],[14.9703,47.3254],[14.9774,47.3355],[14.9815,47.3346],[14.9832,47.3379],[14.9832,47.3348],[14.9903,47.3361],[14.9954,47.3425],[15.0055,47.3421],[15.006,47.3489],[15.0018,47.3522],[15.0112,47.3552],[15.0152,47.3474],[15.0269,47.3385],[15.0272,47.3343],[15.029,47.3405],[15.0382,47.3447],[15.0385,47.342],[15.0473,47.3414],[15.0509,47.3463],[15.0502,47.3537],[15.0617,47.3617],[15.0741,47.365],[15.0791,47.3587],[15.0871,47.3611],[15.0878,47.3654],[15.0808,47.3675],[15.0819,47.3724],[15.0552,47.3764],[15.0575,47.3799],[15.036,47.3876],[15.0285,47.3955],[15.0214,47.392],[15.022,47.3946],[15.0135,47.3966],[15.0153,47.4001],[15.0107,47.4021],[15.0311,47.3998],[15.021,47.412],[15.0158,47.4133],[15.0076,47.4093],[15.004,47.4112],[15.0041,47.4176],[14.9887,47.4212],[14.9664,47.4324],[14.9685,47.4345],[14.9658,47.4377],[14.9878,47.4355],[15.0006,47.4294],[14.9919,47.4395],[14.9959,47.4407],[14.997,47.451],[14.9855,47.4701],[14.9915,47.4928],[14.9835,47.5037],[14.9673,47.5147],[14.9719,47.5145],[14.9737,47.5183],[14.9734,47.5148],[14.9848,47.5061],[14.9946,47.4931],[14.9969,47.4873],[14.9906,47.483],[14.9887,47.4753],[14.9896,47.4682],[14.9994,47.4515],[14.9996,47.4407],[15.0082,47.4347],[15.0218,47.4404],[15.0106,47.428],[15.0177,47.4253],[15.0152,47.4222],[15.0228,47.4166],[15.0257,47.4232],[15.0241,47.427],[15.033,47.4243]]]}},{"type":"Feature","properties":{"id":"GK100057","n":"Traun - Enns - Platte [DUJ]","u":23.0},"geometry":{"type":"Polygon","coordinates":[[[14.488,48.2195],[14.4826,48.2058],[14.4633,48.2003],[14.445,48.1857],[14.4353,48.1738],[14.4305,48.1612],[14.4336,48.1532],[14.4312,48.1465],[14.4345,48.1223],[14.4386,48.1141],[14.4478,48.1064],[14.4435,48.101],[14.4467,48.0926],[14.4312,48.0961],[14.4134,48.0891],[14.4195,48.077],[14.4133,48.0609],[14.4235,48.0576],[14.4234,48.0543],[14.4361,48.0464],[14.4039,48.0399],[14.3792,48.0435],[14.3652,48.0491],[14.3418,48.0515],[14.3367,48.0441],[14.329,48.0418],[14.337,48.0364],[14.3349,48.0278],[14.3148,48.0183],[14.3074,48.009],[14.2979,48.0054],[14.2933,48.0122],[14.2714,48.0006],[14.2692,48.0042],[14.2538,48.0088],[14.2533,48.0008],[14.2174,47.992],[14.2201,47.989],[14.2132,47.9793],[14.1915,47.9738],[14.1456,47.9716],[14.1286,47.9766],[14.1301,47.9616],[14.1239,47.9559],[14.1172,47.9372],[14.106,47.9269],[14.1056,47.921],[14.1221,47.8982],[14.1265,47.8989],[14.1281,47.8961],[14.1284,47.8779],[14.1332,47.8722],[14.1256,47.869],[14.1131,47.8751],[14.1114,47.8804],[14.1049,47.8852],[14.0925,47.9183],[14.0765,47.932],[14.097,47.9447],[14.0973,47.9487],[14.0795,47.9603],[14.0738,47.9588],[14.0689,47.9464],[14.0617,47.946],[14.0543,47.9404],[14.02,47.9569],[14.0062,47.9485],[14.0018,47.9559],[13.9992,47.9544],[13.9931,47.9582],[13.9963,47.9638],[13.9923,47.9693],[13.9627,47.9746],[13.9567,47.9789],[13.954,47.9852],[13.9438,47.9925],[13.945,48.0107],[13.9368,48.0165],[13.9388,48.0196],[13.934,48.0267],[13.9309,48.0258],[13.9328,48.0286],[13.9288,48.0339],[13.9292,48.0445],[13.9261,48.0457],[13.9253,48.0537],[13.9188,48.0649],[13.9203,48.0793],[13.9412,48.0918],[13.9484,48.0928],[13.9497,48.0984],[13.9473,48.1012],[13.9649,48.1104],[13.9766,48.131],[13.9919,48.1385],[14.0061,48.139],[14.0249,48.1518],[14.0426,48.1518],[14.0713,48.1627],[14.1268,48.163],[14.2116,48.1916],[14.2269,48.1914],[14.227,48.188],[14.2443,48.1912],[14.26,48.1866],[14.2673,48.1993],[14.2741,48.2044],[14.3203,48.2311],[14.3262,48.2421],[14.3253,48.2467],[14.3382,48.2528],[14.3543,48.2501],[14.3705,48.2336],[14.3802,48.2301],[14.3841,48.2238],[14.4006,48.2134],[14.4,48.2091],[14.4482,48.207],[14.488,48.2195]]]}},{"type":"Feature","properties":{"id":"GK100056","n":"Schlierh\u00fcgelland [DUJ]","u":11.8},"geometry":{"type":"Polygon","coordinates":[[[13.9836,48.313],[13.9998,48.3009],[14.0024,48.2844],[14.006,48.2812],[14.0172,48.2795],[14.0259,48.2736],[14.0442,48.2736],[14.0673,48.2667],[14.0862,48.2672],[14.1443,48.2851],[14.1586,48.275],[14.1758,48.2701],[14.2198,48.2723],[14.1663,48.2518],[14.1395,48.2351],[14.1108,48.2233],[14.1083,48.2119],[14.0996,48.2062],[13.9969,48.1857],[13.9562,48.1591],[13.9367,48.1371],[13.8744,48.1085],[13.8588,48.1102],[13.8365,48.1196],[13.8074,48.1251],[13.8039,48.129],[13.7728,48.1344],[13.7633,48.1332],[13.6873,48.1552],[13.6382,48.1466],[13.6445,48.1848],[13.6237,48.1979],[13.6241,48.2047],[13.6275,48.2069],[13.6258,48.2114],[13.613,48.216],[13.6134,48.2223],[13.6181,48.2202],[13.6292,48.2242],[13.6236,48.2465],[13.6317,48.2469],[13.6321,48.2539],[13.6422,48.253],[13.6587,48.2577],[13.653,48.2601],[13.6551,48.2642],[13.6507,48.2714],[13.6514,48.2779],[13.6616,48.2799],[13.6714,48.2893],[13.6698,48.299],[13.6657,48.3024],[13.6688,48.3035],[13.6668,48.3091],[13.6702,48.3105],[13.6655,48.3123],[13.6683,48.3251],[13.6632,48.3316],[13.6845,48.3356],[13.7048,48.3486],[13.7062,48.3547],[13.685,48.3637],[13.6884,48.3671],[13.6827,48.3761],[13.6883,48.3901],[13.694,48.3905],[13.7126,48.3748],[13.724,48.3712],[13.7329,48.3729],[13.7205,48.381],[13.7172,48.3853],[13.7202,48.3866],[13.719,48.3889],[13.7139,48.3895],[13.7113,48.3946],[13.7044,48.3974],[13.7176,48.3996],[13.7213,48.4032],[13.7274,48.3999],[13.7392,48.403],[13.752,48.3992],[13.7584,48.3861],[13.7555,48.383],[13.7565,48.3788],[13.7639,48.3721],[13.7625,48.3664],[13.7836,48.3519],[13.7748,48.3457],[13.7756,48.3395],[13.772,48.3369],[13.7831,48.3297],[13.8009,48.3253],[13.8048,48.3308],[13.7986,48.3391],[13.8072,48.3405],[13.801,48.3486],[13.8075,48.3549],[13.7957,48.3582],[13.7896,48.3668],[13.7959,48.3777],[13.8194,48.3787],[13.82,48.3812],[13.8137,48.3855],[13.818,48.3868],[13.8452,48.3697],[13.8677,48.368],[13.8668,48.3643],[13.8745,48.3577],[13.8776,48.3459],[13.8921,48.3476],[13.908,48.3389],[13.9143,48.3312],[13.9243,48.3302],[13.925,48.3232],[13.9427,48.3156],[13.9482,48.3045],[13.9529,48.3047],[13.9591,48.3115],[13.9741,48.3145],[13.9836,48.313]]]}},{"type":"Feature","properties":{"id":"GK100181","n":"H\u00fcgelland Raab Ost [LRR]","u":41.0},"geometry":{"type":"MultiPolygon","coordinates":[[[[16.1026,47.4321],[16.0942,47.4215],[16.0877,47.4322],[16.0842,47.4308],[16.0699,47.4403],[16.0627,47.4492],[16.0604,47.4604],[16.0695,47.4597],[16.0463,47.4918],[16.0576,47.4845],[16.0655,47.4864],[16.0652,47.5018],[16.0801,47.5006],[16.0821,47.5062],[16.0898,47.5073],[16.0947,47.5118],[16.0937,47.5172],[16.098,47.5233],[16.1098,47.5247],[16.1118,47.5167],[16.116,47.5151],[16.1104,47.5102],[16.1123,47.5074],[16.1217,47.5115],[16.1178,47.5022],[16.1061,47.4986],[16.096,47.5032],[16.0936,47.4975],[16.088,47.4978],[16.1033,47.4904],[16.0874,47.482],[16.1024,47.472],[16.1027,47.4691],[16.1069,47.4695],[16.1079,47.4575],[16.1122,47.4531],[16.1048,47.4514],[16.1073,47.4466],[16.0988,47.4452],[16.1026,47.4321]]],[[[16.5168,47.41],[16.493,47.4151],[16.4774,47.4124],[16.4692,47.4157],[16.4229,47.4081],[16.3968,47.4176],[16.3836,47.4119],[16.3739,47.4121],[16.3604,47.4224],[16.3359,47.4652],[16.3166,47.492],[16.3216,47.4907],[16.3286,47.4782],[16.3504,47.457],[16.3606,47.4423],[16.3595,47.4359],[16.3732,47.4279],[16.3931,47.4328],[16.397,47.4278],[16.4028,47.4267],[16.4253,47.4273],[16.4329,47.43],[16.4362,47.4355],[16.4578,47.4382],[16.5015,47.425],[16.5168,47.41]]],[[[16.333,47.3894],[16.3281,47.3815],[16.3106,47.3724],[16.2671,47.3693],[16.2388,47.3601],[16.2347,47.3499],[16.228,47.3481],[16.2321,47.3278],[16.2442,47.3158],[16.2596,47.3111],[16.2696,47.326],[16.282,47.3134],[16.2844,47.3125],[16.2834,47.3188],[16.2905,47.3121],[16.2928,47.3231],[16.3057,47.3145],[16.3099,47.3228],[16.3177,47.3203],[16.3256,47.3249],[16.3292,47.3138],[16.3373,47.3134],[16.3344,47.3074],[16.3369,47.3037],[16.3457,47.3029],[16.3565,47.3108],[16.3656,47.3131],[16.3718,47.311],[16.3746,47.3139],[16.3828,47.3094],[16.3661,47.3084],[16.3566,47.296],[16.3743,47.2934],[16.3904,47.2957],[16.4003,47.2916],[16.4071,47.2931],[16.4071,47.2959],[16.4204,47.2952],[16.425,47.2993],[16.4425,47.3037],[16.4519,47.3024],[16.4603,47.3062],[16.4565,47.3085],[16.4588,47.3116],[16.4706,47.3169],[16.4897,47.2804],[16.4795,47.2777],[16.4776,47.2722],[16.4799,47.2626],[16.4672,47.2529],[16.4611,47.2563],[16.4468,47.2533],[16.4489,47.2506],[16.431,47.2516],[16.4418,47.2486],[16.4429,47.2336],[16.4384,47.23],[16.4369,47.2224],[16.4393,47.2176],[16.4351,47.2157],[16.4366,47.2099],[16.4231,47.2074],[16.4186,47.2109],[16.4149,47.2048],[16.4126,47.2144],[16.4069,47.2145],[16.4047,47.2095],[16.4022,47.2125],[16.3969,47.2111],[16.3941,47.2045],[16.3788,47.2044],[16.3723,47.1995],[16.3614,47.1976],[16.3586,47.1925],[16.3545,47.1945],[16.3489,47.1921],[16.3319,47.1984],[16.2687,47.2587],[16.2621,47.2592],[16.232,47.2822],[16.2296,47.2801],[16.2213,47.2831],[16.1937,47.315],[16.1844,47.3169],[16.1841,47.321],[16.1775,47.3263],[16.1712,47.328],[16.1655,47.3339],[16.1627,47.3311],[16.1439,47.3438],[16.1379,47.3531],[16.1333,47.354],[16.1252,47.3809],[16.1213,47.3815],[16.1074,47.3958],[16.1001,47.407],[16.102,47.4161],[16.0958,47.4196],[16.0997,47.4283],[16.1042,47.4309],[16.1162,47.4283],[16.1324,47.4194],[16.1274,47.4183],[16.1273,47.4134],[16.1374,47.4157],[16.1345,47.4125],[16.1391,47.4136],[16.1863,47.3899],[16.1962,47.3948],[16.2016,47.3922],[16.205,47.3948],[16.2069,47.401],[16.1937,47.4189],[16.2089,47.4247],[16.2076,47.4216],[16.2182,47.4047],[16.2313,47.4019],[16.2365,47.3964],[16.2575,47.3866],[16.2874,47.3876],[16.3129,47.4052],[16.3093,47.4067],[16.3138,47.4207],[16.3118,47.4318],[16.3263,47.4429],[16.3229,47.4517],[16.3272,47.4563],[16.3195,47.4651],[16.3107,47.4631],[16.3122,47.4595],[16.3085,47.4588],[16.3022,47.4622],[16.3043,47.4698],[16.3123,47.4708],[16.3203,47.4778],[16.339,47.4491],[16.347,47.4251],[16.363,47.4106],[16.3752,47.4052],[16.356,47.3966],[16.3355,47.393],[16.3222,47.403],[16.3151,47.4047],[16.333,47.3894]]],[[[16.4183,47.2043],[16.4198,47.1949],[16.4334,47.1817],[16.4297,47.1778],[16.4359,47.1774],[16.4382,47.1731],[16.4355,47.1663],[16.4383,47.1643],[16.4403,47.1498],[16.4386,47.138],[16.417,47.1416],[16.4066,47.1511],[16.4061,47.1471],[16.3841,47.1472],[16.3862,47.1446],[16.4058,47.145],[16.418,47.1379],[16.4364,47.1334],[16.4391,47.1285],[16.4349,47.1283],[16.4407,47.1245],[16.4472,47.1042],[16.4524,47.1002],[16.4546,47.0639],[16.4602,47.0602],[16.4572,47.0541],[16.4606,47.0505],[16.4573,47.0475],[16.4608,47.0429],[16.456,47.0398],[16.4203,47.0439],[16.4165,47.0454],[16.4152,47.0518],[16.4104,47.0481],[16.3876,47.0557],[16.3748,47.0543],[16.3643,47.0684],[16.3628,47.0649],[16.3674,47.0572],[16.3581,47.0554],[16.3252,47.0657],[16.3205,47.0687],[16.3253,47.0714],[16.3158,47.0764],[16.3101,47.091],[16.2971,47.105],[16.2693,47.1166],[16.2662,47.1264],[16.2399,47.1332],[16.2241,47.133],[16.2201,47.138],[16.208,47.1372],[16.1724,47.147],[16.1647,47.1695],[16.1696,47.1752],[16.1657,47.1778],[16.1674,47.1896],[16.1635,47.1915],[16.1622,47.1973],[16.1616,47.2026],[16.167,47.2095],[16.1639,47.2185],[16.1649,47.2287],[16.1585,47.2423],[16.1598,47.2517],[16.1559,47.255],[16.1482,47.2551],[16.1471,47.2513],[16.1605,47.2267],[16.1579,47.1969],[16.1601,47.1867],[16.154,47.1758],[16.1672,47.1396],[16.1769,47.1369],[16.1834,47.1279],[16.1952,47.1346],[16.1998,47.1299],[16.2199,47.1233],[16.2406,47.1257],[16.247,47.1228],[16.2598,47.1117],[16.2858,47.1],[16.2892,47.0924],[16.3008,47.0852],[16.3102,47.061],[16.3288,47.0482],[16.3538,47.0417],[16.382,47.0463],[16.4008,47.0443],[16.4179,47.0322],[16.418,47.0247],[16.4285,47.0167],[16.4352,47.0039],[16.4475,47.0031],[16.4452,46.9932],[16.4319,46.9923],[16.4198,46.9959],[16.4123,47.0046],[16.373,46.9983],[16.3675,47.006],[16.3602,47.0053],[16.3505,47.0103],[16.344,47.0039],[16.3456,47.0018],[16.3418,46.9959],[16.3222,47.0026],[16.3024,46.9983],[16.2987,47.0007],[16.2985,47.0093],[16.29,47.0137],[16.2828,47.0045],[16.2836,46.9976],[16.2763,46.9849],[16.2634,46.9848],[16.2564,46.9906],[16.2546,46.9876],[16.1933,47.008],[16.1748,47.0088],[16.1615,47.0157],[16.1561,47.015],[16.1341,47.044],[16.131,47.0431],[16.1242,47.0488],[16.1232,47.057],[16.1153,47.0639],[16.1091,47.0826],[16.1147,47.1188],[16.1207,47.1286],[16.1229,47.1402],[16.1178,47.157],[16.1196,47.1638],[16.1169,47.1643],[16.113,47.174],[16.1118,47.185],[16.0979,47.2001],[16.0901,47.2182],[16.0909,47.2237],[16.0881,47.2247],[16.0967,47.2464],[16.0951,47.2504],[16.0916,47.2504],[16.085,47.275],[16.0519,47.3273],[16.0518,47.3352],[16.0462,47.3379],[16.0434,47.3458],[16.0392,47.346],[16.0365,47.3569],[16.0267,47.3662],[16.0199,47.3682],[16.0248,47.3699],[16.0221,47.3736],[15.9932,47.3985],[15.9981,47.4012],[16.0041,47.4148],[16.0165,47.4266],[16.0517,47.4431],[16.0619,47.4448],[16.0683,47.4295],[16.0774,47.4292],[16.0987,47.4161],[16.0944,47.4088],[16.1059,47.3929],[16.1134,47.3743],[16.1187,47.3705],[16.1217,47.3622],[16.125,47.3621],[16.1214,47.3529],[16.1509,47.3278],[16.1501,47.3242],[16.1651,47.3142],[16.1706,47.3051],[16.188,47.2896],[16.1875,47.2858],[16.1933,47.2857],[16.2054,47.277],[16.2126,47.2755],[16.2138,47.271],[16.2193,47.269],[16.2204,47.2636],[16.2272,47.2629],[16.2415,47.2512],[16.2622,47.2449],[16.2776,47.2333],[16.2849,47.2314],[16.3133,47.2045],[16.3193,47.2043],[16.3284,47.1941],[16.3355,47.1934],[16.3455,47.1856],[16.3757,47.1932],[16.3801,47.1985],[16.3985,47.2035],[16.398,47.2088],[16.4006,47.2098],[16.402,47.2079],[16.4079,47.2096],[16.4137,47.203],[16.4183,47.2043]]],[[[16.4847,47.1092],[16.4818,47.1156],[16.4956,47.1336],[16.4918,47.1367],[16.4957,47.1479],[16.4864,47.1381],[16.4815,47.1467],[16.4918,47.1491],[16.5166,47.1493],[16.5223,47.1404],[16.5286,47.1375],[16.5293,47.1274],[16.4992,47.1234],[16.5003,47.1099],[16.4847,47.1092]]]]}},{"type":"Feature","properties":{"id":"GK100097","n":"Grazer Feld (Graz/Andritz bis Wildon) [MUR]","u":54.6},"geometry":{"type":"Polygon","coordinates":[[[15.4258,47.1308],[15.4288,47.117],[15.4392,47.1209],[15.432,47.1116],[15.4349,47.1102],[15.4303,47.108],[15.432,47.1019],[15.4372,47.1015],[15.4284,47.0971],[15.424,47.0985],[15.424,47.0951],[15.4337,47.0919],[15.4321,47.0904],[15.4354,47.0884],[15.4391,47.0902],[15.4499,47.0819],[15.4541,47.0827],[15.4538,47.0795],[15.4594,47.0866],[15.4621,47.0794],[15.4672,47.0797],[15.4686,47.0831],[15.4715,47.0784],[15.478,47.0774],[15.4617,47.073],[15.4688,47.0685],[15.4748,47.0697],[15.472,47.0658],[15.4785,47.0603],[15.4857,47.0618],[15.4904,47.0587],[15.4799,47.0548],[15.4961,47.0318],[15.5074,47.0375],[15.5108,47.0356],[15.5002,47.0243],[15.5041,47.0172],[15.5152,47.0217],[15.5098,47.0187],[15.5099,47.0157],[15.5053,47.0152],[15.5045,47.0054],[15.5081,46.9934],[15.5116,46.9908],[15.5251,46.9963],[15.5312,46.9943],[15.5179,46.9883],[15.5114,46.9798],[15.509,46.9704],[15.5138,46.9672],[15.5095,46.9592],[15.5118,46.9532],[15.516,46.9518],[15.5108,46.9505],[15.5122,46.9425],[15.5091,46.9407],[15.5048,46.9255],[15.5,46.92],[15.485,46.9136],[15.4982,46.8976],[15.5108,46.8928],[15.5177,46.8857],[15.5097,46.8876],[15.4997,46.8814],[15.4816,46.8784],[15.4686,46.8803],[15.4688,46.8844],[15.4643,46.8875],[15.4489,46.8886],[15.448,46.8961],[15.4594,46.9],[15.4637,46.8973],[15.4654,46.9001],[15.4394,46.9155],[15.4427,46.9274],[15.4337,46.937],[15.4089,46.9588],[15.4063,46.9582],[15.4094,46.9517],[15.4,46.9544],[15.3913,46.9672],[15.3927,46.9851],[15.3882,46.9923],[15.3907,46.9928],[15.3903,46.9983],[15.3851,46.9997],[15.3877,47.0001],[15.3838,47.0037],[15.3908,47.0026],[15.3893,47.0048],[15.3944,47.0074],[15.3936,47.0157],[15.3994,47.0219],[15.3812,47.0263],[15.3897,47.027],[15.3882,47.0308],[15.3921,47.035],[15.3818,47.0417],[15.3924,47.0521],[15.3869,47.0541],[15.3872,47.0587],[15.3902,47.0595],[15.3852,47.0643],[15.3905,47.0712],[15.3895,47.0766],[15.4016,47.0809],[15.4027,47.0844],[15.391,47.0999],[15.3938,47.1003],[15.3928,47.1059],[15.3739,47.1076],[15.3676,47.1172],[15.3751,47.1189],[15.3798,47.1122],[15.4032,47.1123],[15.4129,47.1153],[15.4141,47.1202],[15.418,47.1166],[15.4258,47.1308]]]}},{"type":"Feature","properties":{"id":"GK100044","n":"V\u00f6ckla - Ager - Traun - Alm [DUJ]","u":21.8},"geometry":{"type":"Polygon","coordinates":[[[13.948,48.1041],[13.9484,48.0928],[13.9412,48.0918],[13.9203,48.0793],[13.9188,48.0649],[13.9253,48.0537],[13.9261,48.0457],[13.9292,48.0445],[13.9288,48.0339],[13.9328,48.0286],[13.9309,48.0258],[13.934,48.0267],[13.9388,48.0196],[13.9368,48.0165],[13.945,48.0107],[13.9438,47.9925],[13.954,47.9852],[13.9567,47.9789],[13.9642,47.9742],[13.9895,47.971],[13.996,47.9659],[13.9931,47.9582],[13.9992,47.9544],[14.0018,47.9559],[14.0033,47.9507],[14.0018,47.9407],[13.9949,47.932],[13.9965,47.9257],[13.9935,47.9164],[13.9745,47.9101],[13.9669,47.9015],[13.9442,47.8861],[13.9446,47.8715],[13.9582,47.8624],[13.9728,47.8578],[13.965,47.8572],[13.9575,47.8503],[13.9399,47.86],[13.9397,47.8686],[13.9311,47.8762],[13.9331,47.881],[13.9251,47.8908],[13.9286,47.8978],[13.9462,47.9071],[13.9465,47.9104],[13.9762,47.9216],[13.9879,47.9301],[13.9784,47.9475],[13.9818,47.9629],[13.9246,47.9682],[13.9079,47.9759],[13.8968,47.9676],[13.8777,47.9636],[13.8348,47.9683],[13.8261,47.9642],[13.8246,47.9549],[13.8133,47.9443],[13.807,47.9126],[13.8021,47.9179],[13.7891,47.9129],[13.8,47.9463],[13.8096,47.9586],[13.8083,47.9652],[13.7833,47.9583],[13.7381,47.9596],[13.7161,47.9538],[13.6446,47.9452],[13.6279,47.9359],[13.5875,47.9512],[13.5231,47.9553],[13.5026,47.9497],[13.4973,47.9351],[13.4745,47.9223],[13.4632,47.9252],[13.4731,47.9327],[13.4834,47.9506],[13.4385,47.9566],[13.4157,47.9515],[13.3933,47.9571],[13.3858,47.9528],[13.3746,47.9632],[13.3673,47.9582],[13.3651,47.9601],[13.373,47.9655],[13.3699,47.9713],[13.3714,47.9768],[13.3548,47.9779],[13.3293,47.9898],[13.4199,47.9861],[13.4402,47.9874],[13.4614,47.9954],[13.4578,47.9974],[13.4583,48.0007],[13.4323,48.0017],[13.4379,48.005],[13.4212,48.013],[13.4052,48.0104],[13.4163,48.0167],[13.4077,48.029],[13.4072,48.0398],[13.4121,48.0576],[13.4094,48.063],[13.4134,48.06],[13.4201,48.0629],[13.4114,48.0473],[13.4123,48.0298],[13.4404,48.0091],[13.4447,48.0079],[13.4463,48.0112],[13.47,48.0028],[13.4966,48.0089],[13.4988,48.0318],[13.4866,48.0417],[13.4905,48.0497],[13.4808,48.0518],[13.485,48.054],[13.4887,48.0688],[13.4947,48.0695],[13.5,48.0643],[13.4919,48.0626],[13.4918,48.0555],[13.5035,48.0522],[13.4997,48.0502],[13.5048,48.0485],[13.5037,48.0389],[13.5088,48.0326],[13.514,48.0333],[13.5142,48.0283],[13.5571,48.0281],[13.5899,48.0168],[13.6133,48.0047],[13.6176,48.0065],[13.6198,48.0128],[13.6587,48.0135],[13.6901,47.9992],[13.6914,47.995],[13.6959,47.9981],[13.6998,47.9942],[13.7073,47.9985],[13.7123,48.0165],[13.7231,48.0213],[13.7339,48.0336],[13.7415,48.0371],[13.7422,48.0497],[13.7604,48.0655],[13.7877,48.0613],[13.7932,48.0576],[13.8327,48.0857],[13.8508,48.0892],[13.8781,48.0854],[13.8971,48.0882],[13.9063,48.0834],[13.9401,48.102],[13.948,48.1041]]]}},{"type":"Feature","properties":{"id":"GK100190","n":"B\u00f6hmische Masse [DUJ]","u":12.1},"geometry":{"type":"Polygon","coordinates":[[[15.7966,48.6912],[15.7966,48.6852],[15.8012,48.6806],[15.8473,48.6687],[15.8525,48.6749],[15.854,48.6852],[15.8576,48.6827],[15.8688,48.6845],[15.8742,48.6763],[15.875,48.6684],[15.8591,48.6603],[15.86,48.6461],[15.8518,48.6355],[15.8543,48.6257],[15.864,48.6154],[15.8622,48.6048],[15.8673,48.5981],[15.8522,48.592],[15.8355,48.5767],[15.7723,48.5368],[15.7805,48.5328],[15.7855,48.5255],[15.7844,48.5219],[15.7744,48.5166],[15.775,48.5142],[15.7902,48.5109],[15.7927,48.5049],[15.7988,48.5022],[15.7941,48.4921],[15.7808,48.487],[15.7462,48.4912],[15.74,48.4878],[15.7369,48.4796],[15.7229,48.4758],[15.6993,48.4827],[15.697,48.4954],[15.6926,48.4989],[15.6927,48.4906],[15.6857,48.4731],[15.6926,48.464],[15.7115,48.4514],[15.7106,48.4446],[15.7006,48.4383],[15.6824,48.4356],[15.6572,48.4242],[15.6319,48.4251],[15.6134,48.4139],[15.5981,48.4109],[15.578,48.3983],[15.5477,48.3861],[15.5602,48.3832],[15.5861,48.3872],[15.6167,48.3801],[15.6325,48.3907],[15.637,48.3916],[15.6464,48.3862],[15.6355,48.374],[15.6383,48.3627],[15.6329,48.3525],[15.643,48.3465],[15.6538,48.3278],[15.6267,48.3229],[15.6018,48.3245],[15.5907,48.3174],[15.5897,48.3072],[15.5812,48.2989],[15.5816,48.2878],[15.5761,48.269],[15.583,48.26],[15.5987,48.2585],[15.604,48.2498],[15.5948,48.2439],[15.5838,48.2416],[15.5737,48.242],[15.562,48.2483],[15.5542,48.239],[15.5326,48.2369],[15.5281,48.2284],[15.5348,48.2242],[15.5279,48.2228],[15.5034,48.2224],[15.4778,48.2317],[15.4813,48.224],[15.4898,48.2189],[15.4901,48.2131],[15.4752,48.2115],[15.4529,48.2034],[15.4571,48.1941],[15.4518,48.1916],[15.4332,48.1927],[15.4062,48.1996],[15.4023,48.2032],[15.4081,48.2153],[15.4046,48.2158],[15.4003,48.2116],[15.4009,48.2081],[15.3965,48.2077],[15.3766,48.2219],[15.3695,48.2309],[15.3634,48.231],[15.3529,48.2203],[15.364,48.2093],[15.3723,48.1847],[15.3861,48.1777],[15.3947,48.1679],[15.3945,48.1641],[15.382,48.1572],[15.3662,48.1552],[15.352,48.1485],[15.3442,48.1582],[15.349,48.1647],[15.3452,48.17],[15.3355,48.1695],[15.3065,48.1521],[15.2768,48.1617],[15.2666,48.1565],[15.2549,48.1592],[15.2421,48.154],[15.2351,48.1718],[15.2407,48.1764],[15.2577,48.1801],[15.3135,48.2189],[15.3428,48.234],[15.3494,48.2442],[15.3059,48.2241],[15.2621,48.2228],[15.2247,48.2146],[15.1774,48.2155],[15.1212,48.2074],[15.102,48.1917],[15.077,48.1856],[15.082,48.1834],[15.0817,48.1804],[15.0731,48.1705],[15.0454,48.1577],[15.0026,48.1272],[14.9819,48.1331],[14.945,48.129],[14.9245,48.1331],[14.9235,48.1297],[14.9137,48.127],[14.914,48.1335],[14.9366,48.1428],[14.9389,48.1464],[14.9346,48.151],[14.9366,48.1608],[14.9136,48.1737],[14.8881,48.1726],[14.8823,48.1647],[14.8658,48.1606],[14.8527,48.1644],[14.8434,48.1729],[14.8401,48.1831],[14.8489,48.1893],[14.8473,48.1989],[14.8447,48.1945],[14.8202,48.1893],[14.809,48.2034],[14.789,48.2083],[14.7846,48.2128],[14.7622,48.2149],[14.7495,48.21],[14.7421,48.2106],[14.7407,48.2131],[14.7448,48.2155],[14.737,48.2236],[14.7104,48.227],[14.7059,48.2242],[14.7059,48.2302],[14.6681,48.2354],[14.6512,48.2501],[14.5999,48.252],[14.59,48.2618],[14.5824,48.2631],[14.5841,48.2675],[14.5795,48.2735],[14.5754,48.2694],[14.5629,48.2727],[14.5502,48.2677],[14.5337,48.2495],[14.5315,48.242],[14.5199,48.2397],[14.52,48.2367],[14.5001,48.2425],[14.4979,48.247],[14.4887,48.2472],[14.485,48.2523],[14.4701,48.2537],[14.4715,48.259],[14.4575,48.2636],[14.4563,48.2714],[14.4266,48.2591],[14.4092,48.2603],[14.4049,48.2655],[14.4086,48.2768],[14.4057,48.2809],[14.3794,48.2812],[14.3475,48.2896],[14.3356,48.3135],[14.3412,48.321],[14.3407,48.325],[14.3259,48.3286],[14.3217,48.338],[14.3055,48.3348],[14.2976,48.3378],[14.2849,48.3275],[14.2826,48.3033],[14.2883,48.2877],[14.2745,48.2765],[14.2316,48.2763],[14.2198,48.2723],[14.2129,48.2739],[14.1827,48.2691],[14.1627,48.2731],[14.1443,48.2851],[14.168,48.2974],[14.1754,48.3126],[14.1723,48.3242],[14.1752,48.3298],[14.1901,48.3324],[14.1737,48.3401],[14.1626,48.35],[14.1478,48.352],[14.1454,48.3502],[14.1472,48.3454],[14.1365,48.3396],[14.117,48.3362],[14.1174,48.3446],[14.077,48.355],[14.0703,48.3617],[14.0529,48.3586],[14.0112,48.3675],[13.9992,48.378],[13.9771,48.3768],[13.9698,48.3723],[13.9746,48.3664],[13.9744,48.3497],[13.9923,48.3291],[14.002,48.3104],[13.9927,48.3069],[13.9836,48.313],[13.9741,48.3145],[13.9591,48.3115],[13.9496,48.3041],[13.9395,48.3182],[13.925,48.3232],[13.9243,48.3302],[13.9143,48.3312],[13.908,48.3389],[13.8921,48.3476],[13.8776,48.3459],[13.8745,48.3577],[13.8668,48.3643],[13.8677,48.368],[13.8452,48.3697],[13.818,48.3868],[13.8137,48.3855],[13.82,48.3812],[13.8194,48.3787],[13.7959,48.3777],[13.7898,48.3677],[13.7957,48.3582],[13.8075,48.3549],[13.801,48.3486],[13.8072,48.3405],[13.7986,48.3391],[13.8051,48.3321],[13.8009,48.3253],[13.7831,48.3297],[13.7723,48.3359],[13.7756,48.3395],[13.7748,48.3457],[13.7836,48.3519],[13.7625,48.3664],[13.7639,48.3721],[13.7565,48.3788],[13.7583,48.3865],[13.7515,48.3997],[13.7392,48.403],[13.7274,48.3999],[13.7223,48.4035],[13.7176,48.3996],[13.7042,48.3984],[13.7113,48.3946],[13.7139,48.3895],[13.719,48.3889],[13.7202,48.3866],[13.7172,48.3853],[13.7205,48.381],[13.7324,48.3744],[13.7302,48.3712],[13.7115,48.3754],[13.6908,48.3915],[13.6827,48.3761],[13.6733,48.3752],[13.6689,48.3795],[13.6747,48.3858],[13.67,48.3907],[13.6677,48.4029],[13.6843,48.4051],[13.6999,48.4167],[13.7013,48.4246],[13.7007,48.432],[13.6836,48.4467],[13.6971,48.4511],[13.687,48.4568],[13.6878,48.4692],[13.6837,48.4714],[13.6831,48.48],[13.6919,48.4829],[13.6845,48.4876],[13.6883,48.4914],[13.6796,48.5025],[13.6961,48.5029],[13.6971,48.4972],[13.7079,48.4947],[13.7184,48.4965],[13.728,48.5131],[13.7412,48.514],[13.7376,48.5227],[13.749,48.5324],[13.7489,48.5384],[13.7437,48.5442],[13.7547,48.5513],[13.7471,48.5524],[13.7482,48.5564],[13.7554,48.5644],[13.7607,48.5656],[13.7705,48.5536],[13.7904,48.5718],[13.8007,48.5729],[13.8072,48.5841],[13.8049,48.589],[13.8072,48.5903],[13.8015,48.5926],[13.8015,48.5977],[13.8085,48.5999],[13.8071,48.6048],[13.8147,48.6095],[13.8161,48.6147],[13.8226,48.614],[13.8258,48.6183],[13.8236,48.6256],[13.8269,48.6279],[13.8262,48.6353],[13.8219,48.6384],[13.8242,48.6417],[13.8144,48.6497],[13.8199,48.6705],[13.8169,48.6815],[13.8135,48.6838],[13.8135,48.6905],[13.817,48.6948],[13.8333,48.6917],[13.8374,48.7005],[13.8147,48.7008],[13.8116,48.7025],[13.8115,48.7089],[13.8036,48.7081],[13.7948,48.7152],[13.8022,48.7174],[13.8103,48.7289],[13.8186,48.7311],[13.8214,48.7546],[13.8361,48.7629],[13.8399,48.7666],[13.84,48.7719],[13.8445,48.7728],[13.8487,48.7699],[13.8686,48.7696],[13.896,48.7572],[13.9261,48.7355],[13.9271,48.7318],[13.936,48.7267],[13.9379,48.7199],[13.9488,48.7194],[13.95,48.7091],[13.968,48.7016],[13.9689,48.6975],[13.978,48.6916],[13.979,48.6851],[13.984,48.6835],[13.9788,48.6766],[13.9836,48.6752],[13.9879,48.6659],[14.0245,48.6477],[14.0114,48.6397],[14.0305,48.6288],[14.029,48.6261],[14.0481,48.6277],[14.0461,48.6191],[14.0415,48.6176],[14.0426,48.6129],[14.0519,48.6094],[14.0547,48.6042],[14.0698,48.6067],[14.0673,48.595],[14.0722,48.6],[14.0861,48.6002],[14.0976,48.5998],[14.0958,48.5924],[14.1059,48.5897],[14.1159,48.5893],[14.1303,48.5978],[14.1417,48.5937],[14.1541,48.5961],[14.1629,48.5926],[14.1637,48.5893],[14.1819,48.594],[14.1946,48.593],[14.2349,48.5827],[14.2351,48.5768],[14.2509,48.5699],[14.2596,48.562],[14.2687,48.5599],[14.287,48.5636],[14.3107,48.5409],[14.3202,48.5415],[14.3383,48.5355],[14.3398,48.5247],[14.3318,48.5151],[14.349,48.5118],[14.351,48.5091],[14.3414,48.504],[14.3501,48.4967],[14.3487,48.4945],[14.3587,48.4906],[14.3633,48.4835],[14.3805,48.4791],[14.3904,48.4824],[14.3821,48.4913],[14.3856,48.4984],[14.3838,48.5083],[14.3859,48.5137],[14.3945,48.5186],[14.3929,48.5211],[14.3953,48.5235],[14.4038,48.5261],[14.3971,48.5314],[14.3979,48.5338],[14.42,48.5395],[14.4218,48.5446],[14.429,48.5491],[14.4409,48.5528],[14.4504,48.5509],[14.4597,48.5566],[14.458,48.5598],[14.4378,48.5649],[14.4437,48.57],[14.4611,48.5737],[14.4588,48.5787],[14.461,48.5858],[14.4553,48.5902],[14.4625,48.5919],[14.447,48.5972],[14.4441,48.6042],[14.4466,48.6087],[14.4553,48.6032],[14.4648,48.6065],[14.4699,48.6037],[14.4774,48.6084],[14.4828,48.6056],[14.4857,48.5975],[14.5108,48.6015],[14.5201,48.5927],[14.5367,48.5909],[14.5474,48.5843],[14.5486,48.5769],[14.5444,48.5753],[14.5534,48.5669],[14.5499,48.5634],[14.5511,48.5575],[14.5616,48.5542],[14.5671,48.5447],[14.5771,48.5379],[14.5912,48.5328],[14.5939,48.5352],[14.6051,48.5335],[14.6093,48.5382],[14.6211,48.5378],[14.6219,48.5441],[14.6277,48.5459],[14.6277,48.5573],[14.6386,48.561],[14.6525,48.56],[14.6654,48.563],[14.6565,48.5716],[14.6612,48.5833],[14.6846,48.5828],[14.6878,48.5773],[14.6946,48.5766],[14.6961,48.5831],[14.7062,48.5851],[14.7062,48.5912],[14.7136,48.5976],[14.7431,48.5904],[14.7669,48.5941],[14.776,48.5907],[14.7892,48.5926],[14.8029,48.5883],[14.815,48.5927],[14.8328,48.5871],[14.838,48.5937],[14.8516,48.5934],[14.8504,48.5992],[14.8599,48.5978],[14.8611,48.6032],[14.8587,48.605],[14.8616,48.6099],[14.8724,48.6099],[14.8869,48.615],[14.8898,48.6193],[14.8869,48.6265],[14.8902,48.6281],[14.8871,48.6312],[14.8912,48.6416],[14.9036,48.6465],[14.9148,48.6594],[14.9354,48.6493],[14.9458,48.6526],[14.9481,48.6573],[14.9589,48.6579],[14.9626,48.6609],[14.9745,48.6583],[14.986,48.6598],[14.9912,48.6686],[14.9816,48.6748],[14.9839,48.6757],[14.9821,48.68],[14.9891,48.6841],[14.9992,48.6746],[15.0261,48.6717],[15.0374,48.6667],[15.0389,48.664],[15.0338,48.6619],[15.036,48.6572],[15.0486,48.6556],[15.0634,48.6582],[15.0993,48.6478],[15.122,48.6523],[15.1539,48.6513],[15.1689,48.6598],[15.1907,48.6602],[15.195,48.663],[15.188,48.6717],[15.1965,48.6738],[15.1939,48.6839],[15.1972,48.6864],[15.2396,48.6866],[15.24,48.6836],[15.2592,48.6782],[15.2713,48.6803],[15.2894,48.6767],[15.2882,48.6715],[15.2947,48.6682],[15.2951,48.6644],[15.3016,48.6629],[15.2983,48.6572],[15.3058,48.6539],[15.3097,48.6479],[15.3376,48.6436],[15.3425,48.652],[15.355,48.6579],[15.3749,48.6635],[15.3922,48.6627],[15.3959,48.6659],[15.3941,48.6675],[15.4093,48.6739],[15.4061,48.6808],[15.399,48.6819],[15.3986,48.6853],[15.4073,48.6883],[15.4075,48.6986],[15.4197,48.7],[15.4189,48.7045],[15.4263,48.7084],[15.4109,48.718],[15.4186,48.7223],[15.4404,48.7211],[15.442,48.7263],[15.4622,48.7352],[15.4604,48.7413],[15.4691,48.7485],[15.4984,48.7449],[15.5126,48.748],[15.5133,48.7516],[15.5268,48.7528],[15.5473,48.7464],[15.5574,48.7346],[15.5727,48.7329],[15.5758,48.7291],[15.5784,48.7396],[15.5882,48.7431],[15.5875,48.7464],[15.5976,48.7526],[15.593,48.7609],[15.6097,48.7614],[15.6227,48.753],[15.6218,48.748],[15.6259,48.744],[15.6209,48.739],[15.625,48.7366],[15.6403,48.7362],[15.6426,48.743],[15.6527,48.7462],[15.6674,48.7384],[15.6807,48.7385],[15.6845,48.7309],[15.6944,48.7278],[15.6949,48.7197],[15.7109,48.7117],[15.7052,48.7085],[15.7046,48.7013],[15.7393,48.6986],[15.7682,48.6917],[15.7865,48.6963],[15.7966,48.6912]]]}},{"type":"Feature","properties":{"id":"GK100114","n":"Kristallin n\u00f6rdlich des M\u00fcrztales einschl. Grauwackenzone [MUR]","u":3.7},"geometry":{"type":"MultiPolygon","coordinates":[[[[15.7227,47.6769],[15.7309,47.6596],[15.7248,47.6469],[15.7438,47.6412],[15.7409,47.6335],[15.7446,47.6317],[15.7638,47.6348],[15.7688,47.6397],[15.779,47.6427],[15.7821,47.6389],[15.79,47.6401],[15.8027,47.6354],[15.8217,47.638],[15.8307,47.6324],[15.7699,47.6141],[15.7441,47.6134],[15.7247,47.6019],[15.7152,47.6056],[15.6704,47.61],[15.6685,47.6229],[15.6602,47.6262],[15.6527,47.6363],[15.6406,47.6395],[15.6571,47.6301],[15.6592,47.6231],[15.6651,47.6222],[15.6624,47.6164],[15.667,47.6074],[15.6603,47.5943],[15.6359,47.5776],[15.6052,47.5641],[15.5815,47.5652],[15.5677,47.5609],[15.5607,47.5565],[15.5624,47.5545],[15.5556,47.5474],[15.5374,47.5539],[15.5219,47.5493],[15.5092,47.5431],[15.5102,47.5394],[15.4967,47.5361],[15.4872,47.5291],[15.4642,47.5253],[15.4636,47.5155],[15.4492,47.5118],[15.4438,47.5045],[15.4056,47.4961],[15.3976,47.4929],[15.3937,47.486],[15.3852,47.4864],[15.3707,47.4796],[15.3531,47.48],[15.3332,47.4727],[15.3293,47.4659],[15.3324,47.4607],[15.3251,47.4606],[15.3278,47.4655],[15.3238,47.4664],[15.3143,47.4596],[15.3133,47.4539],[15.3086,47.4531],[15.3106,47.452],[15.288,47.4457],[15.2802,47.4521],[15.2593,47.4572],[15.2616,47.4531],[15.2596,47.4521],[15.2644,47.4484],[15.2861,47.4394],[15.2697,47.4357],[15.2671,47.4273],[15.2523,47.4277],[15.2316,47.4387],[15.2129,47.4425],[15.2611,47.4205],[15.2726,47.4213],[15.2724,47.4119],[15.2635,47.4157],[15.226,47.4063],[15.2079,47.417],[15.1844,47.406],[15.1668,47.4068],[15.1559,47.4016],[15.1378,47.4001],[15.1201,47.3898],[15.0959,47.39],[15.0944,47.3922],[15.0895,47.3902],[15.0859,47.3827],[15.0826,47.3835],[15.0817,47.3768],[15.0516,47.3882],[15.0494,47.3927],[15.0473,47.3901],[15.0424,47.3966],[15.0357,47.3968],[15.0288,47.4085],[15.0301,47.4161],[15.0404,47.4198],[15.0756,47.43],[15.1061,47.4346],[15.1208,47.4521],[15.1454,47.4576],[15.1633,47.4532],[15.181,47.4603],[15.1731,47.4659],[15.1614,47.4654],[15.1612,47.4683],[15.1292,47.4676],[15.1132,47.4706],[15.0882,47.4845],[15.0676,47.5097],[15.085,47.5115],[15.0807,47.5189],[15.0855,47.5261],[15.0823,47.5305],[15.1241,47.5257],[15.1281,47.5289],[15.1472,47.5248],[15.1533,47.532],[15.1637,47.5326],[15.1677,47.536],[15.1603,47.5432],[15.1615,47.5501],[15.1795,47.5427],[15.1947,47.5439],[15.2084,47.555],[15.2259,47.5473],[15.2421,47.5491],[15.2619,47.5565],[15.2779,47.5524],[15.2848,47.5588],[15.3141,47.5622],[15.317,47.568],[15.3271,47.5687],[15.3394,47.5773],[15.3364,47.5876],[15.3367,47.607],[15.3397,47.6105],[15.3378,47.6204],[15.3175,47.6187],[15.3305,47.6273],[15.3403,47.629],[15.3456,47.6264],[15.3459,47.6289],[15.3762,47.6309],[15.3956,47.6343],[15.4015,47.6385],[15.4055,47.6321],[15.4012,47.6279],[15.4048,47.6271],[15.4114,47.6352],[15.4277,47.64],[15.4369,47.6401],[15.4446,47.6347],[15.4848,47.6497],[15.5076,47.6506],[15.5681,47.6711],[15.6068,47.6735],[15.6168,47.679],[15.6484,47.6865],[15.6859,47.6773],[15.7076,47.6805],[15.7227,47.6769]]],[[[15.0152,47.3474],[15.0032,47.3714],[14.9884,47.3778],[14.9894,47.385],[14.9861,47.3843],[14.9856,47.378],[14.9689,47.3805],[14.9562,47.3878],[14.932,47.3938],[14.9631,47.404],[15.0076,47.4093],[15.0168,47.4133],[15.0233,47.4103],[15.0311,47.3998],[15.0107,47.4021],[15.0153,47.4001],[15.0135,47.3966],[15.022,47.3946],[15.0214,47.392],[15.0285,47.3955],[15.036,47.3876],[15.0575,47.3799],[15.0552,47.3764],[15.0819,47.3724],[15.0809,47.3674],[15.088,47.3649],[15.0866,47.3605],[15.0818,47.3586],[15.0741,47.365],[15.0617,47.3617],[15.0502,47.3537],[15.0509,47.3463],[15.0473,47.3414],[15.0385,47.342],[15.0382,47.3447],[15.029,47.3405],[15.0272,47.3343],[15.0269,47.3385],[15.0152,47.3474]]]]}},{"type":"Feature","properties":{"id":"GK100020","n":"Marchfeld [DUJ]","u":69.9},"geometry":{"type":"Polygon","coordinates":[[[16.8394,48.3639],[16.8451,48.3499],[16.8734,48.3485],[16.8747,48.3455],[16.8695,48.3414],[16.8709,48.3385],[16.9084,48.3263],[16.9087,48.3229],[16.8947,48.3121],[16.9007,48.2979],[16.9218,48.2724],[16.9436,48.2708],[16.9563,48.2635],[16.9496,48.254],[16.9457,48.2383],[16.9599,48.2232],[16.9763,48.1898],[16.9774,48.1813],[16.9755,48.1719],[16.9664,48.1728],[16.9578,48.169],[16.9401,48.1506],[16.907,48.146],[16.8745,48.1299],[16.8034,48.1165],[16.7869,48.117],[16.7579,48.1259],[16.7377,48.1285],[16.6912,48.1189],[16.6439,48.129],[16.5821,48.1339],[16.5436,48.143],[16.4915,48.1694],[16.4023,48.2309],[16.3601,48.2752],[16.3483,48.2902],[16.3438,48.3023],[16.3455,48.3089],[16.3538,48.3132],[16.3694,48.3048],[16.3921,48.3],[16.4316,48.3041],[16.4345,48.3076],[16.4268,48.312],[16.4236,48.3308],[16.4301,48.3463],[16.4413,48.3544],[16.47,48.3625],[16.485,48.3608],[16.4906,48.3633],[16.5042,48.3598],[16.5193,48.3677],[16.5292,48.3682],[16.5647,48.3595],[16.6146,48.3581],[16.6276,48.3634],[16.6308,48.3694],[16.6369,48.3701],[16.655,48.3677],[16.6669,48.3574],[16.7009,48.3477],[16.7102,48.3467],[16.7246,48.3513],[16.7465,48.3478],[16.7564,48.3405],[16.764,48.3393],[16.7764,48.3405],[16.8045,48.3539],[16.8276,48.3505],[16.8356,48.3558],[16.8394,48.3639]]]}},{"type":"Feature","properties":{"id":"GK100002","n":"Inntal [DBJ]","u":57.5},"geometry":{"type":"Polygon","coordinates":[[[12.0843,47.4939],[12.0643,47.4782],[11.9847,47.4626],[11.9576,47.4498],[11.8875,47.4356],[11.8052,47.3877],[11.7652,47.3747],[11.7452,47.3646],[11.6551,47.3061],[11.6198,47.2943],[11.5819,47.2883],[11.5619,47.2787],[11.4824,47.269],[11.4496,47.2581],[11.3997,47.2509],[11.2841,47.2531],[11.2591,47.2511],[11.2345,47.2601],[11.193,47.2663],[11.0941,47.2954],[11.0739,47.297],[11.0042,47.2774],[10.8994,47.2552],[10.8654,47.2344],[10.858,47.2325],[10.8545,47.2366],[10.8293,47.2221],[10.8297,47.227],[10.8543,47.2531],[10.8656,47.2589],[10.9933,47.2904],[11.0403,47.299],[11.0598,47.3149],[11.0947,47.3134],[11.1369,47.2977],[11.1992,47.2811],[11.2392,47.2766],[11.2805,47.2676],[11.31,47.2683],[11.322,47.2632],[11.3358,47.2679],[11.3528,47.2644],[11.368,47.2653],[11.3986,47.279],[11.4261,47.279],[11.493,47.2948],[11.4975,47.2937],[11.5017,47.287],[11.5189,47.2884],[11.5586,47.2968],[11.5846,47.3076],[11.6115,47.3085],[11.6623,47.3312],[11.7133,47.3705],[11.7574,47.3883],[11.7909,47.3954],[11.8174,47.406],[11.8278,47.418],[11.8336,47.4316],[11.8508,47.43],[11.8598,47.4331],[11.8644,47.4405],[11.8631,47.4483],[11.8657,47.4509],[11.9139,47.4551],[11.9718,47.4789],[11.985,47.4779],[12.0476,47.4876],[12.0731,47.5243],[12.0758,47.5377],[12.0902,47.5426],[12.1208,47.5644],[12.1434,47.5864],[12.1628,47.6003],[12.1801,47.6079],[12.1771,47.6013],[12.2062,47.6087],[12.2073,47.6141],[12.2005,47.6375],[12.1818,47.6679],[12.2036,47.6598],[12.2319,47.6594],[12.2352,47.641],[12.2298,47.6263],[12.2078,47.6089],[12.1882,47.5961],[12.171,47.5767],[12.1292,47.559],[12.0959,47.5204],[12.0843,47.4939]]]}},{"type":"Feature","properties":{"id":"GK100065","n":"Lavanttal [DRA]","u":6.8},"geometry":{"type":"Polygon","coordinates":[[[14.9572,46.6327],[14.9441,46.6379],[14.9185,46.655],[14.9147,46.6745],[14.9012,46.6828],[14.9027,46.6926],[14.8976,46.6987],[14.8751,46.6997],[14.8561,46.688],[14.8345,46.6848],[14.8355,46.6924],[14.8485,46.6928],[14.8641,46.6987],[14.852,46.7041],[14.8501,46.7111],[14.843,46.7156],[14.8449,46.7201],[14.834,46.7252],[14.8303,46.7326],[14.8091,46.7426],[14.8169,46.7514],[14.8091,46.7755],[14.815,46.7939],[14.8119,46.798],[14.8026,46.7988],[14.7937,46.8263],[14.7784,46.8401],[14.8038,46.8406],[14.7981,46.8586],[14.8102,46.8581],[14.8315,46.8451],[14.8346,46.8542],[14.8327,46.8619],[14.8363,46.8628],[14.8415,46.8567],[14.8621,46.8636],[14.8647,46.8599],[14.8502,46.8514],[14.8464,46.8409],[14.8593,46.8257],[14.8665,46.801],[14.8648,46.7935],[14.855,46.7879],[14.8635,46.7694],[14.85,46.765],[14.8499,46.7597],[14.8581,46.7417],[14.8671,46.738],[14.8632,46.7284],[14.8744,46.7121],[14.8863,46.7035],[14.9008,46.7027],[14.912,46.6936],[14.9131,46.6918],[14.908,46.69],[14.9141,46.6819],[14.9396,46.6745],[14.9504,46.6661],[14.9529,46.6559],[14.9579,46.6509],[14.9487,46.6487],[14.9476,46.6452],[14.961,46.6359],[14.9572,46.6327]]]}},{"type":"Feature","properties":{"id":"GK100058","n":"Altes Gurktal [DRA]","u":2.2},"geometry":{"type":"Polygon","coordinates":[[[14.7748,46.6341],[14.7604,46.6382],[14.7498,46.6468],[14.7498,46.6511],[14.7548,46.6565],[14.7396,46.6522],[14.7328,46.6599],[14.7376,46.6645],[14.7567,46.6636],[14.7472,46.6708],[14.7454,46.68],[14.7375,46.6912],[14.7302,46.6952],[14.7244,46.6957],[14.7104,46.6826],[14.7162,46.6735],[14.7135,46.6685],[14.7018,46.6679],[14.6989,46.67],[14.7,46.6768],[14.6918,46.678],[14.6883,46.6768],[14.6881,46.6693],[14.6645,46.6688],[14.6368,46.6749],[14.6016,46.6775],[14.5902,46.6892],[14.5681,46.7001],[14.5679,46.7039],[14.5794,46.7076],[14.6001,46.7047],[14.6335,46.6919],[14.6655,46.698],[14.6994,46.6917],[14.702,46.6989],[14.7061,46.7013],[14.7288,46.7083],[14.738,46.706],[14.7529,46.6934],[14.7641,46.6907],[14.7773,46.6785],[14.7773,46.6639],[14.7719,46.6513],[14.7782,46.6409],[14.7748,46.6341]]]}},{"type":"Feature","properties":{"id":"GK100198","n":"Kobernau\u00dferwald [DBJ]","u":11.8},"geometry":{"type":"Polygon","coordinates":[[[13.2437,48.2515],[13.3004,48.241],[13.3124,48.235],[13.3207,48.2265],[13.3597,48.214],[13.3775,48.2023],[13.4042,48.1944],[13.4122,48.188],[13.4411,48.1815],[13.4431,48.1755],[13.4615,48.1592],[13.5617,48.1548],[13.5826,48.1809],[13.6162,48.2027],[13.6247,48.1961],[13.6189,48.1878],[13.6229,48.1815],[13.6202,48.1746],[13.6115,48.1703],[13.6138,48.1651],[13.606,48.1568],[13.6083,48.1424],[13.6025,48.1364],[13.6086,48.133],[13.6035,48.1238],[13.589,48.1238],[13.5823,48.1166],[13.5332,48.1147],[13.5205,48.1105],[13.5101,48.1127],[13.498,48.1069],[13.4919,48.1065],[13.4842,48.1128],[13.4681,48.1114],[13.4614,48.1074],[13.4476,48.1081],[13.4462,48.102],[13.4284,48.0903],[13.4291,48.0861],[13.4257,48.0827],[13.4029,48.0859],[13.3918,48.08],[13.3855,48.0701],[13.3915,48.0656],[13.3891,48.0535],[13.3821,48.0517],[13.376,48.0404],[13.3573,48.0389],[13.3502,48.0281],[13.3311,48.0204],[13.2932,48.0146],[13.2912,48.0096],[13.2815,48.0051],[13.2813,47.9973],[13.2744,47.9982],[13.257,47.9912],[13.2496,47.9914],[13.252,47.9966],[13.2435,48.0058],[13.2671,48.0143],[13.2666,48.0173],[13.2638,48.0197],[13.2427,48.0193],[13.2204,48.0321],[13.1809,48.0746],[13.1852,48.0873],[13.1817,48.0933],[13.1872,48.0967],[13.1878,48.102],[13.176,48.1047],[13.1699,48.1132],[13.1609,48.1331],[13.154,48.163],[13.144,48.1724],[13.1433,48.1786],[13.1352,48.1832],[13.1342,48.1958],[13.1204,48.2042],[13.1449,48.2196],[13.1602,48.2217],[13.1721,48.2196],[13.1801,48.2246],[13.1892,48.2258],[13.2039,48.2246],[13.2293,48.2387],[13.2503,48.2359],[13.2535,48.2417],[13.2437,48.2515]]]}},{"type":"Feature","properties":{"id":"GK100192","n":"Leithagebirge [LRR]","u":14.3},"geometry":{"type":"MultiPolygon","coordinates":[[[[16.8065,48.0014],[16.8005,47.9839],[16.7875,47.9919],[16.783,47.9881],[16.7693,47.9921],[16.7701,48.0099],[16.782,48.0155],[16.7882,48.0091],[16.7997,48.0046],[16.797,48.0161],[16.8207,48.0177],[16.8221,48.0137],[16.8179,48.0094],[16.8163,48.0008],[16.8065,48.0014]]],[[[16.7835,47.9861],[16.7744,47.9775],[16.7697,47.9797],[16.7712,47.9778],[16.7619,47.9723],[16.7568,47.972],[16.7519,47.9789],[16.7503,47.9716],[16.7535,47.965],[16.7464,47.9598],[16.7402,47.9576],[16.738,47.9606],[16.7326,47.9548],[16.7186,47.9579],[16.721,47.9542],[16.7175,47.9509],[16.7186,47.9475],[16.7128,47.9442],[16.7088,47.9459],[16.7083,47.9401],[16.6985,47.9304],[16.6866,47.9233],[16.6598,47.9181],[16.6488,47.9109],[16.6348,47.8931],[16.6199,47.8837],[16.6106,47.8824],[16.6113,47.8783],[16.6055,47.8747],[16.5878,47.8696],[16.583,47.8732],[16.5768,47.869],[16.5701,47.8732],[16.5593,47.8654],[16.5474,47.864],[16.5442,47.8581],[16.5377,47.8564],[16.5396,47.8609],[16.5427,47.8606],[16.5412,47.8645],[16.5323,47.8654],[16.5304,47.8583],[16.5257,47.8602],[16.5225,47.8578],[16.5295,47.855],[16.5287,47.8515],[16.5224,47.8546],[16.5176,47.8509],[16.5094,47.851],[16.5081,47.8467],[16.5011,47.8421],[16.4962,47.8443],[16.4893,47.8372],[16.4752,47.8362],[16.4685,47.832],[16.4574,47.8354],[16.4655,47.8426],[16.4488,47.8556],[16.4467,47.8605],[16.4406,47.8615],[16.4396,47.8725],[16.4496,47.8823],[16.4501,47.897],[16.4476,47.9],[16.4505,47.9012],[16.4464,47.9041],[16.4524,47.9089],[16.4537,47.905],[16.4582,47.9052],[16.4558,47.9083],[16.4572,47.9154],[16.4617,47.9138],[16.463,47.9056],[16.4753,47.905],[16.5146,47.893],[16.5293,47.9036],[16.531,47.9103],[16.5374,47.9059],[16.5465,47.9091],[16.5413,47.9026],[16.5451,47.8964],[16.5401,47.8916],[16.5408,47.8872],[16.5343,47.8875],[16.5304,47.8939],[16.5265,47.8895],[16.5302,47.8836],[16.5402,47.8808],[16.5474,47.8835],[16.5546,47.8822],[16.5511,47.8899],[16.5575,47.8916],[16.562,47.8978],[16.5667,47.8974],[16.5643,47.9014],[16.5732,47.9191],[16.5826,47.9284],[16.5843,47.9439],[16.5808,47.935],[16.5689,47.9278],[16.5648,47.9286],[16.576,47.935],[16.5863,47.9491],[16.5858,47.9595],[16.6078,47.9721],[16.6179,47.973],[16.6158,47.9676],[16.6254,47.9679],[16.6236,47.9756],[16.6282,47.9805],[16.6482,47.9812],[16.6523,47.9781],[16.6578,47.9795],[16.6633,47.9863],[16.6793,47.9909],[16.6879,47.9879],[16.6958,47.9778],[16.6987,47.9794],[16.696,47.9871],[16.7088,47.9875],[16.716,47.9918],[16.7399,47.9965],[16.7559,47.9893],[16.7835,47.9861]]]]}},{"type":"Feature","properties":{"id":"GK100043","n":"Unteres Ennstal (Stmk) [DUJ]","u":0.7},"geometry":{"type":"Polygon","coordinates":[[[14.6338,47.7282],[14.6494,47.7264],[14.6564,47.7176],[14.6702,47.7243],[14.6747,47.7186],[14.6854,47.7188],[14.6874,47.714],[14.6955,47.7138],[14.6899,47.7108],[14.6921,47.7074],[14.6983,47.7084],[14.6857,47.698],[14.7123,47.683],[14.7146,47.6689],[14.7386,47.6753],[14.7482,47.6708],[14.7307,47.6702],[14.7341,47.6618],[14.7684,47.6564],[14.7673,47.6379],[14.7722,47.632],[14.7637,47.634],[14.756,47.6259],[14.7526,47.6153],[14.7458,47.6117],[14.7458,47.6064],[14.7528,47.5994],[14.7517,47.594],[14.7474,47.5943],[14.7477,47.6011],[14.7411,47.6068],[14.7319,47.6077],[14.7392,47.6094],[14.7517,47.6253],[14.7587,47.6293],[14.7587,47.6361],[14.7484,47.6425],[14.749,47.6488],[14.7464,47.6477],[14.741,47.6531],[14.7244,47.6512],[14.7293,47.6647],[14.7165,47.6634],[14.7098,47.6583],[14.7077,47.6586],[14.7109,47.6714],[14.7049,47.6726],[14.7064,47.6793],[14.6774,47.6953],[14.6834,47.7024],[14.681,47.7052],[14.667,47.71],[14.6418,47.7116],[14.6315,47.7077],[14.6341,47.7119],[14.6305,47.7196],[14.6338,47.7282]]]}},{"type":"Feature","properties":{"id":"GK100110","n":"Grazer Bergland westlich der Mur [MUR]","u":19.8},"geometry":{"type":"MultiPolygon","coordinates":[[[[15.319,47.2965],[15.3266,47.3011],[15.338,47.3169],[15.3643,47.3221],[15.3706,47.3159],[15.3696,47.3102],[15.3617,47.3037],[15.3336,47.2949],[15.319,47.2965]]],[[[15.3175,47.2957],[15.3178,47.294],[15.3118,47.2926],[15.3049,47.2852],[15.3057,47.2818],[15.2858,47.2785],[15.2905,47.276],[15.31,47.2796],[15.3243,47.2762],[15.3122,47.2729],[15.3074,47.266],[15.3117,47.2577],[15.3061,47.2512],[15.3095,47.2465],[15.308,47.2397],[15.3145,47.231],[15.3263,47.2257],[15.3398,47.2259],[15.3341,47.2203],[15.3334,47.2044],[15.3359,47.2007],[15.3285,47.2069],[15.3083,47.2114],[15.3113,47.2067],[15.3338,47.1961],[15.3244,47.1902],[15.3247,47.1839],[15.3208,47.1787],[15.316,47.1801],[15.2976,47.173],[15.3018,47.1696],[15.3133,47.1757],[15.3187,47.1755],[15.3176,47.1655],[15.3129,47.1571],[15.3234,47.1486],[15.316,47.1355],[15.3162,47.1306],[15.3078,47.1326],[15.3094,47.13],[15.3045,47.1275],[15.3106,47.1292],[15.3185,47.126],[15.3158,47.1247],[15.3146,47.1117],[15.3227,47.1096],[15.3212,47.1069],[15.3364,47.1093],[15.3379,47.1138],[15.3495,47.1135],[15.3532,47.1174],[15.3677,47.1172],[15.3739,47.1076],[15.3928,47.1059],[15.3938,47.1003],[15.391,47.0999],[15.4027,47.0844],[15.4016,47.0809],[15.3895,47.0766],[15.3905,47.0712],[15.3852,47.0643],[15.3902,47.0595],[15.3872,47.0587],[15.3869,47.0541],[15.3924,47.0521],[15.3818,47.0417],[15.3921,47.035],[15.3882,47.0308],[15.3897,47.027],[15.3812,47.0263],[15.3988,47.0227],[15.3992,47.0202],[15.3936,47.0157],[15.3936,47.0066],[15.3865,47.0098],[15.3782,47.0022],[15.3754,47.0085],[15.3798,46.996],[15.3796,46.9847],[15.3732,46.9753],[15.3741,46.9701],[15.365,46.9828],[15.363,46.9967],[15.3575,46.9924],[15.3633,46.985],[15.3637,46.9754],[15.3593,46.9813],[15.3484,46.9838],[15.3424,46.9986],[15.3244,47.0108],[15.3098,47.0259],[15.3094,47.0296],[15.2992,47.0366],[15.2987,47.041],[15.2936,47.0451],[15.2955,47.0603],[15.2867,47.0546],[15.265,47.077],[15.2547,47.0832],[15.2553,47.0772],[15.2735,47.0608],[15.2438,47.0547],[15.2383,47.0613],[15.2341,47.0598],[15.2304,47.0628],[15.2215,47.0574],[15.2179,47.0672],[15.2076,47.0694],[15.2035,47.0749],[15.2034,47.0839],[15.1914,47.0881],[15.1771,47.1016],[15.179,47.0953],[15.1937,47.0845],[15.202,47.069],[15.1929,47.068],[15.1877,47.0733],[15.1728,47.0766],[15.1734,47.081],[15.1684,47.0864],[15.1632,47.0838],[15.1604,47.0767],[15.1456,47.0843],[15.1325,47.0741],[15.1235,47.0954],[15.1228,47.1095],[15.108,47.1227],[15.1068,47.1201],[15.1188,47.1065],[15.1188,47.0945],[15.1167,47.0942],[15.1212,47.084],[15.1143,47.0826],[15.1017,47.0867],[15.0978,47.0838],[15.101,47.0798],[15.0904,47.0771],[15.0856,47.0822],[15.0888,47.083],[15.0766,47.0826],[15.0761,47.0794],[15.0818,47.0766],[15.0807,47.0698],[15.056,47.064],[15.0547,47.0671],[15.059,47.069],[15.0563,47.0848],[15.0621,47.095],[15.0475,47.1005],[15.0505,47.1034],[15.0489,47.1066],[15.0381,47.1075],[15.0186,47.1227],[15.0172,47.1258],[15.0246,47.1323],[15.0218,47.1389],[15.0171,47.1418],[15.0039,47.1415],[15.0103,47.1493],[15.0574,47.161],[15.0615,47.1663],[15.0692,47.1662],[15.0824,47.1737],[15.093,47.1754],[15.1446,47.2006],[15.219,47.2274],[15.2303,47.2439],[15.2424,47.2496],[15.2534,47.261],[15.2709,47.2684],[15.2855,47.2836],[15.3175,47.2957]]]]}},{"type":"Feature","properties":{"id":"GK100071","n":"Grebenzen [DRA]","u":0.9},"geometry":{"type":"Polygon","coordinates":[[[14.4585,47.1135],[14.4577,47.0998],[14.4757,47.0963],[14.4835,47.0912],[14.4873,47.0746],[14.4798,47.0679],[14.4914,47.0632],[14.4927,47.0559],[14.5016,47.0458],[14.5069,47.0305],[14.5033,47.0263],[14.4779,47.0193],[14.4718,47.0077],[14.471,47.011],[14.4639,47.0098],[14.4586,47.0143],[14.4571,47.0111],[14.4475,47.0256],[14.4389,47.0189],[14.4183,47.025],[14.4115,47.0178],[14.3934,47.0118],[14.3778,47.0007],[14.3771,47.0083],[14.3828,47.014],[14.372,47.0187],[14.3701,47.0224],[14.3457,47.0262],[14.3403,47.0238],[14.3313,47.0283],[14.3293,47.0359],[14.3314,47.0492],[14.3264,47.057],[14.3394,47.0668],[14.3465,47.0773],[14.3422,47.0815],[14.3394,47.0966],[14.3512,47.0967],[14.3568,47.1003],[14.35,47.1039],[14.3536,47.1099],[14.3594,47.1125],[14.3765,47.1121],[14.3887,47.1212],[14.402,47.1244],[14.4466,47.1099],[14.4585,47.1135]]]}},{"type":"Feature","properties":{"id":"GK100075","n":"Sattnitz [DRA]","u":41.8},"geometry":{"type":"Polygon","coordinates":[[[14.6163,46.5599],[14.5975,46.5367],[14.5936,46.5356],[14.5921,46.5392],[14.5853,46.5393],[14.5797,46.5492],[14.5646,46.5523],[14.5532,46.5588],[14.5371,46.5602],[14.5335,46.5643],[14.5178,46.5651],[14.4942,46.5794],[14.4841,46.5664],[14.4602,46.5704],[14.442,46.5666],[14.4218,46.5701],[14.4076,46.5662],[14.4029,46.5567],[14.385,46.5557],[14.3544,46.5473],[14.3436,46.5497],[14.3077,46.5453],[14.2847,46.5527],[14.2653,46.5455],[14.2169,46.5491],[14.1339,46.5359],[14.1112,46.5392],[14.0901,46.5488],[14.0621,46.5674],[14.0607,46.572],[14.0847,46.5839],[14.0848,46.5907],[14.1113,46.5987],[14.1285,46.593],[14.1305,46.5888],[14.1517,46.583],[14.1934,46.5881],[14.2282,46.5836],[14.2797,46.5923],[14.2921,46.5981],[14.3135,46.593],[14.3282,46.5976],[14.3598,46.5984],[14.3907,46.6032],[14.4371,46.6013],[14.4466,46.6055],[14.483,46.6022],[14.5034,46.5889],[14.5261,46.6076],[14.534,46.6027],[14.5541,46.6004],[14.5674,46.6045],[14.5831,46.5999],[14.5959,46.6047],[14.6107,46.6057],[14.6226,46.5988],[14.6267,46.5896],[14.6226,46.5856],[14.6222,46.575],[14.6163,46.5599]]]}},{"type":"Feature","properties":{"id":"GK100067","n":"Rosental [DRA]","u":2.8},"geometry":{"type":"Polygon","coordinates":[[[14.502,46.5736],[14.4968,46.5639],[14.4832,46.5591],[14.4553,46.5608],[14.4203,46.5545],[14.4059,46.5457],[14.3832,46.5378],[14.3395,46.5374],[14.3281,46.5312],[14.3268,46.5226],[14.303,46.5219],[14.2977,46.515],[14.2913,46.5166],[14.2916,46.5215],[14.26,46.5299],[14.2191,46.5274],[14.2059,46.5245],[14.2017,46.5203],[14.1974,46.5227],[14.1775,46.5221],[14.1682,46.516],[14.1715,46.5217],[14.1496,46.5215],[14.1206,46.5281],[14.0998,46.5266],[14.0627,46.5336],[14.0566,46.5355],[14.0587,46.5427],[14.0545,46.5453],[14.0401,46.5518],[14.0257,46.5539],[14.0391,46.5732],[14.0555,46.5756],[14.0773,46.5559],[14.097,46.5454],[14.1112,46.5392],[14.1383,46.536],[14.2169,46.5491],[14.2653,46.5455],[14.2847,46.5527],[14.3077,46.5453],[14.3436,46.5497],[14.3544,46.5473],[14.385,46.5557],[14.4029,46.5567],[14.4076,46.5662],[14.4218,46.5701],[14.442,46.5666],[14.4602,46.5704],[14.4786,46.5656],[14.4887,46.5691],[14.4942,46.5794],[14.502,46.5736]]]}},{"type":"Feature","properties":{"id":"GK100096","n":"Aichfeld-Murboden (Judenburg - Knittelfeld) [MUR]","u":39.8},"geometry":{"type":"Polygon","coordinates":[[[14.8292,47.2382],[14.8537,47.2179],[14.868,47.2151],[14.8823,47.2166],[14.9038,47.2066],[14.8808,47.197],[14.8635,47.1958],[14.8496,47.184],[14.8427,47.184],[14.8389,47.1764],[14.8447,47.163],[14.8487,47.1617],[14.8484,47.1542],[14.8447,47.1473],[14.8309,47.1381],[14.8003,47.1346],[14.7967,47.142],[14.7843,47.148],[14.785,47.1448],[14.7755,47.1461],[14.758,47.137],[14.7429,47.1409],[14.7405,47.1298],[14.7228,47.1374],[14.7123,47.1481],[14.6989,47.1524],[14.6844,47.1674],[14.6684,47.1672],[14.6645,47.173],[14.656,47.1727],[14.6536,47.1791],[14.6335,47.1972],[14.606,47.2131],[14.572,47.2137],[14.5637,47.2203],[14.5519,47.2211],[14.5522,47.2249],[14.5444,47.2304],[14.5436,47.2347],[14.5391,47.2319],[14.535,47.2335],[14.5063,47.2539],[14.4947,47.2524],[14.5001,47.2572],[14.4821,47.2667],[14.4842,47.2678],[14.4785,47.2831],[14.4609,47.2954],[14.4556,47.3027],[14.4494,47.3038],[14.4532,47.3081],[14.4625,47.2977],[14.4813,47.2857],[14.4864,47.2956],[14.4835,47.3074],[14.4701,47.3274],[14.4702,47.3414],[14.4665,47.3456],[14.4687,47.3608],[14.4733,47.3541],[14.4742,47.328],[14.4856,47.3185],[14.4838,47.3156],[14.4881,47.3124],[14.4859,47.3093],[14.4916,47.3058],[14.4885,47.3045],[14.4913,47.3003],[14.4902,47.2951],[14.4958,47.2917],[14.4954,47.2894],[14.4906,47.2915],[14.4845,47.2814],[14.4875,47.2763],[14.491,47.2765],[14.4969,47.265],[14.5061,47.2622],[14.5102,47.2671],[14.5386,47.2432],[14.5451,47.2398],[14.5474,47.2414],[14.5517,47.2367],[14.5675,47.2346],[14.5672,47.2299],[14.5777,47.2281],[14.5832,47.2322],[14.5942,47.23],[14.6084,47.2242],[14.6241,47.2123],[14.6324,47.2155],[14.6279,47.2104],[14.6338,47.207],[14.6503,47.2081],[14.6564,47.2133],[14.6753,47.2113],[14.7066,47.222],[14.7268,47.2238],[14.7344,47.2314],[14.7522,47.2278],[14.7708,47.2294],[14.7795,47.2353],[14.7953,47.2321],[14.8048,47.2353],[14.8062,47.2386],[14.8292,47.2382]]]}},{"type":"Feature","properties":{"id":"GK100134","n":"Seewinkel [LRR]","u":78.4},"geometry":{"type":"Polygon","coordinates":[[[16.8498,47.9443],[16.9134,47.8955],[16.9671,47.8732],[17.0144,47.8649],[17.0111,47.8576],[17.0514,47.8381],[17.0467,47.8331],[17.0496,47.8315],[17.0468,47.8285],[17.0611,47.8226],[17.0599,47.82],[17.0749,47.8083],[17.051,47.7938],[17.0582,47.786],[17.0611,47.7776],[17.0639,47.7776],[17.0671,47.768],[17.0707,47.7508],[17.07,47.728],[17.093,47.7082],[17.0397,47.7047],[16.9124,47.6878],[16.8753,47.6883],[16.8715,47.6899],[16.8687,47.7217],[16.8666,47.7217],[16.8558,47.7115],[16.839,47.7047],[16.8286,47.6828],[16.819,47.6826],[16.8088,47.6922],[16.8121,47.6947],[16.8084,47.7049],[16.8175,47.7038],[16.8227,47.7079],[16.8077,47.7162],[16.8084,47.7204],[16.8023,47.7261],[16.8021,47.7308],[16.7857,47.7442],[16.7752,47.7391],[16.7721,47.7324],[16.7653,47.7347],[16.7602,47.7454],[16.7596,47.7572],[16.7659,47.7676],[16.7639,47.7731],[16.7673,47.7838],[16.7842,47.8107],[16.8364,47.8654],[16.8598,47.9005],[16.864,47.9244],[16.8592,47.9329],[16.8432,47.938],[16.8498,47.9443]]]}},{"type":"Feature","properties":{"id":"GK100148","n":"Wechselgebiet [LRR]","u":0.7},"geometry":{"type":"Polygon","coordinates":[[[16.0401,47.5011],[16.0695,47.4597],[16.0604,47.4604],[16.0627,47.4492],[16.0536,47.4581],[16.0551,47.4619],[16.0483,47.4612],[16.0619,47.4448],[16.0457,47.4407],[16.0106,47.422],[15.9981,47.4012],[15.9932,47.3985],[15.9952,47.3967],[15.9886,47.3983],[15.9867,47.3931],[16.0,47.3827],[16.0015,47.376],[15.9978,47.3729],[15.9874,47.3734],[15.9841,47.3693],[15.9803,47.3731],[15.9693,47.3705],[15.9704,47.3652],[15.9825,47.3583],[15.9807,47.3544],[15.9731,47.3526],[15.9763,47.3498],[15.9731,47.3464],[15.975,47.3436],[15.9588,47.343],[15.9534,47.3574],[15.9576,47.356],[15.9588,47.3506],[15.9598,47.3538],[15.9631,47.3528],[15.9632,47.3575],[15.9317,47.3671],[15.931,47.3745],[15.9243,47.3774],[15.9275,47.3719],[15.9246,47.3692],[15.9141,47.3719],[15.9146,47.3773],[15.9032,47.3829],[15.8973,47.3913],[15.8698,47.3961],[15.8698,47.4035],[15.8639,47.4163],[15.8726,47.42],[15.8766,47.4275],[15.8745,47.4308],[15.8609,47.4315],[15.8584,47.4368],[15.8454,47.44],[15.8356,47.4355],[15.8167,47.4351],[15.8108,47.4434],[15.811,47.4492],[15.7962,47.4603],[15.8113,47.4669],[15.8061,47.4785],[15.7983,47.4808],[15.8062,47.4986],[15.8052,47.5061],[15.795,47.5094],[15.7976,47.5195],[15.7945,47.5223],[15.7969,47.5246],[15.7827,47.5259],[15.7814,47.5316],[15.7891,47.5397],[15.8013,47.5446],[15.8016,47.5566],[15.809,47.572],[15.8274,47.562],[15.8407,47.5636],[15.8459,47.5679],[15.8642,47.566],[15.8735,47.5736],[15.8818,47.5726],[15.8901,47.571],[15.9055,47.5614],[15.9019,47.5461],[15.912,47.536],[15.9134,47.5304],[15.9356,47.5267],[15.956,47.5171],[15.9742,47.5203],[16.0014,47.5152],[16.0163,47.517],[16.0401,47.5011]]]}},{"type":"Feature","properties":{"id":"GK100117","n":"N\u00f6rdliche Kalkalpen [MUR]","u":18.5},"geometry":{"type":"MultiPolygon","coordinates":[[[[15.7227,47.6769],[15.7076,47.6805],[15.6859,47.6773],[15.6484,47.6865],[15.6168,47.679],[15.6068,47.6735],[15.5681,47.6711],[15.5076,47.6506],[15.4848,47.6497],[15.4446,47.6347],[15.4369,47.6401],[15.4277,47.64],[15.4114,47.6352],[15.4026,47.6271],[15.4021,47.6303],[15.4055,47.6321],[15.4014,47.6385],[15.4035,47.645],[15.4148,47.6551],[15.3991,47.6641],[15.388,47.6666],[15.3871,47.6741],[15.3789,47.6765],[15.3763,47.6827],[15.3785,47.6927],[15.3903,47.689],[15.3962,47.694],[15.3966,47.7079],[15.4076,47.7057],[15.4215,47.7101],[15.4107,47.7184],[15.3997,47.7207],[15.3966,47.7243],[15.395,47.738],[15.4067,47.7372],[15.419,47.7407],[15.4358,47.753],[15.4591,47.7538],[15.4704,47.7584],[15.483,47.7574],[15.4886,47.7824],[15.4842,47.7902],[15.4858,47.7922],[15.5055,47.7926],[15.5098,47.7969],[15.5284,47.7997],[15.5436,47.7886],[15.5476,47.7898],[15.5543,47.786],[15.5729,47.7908],[15.5835,47.7997],[15.6018,47.7998],[15.6009,47.796],[15.6066,47.7913],[15.6084,47.7832],[15.6201,47.779],[15.6141,47.7605],[15.6087,47.7596],[15.6122,47.747],[15.6169,47.7448],[15.6166,47.7414],[15.6271,47.7309],[15.6357,47.7155],[15.6516,47.7176],[15.6704,47.71],[15.6853,47.6899],[15.7046,47.6864],[15.7227,47.6769]]],[[[15.3459,47.6289],[15.3456,47.6264],[15.3403,47.629],[15.3305,47.6273],[15.3175,47.6187],[15.3378,47.6204],[15.3397,47.6105],[15.3367,47.607],[15.3364,47.5876],[15.3394,47.5773],[15.3271,47.5687],[15.317,47.568],[15.3141,47.5622],[15.2848,47.5588],[15.2779,47.5524],[15.2619,47.5565],[15.2421,47.5491],[15.2244,47.5473],[15.2084,47.555],[15.1975,47.5448],[15.1795,47.5427],[15.1615,47.5501],[15.1603,47.5432],[15.1677,47.536],[15.1637,47.5326],[15.1533,47.532],[15.1483,47.5252],[15.1281,47.5289],[15.1241,47.5257],[15.0823,47.5305],[15.0855,47.5261],[15.0807,47.5189],[15.0845,47.511],[15.044,47.5083],[15.0131,47.523],[14.983,47.5273],[14.9698,47.5387],[14.9769,47.5418],[14.983,47.5518],[14.9693,47.5706],[14.9644,47.5732],[14.9733,47.575],[14.9789,47.5863],[14.9903,47.5926],[15.023,47.5974],[15.0282,47.6054],[15.0591,47.6081],[15.0697,47.6057],[15.0853,47.6139],[15.1139,47.6147],[15.1234,47.6106],[15.1617,47.6254],[15.1621,47.6292],[15.1675,47.6313],[15.1786,47.6326],[15.1921,47.6266],[15.2011,47.6296],[15.22,47.6273],[15.2274,47.6315],[15.2707,47.6403],[15.2732,47.6388],[15.2717,47.6348],[15.2863,47.6214],[15.2987,47.6155],[15.307,47.6064],[15.3158,47.6056],[15.3138,47.6118],[15.3179,47.6251],[15.3382,47.6304],[15.3459,47.6289]]]]}},{"type":"Feature","properties":{"id":"GK100081","n":"Wulkatal [LRR]","u":51.6},"geometry":{"type":"Polygon","coordinates":[[[16.6218,47.8846],[16.6341,47.8765],[16.6653,47.8725],[16.6769,47.874],[16.6947,47.8636],[16.6997,47.8564],[16.6999,47.8516],[16.6939,47.8445],[16.6755,47.8354],[16.6715,47.8238],[16.6794,47.8041],[16.6815,47.7874],[16.6749,47.7696],[16.6742,47.7537],[16.6778,47.7486],[16.6741,47.7482],[16.67,47.7408],[16.6555,47.742],[16.6401,47.7481],[16.6344,47.7595],[16.6268,47.757],[16.6087,47.7604],[16.5989,47.756],[16.5921,47.7592],[16.5878,47.7552],[16.5678,47.7515],[16.5485,47.7515],[16.5462,47.7494],[16.5489,47.7433],[16.538,47.7398],[16.5224,47.7452],[16.5182,47.7389],[16.5216,47.7339],[16.5133,47.7266],[16.4979,47.7266],[16.4928,47.7232],[16.479,47.7221],[16.4673,47.7239],[16.466,47.714],[16.4697,47.7088],[16.4673,47.7061],[16.4454,47.7026],[16.429,47.6862],[16.4127,47.6825],[16.4132,47.6714],[16.4209,47.6647],[16.416,47.6535],[16.4097,47.6499],[16.4009,47.6602],[16.3931,47.662],[16.3848,47.6562],[16.3765,47.6608],[16.3864,47.6725],[16.3846,47.6757],[16.3906,47.6807],[16.3804,47.6895],[16.3698,47.6932],[16.3619,47.7034],[16.3627,47.7089],[16.3439,47.7142],[16.3352,47.7126],[16.3364,47.7164],[16.3304,47.7217],[16.3343,47.7342],[16.3284,47.7396],[16.3302,47.7506],[16.3268,47.7506],[16.3299,47.7562],[16.3257,47.7701],[16.3061,47.7843],[16.3229,47.7884],[16.3322,47.8011],[16.3442,47.8015],[16.3492,47.8066],[16.3484,47.816],[16.352,47.8192],[16.358,47.8221],[16.3723,47.816],[16.3787,47.8268],[16.3986,47.8345],[16.4042,47.8451],[16.4117,47.8463],[16.4183,47.8563],[16.4242,47.859],[16.4347,47.8555],[16.436,47.8623],[16.4467,47.8605],[16.4488,47.8556],[16.4655,47.8426],[16.4574,47.8354],[16.4685,47.832],[16.4752,47.8362],[16.4893,47.8372],[16.4962,47.8443],[16.5011,47.8421],[16.5081,47.8467],[16.5094,47.851],[16.5176,47.8509],[16.5224,47.8546],[16.5287,47.8515],[16.5295,47.855],[16.5225,47.8578],[16.5257,47.8602],[16.5304,47.8583],[16.5323,47.8654],[16.5412,47.8645],[16.5427,47.8606],[16.5396,47.8609],[16.5377,47.8564],[16.5442,47.8581],[16.5474,47.864],[16.5593,47.8654],[16.5701,47.8732],[16.5768,47.869],[16.583,47.8732],[16.5878,47.8696],[16.6055,47.8747],[16.6113,47.8783],[16.6106,47.8824],[16.6218,47.8846]]]}},{"type":"Feature","properties":{"id":"GK100028","n":"Ybbstal / Ybbser Scheibe [DUJ]","u":14.9},"geometry":{"type":"Polygon","coordinates":[[[15.1096,48.1975],[15.1183,48.1804],[15.1113,48.1722],[15.1187,48.1672],[15.0857,48.1502],[15.067,48.1356],[15.0323,48.1215],[15.0098,48.115],[14.9908,48.1136],[14.9314,48.0947],[14.9185,48.0831],[14.9046,48.0747],[14.8919,48.0718],[14.8837,48.0643],[14.8578,48.056],[14.8264,48.0531],[14.8048,48.0429],[14.7949,48.0439],[14.7914,48.0345],[14.7825,48.0264],[14.7409,48.0019],[14.7332,48.0039],[14.7353,48.0093],[14.7464,48.0161],[14.7469,48.0196],[14.7654,48.0295],[14.7777,48.0403],[14.7746,48.0509],[14.7764,48.0683],[14.7919,48.0789],[14.7867,48.0821],[14.7867,48.0854],[14.7927,48.0976],[14.7984,48.0989],[14.8001,48.1026],[14.8141,48.105],[14.8376,48.116],[14.8907,48.1293],[14.9137,48.127],[14.9235,48.1297],[14.9245,48.1331],[14.945,48.129],[14.9819,48.1331],[15.0026,48.1272],[15.0454,48.1577],[15.0731,48.1705],[15.0817,48.1804],[15.082,48.1834],[15.077,48.1856],[15.1009,48.1913],[15.1096,48.1975]]]}},{"type":"Feature","properties":{"id":"GK100008","n":"Helvetikum [DBJ]","u":0.0},"geometry":{"type":"Polygon","coordinates":[[[10.2127,47.3804],[10.1993,47.369],[10.1742,47.3561],[10.1707,47.3492],[10.1618,47.3433],[10.0975,47.332],[10.0794,47.3328],[10.0715,47.3378],[10.0761,47.3429],[10.0707,47.3467],[10.0722,47.3522],[10.0988,47.3572],[10.0998,47.3547],[10.1195,47.3755],[10.1419,47.367],[10.1658,47.3686],[10.1693,47.3707],[10.1695,47.3858],[10.1825,47.388],[10.1818,47.3924],[10.1953,47.3893],[10.2001,47.3833],[10.2127,47.3804]]]}},{"type":"Feature","properties":{"id":"GK100185","n":"Salzburger Hohe Tauern [MUR]","u":1.6},"geometry":{"type":"Polygon","coordinates":[[[13.8646,47.2521],[13.8684,47.2413],[13.8589,47.2339],[13.8528,47.2329],[13.8506,47.2286],[13.8827,47.2044],[13.9036,47.1948],[13.8945,47.1855],[13.8985,47.1822],[13.9086,47.1856],[13.9158,47.1789],[13.9172,47.1702],[13.9384,47.1689],[13.9545,47.1633],[13.9674,47.1503],[13.9925,47.1427],[13.9913,47.1379],[13.9959,47.1331],[13.9842,47.1249],[13.9726,47.1269],[13.9599,47.1237],[13.9539,47.1253],[13.9438,47.1363],[13.9375,47.1358],[13.9094,47.1238],[13.8982,47.1139],[13.893,47.1143],[13.8816,47.1079],[13.8831,47.1044],[13.878,47.0945],[13.8862,47.0916],[13.9064,47.0705],[13.904,47.0631],[13.8914,47.0549],[13.8807,47.0371],[13.8644,47.0212],[13.8646,46.9963],[13.8441,46.9877],[13.8421,46.9794],[13.8331,46.9742],[13.8315,46.9654],[13.8087,46.9503],[13.7992,46.9506],[13.7992,46.9719],[13.7932,46.9833],[13.7956,46.9873],[13.7908,46.9907],[13.7658,46.9812],[13.7583,46.9827],[13.758,46.9887],[13.7485,46.994],[13.7321,46.9891],[13.7055,46.9946],[13.7043,46.9978],[13.6923,47.0029],[13.6924,47.0078],[13.6827,47.0046],[13.6765,47.0068],[13.6551,47.005],[13.6509,47.0105],[13.664,47.0163],[13.6729,47.0275],[13.6827,47.0311],[13.6826,47.0377],[13.6873,47.0402],[13.6447,47.04],[13.6376,47.0559],[13.6167,47.0587],[13.577,47.0523],[13.5202,47.0686],[13.4568,47.0807],[13.4391,47.0779],[13.4271,47.0813],[13.4064,47.0689],[13.3974,47.0704],[13.3819,47.0809],[13.3805,47.0928],[13.3625,47.0986],[13.353,47.0981],[13.3466,47.1112],[13.3433,47.1113],[13.3332,47.1236],[13.337,47.142],[13.329,47.1456],[13.3185,47.1582],[13.3344,47.1731],[13.3323,47.1878],[13.3445,47.1968],[13.3516,47.1979],[13.352,47.2037],[13.3568,47.2095],[13.3698,47.2159],[13.3728,47.2169],[13.3714,47.2132],[13.3768,47.2074],[13.3965,47.2064],[13.4084,47.2093],[13.4067,47.2121],[13.412,47.216],[13.4379,47.2207],[13.4556,47.2169],[13.4724,47.2257],[13.4893,47.2268],[13.5024,47.2314],[13.511,47.229],[13.5305,47.2394],[13.5558,47.2378],[13.5615,47.2424],[13.5633,47.2547],[13.5788,47.2551],[13.582,47.2767],[13.6018,47.2768],[13.6092,47.2832],[13.6209,47.2829],[13.6315,47.2739],[13.6517,47.2762],[13.6675,47.2719],[13.6745,47.2741],[13.6943,47.2649],[13.696,47.2603],[13.7114,47.2592],[13.7152,47.2717],[13.7222,47.2771],[13.7478,47.2772],[13.761,47.2667],[13.7852,47.2757],[13.7899,47.2806],[13.7875,47.2886],[13.7972,47.2872],[13.8055,47.293],[13.819,47.2954],[13.8253,47.293],[13.8236,47.2868],[13.827,47.2823],[13.8227,47.2676],[13.8646,47.2521]]]}},{"type":"Feature","properties":{"id":"GK100055","n":"Salzburger Hohe Tauern [DUJ]","u":2.3},"geometry":{"type":"Polygon","coordinates":[[[13.5738,47.4054],[13.5714,47.393],[13.5819,47.3826],[13.5829,47.368],[13.6033,47.3297],[13.5956,47.3168],[13.5963,47.3121],[13.6028,47.3108],[13.5976,47.2939],[13.6087,47.2834],[13.6139,47.2831],[13.6081,47.2829],[13.6018,47.2768],[13.5827,47.2773],[13.5788,47.2551],[13.5633,47.2547],[13.5615,47.2424],[13.5558,47.2378],[13.5305,47.2394],[13.511,47.229],[13.5024,47.2314],[13.4893,47.2268],[13.4724,47.2257],[13.4556,47.2169],[13.4372,47.2207],[13.4112,47.2159],[13.4067,47.2121],[13.4084,47.2093],[13.3965,47.2064],[13.3763,47.2077],[13.3714,47.2132],[13.3691,47.2344],[13.3637,47.2439],[13.3556,47.2494],[13.356,47.2578],[13.363,47.2664],[13.3592,47.2845],[13.3436,47.2989],[13.3498,47.3175],[13.3476,47.3265],[13.3498,47.3311],[13.339,47.3468],[13.3283,47.3478],[13.3305,47.3763],[13.3453,47.3894],[13.3689,47.3926],[13.3716,47.4005],[13.3954,47.4157],[13.4216,47.411],[13.4296,47.4067],[13.4531,47.4056],[13.4748,47.4151],[13.5026,47.4168],[13.4961,47.4202],[13.4953,47.4269],[13.5017,47.4359],[13.5119,47.4422],[13.5091,47.4546],[13.5164,47.4679],[13.5196,47.4819],[13.51,47.4937],[13.5157,47.4961],[13.5344,47.495],[13.5731,47.4804],[13.5856,47.4744],[13.5875,47.4698],[13.5907,47.4707],[13.5921,47.4601],[13.5899,47.4558],[13.5785,47.4412],[13.5738,47.4264],[13.5638,47.4202],[13.5649,47.4117],[13.5738,47.4054]]]}},{"type":"Feature","properties":{"id":"GK100068","n":"Tiebel [DRA]","u":8.1},"geometry":{"type":"Polygon","coordinates":[[[14.1071,46.7221],[14.1009,46.7095],[14.0896,46.715],[14.0826,46.7105],[14.0824,46.7034],[14.0879,46.6965],[14.0546,46.689],[14.0195,46.6868],[14.0193,46.6909],[14.01,46.696],[14.0267,46.7019],[14.0444,46.6989],[14.0574,46.7058],[14.0586,46.714],[14.077,46.7209],[14.0821,46.7297],[14.0901,46.7356],[14.0871,46.7412],[14.0896,46.7516],[14.0586,46.7473],[14.0519,46.7422],[14.0451,46.7416],[14.0117,46.766],[13.9646,46.7709],[13.8865,46.8052],[13.866,46.808],[13.8551,46.816],[13.8599,46.8308],[13.8868,46.8496],[13.8901,46.8618],[13.8993,46.8511],[13.8951,46.8522],[13.8702,46.8355],[13.8643,46.8217],[13.8688,46.8147],[13.8898,46.8119],[13.9128,46.7998],[13.9243,46.7995],[13.9232,46.7941],[13.9366,46.7863],[13.9676,46.7785],[14.0077,46.7741],[14.0197,46.7639],[14.0482,46.7485],[14.0503,46.7439],[14.0579,46.7489],[14.0975,46.7546],[14.1217,46.7723],[14.1264,46.7817],[14.1215,46.7872],[14.1313,46.7881],[14.1247,46.7691],[14.112,46.7644],[14.1074,46.7561],[14.1103,46.7517],[14.1205,46.7543],[14.129,46.7518],[14.0998,46.7395],[14.1071,46.7221]]]}},{"type":"Feature","properties":{"id":"GK100102","n":"Unteres Murtal (Abstrom Leibnitzer Feld bis Staatsgrenze) [MUR]","u":47.8},"geometry":{"type":"Polygon","coordinates":[[[15.988,46.7424],[15.9935,46.7305],[16.004,46.7228],[16.0019,46.7191],[16.0039,46.7169],[16.0132,46.7175],[16.0214,46.7109],[16.0304,46.7114],[16.0271,46.7057],[16.0299,46.7036],[16.0283,46.7004],[16.0426,46.6864],[16.0378,46.6556],[16.0109,46.6649],[15.9978,46.6806],[15.9471,46.6892],[15.9126,46.7101],[15.8661,46.7215],[15.8314,46.7218],[15.8023,46.7157],[15.7714,46.6996],[15.7562,46.6976],[15.7391,46.6999],[15.7227,46.6958],[15.6956,46.6988],[15.6744,46.707],[15.6454,46.7042],[15.6409,46.7062],[15.6368,46.7054],[15.6359,46.7015],[15.6311,46.7088],[15.6158,46.7141],[15.6115,46.7197],[15.5873,46.7271],[15.5852,46.7241],[15.589,46.7199],[15.586,46.719],[15.5797,46.7235],[15.5819,46.7272],[15.5728,46.7313],[15.5859,46.7354],[15.6037,46.7482],[15.6117,46.7489],[15.628,46.7603],[15.6338,46.7735],[15.661,46.7712],[15.6662,46.7658],[15.6723,46.7692],[15.6689,46.7647],[15.6706,46.7625],[15.6885,46.7557],[15.6923,46.7594],[15.6952,46.7548],[15.7197,46.7542],[15.7381,46.76],[15.7388,46.7643],[15.7447,46.7584],[15.7502,46.7596],[15.7525,46.7563],[15.7638,46.754],[15.7761,46.755],[15.7788,46.7523],[15.7914,46.7534],[15.7894,46.7593],[15.8044,46.7541],[15.8108,46.7596],[15.8115,46.7531],[15.8194,46.7528],[15.8268,46.757],[15.8264,46.7602],[15.8453,46.763],[15.8721,46.7527],[15.8853,46.7588],[15.8858,46.7648],[15.9047,46.7691],[15.9084,46.7655],[15.9326,46.7601],[15.934,46.7544],[15.9461,46.7479],[15.9608,46.7441],[15.9659,46.7463],[15.9678,46.7422],[15.988,46.7424]]]}},{"type":"Feature","properties":{"id":"GK100061","n":"Glantal [DRA]","u":59.9},"geometry":{"type":"Polygon","coordinates":[[[14.1034,46.7026],[14.1022,46.7138],[14.1175,46.7235],[14.134,46.7217],[14.1384,46.7276],[14.1529,46.7339],[14.1938,46.7212],[14.2817,46.7367],[14.3017,46.7459],[14.3181,46.7476],[14.33,46.7526],[14.3514,46.7643],[14.36,46.7728],[14.3687,46.776],[14.3741,46.7843],[14.3848,46.7891],[14.3863,46.7835],[14.3821,46.7681],[14.3943,46.7642],[14.3972,46.7604],[14.3906,46.7448],[14.397,46.7366],[14.3908,46.728],[14.3866,46.7127],[14.3497,46.678],[14.3277,46.6733],[14.3183,46.6677],[14.3141,46.6545],[14.3079,46.6524],[14.2957,46.6542],[14.2941,46.6579],[14.2886,46.6504],[14.2741,46.6561],[14.2686,46.6665],[14.2578,46.6668],[14.2691,46.67],[14.2974,46.6701],[14.3122,46.6798],[14.3113,46.6839],[14.3293,46.6917],[14.3348,46.702],[14.3501,46.7059],[14.3582,46.7168],[14.3613,46.7298],[14.3726,46.7381],[14.3852,46.739],[14.3743,46.7434],[14.373,46.7589],[14.3641,46.7598],[14.3483,46.7498],[14.3402,46.7341],[14.3009,46.7309],[14.2866,46.7254],[14.2745,46.7139],[14.2642,46.7211],[14.2576,46.721],[14.2159,46.716],[14.2147,46.7104],[14.2061,46.7076],[14.1875,46.7201],[14.1607,46.7221],[14.1593,46.7089],[14.1641,46.6988],[14.1533,46.6977],[14.1507,46.6937],[14.1179,46.6921],[14.1063,46.6853],[14.0923,46.6824],[14.0785,46.6713],[14.0854,46.6635],[14.0855,46.659],[14.0768,46.6576],[14.0692,46.6714],[14.0863,46.6888],[14.0912,46.6999],[14.1034,46.7026]]]}},{"type":"Feature","properties":{"id":"GK100012","n":"Oberinnviertler Seenplatte [DBJ]","u":12.9},"geometry":{"type":"Polygon","coordinates":[[[13.1034,48.0259],[13.0842,48.0028],[13.075,48.005],[13.0736,48.0074],[13.0782,48.012],[13.0733,48.0161],[13.0582,48.0132],[13.063,48.0193],[13.0553,48.0257],[13.0582,48.03],[13.045,48.0281],[13.0473,48.039],[13.042,48.0408],[13.0298,48.0323],[13.0226,48.0323],[13.0144,48.0367],[13.0046,48.0296],[12.9762,48.0232],[12.972,48.0233],[12.9609,48.033],[12.9399,48.0364],[12.9216,48.0234],[12.9107,48.022],[12.9032,48.0077],[12.8979,48.0057],[12.8934,47.9985],[12.8922,47.9912],[12.8782,47.9966],[12.8605,47.9963],[12.8579,48.0074],[12.8459,48.0203],[12.7698,48.0659],[12.7578,48.0762],[12.752,48.088],[12.7494,48.1103],[12.7593,48.1195],[12.7605,48.1273],[12.7726,48.1277],[12.7865,48.1232],[12.7986,48.1459],[12.8182,48.1521],[12.8201,48.142],[12.8267,48.1393],[12.8231,48.1283],[12.8371,48.1178],[12.8341,48.1096],[12.8354,48.1021],[12.8503,48.0731],[12.8684,48.0642],[12.89,48.0602],[12.8983,48.0671],[12.9221,48.0753],[12.9287,48.0912],[12.9391,48.0965],[12.9153,48.1036],[12.9095,48.109],[12.91,48.1215],[12.9177,48.1325],[12.9132,48.1418],[12.9244,48.1411],[12.975,48.124],[12.9826,48.1065],[13.0066,48.0957],[13.0135,48.0892],[13.0371,48.0937],[13.0551,48.0787],[13.0546,48.0575],[13.0726,48.0518],[13.0785,48.0536],[13.0818,48.0661],[13.0802,48.071],[13.0722,48.0725],[13.0805,48.0771],[13.071,48.0815],[13.0861,48.0795],[13.0948,48.0876],[13.0964,48.0971],[13.1076,48.0657],[13.1089,48.0431],[13.1034,48.0259]]]}},{"type":"Feature","properties":{"id":"GK100060","n":"Gailtal [DRA]","u":18.1},"geometry":{"type":"Polygon","coordinates":[[[13.8293,46.582],[13.8379,46.591],[13.8574,46.6008],[13.8865,46.6058],[13.8836,46.5934],[13.8852,46.5869],[13.8766,46.5794],[13.8763,46.5682],[13.8695,46.5499],[13.848,46.5429],[13.776,46.5381],[13.7201,46.5476],[13.6803,46.5457],[13.6812,46.5488],[13.6901,46.5511],[13.6845,46.5578],[13.6748,46.562],[13.6649,46.5645],[13.6313,46.5636],[13.6323,46.5654],[13.6175,46.5728],[13.6001,46.5729],[13.5456,46.5851],[13.5185,46.5872],[13.4691,46.6019],[13.4479,46.5988],[13.3088,46.6089],[13.2892,46.6041],[13.2901,46.6067],[13.2719,46.6124],[13.2549,46.6102],[13.2341,46.6184],[13.1936,46.6262],[13.1858,46.6237],[13.1712,46.6302],[13.135,46.6345],[13.1209,46.6404],[13.1121,46.6379],[13.1132,46.6413],[13.1026,46.6376],[13.0913,46.6425],[13.0317,46.6509],[12.9746,46.6667],[12.9758,46.6695],[12.9966,46.6739],[13.0029,46.6818],[13.0461,46.6649],[13.1322,46.6602],[13.1747,46.6437],[13.2195,46.6401],[13.2441,46.6314],[13.2904,46.624],[13.3099,46.6267],[13.3303,46.6201],[13.3668,46.6215],[13.3708,46.6228],[13.3698,46.6281],[13.3946,46.6365],[13.4255,46.6283],[13.4377,46.6331],[13.4611,46.6305],[13.4699,46.6265],[13.4757,46.6164],[13.5423,46.5962],[13.5885,46.5976],[13.6261,46.5925],[13.6364,46.5835],[13.6774,46.5728],[13.7062,46.5749],[13.7246,46.5712],[13.7519,46.5769],[13.7792,46.5716],[13.8022,46.5733],[13.8121,46.5706],[13.8328,46.5741],[13.8293,46.582]]]}},{"type":"Feature","properties":{"id":"GK100021","n":"Parndorfer Platte [LRR]","u":50.7},"geometry":{"type":"Polygon","coordinates":[[[16.9714,48.0362],[16.9696,48.0218],[16.9897,48.0168],[17.0025,48.0054],[17.0042,47.9977],[17.0137,47.988],[17.0302,47.9769],[17.0628,47.9691],[17.0721,47.9592],[17.0791,47.9567],[17.0849,47.9475],[17.1028,47.9452],[17.0901,47.9343],[17.1125,47.9272],[17.0961,47.9042],[17.1043,47.8992],[17.0852,47.8745],[17.0776,47.8775],[17.0487,47.8718],[17.0395,47.8668],[17.0178,47.8685],[17.0145,47.8646],[16.9671,47.8732],[16.9065,47.8995],[16.8373,47.9522],[16.8404,47.9746],[16.8664,47.9999],[16.8658,48.0184],[16.8691,48.0278],[16.9076,48.044],[16.9525,48.0462],[16.9726,48.0379],[16.9745,48.0355],[16.9714,48.0362]]]}},{"type":"Feature","properties":{"id":"GK100113","n":"Kristallin der Koralpe, Stubalpe und Gleinalpe [MUR]","u":0.4},"geometry":{"type":"Polygon","coordinates":[[[15.1999,47.4068],[15.2116,47.405],[15.2112,47.4014],[15.2165,47.4043],[15.2182,47.4003],[15.2385,47.3953],[15.2619,47.4046],[15.284,47.4044],[15.2827,47.3972],[15.2852,47.3919],[15.3089,47.3906],[15.3043,47.3786],[15.3055,47.373],[15.3161,47.3692],[15.3159,47.3655],[15.3201,47.3685],[15.3317,47.3625],[15.343,47.3507],[15.3445,47.3442],[15.3408,47.34],[15.3478,47.3417],[15.3503,47.3351],[15.3643,47.3221],[15.338,47.3169],[15.3204,47.2966],[15.3145,47.2988],[15.3172,47.2952],[15.2855,47.2836],[15.2709,47.2684],[15.2534,47.261],[15.2424,47.2496],[15.2303,47.2439],[15.219,47.2274],[15.1446,47.2006],[15.093,47.1754],[15.0824,47.1737],[15.0692,47.1662],[15.0615,47.1663],[15.0574,47.161],[15.0103,47.1493],[15.0039,47.1415],[15.0171,47.1418],[15.0218,47.1389],[15.0246,47.1323],[15.0172,47.1258],[15.0186,47.1227],[15.0381,47.1075],[15.0489,47.1066],[15.0505,47.1034],[15.0475,47.1005],[15.0631,47.0932],[15.0563,47.0848],[15.0586,47.0704],[15.0474,47.074],[15.0478,47.0662],[15.0395,47.0601],[15.0452,47.052],[15.0672,47.0401],[15.0823,47.0371],[15.102,47.0347],[15.1063,47.0368],[15.1058,47.0393],[15.112,47.0403],[15.1362,47.0338],[15.1732,47.0351],[15.1765,47.0299],[15.1844,47.0296],[15.1925,47.0203],[15.1977,47.0207],[15.2134,47.0042],[15.2177,47.0063],[15.2238,47.0026],[15.2245,47.0],[15.2189,46.996],[15.2077,46.9959],[15.208,46.9934],[15.2021,46.9939],[15.1958,46.989],[15.2084,46.9868],[15.2085,46.9825],[15.213,46.9811],[15.2239,46.9847],[15.2284,46.9772],[15.2258,46.9712],[15.2369,46.9666],[15.2415,46.9656],[15.2497,46.9716],[15.2536,46.9693],[15.2465,46.9632],[15.249,46.9566],[15.2446,46.9488],[15.2464,46.9466],[15.2387,46.945],[15.2516,46.9407],[15.2552,46.9358],[15.2426,46.9343],[15.2255,46.941],[15.2175,46.9407],[15.231,46.9279],[15.2446,46.9205],[15.2333,46.9181],[15.2226,46.9203],[15.2226,46.9176],[15.2154,46.9234],[15.2042,46.9228],[15.2065,46.9177],[15.2121,46.9148],[15.2121,46.907],[15.2214,46.9105],[15.2233,46.9077],[15.2192,46.9066],[15.2192,46.9037],[15.2298,46.9037],[15.2273,46.9013],[15.2397,46.8988],[15.2434,46.8946],[15.2364,46.8919],[15.2381,46.889],[15.2509,46.8843],[15.2154,46.8766],[15.2029,46.871],[15.2235,46.8631],[15.2123,46.8623],[15.2008,46.8563],[15.1867,46.8671],[15.1848,46.8579],[15.1737,46.8573],[15.175,46.8517],[15.1894,46.8501],[15.2016,46.8359],[15.2264,46.8286],[15.2096,46.8213],[15.1966,46.8252],[15.187,46.818],[15.2098,46.8167],[15.2012,46.8109],[15.2053,46.8075],[15.2026,46.805],[15.206,46.8045],[15.203,46.8027],[15.2186,46.7938],[15.2031,46.7846],[15.1963,46.785],[15.195,46.7902],[15.1827,46.7916],[15.1786,46.7948],[15.176,46.7913],[15.1577,46.7939],[15.1582,46.7994],[15.1485,46.7984],[15.1343,46.8065],[15.1298,46.8061],[15.1301,46.8019],[15.1226,46.8044],[15.1102,46.798],[15.1135,46.7935],[15.1239,46.7907],[15.1242,46.7879],[15.1371,46.7882],[15.1342,46.784],[15.141,46.7873],[15.1414,46.7839],[15.1457,46.786],[15.1447,46.7835],[15.1505,46.7839],[15.1499,46.7818],[15.1611,46.782],[15.1583,46.7791],[15.1731,46.7807],[15.1708,46.779],[15.1789,46.7766],[15.1806,46.7715],[15.1938,46.768],[15.1863,46.7651],[15.1888,46.7588],[15.2118,46.7505],[15.205,46.7483],[15.2049,46.7458],[15.221,46.7429],[15.2269,46.7341],[15.2444,46.7331],[15.2489,46.7269],[15.2494,46.7233],[15.2357,46.723],[15.2331,46.7179],[15.2271,46.7221],[15.2165,46.7238],[15.2265,46.7163],[15.224,46.7144],[15.2312,46.7062],[15.2317,46.7014],[15.2206,46.6961],[15.2157,46.682],[15.2009,46.6858],[15.1984,46.6826],[15.1924,46.6836],[15.1907,46.6937],[15.1755,46.6992],[15.1619,46.6986],[15.1599,46.6953],[15.1366,46.7044],[15.1407,46.6981],[15.1552,46.6956],[15.1605,46.6917],[15.1766,46.692],[15.1851,46.686],[15.1823,46.6818],[15.1985,46.6789],[15.1932,46.6769],[15.2002,46.6713],[15.1988,46.6615],[15.2012,46.6579],[15.1788,46.655],[15.1686,46.6618],[15.1569,46.6623],[15.1513,46.6705],[15.1396,46.6699],[15.1296,46.6771],[15.1131,46.7029],[15.0875,46.7209],[15.0745,46.7379],[15.0724,46.7428],[15.0795,46.7528],[15.0701,46.763],[15.0439,46.7707],[15.0309,46.7798],[15.0058,46.7823],[14.9933,46.7804],[14.9762,46.7849],[14.99,46.8217],[14.9963,46.8276],[15.012,46.8337],[15.0194,46.8442],[15.0075,46.8592],[15.0102,46.8697],[15.0076,46.876],[15.0158,46.8821],[15.0274,46.9078],[15.0166,46.9227],[14.9937,46.9363],[14.9933,46.9415],[14.9792,46.9578],[14.9783,46.9641],[14.9625,46.9854],[14.9488,46.9925],[14.9041,47.0001],[14.8716,47.0226],[14.8561,47.0252],[14.8402,47.0388],[14.8501,47.0547],[14.849,47.0569],[14.8242,47.0601],[14.8084,47.066],[14.7961,47.0605],[14.771,47.061],[14.7516,47.0519],[14.7277,47.0507],[14.7187,47.0454],[14.7145,47.0535],[14.6991,47.0652],[14.695,47.0771],[14.6852,47.0901],[14.688,47.0949],[14.7029,47.1034],[14.7081,47.1125],[14.7221,47.1199],[14.7378,47.1219],[14.7429,47.1409],[14.758,47.137],[14.7755,47.1461],[14.785,47.1448],[14.7843,47.148],[14.7967,47.142],[14.7994,47.135],[14.8054,47.134],[14.8293,47.1374],[14.8447,47.1473],[14.8487,47.1617],[14.8447,47.163],[14.8389,47.1764],[14.8427,47.184],[14.8496,47.184],[14.8635,47.1958],[14.8911,47.2005],[14.904,47.2068],[14.9134,47.2168],[14.9329,47.2257],[14.9456,47.2424],[14.9463,47.254],[14.9491,47.2526],[14.9454,47.2666],[14.9302,47.2769],[14.9444,47.284],[14.9476,47.2968],[14.9798,47.3166],[14.9883,47.3171],[14.9867,47.323],[14.9809,47.3246],[14.9831,47.328],[15.0003,47.3262],[15.0199,47.3328],[15.0354,47.3186],[15.0473,47.3173],[15.0559,47.3128],[15.0627,47.3185],[15.0785,47.3195],[15.0701,47.3248],[15.0548,47.3205],[15.0334,47.3242],[15.0386,47.333],[15.0346,47.3364],[15.0496,47.3368],[15.063,47.3505],[15.0664,47.3444],[15.0753,47.3396],[15.1235,47.331],[15.1092,47.3381],[15.0792,47.341],[15.0675,47.348],[15.0724,47.3531],[15.0766,47.3533],[15.0769,47.3502],[15.0923,47.3523],[15.1138,47.3623],[15.0995,47.3656],[15.0987,47.3697],[15.1032,47.3697],[15.0975,47.3753],[15.1103,47.3756],[15.1387,47.3862],[15.1447,47.3843],[15.1434,47.3866],[15.1572,47.3924],[15.1645,47.3897],[15.1645,47.3938],[15.1898,47.3989],[15.1999,47.4068]]]}},{"type":"Feature","properties":{"id":"GK100107","n":"Fischbacher Alpen [MUR]","u":0.0},"geometry":{"type":"Polygon","coordinates":[[[15.8558,47.6203],[15.8618,47.6143],[15.8602,47.6093],[15.848,47.5972],[15.8491,47.5904],[15.8448,47.5852],[15.8473,47.5699],[15.8413,47.5638],[15.8254,47.562],[15.8007,47.5763],[15.7904,47.5742],[15.7852,47.5661],[15.7683,47.5635],[15.7643,47.5583],[15.7497,47.5556],[15.7347,47.542],[15.7169,47.5356],[15.7118,47.5289],[15.6971,47.5207],[15.6813,47.5179],[15.6485,47.5043],[15.646,47.4986],[15.6494,47.4924],[15.6442,47.4876],[15.6511,47.4714],[15.633,47.4729],[15.6287,47.4721],[15.6281,47.4662],[15.6098,47.4663],[15.5942,47.4594],[15.586,47.4483],[15.5705,47.4581],[15.5577,47.4579],[15.5437,47.4651],[15.5295,47.466],[15.5194,47.4654],[15.5207,47.4637],[15.5152,47.46],[15.5036,47.4554],[15.505,47.4584],[15.4814,47.4563],[15.4644,47.4468],[15.4596,47.4396],[15.4357,47.4207],[15.4355,47.4182],[15.4474,47.4195],[15.4422,47.4078],[15.433,47.4001],[15.4226,47.3973],[15.4237,47.39],[15.41,47.3824],[15.4121,47.3801],[15.4081,47.3722],[15.4044,47.3722],[15.3815,47.3541],[15.3747,47.3423],[15.3791,47.3363],[15.3733,47.3294],[15.3742,47.3245],[15.3686,47.3241],[15.3658,47.3288],[15.3677,47.332],[15.3636,47.3303],[15.3573,47.3385],[15.3569,47.3428],[15.361,47.3469],[15.3533,47.3451],[15.3481,47.359],[15.3417,47.3647],[15.3434,47.3665],[15.3096,47.3754],[15.3134,47.3881],[15.312,47.3932],[15.3012,47.3964],[15.29,47.3946],[15.2893,47.407],[15.2938,47.4103],[15.2885,47.4096],[15.2871,47.4136],[15.2801,47.4145],[15.2819,47.4261],[15.2765,47.4326],[15.2887,47.4335],[15.2922,47.4364],[15.2909,47.4412],[15.3104,47.4424],[15.3157,47.4465],[15.3312,47.4444],[15.3288,47.4476],[15.3384,47.4488],[15.3471,47.454],[15.349,47.4613],[15.3567,47.4575],[15.3619,47.4625],[15.3884,47.4675],[15.4046,47.4761],[15.416,47.4734],[15.4122,47.4827],[15.4201,47.4877],[15.4308,47.4859],[15.4415,47.4797],[15.445,47.4811],[15.4345,47.4886],[15.4327,47.4932],[15.4468,47.4974],[15.4611,47.5108],[15.474,47.5146],[15.4762,47.5179],[15.4674,47.5243],[15.4849,47.5247],[15.4872,47.5221],[15.5026,47.5242],[15.5175,47.5301],[15.5219,47.5353],[15.5431,47.5349],[15.5482,47.5307],[15.5859,47.5526],[15.5949,47.55],[15.5968,47.5544],[15.6003,47.5517],[15.6059,47.5576],[15.6089,47.5546],[15.6088,47.5578],[15.6312,47.5658],[15.6401,47.5635],[15.6383,47.5688],[15.6518,47.576],[15.673,47.6047],[15.6918,47.6053],[15.6917,47.6001],[15.695,47.6037],[15.7291,47.5997],[15.751,47.6146],[15.7699,47.6141],[15.8307,47.6324],[15.8331,47.6223],[15.8402,47.618],[15.8558,47.6203]]]}},{"type":"Feature","properties":{"id":"GK100025","n":"Traisental [DUJ]","u":85.4},"geometry":{"type":"Polygon","coordinates":[[[15.7461,48.3471],[15.7405,48.3461],[15.7298,48.3287],[15.729,48.3005],[15.7174,48.2742],[15.7083,48.2633],[15.7064,48.2536],[15.7093,48.2464],[15.7054,48.2424],[15.6994,48.221],[15.6754,48.1927],[15.6702,48.1783],[15.6418,48.1576],[15.6403,48.1388],[15.634,48.1309],[15.6341,48.1244],[15.6086,48.1018],[15.603,48.0886],[15.5953,48.0816],[15.5944,48.0755],[15.6019,48.0699],[15.6061,48.0602],[15.6191,48.0538],[15.6384,48.053],[15.6378,48.047],[15.6205,48.05],[15.6134,48.0403],[15.6084,48.0399],[15.6065,48.044],[15.6105,48.0493],[15.609,48.0532],[15.6017,48.0574],[15.5994,48.0673],[15.5887,48.0766],[15.5994,48.1044],[15.6076,48.1133],[15.6024,48.1474],[15.6077,48.1854],[15.6143,48.2085],[15.627,48.2231],[15.6631,48.2371],[15.6797,48.2573],[15.6836,48.2713],[15.6832,48.2839],[15.689,48.2936],[15.682,48.3162],[15.6947,48.3283],[15.7029,48.3421],[15.704,48.3531],[15.7115,48.3628],[15.7327,48.3637],[15.7374,48.3615],[15.7394,48.3529],[15.7461,48.3471]]]}},{"type":"Feature","properties":{"id":"GK100042","n":"Traun [DUJ]","u":4.4},"geometry":{"type":"Polygon","coordinates":[[[13.8113,47.6598],[13.8,47.6531],[13.803,47.6444],[13.8001,47.6401],[13.7828,47.6325],[13.7817,47.6283],[13.7756,47.625],[13.7773,47.6226],[13.7894,47.6204],[13.8064,47.6242],[13.8202,47.6234],[13.8619,47.6402],[13.8775,47.6396],[13.8876,47.6439],[13.8946,47.641],[13.9187,47.6426],[13.9262,47.6469],[13.9498,47.6491],[13.9167,47.638],[13.919,47.636],[13.9166,47.6322],[13.9049,47.6321],[13.8871,47.6267],[13.8669,47.6295],[13.8527,47.6214],[13.8377,47.6178],[13.8311,47.61],[13.8228,47.6074],[13.8145,47.6121],[13.8081,47.6103],[13.8225,47.606],[13.8255,47.598],[13.7978,47.6064],[13.7946,47.5959],[13.8105,47.5769],[13.8377,47.5787],[13.8631,47.5685],[13.8809,47.5698],[13.8856,47.5587],[13.8747,47.5507],[13.8669,47.5485],[13.8658,47.5516],[13.8495,47.5538],[13.8504,47.5569],[13.8417,47.5587],[13.8148,47.5579],[13.8123,47.5595],[13.8241,47.5681],[13.824,47.5721],[13.8092,47.5752],[13.7969,47.5889],[13.7804,47.5963],[13.7507,47.5975],[13.7359,47.5943],[13.7197,47.5873],[13.7151,47.5829],[13.7162,47.5759],[13.713,47.5753],[13.711,47.5846],[13.7151,47.5901],[13.7288,47.5958],[13.7415,47.6057],[13.7419,47.6089],[13.7361,47.6141],[13.7534,47.618],[13.7513,47.6229],[13.7303,47.6267],[13.7326,47.6296],[13.7532,47.6256],[13.7534,47.6307],[13.7571,47.6307],[13.7487,47.6309],[13.7472,47.635],[13.7533,47.6352],[13.7518,47.6373],[13.7598,47.6464],[13.7646,47.6438],[13.7895,47.6465],[13.7992,47.6567],[13.8113,47.6598]]]}},{"type":"Feature","properties":{"id":"GK100137","n":"Fischbacher Alpen [LRR]","u":0.0},"geometry":{"type":"Polygon","coordinates":[[[15.809,47.572],[15.8016,47.5566],[15.8013,47.5446],[15.7891,47.5397],[15.7814,47.5316],[15.7827,47.5259],[15.7969,47.5246],[15.7945,47.5223],[15.7976,47.5195],[15.795,47.5094],[15.8041,47.5084],[15.8064,47.5016],[15.7983,47.4808],[15.8061,47.4785],[15.8113,47.4669],[15.7969,47.4614],[15.7967,47.4581],[15.811,47.4492],[15.8108,47.4434],[15.8188,47.4338],[15.8388,47.4362],[15.8454,47.44],[15.8584,47.4368],[15.8609,47.4315],[15.8745,47.4308],[15.8766,47.4275],[15.8726,47.42],[15.8639,47.4163],[15.8698,47.4035],[15.8698,47.3961],[15.8973,47.3913],[15.9032,47.3829],[15.9146,47.3773],[15.9141,47.3719],[15.9246,47.3692],[15.9275,47.3719],[15.9243,47.3774],[15.931,47.3745],[15.9317,47.3671],[15.9632,47.3575],[15.9631,47.3528],[15.9598,47.3538],[15.9588,47.3506],[15.9576,47.356],[15.9534,47.3574],[15.9588,47.343],[15.9537,47.3377],[15.946,47.3394],[15.9385,47.3339],[15.9554,47.3326],[15.967,47.3265],[15.962,47.3254],[15.9593,47.3204],[15.953,47.3214],[15.963,47.315],[15.9557,47.3106],[15.9705,47.3065],[15.9773,47.2966],[15.9777,47.2869],[15.9599,47.2812],[15.9241,47.2854],[15.9263,47.2803],[15.9203,47.2802],[15.914,47.2746],[15.9063,47.2759],[15.9055,47.2808],[15.9007,47.282],[15.9053,47.2849],[15.9048,47.2882],[15.9022,47.2845],[15.9001,47.2892],[15.8913,47.2909],[15.8833,47.2848],[15.8798,47.2861],[15.8762,47.2917],[15.8786,47.2957],[15.8749,47.3082],[15.8687,47.3107],[15.8689,47.3065],[15.8608,47.302],[15.8453,47.3049],[15.8394,47.3156],[15.8407,47.3203],[15.8357,47.3156],[15.8261,47.3167],[15.8175,47.3272],[15.8168,47.3356],[15.8092,47.3327],[15.8124,47.3316],[15.8111,47.3295],[15.8041,47.3264],[15.7969,47.3299],[15.7775,47.3288],[15.7965,47.3203],[15.8025,47.3132],[15.8099,47.313],[15.8097,47.3051],[15.8211,47.3004],[15.8154,47.2909],[15.8046,47.2894],[15.8443,47.2833],[15.8426,47.2795],[15.8447,47.2784],[15.84,47.2785],[15.8408,47.2751],[15.8287,47.2738],[15.8326,47.2684],[15.8439,47.27],[15.8639,47.2638],[15.8604,47.2615],[15.8632,47.26],[15.858,47.2513],[15.8673,47.2487],[15.8641,47.2458],[15.8759,47.2334],[15.8593,47.2274],[15.8498,47.2353],[15.8416,47.2359],[15.8318,47.245],[15.8318,47.2418],[15.8225,47.2371],[15.8034,47.2496],[15.8005,47.2562],[15.7972,47.2529],[15.7829,47.2568],[15.7966,47.2471],[15.7893,47.242],[15.7956,47.2407],[15.7931,47.2254],[15.8048,47.2258],[15.8112,47.2217],[15.8124,47.2169],[15.8202,47.219],[15.8246,47.2167],[15.8145,47.2107],[15.8211,47.2102],[15.822,47.1981],[15.8152,47.1985],[15.809,47.2065],[15.7977,47.2053],[15.7977,47.2014],[15.7877,47.197],[15.7817,47.2036],[15.7729,47.2037],[15.7689,47.1987],[15.762,47.1977],[15.7693,47.1888],[15.7614,47.1876],[15.7486,47.1937],[15.7476,47.2044],[15.7434,47.2115],[15.7359,47.2101],[15.7341,47.2061],[15.7277,47.2114],[15.7433,47.2235],[15.7416,47.2309],[15.7548,47.2346],[15.7565,47.2389],[15.7537,47.2418],[15.7417,47.2426],[15.7362,47.2477],[15.739,47.2508],[15.7353,47.2536],[15.7313,47.2486],[15.7284,47.2495],[15.7091,47.2647],[15.7102,47.2712],[15.7164,47.2753],[15.7086,47.2776],[15.7011,47.2747],[15.6841,47.2872],[15.6841,47.3066],[15.69,47.3239],[15.6794,47.3421],[15.6672,47.3456],[15.6651,47.3513],[15.658,47.3525],[15.661,47.3559],[15.653,47.3603],[15.6545,47.372],[15.6588,47.3698],[15.6574,47.3651],[15.6684,47.3619],[15.6642,47.3696],[15.6487,47.3838],[15.6466,47.3958],[15.6369,47.4007],[15.632,47.4084],[15.6133,47.4222],[15.6125,47.429],[15.586,47.4483],[15.5942,47.4594],[15.6098,47.4663],[15.6281,47.4662],[15.6287,47.4721],[15.633,47.4729],[15.6511,47.4714],[15.6442,47.4876],[15.6494,47.4924],[15.646,47.4986],[15.6485,47.5043],[15.6813,47.5179],[15.6971,47.5207],[15.7118,47.5289],[15.7169,47.5356],[15.7347,47.542],[15.7497,47.5556],[15.7643,47.5583],[15.7683,47.5635],[15.7852,47.5661],[15.7904,47.5742],[15.8017,47.5763],[15.809,47.572]]]}},{"type":"Feature","properties":{"id":"GK100108","n":"Grauwackenzone Mitte [MUR]","u":0.1},"geometry":{"type":"MultiPolygon","coordinates":[[[[15.0676,47.5097],[15.0841,47.4877],[15.1132,47.4706],[15.1292,47.4676],[15.1612,47.4683],[15.1614,47.4654],[15.1731,47.4659],[15.181,47.4603],[15.1633,47.4532],[15.1454,47.4576],[15.1208,47.4521],[15.1046,47.4339],[15.0756,47.43],[15.0356,47.4165],[15.0301,47.4161],[15.033,47.4243],[15.0241,47.427],[15.0257,47.4232],[15.0228,47.4166],[15.0152,47.4222],[15.0177,47.4253],[15.0106,47.4285],[15.0218,47.4404],[15.0082,47.4347],[14.9996,47.4407],[14.9994,47.4515],[14.9896,47.4682],[14.9887,47.4753],[14.9906,47.483],[14.9969,47.4876],[14.9908,47.4998],[14.9734,47.5148],[14.9737,47.5183],[14.9719,47.5145],[14.966,47.5136],[14.9835,47.5037],[14.9921,47.4909],[14.9855,47.4701],[14.997,47.451],[14.9959,47.4407],[14.9919,47.4395],[15.0006,47.4294],[14.9878,47.4355],[14.9658,47.4377],[14.9685,47.4345],[14.9664,47.4324],[14.9887,47.4212],[15.0041,47.4176],[15.0035,47.4126],[15.0062,47.4105],[14.9631,47.404],[14.932,47.3938],[14.9179,47.3963],[14.9001,47.3933],[14.8905,47.388],[14.8605,47.3975],[14.844,47.3973],[14.8244,47.4036],[14.8238,47.4013],[14.8134,47.401],[14.7966,47.404],[14.7827,47.4099],[14.773,47.4204],[14.7581,47.4274],[14.7552,47.4331],[14.7545,47.4296],[14.7341,47.4311],[14.7229,47.4268],[14.7106,47.4295],[14.6999,47.4366],[14.6906,47.4378],[14.6872,47.4444],[14.6768,47.449],[14.6734,47.4588],[14.6736,47.4668],[14.6873,47.4848],[14.7004,47.4831],[14.7082,47.4889],[14.7242,47.491],[14.7633,47.4891],[14.793,47.4814],[14.8045,47.4814],[14.8282,47.4898],[14.8475,47.4827],[14.8567,47.4903],[14.8786,47.4926],[14.8901,47.4882],[14.9034,47.4932],[14.9293,47.496],[14.9348,47.5031],[14.9309,47.5082],[14.9338,47.5142],[14.9583,47.5334],[14.9698,47.5387],[14.983,47.5273],[15.0131,47.523],[15.044,47.5083],[15.0676,47.5097]]],[[[14.6611,47.4354],[14.6536,47.43],[14.636,47.4302],[14.6291,47.4251],[14.6351,47.4204],[14.6047,47.4122],[14.603,47.4324],[14.6156,47.4422],[14.6299,47.4439],[14.6513,47.4326],[14.6611,47.4354]]]]}},{"type":"Feature","properties":{"id":"GK100136","n":"Stremtal [LRR]","u":61.1},"geometry":{"type":"Polygon","coordinates":[[[16.4467,47.0392],[16.44,47.0357],[16.4438,47.0343],[16.4388,47.0296],[16.4481,47.0224],[16.4597,47.0308],[16.4663,47.0317],[16.4754,47.027],[16.4777,47.021],[16.4826,47.0224],[16.4831,47.0185],[16.4924,47.0103],[16.5121,47.0036],[16.5122,47.0009],[16.4961,46.9981],[16.4898,47.0],[16.4868,46.9953],[16.479,46.994],[16.4743,46.9971],[16.463,46.9972],[16.4513,47.0042],[16.4356,47.0036],[16.4285,47.0167],[16.418,47.0247],[16.4179,47.0322],[16.4008,47.0443],[16.382,47.0463],[16.3538,47.0417],[16.3288,47.0482],[16.3102,47.061],[16.3008,47.0852],[16.2892,47.0924],[16.2858,47.1],[16.2598,47.1117],[16.247,47.1228],[16.2406,47.1257],[16.2199,47.1233],[16.1998,47.1299],[16.1952,47.1346],[16.1834,47.1279],[16.1769,47.1369],[16.1672,47.1396],[16.154,47.1758],[16.1601,47.1867],[16.1579,47.1969],[16.1605,47.2267],[16.1471,47.2513],[16.1477,47.2548],[16.1538,47.2556],[16.1598,47.2517],[16.1585,47.2423],[16.1649,47.2287],[16.1639,47.2185],[16.167,47.2095],[16.1616,47.2026],[16.1622,47.1973],[16.1635,47.1915],[16.1674,47.1896],[16.1657,47.1778],[16.1696,47.1752],[16.1647,47.1695],[16.1724,47.147],[16.208,47.1372],[16.2201,47.138],[16.2241,47.133],[16.2399,47.1332],[16.2662,47.1264],[16.2693,47.1166],[16.2971,47.105],[16.3101,47.091],[16.3158,47.0764],[16.3253,47.0714],[16.3205,47.0687],[16.3252,47.0657],[16.3581,47.0554],[16.3674,47.0572],[16.3628,47.0649],[16.3643,47.0684],[16.3748,47.0543],[16.3876,47.0557],[16.4104,47.0481],[16.4152,47.0518],[16.4165,47.0454],[16.4197,47.0441],[16.4467,47.0392]]]}},{"type":"Feature","properties":{"id":"GK100059","n":"Drautal [DRA]","u":24.7},"geometry":{"type":"Polygon","coordinates":[[[14.0515,46.5759],[14.0391,46.5732],[14.035,46.5682],[14.0271,46.569],[14.0228,46.5735],[14.0198,46.5857],[14.0123,46.5878],[13.9846,46.5836],[13.971,46.5784],[13.9688,46.5803],[13.9713,46.5838],[13.9836,46.5898],[13.9409,46.5909],[13.9378,46.6014],[13.9202,46.6082],[13.913,46.6044],[13.8826,46.6059],[13.8642,46.6034],[13.8379,46.591],[13.8293,46.582],[13.811,46.6029],[13.8029,46.6068],[13.8191,46.6167],[13.8096,46.6303],[13.8155,46.636],[13.7985,46.6444],[13.7938,46.6499],[13.7726,46.6485],[13.7497,46.661],[13.6826,46.6832],[13.6636,46.6854],[13.6515,46.6933],[13.6421,46.7076],[13.5838,46.745],[13.5546,46.755],[13.5113,46.7754],[13.4909,46.779],[13.485,46.7858],[13.4673,46.7934],[13.4159,46.8094],[13.4157,46.8149],[13.4092,46.8142],[13.4013,46.82],[13.3786,46.8263],[13.3493,46.8269],[13.366,46.7977],[13.3625,46.7723],[13.3553,46.7625],[13.3443,46.7565],[13.285,46.747],[13.251,46.7489],[13.2186,46.74],[13.1511,46.7314],[13.1448,46.7354],[13.1196,46.7308],[13.0709,46.7312],[13.0621,46.7286],[13.0479,46.7302],[13.0428,46.735],[13.0114,46.7334],[12.9837,46.7413],[12.9655,46.7393],[12.9274,46.7534],[12.9162,46.7606],[12.9145,46.7684],[12.9093,46.7726],[12.8681,46.7835],[12.8111,46.8129],[12.7746,46.8144],[12.7325,46.7968],[12.734,46.8041],[12.7525,46.8219],[12.7529,46.83],[12.758,46.8358],[12.7793,46.8377],[12.8045,46.8354],[12.8371,46.8278],[12.8535,46.8077],[12.8845,46.8024],[12.923,46.7744],[12.9315,46.7672],[12.9299,46.7647],[12.9339,46.7654],[12.9492,46.7547],[12.9688,46.7535],[12.9675,46.7507],[12.9713,46.7496],[12.9868,46.7532],[13.007,46.7464],[13.0388,46.7467],[13.077,46.7373],[13.0869,46.7468],[13.1223,46.7444],[13.1352,46.7476],[13.2073,46.7527],[13.2719,46.764],[13.3016,46.7653],[13.3051,46.7638],[13.3031,46.7598],[13.3122,46.7609],[13.3426,46.7742],[13.3435,46.7857],[13.3493,46.7979],[13.3419,46.8251],[13.3443,46.8312],[13.3685,46.8323],[13.3678,46.8363],[13.3774,46.8449],[13.3914,46.8406],[13.4395,46.8356],[13.4552,46.8299],[13.4614,46.8205],[13.4574,46.8158],[13.5155,46.7958],[13.522,46.7894],[13.5792,46.7651],[13.6821,46.7028],[13.7522,46.6698],[13.7575,46.6643],[13.7672,46.6634],[13.7718,46.6547],[13.7934,46.6523],[13.8094,46.6412],[13.8445,46.6338],[13.8624,46.6396],[13.8665,46.6428],[13.8655,46.6506],[13.8746,46.6562],[13.8939,46.6597],[13.8966,46.6484],[13.8937,46.6417],[13.9031,46.6271],[13.9254,46.6229],[13.9439,46.6085],[13.981,46.5967],[13.9859,46.5911],[14.0167,46.5963],[14.0339,46.5949],[14.0394,46.5851],[14.0515,46.5759]]]}},{"type":"Feature","properties":{"id":"GK100009","n":"N\u00f6rdliche Kalkalpen [DBJ]","u":8.7},"geometry":{"type":"MultiPolygon","coordinates":[[[[13.1909,47.8058],[13.1936,47.8123],[13.2103,47.811],[13.2263,47.8025],[13.2267,47.7948],[13.235,47.7949],[13.2457,47.7895],[13.2587,47.7933],[13.2804,47.78],[13.3158,47.776],[13.3428,47.7679],[13.3598,47.745],[13.3491,47.7416],[13.3365,47.7324],[13.3338,47.7229],[13.3398,47.7189],[13.3385,47.7094],[13.3415,47.7083],[13.3325,47.7031],[13.3338,47.6926],[13.3283,47.6801],[13.3311,47.675],[13.3451,47.6699],[13.3634,47.673],[13.3728,47.6663],[13.3887,47.664],[13.3927,47.6573],[13.389,47.6507],[13.3944,47.6456],[13.397,47.6541],[13.411,47.6575],[13.4243,47.6485],[13.4273,47.637],[13.4396,47.6332],[13.4569,47.634],[13.4775,47.6219],[13.4918,47.6309],[13.5171,47.6301],[13.5237,47.6191],[13.5044,47.6],[13.5056,47.5816],[13.4967,47.5809],[13.478,47.5681],[13.481,47.56],[13.4843,47.5587],[13.4846,47.5526],[13.4756,47.5421],[13.4773,47.529],[13.4809,47.5214],[13.4872,47.5202],[13.4882,47.5135],[13.5041,47.5103],[13.517,47.4977],[13.51,47.4932],[13.5183,47.486],[13.5192,47.4763],[13.4871,47.4791],[13.4616,47.4933],[13.446,47.4984],[13.424,47.498],[13.3954,47.4892],[13.3917,47.4785],[13.3779,47.4707],[13.3649,47.453],[13.3574,47.4491],[13.3256,47.4439],[13.3193,47.4468],[13.3491,47.4567],[13.3371,47.4621],[13.3236,47.4611],[13.3127,47.4644],[13.2968,47.4569],[13.2849,47.4674],[13.2805,47.4663],[13.2789,47.4705],[13.264,47.4746],[13.2349,47.4756],[13.2209,47.4803],[13.2129,47.4871],[13.1983,47.4866],[13.1836,47.4814],[13.1857,47.4795],[13.1834,47.4755],[13.1926,47.4658],[13.1927,47.4545],[13.2064,47.4471],[13.2024,47.4352],[13.207,47.4207],[13.2013,47.419],[13.1823,47.4231],[13.1673,47.4194],[13.1342,47.4184],[13.1041,47.4088],[13.0911,47.4107],[13.0772,47.4049],[13.0639,47.4094],[13.0609,47.4002],[13.0523,47.3975],[13.0506,47.4038],[13.0461,47.4053],[13.0275,47.4057],[13.0299,47.4106],[13.0131,47.4073],[13.0011,47.4114],[13.0065,47.431],[13.0004,47.4346],[12.9905,47.4339],[12.9769,47.4259],[12.9682,47.4331],[12.9533,47.4276],[12.9451,47.4339],[12.9276,47.4335],[12.9101,47.4419],[12.8635,47.4376],[12.8623,47.4419],[12.854,47.4462],[12.8565,47.449],[12.8463,47.4484],[12.8288,47.4621],[12.8342,47.4847],[12.8274,47.4903],[12.7665,47.5083],[12.7623,47.5105],[12.757,47.5224],[12.7311,47.5355],[12.7226,47.5443],[12.7321,47.5536],[12.7167,47.5617],[12.7214,47.5684],[12.71,47.5747],[12.7029,47.588],[12.6951,47.5895],[12.6856,47.582],[12.6928,47.5705],[12.7017,47.567],[12.7021,47.563],[12.7124,47.5614],[12.7229,47.5544],[12.7193,47.5458],[12.7189,47.5321],[12.7224,47.5353],[12.7446,47.5245],[12.7532,47.5185],[12.7554,47.5092],[12.7628,47.5051],[12.8218,47.4867],[12.8266,47.4772],[12.8246,47.4663],[12.8202,47.4611],[12.8126,47.4568],[12.773,47.4602],[12.7125,47.4531],[12.6793,47.4568],[12.6617,47.4554],[12.6388,47.4663],[12.6146,47.4698],[12.5949,47.4632],[12.5881,47.4658],[12.5825,47.4624],[12.5744,47.4629],[12.5393,47.4797],[12.5276,47.4894],[12.4925,47.4959],[12.4834,47.5031],[12.446,47.5187],[12.4508,47.5375],[12.4571,47.5471],[12.4756,47.5649],[12.4957,47.5771],[12.4968,47.5838],[12.4829,47.5873],[12.4742,47.5874],[12.4695,47.5772],[12.4442,47.561],[12.4296,47.5401],[12.3936,47.5223],[12.3395,47.514],[12.2988,47.5154],[12.2822,47.5218],[12.2463,47.5198],[12.2353,47.5221],[12.2085,47.5174],[12.2026,47.5055],[12.1933,47.5074],[12.186,47.5001],[12.1652,47.493],[12.1615,47.4879],[12.1364,47.4802],[12.1121,47.4863],[12.0978,47.4935],[12.0843,47.4939],[12.0959,47.5204],[12.1292,47.559],[12.1712,47.5768],[12.1876,47.5957],[12.2213,47.619],[12.2336,47.6328],[12.2351,47.6463],[12.232,47.6593],[12.2036,47.6598],[12.1818,47.6679],[12.169,47.6791],[12.1616,47.7011],[12.1843,47.7005],[12.1964,47.7083],[12.2036,47.7073],[12.2266,47.7183],[12.2495,47.7416],[12.2569,47.7432],[12.2653,47.7325],[12.2511,47.7128],[12.247,47.7113],[12.2415,47.6947],[12.2555,47.6798],[12.2632,47.6781],[12.2848,47.6899],[12.3383,47.6971],[12.3351,47.6931],[12.3398,47.6905],[12.3508,47.6921],[12.364,47.6839],[12.4006,47.6928],[12.4293,47.6968],[12.44,47.6955],[12.4428,47.6922],[12.4405,47.6742],[12.4524,47.6681],[12.4658,47.6496],[12.4914,47.6368],[12.4991,47.6247],[12.5127,47.6247],[12.5359,47.6366],[12.5754,47.6323],[12.5889,47.6557],[12.6074,47.6737],[12.617,47.6724],[12.6301,47.6762],[12.6388,47.671],[12.6456,47.6735],[12.6482,47.6701],[12.6661,47.681],[12.6782,47.6824],[12.7051,47.6811],[12.7153,47.6763],[12.7323,47.6797],[12.7457,47.6752],[12.7572,47.663],[12.763,47.667],[12.7725,47.6658],[12.7812,47.6738],[12.7841,47.6716],[12.7784,47.6609],[12.7607,47.6549],[12.7586,47.6515],[12.7809,47.6327],[12.7897,47.6332],[12.8244,47.6121],[12.8229,47.6096],[12.8074,47.6103],[12.7929,47.6006],[12.7913,47.5978],[12.7953,47.5931],[12.7791,47.5791],[12.7843,47.5689],[12.7923,47.5651],[12.7943,47.557],[12.8177,47.5449],[12.8477,47.546],[12.8517,47.5308],[12.8828,47.5207],[12.8853,47.5185],[12.8842,47.5129],[12.9075,47.4981],[12.9658,47.4748],[12.9726,47.4742],[12.9752,47.485],[12.9894,47.4776],[12.9947,47.4787],[12.9935,47.4716],[13.0039,47.4634],[13.0163,47.4719],[13.0269,47.4867],[13.0476,47.4922],[13.0468,47.5148],[13.0433,47.5199],[13.0473,47.5215],[13.0309,47.5325],[13.0372,47.5429],[13.0557,47.5573],[13.0575,47.5622],[13.0502,47.5637],[13.0424,47.5737],[13.0437,47.5834],[13.0706,47.587],[13.0711,47.5916],[13.065,47.5953],[13.0626,47.6015],[13.0695,47.6048],[13.0806,47.619],[13.0958,47.6279],[13.099,47.635],[13.0885,47.6491],[13.0895,47.6543],[13.0781,47.6669],[13.0808,47.687],[13.062,47.6963],[13.048,47.7091],[13.0467,47.7242],[13.0547,47.7212],[13.0659,47.7072],[13.0649,47.7042],[13.0783,47.6946],[13.0956,47.6758],[13.1121,47.6656],[13.1291,47.6291],[13.139,47.6205],[13.1419,47.602],[13.15,47.5957],[13.1503,47.5862],[13.1146,47.5716],[13.1108,47.5695],[13.1122,47.5668],[13.1174,47.5653],[13.1434,47.5758],[13.1516,47.5828],[13.1626,47.5783],[13.1704,47.5805],[13.1782,47.576],[13.1847,47.5797],[13.1834,47.5826],[13.1896,47.5883],[13.1948,47.5894],[13.2735,47.5688],[13.2678,47.5727],[13.2666,47.5808],[13.2415,47.5822],[13.242,47.5867],[13.2335,47.5852],[13.2118,47.5915],[13.1857,47.5902],[13.1772,47.5964],[13.1695,47.5962],[13.1729,47.5984],[13.1725,47.6022],[13.1809,47.6029],[13.1768,47.613],[13.1809,47.6169],[13.1692,47.6196],[13.1774,47.6255],[13.1686,47.6345],[13.1692,47.641],[13.1555,47.6566],[13.1613,47.6639],[13.1431,47.6619],[13.1311,47.6762],[13.1235,47.6798],[13.1109,47.6926],[13.1122,47.7007],[13.1003,47.7065],[13.0926,47.7156],[13.0961,47.7237],[13.0908,47.7304],[13.0866,47.7468],[13.0945,47.7511],[13.0932,47.7559],[13.0873,47.7591],[13.0916,47.7676],[13.0888,47.7715],[13.0931,47.7774],[13.0941,47.7861],[13.09,47.7909],[13.0905,47.7959],[13.0848,47.7983],[13.0807,47.8066],[13.0729,47.8099],[13.1365,47.8143],[13.1377,47.8096],[13.1272,47.809],[13.1246,47.8059],[13.1554,47.7954],[13.1633,47.7976],[13.1904,47.7961],[13.1945,47.8005],[13.1909,47.8058]]],[[[13.0438,47.7128],[13.0269,47.7165],[13.0185,47.7228],[13.0105,47.7229],[13.0023,47.7134],[12.995,47.713],[12.9872,47.7074],[12.9555,47.7078],[12.9462,47.7121],[12.9283,47.7098],[12.913,47.7174],[12.9043,47.7259],[12.9183,47.7426],[12.9352,47.7473],[12.938,47.7579],[12.9352,47.7579],[12.9449,47.7644],[12.9423,47.771],[12.9277,47.7699],[12.9388,47.7793],[12.9519,47.777],[12.9543,47.768],[12.9651,47.7576],[12.978,47.7557],[12.9867,47.7623],[12.9969,47.763],[12.9879,47.7434],[12.9911,47.7413],[13.001,47.7459],[13.0304,47.7418],[13.0367,47.7368],[13.0368,47.7248],[13.0438,47.7128]]],[[[12.1801,47.6079],[12.1628,47.6003],[12.1434,47.5864],[12.1287,47.5705],[12.0909,47.5431],[12.0753,47.5372],[12.0731,47.5243],[12.0468,47.4871],[11.9827,47.4777],[11.9718,47.4789],[11.9139,47.4551],[11.866,47.451],[11.8598,47.4331],[11.8508,47.43],[11.8336,47.4316],[11.8278,47.418],[11.8175,47.4061],[11.7909,47.3954],[11.7574,47.3883],[11.7133,47.3705],[11.6609,47.3304],[11.6113,47.3084],[11.5844,47.3075],[11.5646,47.2986],[11.5337,47.2912],[11.5029,47.2869],[11.4929,47.2948],[11.4261,47.279],[11.3986,47.279],[11.368,47.2653],[11.3528,47.2644],[11.3358,47.2679],[11.3216,47.2632],[11.31,47.2683],[11.2805,47.2676],[11.2392,47.2766],[11.1992,47.2811],[11.1369,47.2977],[11.0947,47.3134],[11.0596,47.3149],[11.0403,47.299],[10.9933,47.2904],[10.8656,47.2589],[10.8543,47.2531],[10.8298,47.2264],[10.8209,47.227],[10.8165,47.2163],[10.8084,47.2121],[10.7887,47.2111],[10.7613,47.2199],[10.7467,47.2163],[10.7172,47.2162],[10.705,47.2147],[10.6842,47.2031],[10.6683,47.2034],[10.6486,47.1969],[10.6409,47.1863],[10.6194,47.1814],[10.5721,47.1554],[10.5798,47.153],[10.5773,47.1488],[10.556,47.1413],[10.5113,47.1344],[10.4987,47.1278],[10.4901,47.1172],[10.4603,47.1261],[10.4304,47.1306],[10.4043,47.1485],[10.3734,47.1508],[10.2826,47.1381],[10.2825,47.1357],[10.2755,47.1346],[10.2649,47.1261],[10.2247,47.1088],[10.2105,47.1301],[10.2189,47.1296],[10.2252,47.1331],[10.218,47.1426],[10.2174,47.1461],[10.2222,47.15],[10.219,47.1545],[10.1879,47.1539],[10.1767,47.1586],[10.1722,47.1556],[10.1547,47.1568],[10.1481,47.1642],[10.1287,47.1635],[10.1213,47.1723],[10.1074,47.1772],[10.0989,47.1741],[10.0874,47.178],[10.0775,47.1757],[10.0755,47.1712],[10.0793,47.1662],[10.0781,47.1608],[10.0624,47.1604],[10.0576,47.1571],[10.0391,47.1648],[10.0409,47.1721],[10.0351,47.1748],[10.023,47.1637],[10.014,47.1704],[10.005,47.1626],[10.0087,47.1565],[10.0053,47.1543],[9.9901,47.1631],[9.965,47.17],[9.967,47.1746],[9.9813,47.1799],[9.9831,47.1859],[9.9981,47.1867],[10.0052,47.1832],[10.0117,47.1872],[10.0129,47.1932],[10.0192,47.1983],[10.0132,47.2007],[10.0157,47.2062],[10.0211,47.2103],[10.0404,47.2081],[10.0439,47.2105],[10.05,47.2284],[10.087,47.2289],[10.0968,47.2258],[10.1013,47.2271],[10.102,47.2316],[10.1304,47.23],[10.1319,47.2355],[10.144,47.2469],[10.1297,47.2606],[10.1327,47.2685],[10.126,47.2725],[10.1016,47.274],[10.0903,47.2847],[10.0904,47.287],[10.1095,47.288],[10.1221,47.295],[10.1469,47.2921],[10.1642,47.2945],[10.1391,47.2956],[10.1256,47.3021],[10.1307,47.3071],[10.1497,47.3081],[10.1586,47.3158],[10.167,47.3179],[10.1976,47.3159],[10.1921,47.327],[10.2052,47.3325],[10.1995,47.3265],[10.2111,47.3191],[10.2165,47.3104],[10.2124,47.3109],[10.2087,47.3044],[10.1898,47.2941],[10.1798,47.2962],[10.1748,47.289],[10.1763,47.2823],[10.1726,47.2793],[10.1753,47.2759],[10.1727,47.2744],[10.1743,47.2703],[10.1933,47.2728],[10.2016,47.2772],[10.2231,47.2759],[10.2322,47.2705],[10.2377,47.2717],[10.2463,47.2807],[10.2599,47.2817],[10.2661,47.2882],[10.2819,47.2884],[10.2958,47.2995],[10.3031,47.2998],[10.3146,47.3063],[10.3303,47.3046],[10.3488,47.3175],[10.3458,47.3213],[10.3571,47.3372],[10.3863,47.3564],[10.3885,47.3692],[10.3943,47.3756],[10.4147,47.379],[10.4194,47.3844],[10.4367,47.3804],[10.4292,47.3909],[10.4342,47.3999],[10.4311,47.4029],[10.4371,47.4071],[10.4353,47.4112],[10.4547,47.4186],[10.4582,47.4282],[10.4767,47.4321],[10.4657,47.4529],[10.4677,47.4574],[10.4653,47.464],[10.47,47.4688],[10.4665,47.474],[10.468,47.4773],[10.4634,47.483],[10.4426,47.4849],[10.4313,47.5039],[10.441,47.5146],[10.4425,47.5191],[10.4394,47.5244],[10.4545,47.5558],[10.4727,47.5512],[10.4898,47.5401],[10.5244,47.5352],[10.5576,47.5372],[10.5728,47.5336],[10.5816,47.5472],[10.5801,47.555],[10.5976,47.5557],[10.6658,47.5312],[10.6826,47.5176],[10.7027,47.5092],[10.7033,47.5014],[10.6921,47.4959],[10.6434,47.4479],[10.6259,47.4469],[10.6068,47.438],[10.6029,47.4309],[10.6081,47.4264],[10.6209,47.4277],[10.6702,47.4438],[10.6736,47.4472],[10.6711,47.4549],[10.6744,47.4597],[10.7052,47.4669],[10.7257,47.4785],[10.7344,47.5003],[10.7228,47.5074],[10.7314,47.522],[10.7125,47.521],[10.6986,47.5361],[10.6806,47.5472],[10.6823,47.5526],[10.6911,47.5538],[10.6949,47.5443],[10.71,47.5433],[10.719,47.5382],[10.7426,47.5382],[10.7588,47.5345],[10.765,47.5249],[10.7625,47.5231],[10.7638,47.5196],[10.7773,47.514],[10.7953,47.5212],[10.8125,47.5204],[10.8129,47.5266],[10.8314,47.5287],[10.8385,47.5257],[10.8537,47.5344],[10.8901,47.5376],[10.8926,47.5307],[10.9043,47.5185],[10.9157,47.5194],[10.9186,47.5174],[10.9179,47.5135],[10.871,47.4994],[10.8709,47.4816],[10.8854,47.479],[10.9107,47.4857],[10.9378,47.4805],[10.9283,47.4723],[10.9299,47.4698],[10.956,47.4531],[10.9835,47.4299],[10.9848,47.4212],[10.9727,47.4172],[10.9693,47.4128],[10.971,47.4007],[10.9778,47.3978],[11.006,47.3943],[11.0239,47.3971],[11.0286,47.3935],[11.0716,47.3974],[11.116,47.3957],[11.124,47.3988],[11.1225,47.4072],[11.1292,47.4126],[11.139,47.4135],[11.1574,47.4214],[11.1984,47.4276],[11.2061,47.434],[11.2214,47.4305],[11.2496,47.4326],[11.254,47.4276],[11.2405,47.4194],[11.2401,47.4155],[11.2245,47.4019],[11.2224,47.3971],[11.2267,47.3951],[11.2352,47.3981],[11.2711,47.3979],[11.2811,47.4007],[11.2901,47.4075],[11.2931,47.416],[11.2901,47.4221],[11.2917,47.4279],[11.3012,47.4314],[11.3113,47.4301],[11.3217,47.4376],[11.3297,47.438],[11.3318,47.4456],[11.338,47.4497],[11.3575,47.4488],[11.3649,47.4449],[11.381,47.4492],[11.4212,47.4446],[11.4123,47.455],[11.4091,47.467],[11.3939,47.4661],[11.3833,47.4724],[11.3903,47.4821],[11.3943,47.4817],[11.4072,47.4906],[11.4134,47.4994],[11.4419,47.5182],[11.4492,47.5072],[11.4876,47.509],[11.5057,47.5047],[11.519,47.5109],[11.533,47.5088],[11.5728,47.5147],[11.5877,47.5254],[11.5876,47.5552],[11.6007,47.5677],[11.6061,47.581],[11.6129,47.58],[11.6213,47.5843],[11.6344,47.5813],[11.6306,47.5851],[11.6362,47.5949],[11.66,47.5837],[11.6812,47.5837],[11.7004,47.5892],[11.7475,47.588],[11.7811,47.5911],[11.8442,47.5813],[11.8478,47.5825],[11.8553,47.6022],[11.865,47.601],[11.8943,47.6088],[11.903,47.6085],[11.9145,47.6139],[11.9338,47.6128],[11.9689,47.6172],[11.9766,47.6129],[11.9813,47.6189],[12.0085,47.6252],[12.0214,47.6112],[12.028,47.6112],[12.0351,47.6172],[12.0497,47.6149],[12.0607,47.619],[12.0819,47.6098],[12.1154,47.6114],[12.1283,47.6053],[12.1403,47.6055],[12.1714,47.6148],[12.1788,47.6147],[12.1801,47.6079]]],[[[10.4545,47.5558],[10.45,47.5561],[10.4452,47.567],[10.4332,47.5697],[10.4294,47.5775],[10.4356,47.5794],[10.4333,47.5815],[10.4353,47.5839],[10.4567,47.5829],[10.4695,47.5873],[10.482,47.5845],[10.479,47.5805],[10.4711,47.5799],[10.473,47.5699],[10.4666,47.5676],[10.4545,47.5558]]]]}},{"type":"Feature","properties":{"id":"GK100019","n":"Machland [DUJ]","u":18.8},"geometry":{"type":"Polygon","coordinates":[[[14.5828,48.2696],[14.5824,48.2631],[14.59,48.2618],[14.5999,48.252],[14.6512,48.2501],[14.6681,48.2354],[14.7059,48.2302],[14.7059,48.2242],[14.7104,48.227],[14.737,48.2236],[14.7448,48.2155],[14.7406,48.2124],[14.7441,48.2101],[14.7622,48.2149],[14.7846,48.2128],[14.789,48.2083],[14.809,48.2034],[14.8202,48.1893],[14.7442,48.1753],[14.7394,48.1721],[14.7262,48.1782],[14.7155,48.1786],[14.7064,48.1692],[14.7055,48.1628],[14.6873,48.1575],[14.6676,48.1646],[14.6623,48.1714],[14.636,48.18],[14.6256,48.1894],[14.6106,48.1965],[14.5823,48.225],[14.5358,48.2377],[14.5194,48.2391],[14.5315,48.242],[14.5337,48.2495],[14.5502,48.2677],[14.5629,48.2727],[14.5754,48.2694],[14.5795,48.2735],[14.5828,48.2696]]]}},{"type":"Feature","properties":{"id":"GK100131","n":"Raabtal [LRR]","u":54.3},"geometry":{"type":"Polygon","coordinates":[[[15.6106,47.2355],[15.6404,47.2161],[15.6586,47.1981],[15.6618,47.2015],[15.6697,47.1851],[15.6684,47.1814],[15.6748,47.1639],[15.6728,47.1581],[15.6788,47.1446],[15.6862,47.1393],[15.6913,47.1411],[15.6909,47.1341],[15.6993,47.1277],[15.705,47.1307],[15.7013,47.1224],[15.703,47.1196],[15.7084,47.1146],[15.7139,47.1158],[15.7133,47.1101],[15.7217,47.1051],[15.7283,47.1069],[15.7284,47.1017],[15.7371,47.0963],[15.7387,47.086],[15.7421,47.0876],[15.7436,47.0808],[15.7504,47.0749],[15.7546,47.0598],[15.7571,47.0568],[15.7602,47.0585],[15.7578,47.0547],[15.7611,47.0457],[15.768,47.0456],[15.7638,47.0413],[15.7644,47.0328],[15.7704,47.0268],[15.769,47.0191],[15.7728,47.0121],[15.7768,47.0125],[15.7731,47.0078],[15.7769,46.9981],[15.7999,46.984],[15.8003,46.9861],[15.8161,46.9791],[15.8261,46.9712],[15.8386,46.9687],[15.8439,46.9715],[15.85,46.9649],[15.8749,46.9593],[15.8832,46.9614],[15.8809,46.9653],[15.8833,46.9688],[15.8911,46.964],[15.9074,46.9606],[15.9127,46.9608],[15.9104,46.964],[15.9131,46.9642],[15.927,46.9584],[15.9446,46.9576],[15.9458,46.9609],[15.9546,46.9558],[16.0132,46.9534],[16.0121,46.9647],[15.997,46.9801],[15.9948,46.9848],[15.9984,46.9855],[16.017,46.9724],[16.0194,46.964],[16.0284,46.9573],[16.0392,46.9574],[16.0584,46.9477],[16.0668,46.9471],[16.0694,46.9498],[16.074,46.9447],[16.1083,46.9382],[16.1423,46.9374],[16.162,46.9443],[16.1802,46.9425],[16.2444,46.9582],[16.2419,46.9565],[16.2464,46.9494],[16.2323,46.9424],[16.2279,46.9434],[16.2204,46.9357],[16.2173,46.9364],[16.2175,46.941],[16.2153,46.9394],[16.2102,46.9427],[16.2074,46.9391],[16.2058,46.9429],[16.2001,46.9422],[16.1934,46.9367],[16.1893,46.9275],[16.1681,46.9267],[16.1254,46.919],[16.0851,46.9262],[16.0773,46.9251],[16.0677,46.9303],[16.0498,46.9318],[16.0342,46.926],[16.0352,46.9341],[16.0046,46.9342],[15.9962,46.9303],[15.9943,46.9314],[15.9975,46.9374],[15.9798,46.9365],[15.9787,46.9391],[15.969,46.9401],[15.9569,46.9379],[15.9542,46.9385],[15.956,46.9418],[15.9502,46.9428],[15.9403,46.9378],[15.9142,46.9431],[15.9046,46.937],[15.9078,46.9441],[15.8947,46.9474],[15.8859,46.9457],[15.8898,46.9483],[15.8754,46.9534],[15.8685,46.9506],[15.8642,46.9522],[15.8571,46.9465],[15.858,46.9486],[15.855,46.9487],[15.8344,46.9441],[15.8167,46.9478],[15.8261,46.9535],[15.8355,46.9513],[15.8478,46.9531],[15.8161,46.9621],[15.7973,46.9613],[15.7774,46.9729],[15.7728,46.9715],[15.7683,46.9731],[15.7724,46.9758],[15.7492,46.9782],[15.7527,46.9808],[15.7475,46.9824],[15.7465,46.9874],[15.7695,46.9832],[15.7956,46.9703],[15.7667,46.991],[15.7558,46.9886],[15.7465,46.9924],[15.7614,46.9947],[15.7602,46.9989],[15.7527,47.0027],[15.7568,47.0082],[15.7517,47.03],[15.7437,47.0333],[15.7309,47.033],[15.7376,47.0379],[15.7489,47.037],[15.7468,47.0428],[15.7411,47.0453],[15.7454,47.0475],[15.7368,47.0662],[15.7334,47.0673],[15.7353,47.0702],[15.7275,47.08],[15.7166,47.0876],[15.7102,47.0872],[15.7113,47.0897],[15.7032,47.0923],[15.6962,47.099],[15.6912,47.097],[15.6832,47.0999],[15.6855,47.1032],[15.6942,47.1041],[15.6904,47.1126],[15.6784,47.1284],[15.6621,47.1382],[15.6539,47.1499],[15.6198,47.1679],[15.6084,47.1677],[15.6073,47.1711],[15.6117,47.1713],[15.6062,47.1765],[15.6067,47.1826],[15.6191,47.176],[15.6438,47.1741],[15.6467,47.1714],[15.6443,47.1673],[15.6511,47.1667],[15.6497,47.1634],[15.6614,47.1588],[15.6624,47.1797],[15.6591,47.1855],[15.6306,47.2059],[15.6138,47.2286],[15.6063,47.233],[15.6106,47.2355]]]}},{"type":"Feature","properties":{"id":"GK100126","n":"Feistritztal [LRR]","u":55.6},"geometry":{"type":"Polygon","coordinates":[[[16.0855,47.0742],[16.0881,47.0629],[16.1021,47.047],[16.1127,47.0408],[16.1162,47.036],[16.1151,47.0321],[16.1213,47.031],[16.1143,47.0297],[16.124,47.0272],[16.1237,47.0238],[16.1201,47.0246],[16.1324,47.0159],[16.1302,47.0119],[16.1405,47.0088],[16.1352,47.0066],[16.1425,47.0006],[16.1243,47.0083],[16.1162,47.0156],[16.1124,47.0197],[16.1153,47.0202],[16.1138,47.0225],[16.0999,47.0326],[16.1057,47.0323],[16.0996,47.0419],[16.07,47.0558],[16.0601,47.0557],[16.0422,47.0627],[16.0052,47.0615],[15.9775,47.0781],[15.9517,47.0884],[15.9522,47.0955],[15.9484,47.0988],[15.9211,47.1148],[15.9004,47.1222],[15.894,47.1306],[15.85,47.1616],[15.8421,47.1604],[15.8492,47.1674],[15.8246,47.1926],[15.8206,47.2078],[15.8226,47.2127],[15.8375,47.2071],[15.8344,47.2013],[15.8674,47.1758],[15.8709,47.1761],[15.8687,47.1735],[15.8764,47.1649],[15.9015,47.1478],[15.9286,47.1383],[15.9286,47.1348],[15.9439,47.1258],[15.9718,47.0975],[15.9791,47.0973],[15.9818,47.0938],[15.9852,47.0953],[15.9973,47.0864],[16.0127,47.0821],[16.0267,47.0823],[16.0242,47.0872],[16.034,47.0817],[16.0855,47.0742]]]}},{"type":"Feature","properties":{"id":"GK100146","n":"H\u00fcgelland Rabnitz [LRR]","u":59.4},"geometry":{"type":"MultiPolygon","coordinates":[[[[16.8594,47.9932],[16.8392,47.972],[16.8373,47.9522],[16.8498,47.9443],[16.8432,47.938],[16.8417,47.9428],[16.8142,47.9498],[16.7259,47.9266],[16.7075,47.9141],[16.7103,47.905],[16.6812,47.8976],[16.6702,47.8905],[16.6657,47.884],[16.6769,47.874],[16.6653,47.8725],[16.6341,47.8765],[16.6218,47.8846],[16.6348,47.8931],[16.6488,47.9109],[16.6598,47.9181],[16.6866,47.9233],[16.6985,47.9304],[16.7083,47.9401],[16.7088,47.9459],[16.7128,47.9442],[16.7186,47.9475],[16.7175,47.9509],[16.721,47.9542],[16.7186,47.9579],[16.7326,47.9548],[16.738,47.9606],[16.7402,47.9576],[16.7464,47.9598],[16.7535,47.965],[16.7503,47.9716],[16.7532,47.9796],[16.7577,47.9716],[16.7664,47.9733],[16.7712,47.9778],[16.7697,47.9797],[16.7744,47.9775],[16.7904,47.9887],[16.8005,47.9839],[16.8021,47.9925],[16.8472,47.9993],[16.8531,47.9993],[16.8594,47.9932]]],[[[16.4536,47.6547],[16.4514,47.6525],[16.455,47.6431],[16.4452,47.6313],[16.4529,47.6261],[16.4572,47.6166],[16.4692,47.6148],[16.4818,47.6011],[16.506,47.5905],[16.5356,47.5864],[16.5365,47.5742],[16.5774,47.554],[16.5689,47.5465],[16.5822,47.5377],[16.5822,47.5261],[16.5956,47.5255],[16.6065,47.52],[16.614,47.5252],[16.6382,47.5249],[16.6533,47.5289],[16.667,47.5215],[16.6976,47.5194],[16.6866,47.509],[16.6689,47.5036],[16.6626,47.5089],[16.657,47.5056],[16.6526,47.5006],[16.6616,47.4844],[16.6461,47.4826],[16.6411,47.4854],[16.6265,47.4729],[16.6099,47.4872],[16.6208,47.4731],[16.5981,47.4601],[16.5588,47.4752],[16.5508,47.4807],[16.5439,47.4967],[16.5445,47.4806],[16.5289,47.4908],[16.5248,47.4985],[16.5226,47.4932],[16.5032,47.5077],[16.487,47.5153],[16.4712,47.532],[16.4502,47.5476],[16.4385,47.5695],[16.4286,47.5752],[16.4266,47.5836],[16.4242,47.5757],[16.4171,47.5832],[16.42,47.5746],[16.4169,47.5712],[16.4236,47.5718],[16.4296,47.5674],[16.4455,47.5417],[16.4677,47.532],[16.4784,47.5183],[16.5018,47.5034],[16.5064,47.4932],[16.5141,47.4929],[16.5314,47.4775],[16.5671,47.4663],[16.5986,47.4482],[16.5586,47.4312],[16.5417,47.4335],[16.5239,47.4453],[16.5154,47.4603],[16.5026,47.4715],[16.5032,47.4758],[16.4928,47.4771],[16.4864,47.4888],[16.4869,47.4834],[16.4765,47.4894],[16.4737,47.485],[16.4673,47.4845],[16.4643,47.4828],[16.4509,47.4637],[16.4361,47.4544],[16.3998,47.4468],[16.3792,47.4526],[16.3764,47.461],[16.3602,47.467],[16.3556,47.4808],[16.3562,47.5036],[16.3396,47.5203],[16.3455,47.518],[16.3465,47.5231],[16.3536,47.5236],[16.352,47.5284],[16.3566,47.5306],[16.3687,47.529],[16.3615,47.5369],[16.3689,47.5417],[16.3685,47.5454],[16.3766,47.5406],[16.3815,47.5412],[16.3776,47.5465],[16.3825,47.5485],[16.3766,47.5572],[16.3826,47.5645],[16.3782,47.5692],[16.3872,47.5762],[16.386,47.5874],[16.3925,47.5937],[16.3855,47.5902],[16.3889,47.5966],[16.387,47.6001],[16.3828,47.6051],[16.3762,47.6031],[16.3766,47.6083],[16.363,47.6215],[16.3694,47.6219],[16.3717,47.6283],[16.374,47.6226],[16.3765,47.6256],[16.3711,47.6368],[16.3685,47.6366],[16.3725,47.6428],[16.3689,47.6484],[16.3725,47.6602],[16.3848,47.6562],[16.3949,47.6621],[16.4035,47.6589],[16.4097,47.6499],[16.416,47.6535],[16.4215,47.6654],[16.4392,47.6572],[16.4536,47.6547]]],[[[16.5681,47.423],[16.591,47.4208],[16.5789,47.4184],[16.5822,47.4151],[16.5746,47.4122],[16.5773,47.4093],[16.5747,47.406],[16.5488,47.4053],[16.5398,47.4103],[16.5156,47.4086],[16.5084,47.4098],[16.5168,47.41],[16.5015,47.425],[16.4578,47.4382],[16.4362,47.4355],[16.4329,47.43],[16.4253,47.4273],[16.4028,47.4267],[16.397,47.4278],[16.3931,47.4328],[16.3732,47.4279],[16.3595,47.4359],[16.3606,47.4423],[16.3504,47.457],[16.3301,47.4764],[16.3183,47.4932],[16.3284,47.4982],[16.3264,47.5005],[16.3331,47.5049],[16.3394,47.5161],[16.3488,47.4998],[16.3525,47.4685],[16.3718,47.451],[16.3973,47.4438],[16.418,47.4441],[16.4332,47.4522],[16.4512,47.4565],[16.4638,47.4735],[16.4664,47.4834],[16.4743,47.484],[16.4864,47.4757],[16.5047,47.4473],[16.5314,47.4239],[16.5464,47.4197],[16.5681,47.423]]],[[[16.6606,47.4548],[16.6488,47.4512],[16.6513,47.4488],[16.646,47.4462],[16.6273,47.4421],[16.6192,47.4309],[16.6174,47.4494],[16.6207,47.455],[16.6499,47.4595],[16.6606,47.4548]]]]}},{"type":"Feature","properties":{"id":"GK100095","n":"Weinviertel [MAR] mit Uferfiltrat March","u":73.9},"geometry":{"type":"Polygon","coordinates":[[[16.8411,48.3719],[16.8356,48.3558],[16.8276,48.3505],[16.8045,48.3539],[16.7764,48.3405],[16.7619,48.3394],[16.7465,48.3478],[16.7246,48.3513],[16.7102,48.3467],[16.7009,48.3477],[16.6669,48.3574],[16.655,48.3677],[16.6338,48.3701],[16.6275,48.3634],[16.6252,48.3702],[16.6053,48.379],[16.5672,48.38],[16.5625,48.3869],[16.5713,48.3887],[16.5679,48.3955],[16.5696,48.3988],[16.5498,48.4101],[16.5488,48.4151],[16.5407,48.4211],[16.5532,48.4285],[16.5502,48.438],[16.5543,48.4402],[16.555,48.4456],[16.5459,48.4497],[16.5466,48.4578],[16.5419,48.4614],[16.5439,48.4672],[16.5369,48.4778],[16.5109,48.4925],[16.497,48.488],[16.5004,48.4938],[16.4933,48.4977],[16.4798,48.495],[16.4747,48.5038],[16.4297,48.5033],[16.4243,48.4966],[16.4304,48.4887],[16.4266,48.4887],[16.4162,48.4896],[16.4087,48.4993],[16.3969,48.504],[16.3939,48.509],[16.3783,48.4987],[16.3719,48.5056],[16.3621,48.5088],[16.3512,48.5065],[16.3499,48.5227],[16.3374,48.5301],[16.3438,48.5367],[16.3479,48.5369],[16.3411,48.5373],[16.3319,48.5463],[16.3485,48.5497],[16.3577,48.5571],[16.354,48.5618],[16.3543,48.5677],[16.336,48.5796],[16.3374,48.583],[16.3208,48.5859],[16.3184,48.5933],[16.3041,48.6012],[16.3055,48.6077],[16.3007,48.6095],[16.2929,48.6054],[16.2624,48.6003],[16.2445,48.6054],[16.238,48.6007],[16.2248,48.598],[16.2075,48.598],[16.2021,48.6007],[16.1886,48.5957],[16.177,48.6076],[16.1658,48.6114],[16.1671,48.6161],[16.1552,48.6269],[16.1583,48.6303],[16.1609,48.6534],[16.1517,48.6617],[16.1537,48.6719],[16.1313,48.6675],[16.1198,48.6727],[16.1079,48.6713],[16.1025,48.6747],[16.0678,48.6742],[16.0556,48.68],[16.0485,48.6732],[16.0291,48.6792],[16.021,48.6754],[16.002,48.6778],[16.0027,48.6731],[15.9976,48.6715],[15.9973,48.6666],[15.9746,48.6645],[15.9695,48.6577],[15.9522,48.661],[15.9399,48.6722],[15.9266,48.6753],[15.8988,48.6768],[15.8849,48.6729],[15.874,48.6792],[15.869,48.6919],[15.854,48.6852],[15.8331,48.69],[15.8209,48.685],[15.8203,48.6805],[15.8158,48.6866],[15.7962,48.6921],[15.7984,48.6973],[15.8107,48.7031],[15.8543,48.7023],[15.8531,48.7065],[15.8445,48.7105],[15.8441,48.7174],[15.8624,48.723],[15.8622,48.727],[15.8696,48.7295],[15.8955,48.7588],[15.9086,48.7576],[15.9281,48.7439],[15.934,48.7543],[15.9476,48.7493],[15.945,48.7655],[15.9591,48.7762],[15.9604,48.7836],[15.9716,48.7901],[15.9795,48.7898],[15.9947,48.7795],[16.0666,48.7542],[16.102,48.7454],[16.1169,48.7484],[16.1384,48.7427],[16.139,48.7454],[16.1498,48.7431],[16.1538,48.7487],[16.2631,48.7371],[16.2684,48.7416],[16.2792,48.7414],[16.2968,48.7378],[16.3026,48.7398],[16.3108,48.7339],[16.3302,48.731],[16.3368,48.7336],[16.3416,48.7456],[16.3457,48.7407],[16.3494,48.7421],[16.3568,48.7385],[16.3513,48.7336],[16.36,48.731],[16.3598,48.7282],[16.3771,48.731],[16.3775,48.7285],[16.3839,48.7311],[16.3886,48.7389],[16.395,48.7363],[16.4005,48.7411],[16.4105,48.7431],[16.4133,48.7539],[16.4225,48.7621],[16.4361,48.767],[16.4392,48.7749],[16.4355,48.7783],[16.448,48.7913],[16.4488,48.7996],[16.462,48.8046],[16.4601,48.8088],[16.4645,48.8098],[16.4787,48.8018],[16.5161,48.8025],[16.5188,48.7981],[16.5406,48.8145],[16.5652,48.7936],[16.582,48.7923],[16.593,48.7871],[16.5932,48.7829],[16.6276,48.7802],[16.6389,48.7862],[16.6633,48.7815],[16.6647,48.7753],[16.6747,48.7717],[16.6773,48.7673],[16.681,48.7503],[16.6735,48.7408],[16.6829,48.7282],[16.701,48.7367],[16.7251,48.7382],[16.7367,48.7295],[16.7473,48.7323],[16.7532,48.721],[16.7585,48.719],[16.757,48.7172],[16.7635,48.7187],[16.7742,48.7122],[16.7897,48.7138],[16.7985,48.7107],[16.8003,48.7059],[16.806,48.7095],[16.8051,48.7126],[16.8237,48.7107],[16.8341,48.7167],[16.8413,48.7115],[16.8697,48.7126],[16.88,48.7234],[16.8863,48.7158],[16.9017,48.7179],[16.906,48.7147],[16.9023,48.7127],[16.9038,48.71],[16.9112,48.7067],[16.9075,48.705],[16.9181,48.6995],[16.9157,48.6895],[16.9183,48.688],[16.9115,48.6824],[16.9104,48.6757],[16.9249,48.672],[16.9234,48.6668],[16.9198,48.6668],[16.9226,48.6654],[16.92,48.664],[16.9233,48.6586],[16.9184,48.6537],[16.9204,48.6456],[16.9281,48.6432],[16.9284,48.6391],[16.9246,48.6383],[16.9256,48.6328],[16.919,48.6269],[16.9187,48.6226],[16.9398,48.6165],[16.942,48.607],[16.9338,48.6009],[16.9393,48.5865],[16.9359,48.5703],[16.9443,48.5608],[16.9434,48.5523],[16.954,48.5438],[16.9494,48.5342],[16.9412,48.5284],[16.9425,48.5214],[16.9213,48.5205],[16.9226,48.5136],[16.9138,48.5122],[16.9172,48.4959],[16.913,48.4945],[16.9039,48.4984],[16.8929,48.4941],[16.8903,48.4918],[16.8957,48.4859],[16.89,48.4776],[16.8813,48.4778],[16.8737,48.4673],[16.8654,48.4658],[16.8592,48.4591],[16.8639,48.456],[16.8625,48.453],[16.8497,48.4488],[16.8513,48.4355],[16.8639,48.4198],[16.8499,48.4098],[16.8559,48.396],[16.8505,48.3906],[16.8503,48.3831],[16.8373,48.3839],[16.8333,48.3813],[16.8411,48.3719]]]}},{"type":"Feature","properties":{"id":"GK100052","n":"Niedere Tauern einschl. Grauwackenzone [DUJ]","u":0.5},"geometry":{"type":"MultiPolygon","coordinates":[[[[14.4578,47.5726],[14.463,47.5499],[14.4693,47.5377],[14.4687,47.5292],[14.4827,47.5266],[14.4933,47.537],[14.5166,47.5396],[14.5352,47.539],[14.5465,47.5354],[14.5601,47.5412],[14.5784,47.5385],[14.5678,47.5264],[14.5586,47.5035],[14.5344,47.4925],[14.5298,47.4968],[14.5074,47.496],[14.4818,47.5025],[14.4756,47.5013],[14.4631,47.5101],[14.3879,47.5264],[14.3334,47.5287],[14.3105,47.5362],[14.3075,47.5454],[14.3245,47.5543],[14.3362,47.5716],[14.3575,47.5774],[14.3772,47.5771],[14.3998,47.567],[14.4115,47.5656],[14.4444,47.5727],[14.4578,47.5726]]],[[[14.3007,47.5474],[14.3067,47.5406],[14.3058,47.5357],[14.2998,47.5348],[14.3237,47.5295],[14.3228,47.5222],[14.3763,47.5202],[14.3859,47.5147],[14.4185,47.5094],[14.4403,47.4988],[14.4543,47.4977],[14.4665,47.4888],[14.479,47.488],[14.4843,47.4812],[14.4864,47.4621],[14.4929,47.454],[14.542,47.4299],[14.5396,47.4254],[14.5415,47.4235],[14.5548,47.4206],[14.5708,47.4221],[14.6047,47.4122],[14.6011,47.4025],[14.6024,47.3947],[14.6103,47.3925],[14.6197,47.3786],[14.5931,47.3785],[14.5831,47.3722],[14.5817,47.3647],[14.5774,47.3614],[14.5693,47.3612],[14.5611,47.3673],[14.5444,47.3645],[14.536,47.3778],[14.5455,47.3842],[14.5394,47.3917],[14.5102,47.3909],[14.5072,47.3963],[14.4935,47.404],[14.4815,47.4164],[14.462,47.4169],[14.4514,47.413],[14.4304,47.4302],[14.4044,47.4347],[14.4003,47.4394],[14.3898,47.4334],[14.3883,47.4268],[14.3764,47.4202],[14.3592,47.4168],[14.3279,47.4053],[14.3214,47.4003],[14.316,47.4028],[14.3037,47.3984],[14.2871,47.3836],[14.2393,47.3745],[14.2265,47.3578],[14.2255,47.3489],[14.2291,47.3415],[14.2236,47.338],[14.227,47.3292],[14.2205,47.3218],[14.2018,47.3118],[14.1985,47.3069],[14.1902,47.3044],[14.1707,47.3086],[14.1566,47.2964],[14.1397,47.2967],[14.1286,47.2822],[14.1166,47.2767],[14.1113,47.2672],[14.1048,47.2672],[14.0991,47.263],[14.0826,47.2717],[14.0622,47.2737],[14.0448,47.2889],[14.0346,47.2757],[14.0162,47.2713],[14.0131,47.2621],[14.0019,47.267],[13.9685,47.2699],[13.9546,47.2649],[13.9578,47.2593],[13.9532,47.2556],[13.9415,47.2546],[13.9308,47.249],[13.9155,47.2501],[13.9107,47.2611],[13.8636,47.252],[13.8227,47.2676],[13.8229,47.2718],[13.8267,47.2741],[13.8237,47.2777],[13.827,47.2823],[13.8236,47.2868],[13.8253,47.293],[13.8163,47.2957],[13.7972,47.2872],[13.7875,47.2886],[13.7899,47.2806],[13.7852,47.2757],[13.761,47.2667],[13.7478,47.2772],[13.7242,47.2777],[13.7152,47.2717],[13.7114,47.2592],[13.6966,47.2601],[13.6943,47.2649],[13.6745,47.2741],[13.6675,47.2719],[13.6517,47.2762],[13.6308,47.2741],[13.6209,47.2829],[13.6087,47.2834],[13.5976,47.2939],[13.6028,47.3108],[13.5963,47.3121],[13.5956,47.3168],[13.6033,47.3297],[13.5829,47.368],[13.5819,47.3826],[13.5714,47.393],[13.5736,47.3998],[13.5862,47.3958],[13.591,47.3871],[13.6166,47.3839],[13.6684,47.3902],[13.6881,47.3887],[13.6952,47.3948],[13.7158,47.4016],[13.7509,47.4055],[13.7662,47.4123],[13.7794,47.4107],[13.7886,47.414],[13.8618,47.4186],[13.9326,47.4325],[13.9419,47.4313],[13.9427,47.4368],[13.9539,47.4398],[13.962,47.4472],[13.9789,47.455],[13.998,47.4576],[13.9953,47.4593],[13.9992,47.4634],[14.0199,47.4754],[14.0227,47.4848],[14.0357,47.4908],[14.0663,47.5015],[14.0779,47.5027],[14.0823,47.5025],[14.0861,47.4971],[14.1052,47.4952],[14.1023,47.5006],[14.1236,47.5123],[14.1411,47.5185],[14.1441,47.516],[14.146,47.5184],[14.1474,47.5147],[14.1489,47.5201],[14.1463,47.5219],[14.1508,47.5307],[14.1556,47.5312],[14.1677,47.5412],[14.2164,47.5435],[14.208,47.5462],[14.2139,47.5531],[14.3007,47.5474]]]]}},{"type":"Feature","properties":{"id":"GK100184","n":"Turrach, Kreischberg, Frauenalpe, Stolzalpe [MUR]","u":0.1},"geometry":{"type":"MultiPolygon","coordinates":[[[[14.2388,47.2006],[14.2356,47.1968],[14.265,47.2008],[14.307,47.1891],[14.3366,47.1713],[14.3613,47.1615],[14.3708,47.1504],[14.3674,47.1394],[14.338,47.1348],[14.3322,47.1385],[14.2873,47.1434],[14.2741,47.1524],[14.2644,47.1542],[14.2482,47.1633],[14.2323,47.1766],[14.1878,47.1911],[14.1622,47.1912],[14.1593,47.1939],[14.1631,47.197],[14.1623,47.2017],[14.1663,47.2014],[14.1647,47.2037],[14.1675,47.2072],[14.1642,47.2087],[14.1721,47.2178],[14.1979,47.223],[14.222,47.2217],[14.2316,47.2143],[14.2339,47.2047],[14.2388,47.2006]]],[[[14.0824,47.1066],[14.0678,47.1319],[14.0795,47.1365],[14.079,47.1405],[14.0995,47.1443],[14.101,47.1489],[14.0487,47.1636],[14.0432,47.1672],[14.0488,47.171],[14.0776,47.1732],[14.0957,47.1682],[14.1126,47.1688],[14.1203,47.1718],[14.1181,47.1784],[14.1363,47.1841],[14.1978,47.1801],[14.2305,47.17],[14.2387,47.1619],[14.2556,47.1567],[14.2828,47.1391],[14.2806,47.1366],[14.2477,47.1342],[14.2227,47.1223],[14.2149,47.1145],[14.1971,47.1102],[14.1756,47.1151],[14.1709,47.1201],[14.1679,47.1136],[14.1523,47.1153],[14.1333,47.1092],[14.1073,47.1059],[14.0824,47.1066]]],[[[14.4203,47.1431],[14.4235,47.1389],[14.4345,47.1373],[14.4409,47.128],[14.4585,47.1135],[14.4466,47.1099],[14.402,47.1244],[14.3887,47.1212],[14.3765,47.1121],[14.3594,47.1125],[14.3536,47.1099],[14.35,47.1039],[14.3568,47.1003],[14.3512,47.0967],[14.3394,47.0966],[14.3422,47.0815],[14.3465,47.0773],[14.3394,47.0668],[14.3264,47.057],[14.3314,47.0492],[14.3312,47.028],[14.3023,47.0288],[14.2907,47.0257],[14.2852,47.029],[14.2785,47.0261],[14.2721,47.0296],[14.264,47.026],[14.2501,47.035],[14.2296,47.0225],[14.2142,47.0255],[14.2086,47.0314],[14.1715,47.038],[14.1676,47.0374],[14.1625,47.0243],[14.1364,47.03],[14.123,47.0424],[14.1028,47.0379],[14.0788,47.0224],[14.0873,47.0078],[14.0857,46.9955],[14.0934,46.9893],[14.0898,46.9758],[14.0599,46.9659],[14.0506,46.9595],[14.046,46.9418],[14.0357,46.9401],[14.033,46.9355],[14.0382,46.931],[14.0264,46.9279],[14.023,46.9214],[13.997,46.9162],[13.9472,46.919],[13.9361,46.9127],[13.9239,46.9103],[13.9154,46.9122],[13.9017,46.9065],[13.8874,46.9154],[13.8764,46.9136],[13.8566,46.9168],[13.8487,46.9092],[13.8431,46.9128],[13.834,46.9147],[13.8287,46.9123],[13.8165,46.9175],[13.8072,46.9273],[13.7834,46.938],[13.7853,46.9436],[13.7961,46.9495],[13.8122,46.9516],[13.8176,46.9584],[13.8273,46.9619],[13.8319,46.966],[13.8331,46.9742],[13.8421,46.9794],[13.8431,46.9868],[13.8646,46.9963],[13.8644,47.0212],[13.8807,47.0371],[13.8899,47.0532],[13.904,47.0631],[13.9049,47.0679],[13.9156,47.0672],[13.9171,47.0727],[13.9358,47.0827],[13.9746,47.0807],[13.9839,47.0747],[13.9866,47.0819],[14.0077,47.095],[14.0175,47.1055],[14.0336,47.1099],[14.0626,47.1076],[14.0905,47.096],[14.1421,47.1054],[14.1559,47.1126],[14.1601,47.112],[14.1598,47.1084],[14.1885,47.1072],[14.2028,47.1024],[14.2169,47.1071],[14.2297,47.1202],[14.2549,47.1315],[14.2819,47.1293],[14.2955,47.132],[14.3369,47.125],[14.3598,47.1249],[14.3888,47.1449],[14.402,47.1472],[14.4203,47.1431]]]]}},{"type":"Feature","properties":{"id":"GK100187","n":"H\u00fcgelland Raab West [LRR]","u":57.6},"geometry":{"type":"MultiPolygon","coordinates":[[[[16.0881,47.1083],[16.0826,47.1091],[16.0806,47.1065],[16.0746,47.1091],[16.044,47.1436],[16.0239,47.1587],[16.0227,47.1653],[16.0171,47.1669],[16.0132,47.1764],[16.0084,47.1788],[16.0119,47.1827],[16.0071,47.1814],[15.9946,47.1984],[15.9983,47.2052],[15.9951,47.2101],[16.0021,47.2165],[15.9998,47.2182],[16.0011,47.2239],[15.9968,47.2272],[16.0003,47.2486],[15.9905,47.258],[15.9865,47.2695],[16.0052,47.2794],[16.0032,47.2861],[16.0134,47.2947],[16.0117,47.2991],[16.015,47.3025],[16.0092,47.3151],[16.0056,47.3166],[16.0019,47.3157],[16.0061,47.3143],[16.0081,47.308],[16.0071,47.299],[16.0033,47.2977],[16.0069,47.2934],[15.9989,47.2899],[15.9966,47.2844],[15.9829,47.2868],[15.9799,47.2838],[15.9823,47.2808],[15.9764,47.2819],[15.9678,47.2751],[15.9838,47.2623],[15.9816,47.2602],[15.9927,47.2456],[15.9929,47.242],[15.9902,47.2416],[15.9928,47.2391],[15.9896,47.2362],[15.9921,47.2315],[15.9911,47.216],[15.9851,47.2144],[15.9885,47.2128],[15.9844,47.2094],[15.9784,47.209],[15.988,47.2039],[15.9907,47.1882],[15.9822,47.1899],[15.9468,47.2089],[15.9164,47.217],[15.9074,47.2338],[15.8929,47.2454],[15.8896,47.2433],[15.9004,47.2265],[15.9009,47.2204],[15.8913,47.2177],[15.8957,47.2154],[15.8907,47.2143],[15.9049,47.2133],[15.9082,47.2097],[15.9088,47.2131],[15.9292,47.2068],[15.9673,47.1897],[15.976,47.1824],[15.9823,47.1837],[15.9999,47.1718],[16.0029,47.1686],[15.9999,47.1663],[16.0063,47.1669],[16.0078,47.1609],[16.0407,47.1306],[16.037,47.1286],[16.045,47.1253],[16.0535,47.109],[16.0793,47.0895],[16.0834,47.079],[16.0862,47.0783],[16.0851,47.0738],[16.0317,47.0822],[16.0242,47.0872],[16.0267,47.0823],[16.0127,47.0821],[15.9973,47.0864],[15.9852,47.0953],[15.9818,47.0938],[15.9791,47.0973],[15.9718,47.0975],[15.9439,47.1258],[15.9286,47.1348],[15.9286,47.1383],[15.9015,47.1478],[15.8764,47.1649],[15.8687,47.1735],[15.8709,47.1761],[15.8674,47.1758],[15.8344,47.2013],[15.8375,47.2071],[15.831,47.2077],[15.8243,47.2131],[15.8206,47.2078],[15.8246,47.1926],[15.8496,47.1661],[15.8421,47.1604],[15.85,47.1616],[15.894,47.1306],[15.9004,47.1222],[15.9211,47.1148],[15.944,47.1019],[15.9522,47.0955],[15.9515,47.089],[15.9388,47.0897],[15.9383,47.0926],[15.9302,47.089],[15.9282,47.0933],[15.9252,47.0894],[15.9159,47.0888],[15.9122,47.0921],[15.9091,47.0898],[15.9024,47.0929],[15.902,47.0898],[15.8939,47.0892],[15.8629,47.095],[15.8499,47.1011],[15.8321,47.1003],[15.8039,47.1343],[15.781,47.1487],[15.7804,47.152],[15.7759,47.1514],[15.7736,47.1558],[15.7709,47.1543],[15.7628,47.1585],[15.763,47.161],[15.7568,47.1597],[15.7527,47.1667],[15.751,47.1647],[15.7409,47.169],[15.739,47.1726],[15.7367,47.1703],[15.7309,47.1766],[15.7312,47.1711],[15.7253,47.1706],[15.7456,47.1628],[15.7508,47.1551],[15.7682,47.1495],[15.7737,47.1451],[15.7721,47.1436],[15.7798,47.1419],[15.7833,47.1357],[15.7875,47.136],[15.799,47.1274],[15.8137,47.1093],[15.8132,47.0981],[15.8155,47.096],[15.8387,47.0891],[15.8668,47.087],[15.8736,47.0822],[15.8922,47.0792],[15.935,47.0783],[16.0022,47.0618],[16.0412,47.0629],[16.0601,47.0557],[16.07,47.0558],[16.1,47.0416],[16.1057,47.0323],[16.0999,47.0326],[16.1138,47.0225],[16.1153,47.0202],[16.1124,47.0197],[16.1183,47.0144],[16.092,47.0268],[16.0599,47.025],[16.0513,47.0292],[16.0264,47.0297],[16.0273,47.0338],[16.0183,47.0313],[16.0146,47.0338],[16.0127,47.0314],[16.0033,47.036],[15.9936,47.036],[16.0065,47.0167],[16.0135,47.0151],[16.0148,47.019],[16.0201,47.019],[16.0306,47.017],[16.0331,47.0133],[16.0461,47.0159],[16.0513,47.0102],[16.0718,47.0112],[16.0733,47.0141],[16.0924,47.017],[16.1113,47.0071],[16.1091,47.0017],[16.1168,47.002],[16.1275,46.997],[16.126,46.9914],[16.1344,46.9933],[16.1412,46.9886],[16.1569,46.9881],[16.1525,46.9855],[16.1707,46.9851],[16.1712,46.9827],[16.1906,46.9803],[16.1971,46.982],[16.2291,46.9713],[16.2357,46.9723],[16.2459,46.9679],[16.2497,46.9622],[16.2444,46.9582],[16.1883,46.944],[16.162,46.9443],[16.1423,46.9374],[16.1174,46.9372],[16.0799,46.943],[16.0694,46.9498],[16.0668,46.9471],[16.0584,46.9477],[16.0392,46.9574],[16.0284,46.9573],[16.0194,46.964],[16.017,46.9724],[15.9984,46.9855],[15.9948,46.9848],[15.997,46.9801],[16.0121,46.9647],[16.0132,46.9534],[15.9546,46.9558],[15.9458,46.9609],[15.9446,46.9576],[15.927,46.9584],[15.9131,46.9642],[15.9104,46.964],[15.9127,46.9608],[15.9074,46.9606],[15.8911,46.964],[15.8833,46.9688],[15.8809,46.9653],[15.8832,46.9614],[15.8749,46.9593],[15.85,46.9649],[15.8439,46.9715],[15.8386,46.9687],[15.8291,46.9699],[15.7769,46.9981],[15.7731,47.0078],[15.7768,47.0125],[15.7728,47.0121],[15.769,47.0191],[15.7704,47.0268],[15.7644,47.0328],[15.7638,47.0413],[15.768,47.0456],[15.7611,47.0457],[15.7578,47.0547],[15.7602,47.0585],[15.7571,47.0568],[15.7546,47.0598],[15.7504,47.0749],[15.7436,47.0808],[15.7421,47.0876],[15.7387,47.086],[15.7371,47.0963],[15.7284,47.1017],[15.7283,47.1069],[15.7217,47.1051],[15.7133,47.1101],[15.7139,47.1158],[15.7084,47.1146],[15.703,47.1196],[15.7013,47.1224],[15.705,47.1307],[15.6993,47.1277],[15.6909,47.1341],[15.6913,47.1411],[15.6862,47.1393],[15.6788,47.1446],[15.6728,47.1581],[15.6748,47.1639],[15.6684,47.1814],[15.6697,47.1851],[15.6618,47.2015],[15.6586,47.1981],[15.6404,47.2161],[15.6307,47.2215],[15.6471,47.2266],[15.6582,47.2233],[15.6619,47.2265],[15.6679,47.2246],[15.6728,47.2298],[15.6771,47.2297],[15.6771,47.2334],[15.6852,47.2388],[15.6853,47.2423],[15.6924,47.2455],[15.6866,47.2524],[15.6959,47.2611],[15.6841,47.2872],[15.7011,47.2747],[15.7086,47.2776],[15.7164,47.2753],[15.7102,47.2712],[15.7091,47.2647],[15.7284,47.2495],[15.7313,47.2486],[15.7353,47.2536],[15.739,47.2508],[15.7362,47.2477],[15.7417,47.2426],[15.7537,47.2418],[15.7565,47.2389],[15.7548,47.2346],[15.7416,47.2309],[15.7433,47.2235],[15.7277,47.2114],[15.7341,47.2061],[15.7359,47.2101],[15.7451,47.2102],[15.7486,47.1937],[15.7524,47.1902],[15.7687,47.1882],[15.762,47.1977],[15.7761,47.2042],[15.7817,47.2036],[15.7877,47.197],[15.7977,47.2014],[15.7977,47.2053],[15.809,47.2065],[15.8152,47.1985],[15.822,47.1981],[15.8197,47.2042],[15.8211,47.2102],[15.8145,47.2107],[15.8246,47.2167],[15.8202,47.219],[15.8124,47.2169],[15.8112,47.2217],[15.8048,47.2258],[15.7931,47.2254],[15.7956,47.2407],[15.7893,47.242],[15.7966,47.2471],[15.7829,47.2568],[15.7972,47.2529],[15.8005,47.2562],[15.8034,47.2496],[15.8225,47.2371],[15.8318,47.2418],[15.8318,47.245],[15.8416,47.2359],[15.8498,47.2353],[15.8593,47.2274],[15.8759,47.2343],[15.8641,47.2458],[15.8673,47.2487],[15.858,47.2513],[15.8632,47.26],[15.8604,47.2615],[15.8639,47.2638],[15.8439,47.27],[15.8326,47.2684],[15.8287,47.2738],[15.8408,47.2751],[15.84,47.2785],[15.8447,47.2784],[15.8426,47.2795],[15.8443,47.2833],[15.8046,47.2894],[15.8154,47.2909],[15.8211,47.3004],[15.8097,47.3051],[15.8099,47.313],[15.8025,47.3132],[15.7965,47.3203],[15.7775,47.3288],[15.7969,47.3299],[15.8041,47.3264],[15.8111,47.3295],[15.8124,47.3316],[15.8092,47.3327],[15.8168,47.3356],[15.8175,47.3272],[15.8261,47.3167],[15.8357,47.3156],[15.8407,47.3203],[15.8394,47.3156],[15.8453,47.3049],[15.8608,47.302],[15.8689,47.3065],[15.8687,47.3107],[15.8749,47.3082],[15.8786,47.2957],[15.8762,47.2917],[15.8798,47.2861],[15.8833,47.2848],[15.8913,47.2909],[15.9001,47.2892],[15.9022,47.2845],[15.9048,47.2882],[15.9053,47.2849],[15.9007,47.282],[15.9055,47.2808],[15.9063,47.2759],[15.914,47.2746],[15.9203,47.2802],[15.9263,47.2803],[15.9241,47.2854],[15.9407,47.2816],[15.9475,47.284],[15.9628,47.2815],[15.9777,47.2869],[15.9773,47.2966],[15.9705,47.3065],[15.9557,47.3106],[15.963,47.315],[15.953,47.3214],[15.9593,47.3204],[15.962,47.3254],[15.9676,47.3255],[15.9554,47.3326],[15.9384,47.335],[15.946,47.3394],[15.9532,47.3374],[15.9589,47.3431],[15.975,47.3436],[15.9731,47.3464],[15.9763,47.3498],[15.9731,47.3526],[15.9807,47.3544],[15.9825,47.3583],[15.9704,47.3652],[15.9693,47.3705],[15.9803,47.3731],[15.9841,47.3693],[15.9874,47.3734],[15.996,47.3726],[16.0008,47.3755],[16.0384,47.3336],[16.052,47.3097],[16.0604,47.2854],[16.0667,47.2805],[16.0703,47.2724],[16.0741,47.2503],[16.0687,47.2334],[16.0646,47.2362],[16.0602,47.2345],[16.0668,47.2238],[16.0638,47.2213],[16.0742,47.2075],[16.071,47.2055],[16.075,47.2048],[16.0778,47.1999],[16.0753,47.1989],[16.0831,47.1918],[16.0862,47.181],[16.0826,47.1801],[16.09,47.1774],[16.0955,47.1682],[16.0973,47.1573],[16.0948,47.1484],[16.0965,47.143],[16.0907,47.1443],[16.0951,47.1399],[16.0954,47.1337],[16.0916,47.1338],[16.0944,47.1319],[16.0929,47.1283],[16.0883,47.1283],[16.0948,47.1233],[16.0881,47.1083]]],[[[15.617,47.2221],[15.6306,47.2059],[15.6591,47.1855],[15.6624,47.1797],[15.6614,47.1588],[15.6497,47.1634],[15.6511,47.1667],[15.6443,47.1673],[15.6467,47.1714],[15.6438,47.1741],[15.6155,47.177],[15.6236,47.1769],[15.6233,47.1805],[15.6267,47.1819],[15.6243,47.1871],[15.6187,47.1873],[15.6238,47.192],[15.6048,47.1982],[15.5991,47.2051],[15.5854,47.2029],[15.5764,47.2063],[15.5806,47.2076],[15.5844,47.2144],[15.5695,47.2246],[15.5746,47.227],[15.5918,47.2253],[15.5916,47.2283],[15.5963,47.229],[15.607,47.2227],[15.617,47.2221]]],[[[15.6061,47.1789],[15.6117,47.1713],[15.6073,47.1711],[15.6085,47.1675],[15.6157,47.1695],[15.6435,47.1566],[15.6571,47.1469],[15.6628,47.1377],[15.6784,47.1284],[15.6943,47.1047],[15.6855,47.1032],[15.6832,47.0999],[15.6912,47.097],[15.6962,47.099],[15.7032,47.0923],[15.7113,47.0897],[15.7102,47.0872],[15.7166,47.0876],[15.7275,47.08],[15.7353,47.0702],[15.7334,47.0673],[15.7368,47.0662],[15.7454,47.0475],[15.7411,47.0453],[15.7468,47.0428],[15.7489,47.037],[15.7376,47.0379],[15.7309,47.033],[15.7437,47.0333],[15.7517,47.03],[15.7568,47.0082],[15.7527,47.0027],[15.7602,46.9989],[15.7614,46.9947],[15.7482,46.994],[15.7465,46.9924],[15.7558,46.9886],[15.7667,46.991],[15.7956,46.9703],[15.7695,46.9832],[15.7465,46.9874],[15.7475,46.9824],[15.7527,46.9808],[15.7492,46.9782],[15.7724,46.9758],[15.7683,46.9731],[15.7774,46.9729],[15.7973,46.9613],[15.8161,46.9621],[15.8478,46.9531],[15.8355,46.9513],[15.8261,46.9535],[15.8167,46.9478],[15.8344,46.9441],[15.855,46.9487],[15.858,46.9486],[15.8571,46.9465],[15.8642,46.9522],[15.8685,46.9506],[15.8754,46.9534],[15.8898,46.9483],[15.8859,46.9457],[15.8947,46.9474],[15.9078,46.9441],[15.9046,46.937],[15.9142,46.9431],[15.9403,46.9378],[15.9502,46.9428],[15.956,46.9418],[15.9542,46.9385],[15.9569,46.9379],[15.969,46.9401],[15.9787,46.9391],[15.9798,46.9365],[15.9975,46.9374],[15.9943,46.9314],[15.9962,46.9303],[16.0046,46.9342],[16.0352,46.9341],[16.0342,46.926],[16.0498,46.9318],[16.1234,46.919],[16.1681,46.9267],[16.1894,46.9266],[16.1788,46.9066],[16.1712,46.9037],[16.1625,46.9049],[16.1581,46.8972],[16.1486,46.8931],[16.1456,46.8863],[16.1386,46.8853],[16.1333,46.8758],[16.1108,46.8691],[16.0991,46.8608],[16.092,46.8651],[16.0793,46.8522],[16.0716,46.8529],[16.0644,46.8488],[16.0609,46.8537],[16.0635,46.8631],[16.055,46.8655],[16.0524,46.8698],[16.0462,46.8694],[16.0392,46.8809],[16.0339,46.879],[16.0216,46.8867],[16.0114,46.8836],[16.007,46.8855],[16.0085,46.8875],[15.9972,46.886],[15.9747,46.8917],[15.9617,46.8889],[15.958,46.8936],[15.947,46.8976],[15.9261,46.8951],[15.9138,46.899],[15.913,46.9065],[15.9068,46.9099],[15.9014,46.9081],[15.8898,46.9118],[15.8867,46.9073],[15.8727,46.9053],[15.8727,46.9108],[15.8634,46.9149],[15.8593,46.9203],[15.8401,46.9197],[15.8351,46.9248],[15.8272,46.9251],[15.8151,46.9349],[15.8113,46.9349],[15.8077,46.929],[15.7977,46.9321],[15.7917,46.9299],[15.7686,46.9325],[15.7622,46.93],[15.7575,46.9332],[15.7424,46.9291],[15.7399,46.937],[15.7269,46.9534],[15.7289,46.9589],[15.7203,46.9623],[15.7179,46.9672],[15.7034,46.9633],[15.6955,46.965],[15.6952,46.9735],[15.6818,46.9795],[15.6665,46.9773],[15.6477,46.9838],[15.649,46.9883],[15.6442,46.9948],[15.6467,47.0018],[15.6424,47.0075],[15.6448,47.0164],[15.6271,47.0262],[15.622,47.026],[15.6131,47.0531],[15.5905,47.0635],[15.589,47.0698],[15.5938,47.0719],[15.591,47.0756],[15.5831,47.0764],[15.5823,47.0836],[15.576,47.0892],[15.571,47.0929],[15.5599,47.0936],[15.5584,47.0999],[15.5446,47.1033],[15.5444,47.1081],[15.5496,47.1122],[15.5368,47.119],[15.5336,47.1238],[15.5358,47.1296],[15.5261,47.1349],[15.5263,47.1433],[15.5052,47.1548],[15.5081,47.1592],[15.4981,47.1669],[15.4987,47.1705],[15.505,47.173],[15.5074,47.181],[15.5129,47.1837],[15.5177,47.1829],[15.5207,47.1751],[15.5477,47.1695],[15.5495,47.1754],[15.5413,47.1854],[15.5467,47.1938],[15.5405,47.1996],[15.5557,47.1985],[15.5617,47.2028],[15.5783,47.1947],[15.5811,47.1988],[15.5874,47.1909],[15.5818,47.1902],[15.5822,47.1845],[15.5964,47.1721],[15.5995,47.1714],[15.5966,47.173],[15.5974,47.1783],[15.6061,47.1789]]]]}},{"type":"Feature","properties":{"id":"GK100109","n":"Grazer Bergland \u00f6stlich der Mur [MUR]","u":3.2},"geometry":{"type":"Polygon","coordinates":[[[15.586,47.4483],[15.5829,47.4402],[15.5883,47.4273],[15.5797,47.421],[15.5817,47.4127],[15.5673,47.4063],[15.5361,47.4018],[15.5307,47.3915],[15.5362,47.3721],[15.5306,47.3619],[15.5369,47.3569],[15.5566,47.3533],[15.5486,47.3398],[15.5373,47.3401],[15.5336,47.345],[15.5191,47.3485],[15.4964,47.3418],[15.4745,47.3405],[15.4717,47.3394],[15.4708,47.3329],[15.4647,47.333],[15.442,47.3154],[15.4371,47.3054],[15.4218,47.3081],[15.4188,47.3022],[15.4094,47.296],[15.4125,47.2847],[15.4156,47.2833],[15.4142,47.2556],[15.4226,47.2549],[15.43,47.246],[15.4446,47.2397],[15.4446,47.2356],[15.4385,47.2323],[15.4409,47.229],[15.4369,47.2239],[15.4563,47.2114],[15.4662,47.1995],[15.4515,47.1938],[15.4426,47.168],[15.4535,47.1637],[15.464,47.1732],[15.4716,47.1744],[15.4847,47.1632],[15.5047,47.1555],[15.5024,47.148],[15.4935,47.1486],[15.4927,47.1448],[15.4815,47.1434],[15.4808,47.1397],[15.4718,47.1405],[15.472,47.1378],[15.4918,47.1287],[15.493,47.1237],[15.4813,47.1205],[15.4782,47.1236],[15.4807,47.1264],[15.4775,47.1273],[15.467,47.1203],[15.4736,47.1118],[15.4941,47.1096],[15.4889,47.1054],[15.4753,47.1053],[15.474,47.0974],[15.4695,47.0962],[15.4614,47.1067],[15.4612,47.1129],[15.4432,47.1121],[15.4465,47.118],[15.4445,47.1262],[15.4365,47.1212],[15.4279,47.1256],[15.4276,47.1316],[15.4211,47.1384],[15.4227,47.1442],[15.4126,47.1477],[15.4075,47.1435],[15.4068,47.1396],[15.4107,47.1376],[15.4067,47.1322],[15.3966,47.1353],[15.3966,47.1309],[15.3899,47.1289],[15.3905,47.1414],[15.3824,47.1312],[15.3781,47.1356],[15.3687,47.1374],[15.3677,47.1394],[15.3711,47.1382],[15.3771,47.1449],[15.3768,47.1497],[15.3753,47.1529],[15.3658,47.1556],[15.3714,47.1597],[15.3767,47.1594],[15.3797,47.1634],[15.3774,47.1652],[15.3863,47.1655],[15.376,47.1678],[15.3757,47.1724],[15.3668,47.1752],[15.3632,47.1735],[15.3636,47.1638],[15.3573,47.1626],[15.3508,47.1687],[15.3398,47.1698],[15.3441,47.1726],[15.3367,47.1706],[15.3337,47.174],[15.3327,47.1802],[15.3362,47.1846],[15.3521,47.192],[15.3562,47.1976],[15.349,47.2032],[15.3467,47.2134],[15.3385,47.2192],[15.3447,47.2273],[15.3171,47.2489],[15.3248,47.2555],[15.3238,47.26],[15.3266,47.2604],[15.323,47.2621],[15.3386,47.2693],[15.3328,47.2706],[15.3344,47.2761],[15.3287,47.2823],[15.3145,47.2851],[15.3201,47.289],[15.3705,47.3011],[15.3783,47.3071],[15.3784,47.3147],[15.3686,47.3241],[15.3746,47.3249],[15.3733,47.3294],[15.3791,47.3363],[15.375,47.3412],[15.3759,47.3462],[15.3882,47.3602],[15.4081,47.3722],[15.4121,47.3801],[15.41,47.3824],[15.4237,47.39],[15.4226,47.3973],[15.433,47.4001],[15.4422,47.4078],[15.4474,47.4195],[15.4355,47.4182],[15.4357,47.4207],[15.4596,47.4396],[15.4644,47.4468],[15.4814,47.4563],[15.505,47.4584],[15.5036,47.4554],[15.5152,47.46],[15.5207,47.4637],[15.5194,47.4654],[15.5295,47.466],[15.5437,47.4651],[15.5577,47.4579],[15.5705,47.4581],[15.586,47.4483]]]}},{"type":"Feature","properties":{"id":"GK100069","n":"Unteres Gurktal [DRA]","u":35.9},"geometry":{"type":"Polygon","coordinates":[[[14.4498,46.6416],[14.4308,46.6411],[14.4177,46.6339],[14.407,46.6352],[14.3969,46.648],[14.3963,46.654],[14.4002,46.6574],[14.3851,46.6577],[14.4314,46.678],[14.4558,46.6965],[14.4756,46.6917],[14.4909,46.6955],[14.4925,46.6999],[14.514,46.7181],[14.53,46.7438],[14.5269,46.7469],[14.508,46.7449],[14.4906,46.7605],[14.4643,46.7596],[14.4663,46.7754],[14.4784,46.78],[14.4913,46.77],[14.4909,46.7635],[14.5109,46.7528],[14.5385,46.7537],[14.5382,46.7448],[14.5314,46.7298],[14.5347,46.7261],[14.5469,46.7246],[14.5431,46.7185],[14.5347,46.7149],[14.5258,46.7168],[14.5282,46.7121],[14.508,46.7002],[14.5042,46.6914],[14.4961,46.685],[14.4573,46.6845],[14.4396,46.6704],[14.4381,46.6666],[14.4505,46.6518],[14.4498,46.6416]]]}},{"type":"Feature","properties":{"id":"GK100041","n":"Palten [DUJ]","u":24.6},"geometry":{"type":"Polygon","coordinates":[[[14.309,47.5473],[14.3105,47.5362],[14.3334,47.5287],[14.3879,47.5264],[14.4223,47.517],[14.4331,47.5174],[14.4352,47.5146],[14.4631,47.5101],[14.4756,47.5013],[14.4818,47.5025],[14.5074,47.496],[14.5298,47.4968],[14.535,47.4922],[14.5534,47.4917],[14.6184,47.469],[14.592,47.4694],[14.5653,47.4781],[14.5375,47.4797],[14.5093,47.4864],[14.4971,47.4867],[14.4842,47.4812],[14.479,47.488],[14.4665,47.4888],[14.4543,47.4977],[14.4403,47.4988],[14.4185,47.5094],[14.3859,47.5147],[14.3771,47.52],[14.3228,47.5222],[14.3237,47.5295],[14.2998,47.5348],[14.3058,47.5357],[14.3067,47.5406],[14.3007,47.5474],[14.309,47.5473]]]}},{"type":"Feature","properties":{"id":"GK100135","n":"Stooberbachtal [LRR]","u":36.8},"geometry":{"type":"Polygon","coordinates":[[[16.5981,47.4601],[16.5977,47.4499],[16.5587,47.4698],[16.5314,47.4775],[16.5141,47.4929],[16.5064,47.4932],[16.5018,47.5034],[16.4784,47.5183],[16.4677,47.532],[16.4455,47.5417],[16.4296,47.5674],[16.4236,47.5718],[16.4169,47.5712],[16.42,47.5746],[16.4169,47.5831],[16.4242,47.5757],[16.4266,47.5836],[16.4286,47.5752],[16.4385,47.5695],[16.4502,47.5476],[16.4712,47.532],[16.487,47.5153],[16.5032,47.5077],[16.5226,47.4932],[16.5248,47.4985],[16.5289,47.4908],[16.5445,47.4806],[16.5439,47.4967],[16.5508,47.4807],[16.5588,47.4752],[16.5981,47.4601]]]}},{"type":"Feature","properties":{"id":"GK100047","n":"Grauwackenzone Mitte [DUJ]","u":0.0},"geometry":{"type":"Polygon","coordinates":[[[14.9698,47.5387],[14.9583,47.5334],[14.9338,47.5142],[14.9309,47.5082],[14.9348,47.5031],[14.9293,47.496],[14.9034,47.4932],[14.8911,47.4883],[14.8786,47.4926],[14.8567,47.4903],[14.8475,47.4827],[14.8282,47.4898],[14.8106,47.4824],[14.793,47.4814],[14.7633,47.4891],[14.7242,47.491],[14.7073,47.4887],[14.7004,47.4831],[14.6873,47.4848],[14.6736,47.4668],[14.6763,47.4538],[14.668,47.4481],[14.6659,47.4365],[14.6513,47.4326],[14.6372,47.4419],[14.6189,47.4436],[14.603,47.4324],[14.6045,47.4122],[14.5708,47.4221],[14.5548,47.4206],[14.5415,47.4235],[14.5396,47.4254],[14.542,47.4299],[14.494,47.4532],[14.4861,47.4628],[14.4843,47.4812],[14.5006,47.4869],[14.5276,47.484],[14.5375,47.4797],[14.5653,47.4781],[14.5972,47.4686],[14.6184,47.469],[14.5539,47.4916],[14.5344,47.4925],[14.5586,47.5035],[14.5713,47.5318],[14.583,47.5393],[14.6192,47.5228],[14.628,47.5219],[14.6304,47.5271],[14.6398,47.5281],[14.644,47.5267],[14.6469,47.5206],[14.6718,47.5256],[14.6999,47.5251],[14.7066,47.5221],[14.7214,47.5325],[14.7563,47.5422],[14.7665,47.5403],[14.7658,47.5457],[14.7685,47.5466],[14.7953,47.5338],[14.7987,47.5264],[14.7968,47.5256],[14.8029,47.5217],[14.8299,47.5149],[14.8349,47.5217],[14.8243,47.5229],[14.8249,47.5263],[14.8316,47.5284],[14.8354,47.5258],[14.8469,47.5334],[14.8683,47.5586],[14.8851,47.5416],[14.9113,47.5409],[14.9082,47.544],[14.9238,47.5523],[14.9303,47.5468],[14.9496,47.5519],[14.9594,47.5485],[14.9698,47.5387]]]}},{"type":"Feature","properties":{"id":"GK100104","n":"Lassnitz, Stainzbach [MUR]","u":12.7},"geometry":{"type":"Polygon","coordinates":[[[15.5112,46.8562],[15.5048,46.8546],[15.489,46.8601],[15.4866,46.8568],[15.4733,46.8555],[15.4679,46.8491],[15.4592,46.8508],[15.4463,46.8475],[15.4478,46.8446],[15.44,46.8484],[15.4267,46.8413],[15.4275,46.8368],[15.4225,46.8377],[15.4217,46.8331],[15.4175,46.8311],[15.4158,46.8258],[15.42,46.8251],[15.4126,46.8233],[15.4176,46.8178],[15.4088,46.8225],[15.3948,46.814],[15.3905,46.8165],[15.3938,46.8213],[15.4092,46.8302],[15.4062,46.8345],[15.41,46.8346],[15.4121,46.8387],[15.4091,46.8415],[15.3942,46.8344],[15.3957,46.8329],[15.3869,46.8272],[15.3839,46.8302],[15.3747,46.8286],[15.3315,46.8139],[15.2934,46.8117],[15.2853,46.814],[15.2664,46.8104],[15.2465,46.8157],[15.2127,46.8081],[15.2045,46.8104],[15.2107,46.8162],[15.2114,46.8188],[15.208,46.8195],[15.2101,46.822],[15.2309,46.8258],[15.2332,46.8386],[15.2425,46.8325],[15.2473,46.8333],[15.2483,46.8378],[15.2757,46.827],[15.2808,46.8275],[15.2788,46.8296],[15.2811,46.8316],[15.286,46.827],[15.3109,46.8236],[15.3157,46.824],[15.3103,46.8291],[15.3126,46.8297],[15.3112,46.8332],[15.3214,46.8261],[15.3338,46.8305],[15.3301,46.8331],[15.3362,46.8333],[15.3327,46.8366],[15.3422,46.8358],[15.3362,46.8415],[15.3397,46.8422],[15.3465,46.8362],[15.3514,46.8378],[15.3498,46.8412],[15.3579,46.8377],[15.372,46.8398],[15.3695,46.8433],[15.3801,46.8426],[15.3779,46.8469],[15.3729,46.8469],[15.37,46.8504],[15.3549,46.8498],[15.3262,46.8589],[15.3086,46.8738],[15.2852,46.8763],[15.2571,46.8849],[15.215,46.9152],[15.2397,46.9079],[15.2595,46.8959],[15.2663,46.8957],[15.2501,46.9166],[15.2537,46.9148],[15.2538,46.9181],[15.2576,46.9179],[15.2702,46.8989],[15.2829,46.8956],[15.2996,46.8856],[15.2985,46.891],[15.3026,46.8905],[15.31,46.8835],[15.3254,46.8773],[15.3343,46.8665],[15.343,46.8643],[15.3508,46.8659],[15.3481,46.8689],[15.3518,46.8744],[15.3588,46.8703],[15.3569,46.867],[15.3652,46.8686],[15.3723,46.8662],[15.3739,46.8715],[15.3709,46.8725],[15.3733,46.8767],[15.3791,46.8703],[15.3825,46.8705],[15.3817,46.8661],[15.3888,46.8598],[15.393,46.8645],[15.3943,46.8768],[15.4001,46.8718],[15.3943,46.863],[15.3987,46.8611],[15.3941,46.8579],[15.4034,46.8534],[15.4042,46.8561],[15.4122,46.8525],[15.4142,46.8567],[15.4166,46.8534],[15.4236,46.8535],[15.4315,46.8563],[15.4322,46.8606],[15.44,46.8603],[15.439,46.8642],[15.4553,46.8625],[15.4831,46.8703],[15.5112,46.8562]]]}},{"type":"Feature","properties":{"id":"GK100024","n":"S\u00fcdl. Wiener Becken [DUJ]","u":69.9},"geometry":{"type":"Polygon","coordinates":[[[16.6384,48.1295],[16.6187,48.1197],[16.6144,48.0994],[16.6177,48.0839],[16.6176,48.0735],[16.614,48.0667],[16.6308,48.0428],[16.6365,48.0229],[16.634,48.0093],[16.6241,47.9972],[16.6192,47.9853],[16.5879,47.9622],[16.5806,47.9476],[16.5607,47.9291],[16.5408,47.9203],[16.5238,47.9348],[16.5186,47.9439],[16.5131,47.9439],[16.5052,47.9385],[16.488,47.9431],[16.4795,47.9374],[16.4666,47.94],[16.4369,47.9271],[16.4265,47.9158],[16.419,47.9125],[16.4242,47.9115],[16.4203,47.9066],[16.4234,47.9049],[16.4195,47.8939],[16.4142,47.8957],[16.409,47.8925],[16.4164,47.8905],[16.4085,47.8844],[16.4123,47.8815],[16.4007,47.8762],[16.3889,47.8816],[16.3777,47.8728],[16.3582,47.8665],[16.3482,47.8679],[16.3869,47.844],[16.3722,47.8312],[16.3773,47.8274],[16.3507,47.8184],[16.3474,47.8045],[16.3442,47.8015],[16.3322,47.8011],[16.3242,47.7894],[16.3154,47.7847],[16.3039,47.7838],[16.292,47.7888],[16.2861,47.7866],[16.2614,47.7457],[16.2553,47.7437],[16.2453,47.7323],[16.2338,47.7251],[16.2182,47.7212],[16.21,47.731],[16.1846,47.731],[16.1584,47.7229],[16.0911,47.6887],[16.0731,47.6825],[16.0133,47.684],[15.9623,47.6691],[15.9403,47.6756],[15.9427,47.6793],[15.9699,47.6815],[15.9776,47.6881],[15.9993,47.6951],[16.0028,47.6973],[16.0035,47.7045],[16.0146,47.7089],[16.0284,47.7205],[16.0405,47.7492],[16.0352,47.752],[16.0349,47.7557],[16.0475,47.7735],[16.056,47.7781],[16.0551,47.7902],[16.0721,47.7975],[16.0998,47.8023],[16.1076,47.8075],[16.1091,47.8131],[16.1196,47.819],[16.1663,47.833],[16.1839,47.849],[16.1849,47.8547],[16.177,47.8619],[16.1766,47.8663],[16.1943,47.8702],[16.1988,47.8757],[16.1924,47.8954],[16.1785,47.9108],[16.1822,47.9234],[16.177,47.9319],[16.202,47.9332],[16.1765,47.9521],[16.1835,47.96],[16.204,47.9638],[16.2083,47.9678],[16.2025,47.9849],[16.2112,48.0059],[16.2369,48.0123],[16.2835,48.0522],[16.2808,48.0599],[16.283,48.0803],[16.277,48.1055],[16.2705,48.1186],[16.2475,48.1403],[16.2533,48.1463],[16.2517,48.1567],[16.2601,48.1714],[16.2854,48.1863],[16.2893,48.199],[16.2991,48.2148],[16.3014,48.2344],[16.3099,48.2458],[16.3221,48.2495],[16.3203,48.2536],[16.3226,48.2561],[16.3355,48.2576],[16.3404,48.2621],[16.3691,48.2647],[16.3968,48.2356],[16.4263,48.213],[16.4915,48.1694],[16.5436,48.143],[16.5821,48.1339],[16.6384,48.1295]]]}},{"type":"Feature","properties":{"id":"GK100078","n":"Weststeirisches H\u00fcgelland [DRA]","u":2.0},"geometry":{"type":"MultiPolygon","coordinates":[[[[15.6152,46.6823],[15.6055,46.6811],[15.604,46.6837],[15.6085,46.6875],[15.6152,46.6823]]],[[[15.5698,46.6806],[15.5673,46.6754],[15.5592,46.6712],[15.5511,46.6726],[15.5441,46.6694],[15.5533,46.6512],[15.5514,46.6477],[15.5469,46.6489],[15.5441,46.6461],[15.551,46.6405],[15.5427,46.6299],[15.537,46.6341],[15.5201,46.6219],[15.5125,46.6226],[15.5106,46.6164],[15.5028,46.6143],[15.4999,46.6185],[15.4883,46.6209],[15.4745,46.6124],[15.474,46.6216],[15.4968,46.6228],[15.5015,46.6257],[15.5159,46.6246],[15.5209,46.6303],[15.5162,46.6436],[15.505,46.6477],[15.5108,46.6513],[15.5111,46.6626],[15.5143,46.6639],[15.516,46.6757],[15.5205,46.6783],[15.5296,46.6732],[15.5389,46.6734],[15.5518,46.687],[15.5698,46.6806]]],[[[15.5755,46.6814],[15.5774,46.6837],[15.5803,46.6853],[15.5905,46.6859],[15.5894,46.6834],[15.5755,46.6814]]],[[[15.6341,46.6813],[15.6255,46.6797],[15.6222,46.6806],[15.6253,46.6841],[15.6341,46.6813]]]]}},{"type":"Feature","properties":{"id":"GK100077","n":"S\u00fcdliche Kalkalpen [DRA]","u":0.1},"geometry":{"type":"Polygon","coordinates":[[[13.2921,46.7479],[13.5549,46.7126],[13.6502,46.6968],[13.6636,46.6854],[13.6826,46.6832],[13.7497,46.661],[13.7726,46.6485],[13.7938,46.6499],[13.7985,46.6444],[13.8155,46.636],[13.8096,46.6303],[13.8191,46.6167],[13.8029,46.6068],[13.811,46.6029],[13.8334,46.5758],[13.8308,46.5728],[13.8121,46.5706],[13.8022,46.5733],[13.7792,46.5716],[13.7519,46.5769],[13.7246,46.5712],[13.7062,46.5749],[13.6774,46.5728],[13.6364,46.5835],[13.6261,46.5925],[13.5885,46.5976],[13.5423,46.5962],[13.4757,46.6164],[13.4699,46.6265],[13.4611,46.6305],[13.4377,46.6331],[13.4255,46.6283],[13.3946,46.6365],[13.3698,46.6281],[13.3708,46.6228],[13.3668,46.6215],[13.3303,46.6201],[13.3099,46.6267],[13.2904,46.624],[13.2441,46.6314],[13.2195,46.6401],[13.1747,46.6437],[13.1322,46.6602],[13.0461,46.6649],[13.0029,46.6818],[12.9966,46.6739],[12.9758,46.6695],[12.9746,46.6667],[13.0317,46.6509],[13.0913,46.6425],[13.1026,46.6376],[13.1132,46.6413],[13.1121,46.6379],[13.1209,46.6404],[13.135,46.6345],[13.1712,46.6302],[13.1858,46.6237],[13.1936,46.6262],[13.2341,46.6184],[13.2549,46.6102],[13.2719,46.6124],[13.2901,46.6067],[13.2892,46.6041],[13.3088,46.6089],[13.4479,46.5988],[13.4691,46.6019],[13.5185,46.5872],[13.5456,46.5851],[13.6001,46.5729],[13.6175,46.5728],[13.6323,46.5654],[13.6313,46.5636],[13.6649,46.5645],[13.6748,46.562],[13.6845,46.5578],[13.6901,46.5511],[13.6812,46.5488],[13.6803,46.5457],[13.7201,46.5476],[13.776,46.5381],[13.848,46.5429],[13.867,46.5487],[13.8709,46.5516],[13.8749,46.5635],[13.8766,46.5794],[13.8852,46.5869],[13.8836,46.5934],[13.8865,46.6058],[13.913,46.6044],[13.9202,46.6082],[13.9378,46.6014],[13.9409,46.5909],[13.9836,46.5898],[13.9713,46.5838],[13.9688,46.5803],[13.971,46.5784],[14.0096,46.5877],[14.0198,46.5857],[14.0242,46.5706],[14.035,46.5682],[14.0257,46.5539],[14.0401,46.5518],[14.0571,46.5439],[14.0566,46.5355],[14.0961,46.527],[14.1206,46.5281],[14.1496,46.5215],[14.1715,46.5217],[14.1682,46.516],[14.1701,46.5157],[14.1775,46.5221],[14.1974,46.5227],[14.2017,46.5203],[14.2059,46.5245],[14.2191,46.5274],[14.26,46.5299],[14.2916,46.5215],[14.2913,46.5166],[14.2977,46.515],[14.303,46.5219],[14.3268,46.5226],[14.3281,46.5312],[14.3395,46.5374],[14.3832,46.5378],[14.4059,46.5457],[14.4203,46.5545],[14.4553,46.5608],[14.4832,46.5591],[14.4968,46.5639],[14.502,46.5736],[14.5179,46.565],[14.5335,46.5643],[14.5371,46.5602],[14.5532,46.5588],[14.5646,46.5523],[14.5795,46.5493],[14.5853,46.5393],[14.5921,46.5392],[14.5936,46.5356],[14.5975,46.5367],[14.6059,46.5478],[14.6123,46.5415],[14.6259,46.5438],[14.6369,46.5571],[14.6717,46.5588],[14.713,46.5563],[14.7266,46.5523],[14.7509,46.5559],[14.7595,46.5524],[14.7641,46.5467],[14.7812,46.5504],[14.7969,46.5476],[14.8107,46.5549],[14.8282,46.5481],[14.8231,46.5458],[14.8231,46.543],[14.832,46.5391],[14.8231,46.536],[14.8237,46.5304],[14.8041,46.538],[14.7747,46.5337],[14.7689,46.542],[14.7547,46.5386],[14.7483,46.5421],[14.7332,46.541],[14.7307,46.5483],[14.7102,46.5522],[14.7064,46.5489],[14.7078,46.541],[14.7018,46.5307],[14.7047,46.5233],[14.6973,46.5175],[14.6774,46.5164],[14.6712,46.5112],[14.6702,46.4909],[14.6861,46.4865],[14.6881,46.4821],[14.685,46.4739],[14.6723,46.4749],[14.6651,46.4614],[14.6607,46.4606],[14.6421,46.4658],[14.6387,46.4592],[14.6345,46.4576],[14.6016,46.4573],[14.6015,46.4543],[14.595,46.4536],[14.586,46.4573],[14.5763,46.4551],[14.5686,46.4471],[14.5684,46.4421],[14.5506,46.4279],[14.5267,46.4315],[14.5243,46.4343],[14.5175,46.4321],[14.4874,46.4336],[14.4828,46.4371],[14.4881,46.4425],[14.4895,46.4531],[14.4894,46.4607],[14.4854,46.463],[14.4548,46.4568],[14.4512,46.4612],[14.436,46.4644],[14.4236,46.46],[14.4095,46.4604],[14.4024,46.4559],[14.3911,46.4583],[14.3893,46.4534],[14.3744,46.4522],[14.3702,46.4602],[14.3627,46.4615],[14.3437,46.4557],[14.3367,46.4565],[14.3316,46.4519],[14.3246,46.452],[14.3185,46.4565],[14.2915,46.4582],[14.2904,46.4513],[14.2682,46.4501],[14.2686,46.446],[14.2598,46.4485],[14.2616,46.4433],[14.2543,46.4482],[14.2592,46.4569],[14.2572,46.4634],[14.2426,46.4627],[14.2323,46.4663],[14.2275,46.4594],[14.1979,46.4562],[14.1987,46.4631],[14.1826,46.474],[14.1647,46.4668],[14.1521,46.4712],[14.1227,46.4905],[14.0757,46.501],[14.0585,46.5096],[14.0431,46.5061],[14.0288,46.5089],[14.0262,46.5119],[14.0283,46.5224],[13.9894,46.5175],[13.9832,46.5212],[13.9522,46.5217],[13.948,46.5282],[13.9329,46.5314],[13.9054,46.5294],[13.898,46.5336],[13.8695,46.5297],[13.8707,46.524],[13.8598,46.5205],[13.8555,46.5232],[13.8547,46.5209],[13.8488,46.5221],[13.8416,46.5302],[13.8296,46.5271],[13.8082,46.5299],[13.8064,46.5213],[13.7997,46.517],[13.78,46.5143],[13.7763,46.5176],[13.7653,46.5148],[13.7545,46.518],[13.7369,46.5175],[13.726,46.5233],[13.6909,46.5211],[13.6731,46.5233],[13.6433,46.5325],[13.6279,46.5414],[13.5957,46.5458],[13.5865,46.5443],[13.5761,46.5379],[13.5693,46.5395],[13.5689,46.5458],[13.5634,46.5516],[13.5419,46.5533],[13.5204,46.5468],[13.5144,46.549],[13.5119,46.5554],[13.5058,46.5558],[13.5073,46.5603],[13.5041,46.5664],[13.4784,46.5605],[13.4742,46.5571],[13.4512,46.5592],[13.4461,46.5565],[13.4362,46.559],[13.4275,46.5572],[13.4076,46.5613],[13.4101,46.5722],[13.4012,46.5718],[13.3721,46.5792],[13.3686,46.5739],[13.3704,46.5671],[13.3624,46.5701],[13.3529,46.5665],[13.3447,46.5699],[13.3205,46.5512],[13.2975,46.5602],[13.2854,46.5571],[13.2692,46.5613],[13.2612,46.5572],[13.2529,46.5606],[13.2424,46.5564],[13.2403,46.5517],[13.2323,46.5535],[13.2327,46.5592],[13.218,46.5704],[13.1932,46.572],[13.1791,46.5775],[13.177,46.5816],[13.1686,46.5848],[13.1684,46.5887],[13.151,46.5901],[13.1439,46.5874],[13.1376,46.5912],[13.1256,46.5906],[13.1088,46.5955],[13.1057,46.5937],[13.0835,46.6018],[13.0456,46.5953],[13.0288,46.5969],[13.0215,46.6021],[12.9876,46.5992],[12.9572,46.606],[12.949,46.6017],[12.9286,46.6101],[12.8901,46.607],[12.8658,46.6097],[12.8531,46.6042],[12.8335,46.6102],[12.8335,46.6211],[12.8369,46.6267],[12.8311,46.631],[12.8198,46.6282],[12.8163,46.6312],[12.8099,46.6307],[12.8001,46.6354],[12.7951,46.6423],[12.7752,46.6468],[12.7561,46.6472],[12.7477,46.6432],[12.7445,46.6377],[12.731,46.6345],[12.7166,46.649],[12.7016,46.6508],[12.6906,46.6574],[12.6589,46.6574],[12.6419,46.6521],[12.6324,46.6562],[12.6311,46.6614],[12.6188,46.6618],[12.603,46.656],[12.5766,46.6567],[12.5692,46.6514],[12.5614,46.6526],[12.5589,46.6576],[12.5473,46.6593],[12.5286,46.6702],[12.5286,46.674],[12.5163,46.6788],[12.5063,46.6779],[12.5023,46.6807],[12.496,46.6768],[12.4799,46.6772],[12.4742,46.6868],[12.4425,46.6884],[12.4282,46.695],[12.4273,46.6991],[12.414,46.7008],[12.4102,46.7062],[12.4011,46.7075],[12.3794,46.7201],[12.3701,46.7403],[12.432,46.7482],[12.4424,46.7459],[12.4997,46.7464],[12.5654,46.761],[12.5776,46.7688],[12.6046,46.7699],[12.6566,46.7822],[12.6886,46.7851],[12.7287,46.7937],[12.7746,46.8144],[12.7948,46.8149],[12.8111,46.8129],[12.8681,46.7835],[12.9093,46.7726],[12.9145,46.7684],[12.9162,46.7606],[12.9274,46.7534],[12.9655,46.7393],[12.9837,46.7413],[13.0114,46.7334],[13.0428,46.735],[13.0479,46.7302],[13.0621,46.7286],[13.0709,46.7312],[13.1196,46.7308],[13.1448,46.7354],[13.1511,46.7314],[13.2186,46.74],[13.251,46.7489],[13.2921,46.7479]]]}},{"type":"Feature","properties":{"id":"GK100014","n":"Salzburger Alpenvorland [DBJ]","u":13.4},"geometry":{"type":"MultiPolygon","coordinates":[[[[13.0845,48.005],[13.0911,48.0026],[13.0895,47.9987],[13.0933,47.9958],[13.1006,47.9979],[13.1126,47.9938],[13.1236,47.9963],[13.1215,47.9892],[13.1307,47.9885],[13.1498,47.9947],[13.1505,47.9924],[13.1407,47.9851],[13.1468,47.9701],[13.1642,47.9758],[13.1971,47.9737],[13.2118,47.9793],[13.2118,47.9822],[13.2213,47.9826],[13.2257,47.9884],[13.2338,47.9878],[13.2428,47.992],[13.2483,47.99],[13.2514,47.9929],[13.257,47.9912],[13.2668,47.995],[13.2752,47.9894],[13.3073,47.9952],[13.309,47.9926],[13.3214,47.9919],[13.3251,47.9865],[13.3308,47.9865],[13.3234,47.9701],[13.3258,47.9633],[13.3234,47.9548],[13.3271,47.9519],[13.3264,47.946],[13.3345,47.9422],[13.3348,47.9386],[13.3221,47.9343],[13.3147,47.9462],[13.308,47.9462],[13.3023,47.9404],[13.2903,47.9411],[13.2906,47.9271],[13.2789,47.9226],[13.2829,47.915],[13.2789,47.9089],[13.2803,47.8961],[13.2709,47.8916],[13.2576,47.8925],[13.2288,47.8825],[13.2195,47.8762],[13.2108,47.8756],[13.2088,47.858],[13.1941,47.8542],[13.1888,47.8476],[13.1801,47.8472],[13.1711,47.8407],[13.134,47.8395],[13.1438,47.8339],[13.1485,47.8247],[13.1478,47.8157],[13.1452,47.8145],[13.1549,47.8071],[13.1869,47.8081],[13.1945,47.8005],[13.1904,47.7961],[13.1633,47.7976],[13.1554,47.7954],[13.1246,47.8059],[13.1272,47.809],[13.1377,47.8096],[13.1365,47.8143],[13.075,47.8102],[13.0784,47.8128],[13.0707,47.8166],[13.0887,47.8337],[13.0884,47.8401],[13.0844,47.8409],[13.0717,47.8307],[13.0505,47.8268],[13.0375,47.8285],[13.031,47.8331],[13.0265,47.8369],[13.0286,47.8397],[13.0522,47.8389],[13.058,47.8442],[13.0459,47.8484],[13.0312,47.8481],[13.0195,47.8532],[13.0168,47.8569],[13.0194,47.8767],[13.0087,47.8855],[13.0057,47.8952],[12.9815,47.9016],[12.9721,47.9071],[12.9775,47.9123],[12.9696,47.9257],[12.9732,47.9285],[12.9709,47.9351],[12.9604,47.9384],[12.9496,47.9341],[12.9501,47.9426],[12.9388,47.9498],[12.9349,47.9488],[12.9331,47.9419],[12.927,47.9413],[12.9241,47.9431],[12.9235,47.9529],[12.9191,47.9573],[12.8946,47.9614],[12.8913,47.9646],[12.8989,47.9789],[12.8942,47.986],[12.881,47.9913],[12.8782,47.9966],[12.8922,47.9912],[12.8934,47.9985],[12.8979,48.0057],[12.9032,48.0077],[12.9101,48.0214],[12.9216,48.0234],[12.9371,48.0356],[12.9536,48.0355],[12.9621,48.0324],[12.972,48.0233],[12.9773,48.0233],[12.9861,48.0274],[13.0046,48.0296],[13.0144,48.0367],[13.0226,48.0323],[13.0298,48.0323],[13.042,48.0408],[13.0473,48.039],[13.045,48.0281],[13.0582,48.03],[13.0553,48.0257],[13.063,48.0193],[13.0582,48.0132],[13.0733,48.0161],[13.0782,48.012],[13.0736,48.0074],[13.075,48.005],[13.0842,48.0028],[13.0845,48.005]]],[[[13.2909,48.0096],[13.2879,48.0063],[13.2827,48.0054],[13.2883,48.0096],[13.2909,48.0096]]]]}},{"type":"Feature","properties":{"id":"GK100154","n":"N\u00f6rdliche Kalkalpen [RHE]","u":0.3},"geometry":{"type":"Polygon","coordinates":[[[10.0904,47.287],[10.0904,47.282],[10.0978,47.2796],[10.1016,47.274],[10.126,47.2725],[10.1327,47.2685],[10.1297,47.2606],[10.144,47.2469],[10.1319,47.2355],[10.1304,47.23],[10.102,47.2316],[10.1013,47.2271],[10.0968,47.2258],[10.087,47.2289],[10.05,47.2284],[10.0439,47.2105],[10.0404,47.2081],[10.0211,47.2103],[10.0157,47.2062],[10.0132,47.2007],[10.0192,47.1983],[10.0129,47.1932],[10.0117,47.1872],[10.0052,47.1832],[9.9981,47.1867],[9.9831,47.1859],[9.9813,47.1799],[9.967,47.1746],[9.9654,47.1682],[9.9901,47.1631],[10.0053,47.1543],[10.0087,47.1565],[10.005,47.1626],[10.0099,47.1688],[10.0155,47.1701],[10.023,47.1637],[10.0351,47.1748],[10.0409,47.1721],[10.0391,47.1648],[10.0576,47.1571],[10.0624,47.1604],[10.0781,47.1608],[10.0793,47.1662],[10.0755,47.1712],[10.0775,47.1757],[10.0874,47.178],[10.0989,47.1741],[10.1074,47.1772],[10.1213,47.1723],[10.1287,47.1635],[10.1481,47.1642],[10.1547,47.1568],[10.1722,47.1556],[10.1767,47.1586],[10.1879,47.1539],[10.219,47.1545],[10.2222,47.15],[10.2174,47.1461],[10.218,47.1426],[10.2252,47.1331],[10.2189,47.1296],[10.2105,47.1301],[10.2036,47.1404],[10.1616,47.1395],[10.1574,47.1361],[10.1322,47.1341],[10.1229,47.1304],[10.0302,47.1273],[9.9814,47.1197],[9.9539,47.1103],[9.9196,47.1057],[9.868,47.104],[9.82,47.0865],[9.8012,47.0861],[9.7956,47.082],[9.7979,47.0769],[9.7956,47.0741],[9.7811,47.0743],[9.7705,47.066],[9.7668,47.0672],[9.7641,47.0593],[9.76,47.0584],[9.7613,47.0545],[9.7745,47.058],[9.7605,47.0485],[9.7487,47.0452],[9.7182,47.0438],[9.7066,47.0487],[9.7075,47.0538],[9.6979,47.0524],[9.6887,47.0552],[9.6821,47.059],[9.6819,47.0621],[9.6585,47.0576],[9.6451,47.0598],[9.6415,47.0541],[9.6322,47.0514],[9.6172,47.0536],[9.6103,47.0578],[9.6071,47.0608],[9.6135,47.0695],[9.6115,47.0794],[9.6187,47.0781],[9.6236,47.0825],[9.6336,47.0834],[9.6344,47.1011],[9.6208,47.1107],[9.635,47.128],[9.6247,47.1326],[9.6226,47.1412],[9.6259,47.1459],[9.6217,47.1514],[9.6149,47.1478],[9.607,47.1484],[9.5967,47.1629],[9.5794,47.1711],[9.5646,47.1703],[9.5735,47.1764],[9.5735,47.1858],[9.5771,47.182],[9.5994,47.1781],[9.6342,47.1847],[9.6448,47.1753],[9.6589,47.1775],[9.6744,47.1728],[9.6884,47.1627],[9.7126,47.1703],[9.7274,47.1714],[9.7785,47.1629],[9.791,47.1649],[9.7968,47.1604],[9.7846,47.149],[9.7969,47.1537],[9.8014,47.1512],[9.7979,47.1483],[9.8016,47.1496],[9.8045,47.1466],[9.8064,47.1421],[9.8033,47.1407],[9.8089,47.1397],[9.8115,47.1356],[9.8244,47.138],[9.8373,47.134],[9.8458,47.1379],[9.86,47.1381],[9.8695,47.1422],[9.8689,47.1452],[9.8303,47.1459],[9.8333,47.1499],[9.8456,47.1522],[9.8443,47.1585],[9.8378,47.1543],[9.8352,47.1584],[9.8194,47.1574],[9.8303,47.1598],[9.8234,47.1634],[9.8255,47.1656],[9.8193,47.1662],[9.8267,47.1699],[9.8063,47.1706],[9.8024,47.1762],[9.7962,47.1755],[9.7977,47.1783],[9.7823,47.1768],[9.7784,47.1807],[9.8023,47.1939],[9.8373,47.2002],[9.8727,47.1982],[9.8732,47.2079],[9.8853,47.2162],[9.9362,47.2252],[9.9414,47.2369],[9.9252,47.2336],[9.9165,47.2364],[9.9352,47.2506],[9.9395,47.2591],[9.9695,47.271],[9.9575,47.2724],[9.9645,47.2788],[9.9598,47.2819],[9.9772,47.2827],[9.9877,47.2791],[10.009,47.2877],[10.0201,47.2815],[10.0273,47.2837],[10.0424,47.2805],[10.062,47.2703],[10.0683,47.2828],[10.0904,47.287]]]}},{"type":"Feature","properties":{"id":"GK100093","n":"Semmering [LRR]","u":5.5},"geometry":{"type":"Polygon","coordinates":[[[15.9561,47.6685],[15.9588,47.6507],[15.9389,47.6385],[15.935,47.6233],[15.9183,47.6139],[15.9007,47.6254],[15.888,47.6231],[15.8783,47.6253],[15.8591,47.6181],[15.8558,47.6203],[15.8418,47.6176],[15.8331,47.6223],[15.829,47.6348],[15.8217,47.638],[15.8027,47.6354],[15.79,47.6401],[15.7821,47.6389],[15.78,47.6427],[15.7688,47.6397],[15.7638,47.6348],[15.7446,47.6317],[15.7409,47.6335],[15.7438,47.6412],[15.7248,47.6469],[15.7263,47.6544],[15.7306,47.6578],[15.7286,47.6621],[15.7476,47.6656],[15.759,47.673],[15.7756,47.6716],[15.7975,47.662],[15.8222,47.6586],[15.8493,47.665],[15.9079,47.6592],[15.9561,47.6685]]]}},{"type":"Feature","properties":{"id":"GK100150","n":"Walgau [RHE]","u":20.3},"geometry":{"type":"Polygon","coordinates":[[[9.6665,47.2284],[9.6755,47.2322],[9.6768,47.2275],[9.6738,47.2259],[9.6819,47.2234],[9.673,47.2248],[9.6769,47.2175],[9.6987,47.2074],[9.7126,47.206],[9.6988,47.2044],[9.6957,47.2012],[9.7047,47.2014],[9.7061,47.1977],[9.7301,47.1997],[9.7397,47.1975],[9.7442,47.2008],[9.7676,47.2026],[9.767,47.1995],[9.7737,47.1986],[9.7825,47.2022],[9.7783,47.197],[9.794,47.1967],[9.7879,47.1917],[9.7939,47.1878],[9.7784,47.1807],[9.78,47.1778],[9.7977,47.1783],[9.7962,47.1755],[9.8024,47.1762],[9.8061,47.1706],[9.8267,47.1699],[9.8193,47.1662],[9.8255,47.1656],[9.8234,47.1634],[9.8303,47.1598],[9.8194,47.1574],[9.8352,47.1584],[9.8378,47.1543],[9.8444,47.1584],[9.8456,47.1521],[9.833,47.1498],[9.8306,47.1457],[9.8689,47.1452],[9.8695,47.1422],[9.8373,47.134],[9.8244,47.138],[9.8114,47.1356],[9.8092,47.1395],[9.8033,47.1407],[9.8064,47.1421],[9.8045,47.1466],[9.8016,47.1496],[9.7979,47.1483],[9.8014,47.1512],[9.7969,47.1537],[9.7846,47.149],[9.7967,47.1602],[9.794,47.1638],[9.7552,47.1661],[9.7453,47.1715],[9.7326,47.1724],[9.7279,47.1764],[9.7215,47.1723],[9.7178,47.1774],[9.7201,47.179],[9.7081,47.1775],[9.6983,47.1807],[9.7007,47.1817],[9.6994,47.1849],[9.6939,47.1885],[9.6813,47.1896],[9.6829,47.1949],[9.671,47.199],[9.6619,47.1973],[9.6515,47.2074],[9.609,47.2218],[9.6037,47.2284],[9.6047,47.2304],[9.6266,47.2257],[9.6309,47.2267],[9.63,47.2315],[9.6348,47.227],[9.65,47.2247],[9.6562,47.2296],[9.6665,47.2284]]]}},{"type":"Feature","properties":{"id":"GK100079","n":"B\u00f6hmische Masse [ELB]","u":23.3},"geometry":{"type":"MultiPolygon","coordinates":[[[[15.2183,48.9589],[15.2049,48.9479],[15.1996,48.9393],[15.1939,48.9375],[15.1931,48.9285],[15.1772,48.9227],[15.1818,48.9124],[15.1748,48.9056],[15.1667,48.903],[15.1763,48.9],[15.1777,48.8858],[15.1754,48.8831],[15.1658,48.8837],[15.1662,48.8799],[15.1595,48.8757],[15.1616,48.8728],[15.1572,48.8703],[15.1583,48.867],[15.1541,48.8604],[15.1553,48.8534],[15.1612,48.8463],[15.1584,48.8371],[15.1677,48.83],[15.1661,48.8263],[15.1692,48.8244],[15.1676,48.8189],[15.1636,48.8187],[15.1633,48.8142],[15.1702,48.8125],[15.17,48.8037],[15.1735,48.8012],[15.1913,48.798],[15.197,48.7875],[15.1755,48.7867],[15.169,48.7897],[15.1592,48.7849],[15.15,48.7884],[15.1365,48.7831],[15.1373,48.7786],[15.1234,48.7751],[15.1314,48.7666],[15.1278,48.7619],[15.1196,48.7645],[15.1163,48.762],[15.1212,48.753],[15.1053,48.7515],[15.1027,48.7481],[15.1099,48.7444],[15.104,48.7362],[15.0952,48.7332],[15.1008,48.7272],[15.102,48.7202],[15.0932,48.7168],[15.0923,48.7125],[15.0865,48.7127],[15.0782,48.7074],[15.0631,48.7117],[15.0642,48.7084],[15.046,48.7041],[15.0488,48.7001],[15.0441,48.6973],[15.0433,48.6886],[15.0403,48.6861],[15.0474,48.6742],[15.0366,48.6728],[15.035,48.6673],[15.031,48.6675],[15.0282,48.6713],[14.9992,48.6746],[14.9891,48.6841],[14.9821,48.68],[14.9839,48.6757],[14.9816,48.6748],[14.9912,48.6686],[14.986,48.6598],[14.9745,48.6583],[14.9626,48.6609],[14.9589,48.6579],[14.9481,48.6573],[14.9458,48.6526],[14.9354,48.6493],[14.9148,48.6594],[14.9036,48.6465],[14.8912,48.6416],[14.8871,48.6312],[14.8902,48.6281],[14.8869,48.6265],[14.8898,48.6193],[14.8869,48.615],[14.8724,48.6099],[14.8616,48.6099],[14.8587,48.605],[14.8611,48.6032],[14.8599,48.5978],[14.8504,48.5992],[14.8519,48.5936],[14.838,48.5937],[14.8331,48.5871],[14.815,48.5927],[14.8029,48.5883],[14.7892,48.5926],[14.776,48.5907],[14.7669,48.5941],[14.7431,48.5904],[14.7145,48.5975],[14.7214,48.6024],[14.7144,48.6172],[14.7224,48.6383],[14.7194,48.64],[14.7183,48.6492],[14.7125,48.6501],[14.7179,48.6652],[14.7274,48.6792],[14.7262,48.6852],[14.7411,48.7015],[14.7561,48.7032],[14.7577,48.7094],[14.7728,48.7111],[14.7854,48.7182],[14.7947,48.7301],[14.8083,48.734],[14.8005,48.7474],[14.8121,48.7644],[14.8062,48.7715],[14.8098,48.7738],[14.8087,48.7788],[14.8248,48.7839],[14.8296,48.7806],[14.8429,48.784],[14.8459,48.7793],[14.8572,48.7757],[14.8686,48.781],[14.8815,48.78],[14.8863,48.7764],[14.8849,48.772],[14.888,48.7701],[14.8986,48.7717],[14.9064,48.7669],[14.9176,48.7701],[14.9401,48.7614],[14.9484,48.763],[14.956,48.758],[14.9796,48.7721],[14.9797,48.7798],[14.9534,48.7892],[14.9533,48.7949],[14.957,48.7994],[14.9554,48.8014],[14.9606,48.8045],[14.9582,48.8136],[14.9698,48.8239],[14.9684,48.837],[14.972,48.8421],[14.9847,48.8421],[14.978,48.8531],[14.9735,48.853],[14.9731,48.8746],[14.9838,48.8746],[14.9837,48.8909],[14.9889,48.891],[14.9877,48.8957],[14.9918,48.8974],[14.9931,48.9032],[14.9901,48.9157],[14.9793,48.928],[14.9866,48.9359],[14.9768,48.9555],[14.9762,48.9711],[14.9783,48.9807],[14.9808,48.9784],[14.9842,48.9868],[14.9977,48.9921],[14.9951,48.9931],[15.0011,49.0039],[14.9905,49.0098],[14.9952,49.015],[15.0032,49.0116],[15.0205,49.0207],[15.0405,49.0119],[15.0581,49.0158],[15.0652,49.0144],[15.0674,49.0065],[15.0643,49.0043],[15.0645,48.9996],[15.1023,48.9942],[15.1097,48.9996],[15.1289,48.9978],[15.1326,49.0009],[15.1553,48.9937],[15.1581,48.9875],[15.1509,48.9806],[15.1618,48.978],[15.1631,48.9757],[15.159,48.9721],[15.1655,48.9701],[15.1696,48.9625],[15.1669,48.9585],[15.1618,48.958],[15.1618,48.9533],[15.1551,48.9461],[15.1603,48.9418],[15.1711,48.9435],[15.1766,48.9478],[15.19,48.9433],[15.2002,48.9525],[15.2183,48.9589]]],[[[14.0245,48.6477],[13.9879,48.6659],[13.9836,48.6752],[13.9788,48.6766],[13.984,48.6835],[13.9783,48.686],[13.978,48.6916],[13.9689,48.6975],[13.968,48.7016],[13.95,48.7091],[13.9488,48.7194],[13.9379,48.7199],[13.936,48.7267],[13.9428,48.7214],[13.9537,48.7207],[13.9561,48.7145],[14.0035,48.7087],[14.0138,48.6985],[14.0102,48.6955],[14.0186,48.6962],[14.0165,48.6922],[14.0258,48.6894],[14.0291,48.6858],[14.0249,48.6837],[14.0346,48.6773],[14.0607,48.6737],[14.0593,48.6597],[14.0541,48.6532],[14.0331,48.6543],[14.0246,48.6526],[14.0245,48.6477]]],[[[14.6629,48.5839],[14.6577,48.579],[14.6565,48.5716],[14.6654,48.563],[14.6525,48.56],[14.6386,48.561],[14.6277,48.5573],[14.6277,48.5459],[14.6219,48.5441],[14.6211,48.5378],[14.6127,48.5388],[14.6051,48.5335],[14.5939,48.5352],[14.5912,48.5328],[14.5771,48.5379],[14.5671,48.5447],[14.5616,48.5542],[14.5511,48.5575],[14.5499,48.5634],[14.5534,48.5669],[14.5444,48.5753],[14.5486,48.5769],[14.5474,48.5843],[14.5367,48.5909],[14.5201,48.5927],[14.5108,48.6015],[14.4857,48.5975],[14.4828,48.6056],[14.4774,48.6084],[14.4699,48.6037],[14.4648,48.6065],[14.4553,48.6032],[14.4466,48.6087],[14.4441,48.6042],[14.447,48.5972],[14.4625,48.5919],[14.4553,48.5902],[14.461,48.5858],[14.4588,48.5787],[14.4611,48.5737],[14.4437,48.57],[14.4378,48.5649],[14.458,48.5598],[14.4597,48.5566],[14.4504,48.5509],[14.4409,48.5528],[14.429,48.5491],[14.4218,48.5446],[14.42,48.5395],[14.3979,48.5338],[14.3971,48.5314],[14.4038,48.5261],[14.3953,48.5235],[14.3931,48.5168],[14.3849,48.5124],[14.3856,48.4984],[14.3821,48.4913],[14.3904,48.4824],[14.3842,48.4791],[14.3633,48.4835],[14.3587,48.4906],[14.3487,48.4945],[14.3501,48.4967],[14.3414,48.504],[14.351,48.5091],[14.349,48.5118],[14.3318,48.5151],[14.3391,48.5227],[14.3406,48.5296],[14.3353,48.5375],[14.3107,48.5409],[14.2901,48.5622],[14.2687,48.5599],[14.2596,48.562],[14.2509,48.5699],[14.2331,48.5788],[14.2349,48.5827],[14.2417,48.5776],[14.256,48.5817],[14.2717,48.5813],[14.2793,48.5742],[14.2959,48.5682],[14.3165,48.5633],[14.3246,48.5642],[14.3274,48.554],[14.3334,48.5519],[14.3532,48.5627],[14.3525,48.5689],[14.3583,48.5748],[14.3662,48.5758],[14.3701,48.5698],[14.3882,48.5722],[14.3938,48.5786],[14.3882,48.5832],[14.3864,48.5928],[14.404,48.5938],[14.4314,48.5894],[14.4356,48.5981],[14.4423,48.6003],[14.4444,48.6085],[14.4485,48.6132],[14.4477,48.6204],[14.4561,48.6255],[14.4438,48.6438],[14.4594,48.6437],[14.4697,48.6491],[14.4777,48.6431],[14.4766,48.6398],[14.4933,48.633],[14.4963,48.6275],[14.495,48.6228],[14.5034,48.617],[14.5157,48.6199],[14.527,48.6149],[14.5474,48.6147],[14.5536,48.6063],[14.5626,48.6034],[14.5643,48.6082],[14.5759,48.6114],[14.5808,48.6169],[14.5899,48.6175],[14.6029,48.6281],[14.6111,48.6279],[14.6174,48.6224],[14.6272,48.6041],[14.6456,48.61],[14.6537,48.6045],[14.6629,48.5839]]],[[[14.7002,48.583],[14.6961,48.5831],[14.6932,48.5764],[14.6858,48.5787],[14.6846,48.5828],[14.6812,48.5819],[14.6761,48.5829],[14.6939,48.5856],[14.7002,48.583]]]]}},{"type":"Feature","properties":{"id":"GK100129","n":"Lafnitztal [LRR]","u":20.5},"geometry":{"type":"Polygon","coordinates":[[[15.9886,47.3983],[16.021,47.3748],[16.0248,47.3699],[16.0199,47.3682],[16.0267,47.3662],[16.0365,47.3569],[16.0392,47.346],[16.0434,47.3458],[16.0462,47.3379],[16.0518,47.3352],[16.0519,47.3273],[16.0849,47.2753],[16.0916,47.2504],[16.0966,47.2473],[16.0881,47.2247],[16.0909,47.2237],[16.0901,47.2182],[16.0979,47.2001],[16.1107,47.1872],[16.1163,47.1651],[16.1196,47.1638],[16.1178,47.157],[16.1229,47.1402],[16.1207,47.1286],[16.1147,47.1188],[16.1091,47.0826],[16.1153,47.0639],[16.1232,47.057],[16.1242,47.0488],[16.131,47.0431],[16.1341,47.044],[16.1561,47.015],[16.1615,47.0157],[16.1748,47.0088],[16.1933,47.008],[16.2546,46.9876],[16.2564,46.9906],[16.2634,46.9848],[16.2763,46.9849],[16.2764,46.9631],[16.2654,46.9616],[16.2647,46.9648],[16.2605,46.9651],[16.249,46.9615],[16.2503,46.9639],[16.2459,46.9679],[16.2357,46.9723],[16.2291,46.9713],[16.1971,46.982],[16.1906,46.9803],[16.1712,46.9827],[16.1707,46.9851],[16.1525,46.9855],[16.1569,46.9881],[16.1412,46.9886],[16.1344,46.9933],[16.126,46.9914],[16.1285,46.9962],[16.1441,46.9918],[16.1548,46.9908],[16.1555,46.9927],[16.1493,46.9928],[16.1494,46.9982],[16.1459,46.9991],[16.1492,47.0003],[16.1474,47.0007],[16.1437,46.9977],[16.1424,47.0026],[16.1381,47.0024],[16.1397,47.0042],[16.1352,47.0066],[16.1405,47.0088],[16.1302,47.0119],[16.1324,47.0159],[16.1201,47.0246],[16.1237,47.0238],[16.124,47.0272],[16.1143,47.0297],[16.1213,47.031],[16.1151,47.0321],[16.1162,47.036],[16.1127,47.0408],[16.1005,47.0484],[16.0857,47.0687],[16.0864,47.0778],[16.0832,47.0793],[16.0835,47.0836],[16.0876,47.0936],[16.0895,47.1146],[16.0948,47.1233],[16.0883,47.1283],[16.0929,47.1283],[16.0944,47.1319],[16.0916,47.1338],[16.0954,47.1337],[16.0951,47.1399],[16.0907,47.1443],[16.0965,47.143],[16.0948,47.1484],[16.0973,47.1573],[16.0955,47.1682],[16.09,47.1774],[16.0826,47.1801],[16.0862,47.181],[16.0831,47.1918],[16.0753,47.1989],[16.0778,47.1999],[16.075,47.2048],[16.071,47.2055],[16.0742,47.2075],[16.0638,47.2213],[16.0668,47.2238],[16.0602,47.2345],[16.0646,47.2362],[16.0687,47.2334],[16.0741,47.2503],[16.0703,47.2724],[16.0667,47.2805],[16.0604,47.2854],[16.052,47.3097],[16.0384,47.3336],[16.0136,47.3626],[16.0077,47.3652],[16.0076,47.3693],[16.0008,47.3756],[16.0,47.3827],[15.9867,47.3928],[15.9886,47.3983]]]}},{"type":"Feature","properties":{"id":"GK100191","n":"Bucklige Welt [LRR]","u":34.5},"geometry":{"type":"Polygon","coordinates":[[[16.3061,47.7843],[16.3257,47.7701],[16.3299,47.7562],[16.3268,47.7506],[16.3302,47.7506],[16.3284,47.7396],[16.3343,47.7342],[16.3304,47.7217],[16.3364,47.7164],[16.3352,47.7126],[16.3439,47.7142],[16.3627,47.7089],[16.3619,47.7034],[16.3698,47.6932],[16.3804,47.6895],[16.3906,47.6807],[16.3846,47.6757],[16.3864,47.6725],[16.379,47.6611],[16.3725,47.6602],[16.3689,47.6484],[16.3725,47.6428],[16.3685,47.6366],[16.3711,47.6368],[16.3765,47.6256],[16.374,47.6226],[16.3717,47.6283],[16.3694,47.6219],[16.363,47.6215],[16.3766,47.6083],[16.3762,47.6031],[16.3828,47.6051],[16.387,47.6001],[16.3889,47.5966],[16.3855,47.5902],[16.3925,47.5937],[16.386,47.5874],[16.3872,47.5762],[16.3782,47.5692],[16.3826,47.5645],[16.3766,47.5572],[16.3825,47.5485],[16.3776,47.5465],[16.3812,47.5401],[16.3685,47.5454],[16.3689,47.5417],[16.3615,47.5369],[16.3687,47.529],[16.3566,47.5306],[16.352,47.5284],[16.3536,47.5236],[16.3465,47.5231],[16.3455,47.518],[16.3391,47.521],[16.3339,47.506],[16.3264,47.5005],[16.3284,47.4982],[16.3166,47.492],[16.3258,47.4761],[16.3108,47.4962],[16.3106,47.4912],[16.3203,47.4778],[16.3123,47.4708],[16.3043,47.4698],[16.3022,47.4622],[16.3085,47.4588],[16.3122,47.4595],[16.3107,47.4631],[16.3195,47.4651],[16.3272,47.4563],[16.3229,47.4517],[16.3263,47.4429],[16.3118,47.4318],[16.3138,47.4207],[16.3093,47.4067],[16.3129,47.4052],[16.291,47.3887],[16.2575,47.3866],[16.2365,47.3964],[16.2313,47.4019],[16.2157,47.4065],[16.2076,47.4216],[16.2089,47.4247],[16.1937,47.4189],[16.2069,47.401],[16.205,47.3948],[16.2016,47.3922],[16.1962,47.3948],[16.1863,47.3899],[16.1391,47.4136],[16.1345,47.4125],[16.1374,47.4157],[16.1273,47.4134],[16.1274,47.4183],[16.1326,47.4192],[16.1279,47.4236],[16.1042,47.4309],[16.1261,47.4428],[16.1306,47.4581],[16.1339,47.4607],[16.1273,47.4594],[16.1293,47.4564],[16.1265,47.4485],[16.1191,47.4399],[16.1046,47.4334],[16.1033,47.4352],[16.1026,47.4321],[16.0988,47.4452],[16.1073,47.4466],[16.1048,47.4514],[16.1122,47.4531],[16.1079,47.4575],[16.1069,47.4695],[16.1027,47.4691],[16.1024,47.472],[16.0874,47.482],[16.1033,47.4904],[16.088,47.497],[16.0936,47.4975],[16.096,47.5032],[16.1061,47.4986],[16.1178,47.5022],[16.1217,47.5115],[16.1123,47.5074],[16.1104,47.5102],[16.116,47.5151],[16.1118,47.5167],[16.1098,47.5247],[16.098,47.5233],[16.0937,47.5172],[16.0947,47.5118],[16.0898,47.5073],[16.0821,47.5062],[16.0801,47.5006],[16.0652,47.5018],[16.0655,47.4864],[16.0576,47.4845],[16.0471,47.491],[16.0265,47.5124],[16.0163,47.517],[16.0014,47.5152],[15.9742,47.5203],[15.956,47.5171],[15.9356,47.5267],[15.9134,47.5304],[15.912,47.536],[15.9019,47.5461],[15.9055,47.5614],[15.8901,47.571],[15.8735,47.5736],[15.8642,47.566],[15.8466,47.5677],[15.8448,47.5852],[15.8491,47.5904],[15.848,47.5972],[15.8608,47.6107],[15.8591,47.6181],[15.8783,47.6253],[15.888,47.6231],[15.9007,47.6254],[15.9183,47.6139],[15.9234,47.6158],[15.935,47.6233],[15.9389,47.6385],[15.9588,47.6507],[15.9562,47.6689],[15.9908,47.6756],[16.0133,47.684],[16.0449,47.6813],[16.0752,47.6831],[16.1584,47.7229],[16.1846,47.731],[16.21,47.731],[16.2182,47.7212],[16.2338,47.7251],[16.2453,47.7323],[16.2553,47.7437],[16.2614,47.7457],[16.2861,47.7866],[16.292,47.7888],[16.3061,47.7843]]]}},{"type":"Feature","properties":{"id":"GK100089","n":"N\u00f6rdliche Kalkalpen [LRR]","u":7.4},"geometry":{"type":"Polygon","coordinates":[[[16.1816,47.8573],[16.1849,47.8547],[16.1839,47.849],[16.1663,47.833],[16.1196,47.819],[16.1091,47.8131],[16.1076,47.8075],[16.0998,47.8023],[16.0721,47.7975],[16.0551,47.7902],[16.056,47.7781],[16.0475,47.7735],[16.0349,47.7557],[16.0352,47.752],[16.0405,47.7492],[16.0284,47.7205],[16.0209,47.7164],[15.9958,47.719],[15.9851,47.7228],[15.9713,47.722],[15.9683,47.7278],[15.964,47.7273],[15.95,47.7203],[15.9377,47.7041],[15.9288,47.7037],[15.9172,47.6971],[15.8907,47.6931],[15.8661,47.6985],[15.8182,47.703],[15.7914,47.6986],[15.767,47.6994],[15.7505,47.6913],[15.731,47.6908],[15.7262,47.6843],[15.7181,47.6858],[15.7231,47.6768],[15.7046,47.6864],[15.6853,47.6899],[15.6704,47.71],[15.6516,47.7176],[15.6357,47.7155],[15.6088,47.7558],[15.6087,47.7596],[15.6141,47.7605],[15.6183,47.7677],[15.6201,47.779],[15.6084,47.7832],[15.6066,47.7913],[15.6009,47.796],[15.6018,47.7998],[15.6161,47.8039],[15.6183,47.8125],[15.6313,47.8157],[15.6322,47.8261],[15.6234,47.8332],[15.623,47.8375],[15.6156,47.841],[15.6199,47.8473],[15.6269,47.8487],[15.6288,47.8544],[15.6227,47.859],[15.6257,47.8627],[15.6238,47.875],[15.6381,47.8789],[15.6394,47.8841],[15.6505,47.8833],[15.6587,47.8916],[15.6626,47.9011],[15.6669,47.9029],[15.6787,47.8994],[15.6755,47.8868],[15.6882,47.8873],[15.6911,47.89],[15.6901,47.8952],[15.7143,47.9072],[15.7123,47.9122],[15.7156,47.9149],[15.7383,47.9191],[15.7409,47.9238],[15.7476,47.9254],[15.7502,47.9308],[15.7585,47.9349],[15.7746,47.9316],[15.7903,47.9364],[15.8204,47.9348],[15.8141,47.9275],[15.8152,47.9242],[15.8041,47.9219],[15.8036,47.9061],[15.7877,47.8975],[15.7861,47.8894],[15.7925,47.887],[15.7925,47.8834],[15.8073,47.8796],[15.7986,47.8737],[15.8007,47.8656],[15.7944,47.8611],[15.7955,47.8523],[15.7826,47.8422],[15.7863,47.8363],[15.8001,47.8326],[15.8015,47.8222],[15.7919,47.8175],[15.8023,47.8112],[15.799,47.8011],[15.8045,47.7926],[15.8045,47.7856],[15.8092,47.7825],[15.8188,47.7987],[15.8311,47.7997],[15.8307,47.8057],[15.837,47.8096],[15.8453,47.8094],[15.8653,47.8207],[15.889,47.8215],[15.91,47.8276],[15.9201,47.8092],[15.9428,47.814],[15.9569,47.8069],[15.9682,47.8074],[15.9699,47.8049],[15.9808,47.8126],[15.9965,47.8165],[16.0029,47.8145],[16.0078,47.8228],[16.0164,47.8311],[16.0224,47.8323],[16.0251,47.8379],[16.0458,47.8357],[16.0475,47.8389],[16.0635,47.8432],[16.0648,47.8504],[16.0868,47.8498],[16.0998,47.8534],[16.1042,47.8487],[16.1323,47.8449],[16.1389,47.8523],[16.157,47.8488],[16.1816,47.8573]]]}},{"type":"Feature","properties":{"id":"GK100094","n":"B\u00f6hmische Masse [MAR]","u":24.0},"geometry":{"type":"MultiPolygon","coordinates":[[[[15.9795,48.7898],[15.9716,48.7901],[15.9625,48.7855],[15.9591,48.7762],[15.945,48.7655],[15.9476,48.7493],[15.934,48.7543],[15.9281,48.7439],[15.9086,48.7576],[15.8955,48.7588],[15.8696,48.7295],[15.8622,48.727],[15.8624,48.723],[15.8441,48.7174],[15.8445,48.7105],[15.8531,48.7065],[15.8543,48.7023],[15.8107,48.7031],[15.7984,48.6973],[15.7966,48.6912],[15.7865,48.6963],[15.7682,48.6917],[15.7393,48.6986],[15.7046,48.7013],[15.7052,48.7085],[15.7109,48.7117],[15.6949,48.7197],[15.6944,48.7278],[15.6845,48.7309],[15.6807,48.7385],[15.6674,48.7384],[15.6527,48.7462],[15.6426,48.743],[15.6403,48.7362],[15.625,48.7366],[15.6209,48.739],[15.6259,48.7444],[15.6225,48.7462],[15.6227,48.753],[15.6193,48.7568],[15.6097,48.7614],[15.5974,48.7623],[15.593,48.7606],[15.5976,48.7526],[15.5875,48.7464],[15.5882,48.7431],[15.5784,48.7396],[15.5758,48.7291],[15.5727,48.7329],[15.5574,48.7346],[15.5473,48.7464],[15.5268,48.7528],[15.5133,48.7516],[15.5126,48.748],[15.4984,48.7449],[15.4691,48.7485],[15.4604,48.7413],[15.4622,48.7352],[15.442,48.7263],[15.4404,48.7211],[15.4186,48.7223],[15.4109,48.718],[15.4263,48.7084],[15.4189,48.7045],[15.4197,48.7],[15.4075,48.6986],[15.4073,48.6883],[15.3986,48.6853],[15.399,48.6819],[15.4061,48.6808],[15.4093,48.6739],[15.3941,48.6675],[15.3959,48.6659],[15.3922,48.6627],[15.3749,48.6635],[15.355,48.6579],[15.3425,48.652],[15.3376,48.6436],[15.3097,48.6479],[15.3058,48.6539],[15.2983,48.6572],[15.3016,48.6629],[15.2951,48.6644],[15.2947,48.6682],[15.2882,48.6715],[15.2894,48.6767],[15.2713,48.6803],[15.2592,48.6782],[15.24,48.6836],[15.2396,48.6866],[15.2311,48.6872],[15.1972,48.6864],[15.1939,48.6839],[15.1965,48.6738],[15.188,48.6717],[15.195,48.6623],[15.1689,48.6598],[15.1539,48.6513],[15.122,48.6523],[15.0993,48.6478],[15.0634,48.6582],[15.0486,48.6556],[15.036,48.6572],[15.0338,48.6617],[15.0392,48.6647],[15.0343,48.6712],[15.0474,48.6742],[15.0403,48.6861],[15.0433,48.6886],[15.0441,48.6973],[15.0488,48.7001],[15.046,48.7041],[15.0642,48.7084],[15.0631,48.7117],[15.0782,48.7074],[15.0865,48.7127],[15.0923,48.7125],[15.0932,48.7168],[15.102,48.7202],[15.1008,48.7272],[15.0952,48.7332],[15.104,48.7362],[15.1099,48.7444],[15.1027,48.7481],[15.1053,48.7515],[15.1212,48.753],[15.1163,48.762],[15.1196,48.7645],[15.1278,48.7619],[15.1314,48.7666],[15.1234,48.7751],[15.1373,48.7786],[15.1365,48.7831],[15.15,48.7884],[15.1592,48.7849],[15.169,48.7897],[15.1755,48.7867],[15.197,48.7875],[15.1895,48.7992],[15.17,48.8037],[15.1702,48.8125],[15.1626,48.8162],[15.1676,48.8189],[15.1692,48.8244],[15.1661,48.8263],[15.1677,48.83],[15.1584,48.8371],[15.1612,48.8463],[15.1553,48.8534],[15.1541,48.8604],[15.1583,48.867],[15.1572,48.8703],[15.1616,48.8728],[15.1595,48.8757],[15.1662,48.8799],[15.1658,48.8837],[15.1754,48.8831],[15.1777,48.8858],[15.1763,48.9],[15.1667,48.903],[15.1748,48.9056],[15.1818,48.9124],[15.1778,48.9236],[15.1931,48.9285],[15.1939,48.9375],[15.1996,48.9393],[15.2049,48.9479],[15.218,48.9588],[15.2462,48.9595],[15.2619,48.9538],[15.2622,48.9579],[15.2687,48.9572],[15.266,48.9655],[15.2721,48.9667],[15.2821,48.9809],[15.276,48.9861],[15.2794,48.995],[15.2899,48.9929],[15.294,48.9893],[15.2914,48.9845],[15.306,48.9781],[15.3127,48.981],[15.3223,48.9764],[15.3323,48.9846],[15.3533,48.9843],[15.3669,48.982],[15.389,48.9728],[15.3925,48.9658],[15.4039,48.9635],[15.4253,48.9518],[15.4445,48.9513],[15.4557,48.9454],[15.4684,48.9518],[15.477,48.9446],[15.5023,48.9359],[15.5059,48.9199],[15.5134,48.9142],[15.5586,48.9046],[15.578,48.8959],[15.6124,48.8981],[15.625,48.8916],[15.6301,48.8851],[15.6369,48.8848],[15.636,48.8876],[15.6389,48.8877],[15.657,48.8812],[15.6902,48.8558],[15.7096,48.8606],[15.7537,48.8523],[15.7685,48.8621],[15.7793,48.8749],[15.8287,48.8709],[15.8378,48.8771],[15.8425,48.8766],[15.8521,48.8667],[15.8414,48.8604],[15.8572,48.8573],[15.8629,48.8522],[15.8746,48.8547],[15.8715,48.8604],[15.8774,48.859],[15.8837,48.8425],[15.889,48.8423],[15.8952,48.8491],[15.904,48.8411],[15.9036,48.8378],[15.8989,48.838],[15.893,48.8434],[15.8908,48.8386],[15.8938,48.8344],[15.9198,48.8391],[15.9219,48.8352],[15.9306,48.8341],[15.9241,48.8248],[15.934,48.8199],[15.9402,48.8196],[15.9403,48.8272],[15.9437,48.8282],[15.9484,48.8265],[15.947,48.8228],[15.9586,48.8232],[15.9598,48.8201],[15.9519,48.8139],[15.95,48.8053],[15.9795,48.7898]]],[[[15.8712,48.6834],[15.8576,48.6827],[15.8541,48.6863],[15.869,48.6919],[15.8716,48.6907],[15.8712,48.6834]]]]}},{"type":"Feature","properties":{"id":"GK100011","n":"B\u00f6hmische Masse [DBJ]","u":53.7},"geometry":{"type":"Polygon","coordinates":[[[13.742,48.5274],[13.7376,48.5227],[13.7412,48.514],[13.728,48.5131],[13.7184,48.4965],[13.7079,48.4947],[13.6971,48.4972],[13.6961,48.5029],[13.6796,48.5025],[13.6883,48.4914],[13.6845,48.4876],[13.6919,48.4829],[13.6831,48.48],[13.6837,48.4714],[13.6878,48.4692],[13.687,48.4568],[13.6971,48.4511],[13.6836,48.4467],[13.7007,48.432],[13.7013,48.4246],[13.6999,48.4167],[13.6843,48.4051],[13.6674,48.4022],[13.6708,48.3975],[13.67,48.3907],[13.6747,48.3858],[13.669,48.3811],[13.6696,48.3775],[13.6827,48.3761],[13.6784,48.3678],[13.6734,48.3651],[13.6527,48.3774],[13.6479,48.3936],[13.635,48.3976],[13.6344,48.4029],[13.6472,48.414],[13.6363,48.417],[13.6218,48.4326],[13.6119,48.4302],[13.607,48.4247],[13.5884,48.4245],[13.5784,48.4196],[13.5667,48.4289],[13.5481,48.4324],[13.5429,48.451],[13.5326,48.4599],[13.5242,48.4579],[13.5237,48.4462],[13.5178,48.4408],[13.5045,48.4521],[13.4821,48.4535],[13.4766,48.4484],[13.4856,48.4439],[13.5017,48.4177],[13.4984,48.4075],[13.4924,48.4045],[13.4763,48.4149],[13.4746,48.424],[13.4587,48.4394],[13.4631,48.449],[13.4524,48.4585],[13.4436,48.4599],[13.4354,48.4738],[13.4576,48.5123],[13.4464,48.5246],[13.4448,48.5291],[13.4502,48.5361],[13.439,48.5483],[13.4373,48.5565],[13.4502,48.5642],[13.4638,48.5542],[13.4749,48.5561],[13.4745,48.5614],[13.4789,48.5645],[13.4851,48.5615],[13.4916,48.5646],[13.4913,48.5695],[13.5039,48.5723],[13.5071,48.5762],[13.5008,48.5805],[13.5056,48.5876],[13.5133,48.5907],[13.5273,48.5864],[13.5716,48.5604],[13.5784,48.5599],[13.5909,48.5693],[13.5976,48.5697],[13.6239,48.5551],[13.6515,48.5503],[13.6621,48.5356],[13.7077,48.5171],[13.7266,48.5129],[13.7318,48.5162],[13.7333,48.5248],[13.742,48.5274]]]}},{"type":"Feature","properties":{"id":"GK100004","n":"Lechtal [DBJ]","u":2.4},"geometry":{"type":"Polygon","coordinates":[[[10.6911,47.5538],[10.6823,47.5526],[10.6806,47.5472],[10.6986,47.5361],[10.7125,47.521],[10.7314,47.522],[10.7228,47.5074],[10.7344,47.5003],[10.7256,47.4784],[10.7047,47.4667],[10.6747,47.4599],[10.6711,47.455],[10.6735,47.4471],[10.67,47.4437],[10.6195,47.4273],[10.6048,47.4277],[10.6038,47.4344],[10.6129,47.4421],[10.6275,47.4472],[10.6434,47.4479],[10.6921,47.4959],[10.703,47.5011],[10.7047,47.5055],[10.6999,47.5116],[10.6831,47.5173],[10.6652,47.5315],[10.5994,47.5552],[10.5824,47.5562],[10.5903,47.56],[10.5982,47.5698],[10.6114,47.5655],[10.6185,47.5673],[10.6262,47.561],[10.6362,47.5591],[10.6769,47.5589],[10.6783,47.5555],[10.6909,47.5599],[10.6911,47.5538]]]}},{"type":"Feature","properties":{"id":"GK100127","n":"G\u00fcnstal [LRR]","u":0.6},"geometry":{"type":"Polygon","coordinates":[[[16.3108,47.4962],[16.3359,47.4652],[16.3604,47.4224],[16.3739,47.4121],[16.3836,47.4119],[16.3968,47.4176],[16.4229,47.4081],[16.4692,47.4157],[16.4774,47.4124],[16.493,47.4151],[16.5156,47.4086],[16.5135,47.4049],[16.5082,47.4048],[16.5101,47.3969],[16.4965,47.389],[16.4966,47.3961],[16.4891,47.3943],[16.4891,47.3991],[16.4836,47.3979],[16.4911,47.4058],[16.4605,47.4132],[16.4445,47.4059],[16.4406,47.4085],[16.4283,47.4075],[16.4273,47.402],[16.4243,47.401],[16.4194,47.4056],[16.3905,47.4063],[16.3683,47.398],[16.3669,47.3921],[16.3623,47.3945],[16.3506,47.3918],[16.3522,47.3865],[16.3485,47.385],[16.3425,47.3896],[16.337,47.3869],[16.3313,47.3887],[16.3281,47.3958],[16.3151,47.4047],[16.3222,47.403],[16.3355,47.393],[16.356,47.3966],[16.3752,47.4052],[16.363,47.4106],[16.347,47.4251],[16.339,47.4491],[16.3106,47.4912],[16.3108,47.4962]]]}},{"type":"Feature","properties":{"id":"GK100130","n":"Pinkatal [LRR]","u":2.9},"geometry":{"type":"MultiPolygon","coordinates":[[[[16.1042,47.4309],[16.0959,47.4204],[16.1022,47.4155],[16.1001,47.407],[16.1134,47.3885],[16.1252,47.3809],[16.1333,47.354],[16.1379,47.3531],[16.1525,47.3372],[16.1643,47.3306],[16.1655,47.3339],[16.1841,47.321],[16.1844,47.3169],[16.1937,47.315],[16.2213,47.2831],[16.2296,47.2801],[16.232,47.2822],[16.2621,47.2592],[16.2687,47.2587],[16.3319,47.1984],[16.3489,47.1921],[16.3545,47.1945],[16.3594,47.1927],[16.3614,47.1976],[16.3723,47.1995],[16.3788,47.2044],[16.3941,47.2045],[16.3969,47.2111],[16.4022,47.2125],[16.4047,47.2095],[16.4069,47.2145],[16.4126,47.2144],[16.4149,47.2048],[16.4176,47.2106],[16.4201,47.211],[16.4183,47.2043],[16.4137,47.203],[16.4079,47.2096],[16.402,47.2079],[16.4006,47.2098],[16.398,47.2088],[16.3985,47.2035],[16.3801,47.1985],[16.3764,47.1935],[16.3679,47.19],[16.3495,47.1856],[16.3411,47.187],[16.3355,47.1934],[16.3284,47.1941],[16.3193,47.2043],[16.3133,47.2045],[16.2849,47.2314],[16.2776,47.2333],[16.2622,47.2449],[16.2329,47.2559],[16.2272,47.2629],[16.2204,47.2636],[16.2193,47.269],[16.2138,47.271],[16.2126,47.2755],[16.2054,47.277],[16.1933,47.2857],[16.1875,47.2858],[16.188,47.2896],[16.1706,47.3051],[16.1651,47.3142],[16.1501,47.3242],[16.1509,47.3278],[16.1214,47.3529],[16.125,47.3621],[16.1217,47.3622],[16.1187,47.3705],[16.1134,47.3743],[16.1059,47.3929],[16.0944,47.4088],[16.0987,47.4161],[16.0774,47.4292],[16.0683,47.4295],[16.0609,47.4471],[16.0483,47.4612],[16.0551,47.4619],[16.0536,47.4581],[16.0699,47.4403],[16.0842,47.4308],[16.0877,47.4322],[16.0942,47.4215],[16.1033,47.4352],[16.1046,47.4334],[16.1191,47.4399],[16.1265,47.4485],[16.1293,47.4564],[16.1273,47.4594],[16.1339,47.4607],[16.1306,47.4581],[16.1261,47.4428],[16.1042,47.4309]]],[[[16.4815,47.1467],[16.4864,47.1381],[16.4954,47.1489],[16.4918,47.1367],[16.4956,47.1336],[16.4818,47.1156],[16.4846,47.1025],[16.4775,47.1013],[16.4749,47.1051],[16.4725,47.1005],[16.4644,47.0988],[16.4656,47.0891],[16.475,47.0854],[16.4709,47.0781],[16.4729,47.0735],[16.4827,47.0752],[16.4872,47.0687],[16.5005,47.0697],[16.5206,47.0617],[16.5209,47.0573],[16.5065,47.0496],[16.5009,47.051],[16.4608,47.0429],[16.4573,47.0475],[16.4606,47.0505],[16.4572,47.0541],[16.4602,47.0602],[16.4546,47.0639],[16.4524,47.1002],[16.4472,47.1042],[16.4407,47.1245],[16.4349,47.1283],[16.4391,47.1285],[16.4364,47.1334],[16.418,47.1379],[16.4075,47.1445],[16.3862,47.1446],[16.3842,47.148],[16.4061,47.1471],[16.4066,47.1511],[16.417,47.1416],[16.4386,47.138],[16.4403,47.1498],[16.4383,47.1643],[16.4355,47.1663],[16.4382,47.1731],[16.4359,47.1774],[16.4297,47.1778],[16.4334,47.1809],[16.4314,47.1847],[16.4517,47.1882],[16.4547,47.1872],[16.4575,47.1769],[16.4645,47.1682],[16.4611,47.1674],[16.4605,47.1592],[16.4531,47.1577],[16.4492,47.152],[16.4501,47.1455],[16.4543,47.1423],[16.4599,47.1432],[16.4583,47.1418],[16.4815,47.1467]]]]}},{"type":"Feature","properties":{"id":"GK100156","n":"M\u00fcrz [MUR]","u":36.4},"geometry":{"type":"Polygon","coordinates":[[[15.7454,47.6126],[15.7287,47.5996],[15.695,47.6037],[15.6917,47.6001],[15.6918,47.6053],[15.673,47.6047],[15.6518,47.576],[15.6383,47.5688],[15.6401,47.5635],[15.6312,47.5658],[15.6088,47.5578],[15.6089,47.5546],[15.6059,47.5576],[15.6003,47.5517],[15.5968,47.5544],[15.5949,47.55],[15.5859,47.5526],[15.5482,47.5307],[15.5431,47.5349],[15.5219,47.5353],[15.5175,47.5301],[15.5026,47.5242],[15.4872,47.5221],[15.4849,47.5247],[15.4674,47.5243],[15.4762,47.5179],[15.474,47.5146],[15.4611,47.5108],[15.4468,47.4974],[15.4327,47.4932],[15.4345,47.4886],[15.445,47.4811],[15.4415,47.4797],[15.4308,47.4859],[15.4201,47.4877],[15.4122,47.4827],[15.416,47.4734],[15.4046,47.4761],[15.3884,47.4675],[15.3619,47.4625],[15.3567,47.4575],[15.349,47.4613],[15.3471,47.454],[15.3384,47.4488],[15.3288,47.4476],[15.3312,47.4444],[15.3157,47.4465],[15.3104,47.4424],[15.2909,47.4412],[15.2922,47.4364],[15.2887,47.4335],[15.2765,47.4326],[15.2819,47.4261],[15.2801,47.4144],[15.2727,47.4128],[15.2726,47.4213],[15.2611,47.4205],[15.2129,47.4423],[15.2316,47.4387],[15.2523,47.4277],[15.2671,47.4273],[15.2697,47.4357],[15.2861,47.4394],[15.2644,47.4484],[15.2596,47.4521],[15.2616,47.4531],[15.2593,47.4572],[15.2802,47.4521],[15.288,47.4457],[15.3106,47.452],[15.3086,47.4531],[15.3133,47.4539],[15.3143,47.4596],[15.3238,47.4664],[15.3278,47.4655],[15.3251,47.4606],[15.3324,47.4607],[15.3293,47.4659],[15.3332,47.4727],[15.3531,47.48],[15.3707,47.4796],[15.3852,47.4864],[15.3937,47.486],[15.3976,47.4929],[15.4056,47.4961],[15.4438,47.5045],[15.4492,47.5118],[15.4636,47.5155],[15.4642,47.5253],[15.4872,47.5291],[15.4967,47.5361],[15.5102,47.5394],[15.5092,47.5431],[15.5219,47.5493],[15.5374,47.5539],[15.5556,47.5474],[15.5624,47.5545],[15.5607,47.5565],[15.5677,47.5609],[15.5815,47.5652],[15.6052,47.5641],[15.6359,47.5776],[15.6603,47.5943],[15.667,47.6074],[15.6624,47.6164],[15.6651,47.6222],[15.6592,47.6231],[15.6571,47.6301],[15.6422,47.6401],[15.6527,47.6363],[15.6602,47.6262],[15.6685,47.6229],[15.6698,47.6172],[15.6675,47.6166],[15.671,47.6098],[15.7152,47.6056],[15.7247,47.6019],[15.7454,47.6126]]]}},{"type":"Feature","properties":{"id":"GK100022","n":"Pielachtal [DUJ]","u":50.1},"geometry":{"type":"Polygon","coordinates":[[[15.4752,48.2115],[15.5114,48.2121],[15.5112,48.2003],[15.5241,48.1964],[15.5438,48.1836],[15.5587,48.1504],[15.5557,48.1472],[15.5588,48.1339],[15.5554,48.1253],[15.5374,48.1027],[15.5293,48.0975],[15.5103,48.0941],[15.4927,48.0804],[15.4793,48.0822],[15.4981,48.0866],[15.5066,48.1],[15.528,48.1031],[15.5318,48.1065],[15.5323,48.1135],[15.537,48.1189],[15.5335,48.1282],[15.5345,48.1378],[15.532,48.1391],[15.5351,48.1486],[15.5303,48.1625],[15.5149,48.1693],[15.4909,48.1694],[15.4847,48.1754],[15.4806,48.1722],[15.4822,48.1671],[15.4781,48.1673],[15.4647,48.1818],[15.4591,48.1812],[15.4621,48.185],[15.41,48.1883],[15.4039,48.194],[15.3785,48.1963],[15.3728,48.2006],[15.3766,48.2016],[15.3779,48.2081],[15.3723,48.2119],[15.3718,48.2156],[15.3623,48.2188],[15.3577,48.2243],[15.3618,48.2303],[15.3695,48.2309],[15.3766,48.2219],[15.3977,48.2074],[15.4071,48.2159],[15.4089,48.2134],[15.4031,48.2014],[15.4385,48.1919],[15.4553,48.1921],[15.457,48.1948],[15.4529,48.2034],[15.4752,48.2115]]]}},{"type":"Feature","properties":{"id":"GK100149","n":"Rheintal [RHE]","u":33.8},"geometry":{"type":"Polygon","coordinates":[[[9.7594,47.4202],[9.7539,47.4144],[9.7572,47.4131],[9.7546,47.4118],[9.7579,47.4057],[9.7535,47.4089],[9.7504,47.4054],[9.763,47.3963],[9.7495,47.4013],[9.7479,47.3954],[9.7401,47.3907],[9.7404,47.3863],[9.7328,47.3867],[9.7133,47.38],[9.6906,47.3634],[9.6951,47.3608],[9.6902,47.3595],[9.6959,47.3598],[9.6976,47.3571],[9.6873,47.3569],[9.687,47.3531],[9.6676,47.3436],[9.654,47.3436],[9.6558,47.3396],[9.6498,47.3326],[9.6545,47.3328],[9.6465,47.3289],[9.6478,47.3317],[9.6423,47.3314],[9.6411,47.3271],[9.6224,47.3126],[9.648,47.3105],[9.6518,47.3078],[9.6503,47.3049],[9.6605,47.3053],[9.6527,47.3006],[9.6522,47.2943],[9.6554,47.2913],[9.6648,47.2915],[9.6721,47.2959],[9.6608,47.2826],[9.6599,47.2747],[9.6568,47.2761],[9.6256,47.2585],[9.6124,47.2446],[9.5989,47.2368],[9.5996,47.2332],[9.591,47.2348],[9.6147,47.2552],[9.6113,47.2581],[9.6003,47.2566],[9.5947,47.2509],[9.5917,47.2402],[9.5723,47.2283],[9.5728,47.2259],[9.5772,47.2266],[9.5721,47.219],[9.5526,47.2237],[9.5819,47.2426],[9.5806,47.2535],[9.5618,47.2484],[9.5398,47.2613],[9.5399,47.2651],[9.5308,47.2707],[9.549,47.2835],[9.5555,47.2973],[9.5807,47.3106],[9.5886,47.3179],[9.5998,47.3456],[9.6072,47.3529],[9.6244,47.3662],[9.6498,47.3674],[9.6635,47.3718],[9.673,47.3809],[9.6743,47.3891],[9.6517,47.4047],[9.6498,47.4225],[9.6445,47.4332],[9.6456,47.4385],[9.658,47.4478],[9.6585,47.4527],[9.623,47.4574],[9.609,47.4707],[9.6037,47.4625],[9.5966,47.4626],[9.5831,47.482],[9.5641,47.4939],[9.5631,47.5001],[9.5679,47.5006],[9.5724,47.4952],[9.5868,47.4887],[9.5982,47.4881],[9.6167,47.4953],[9.6237,47.4946],[9.6338,47.5031],[9.645,47.5072],[9.6471,47.5057],[9.6386,47.4996],[9.6384,47.4963],[9.6508,47.4875],[9.6493,47.4901],[9.6563,47.4922],[9.6601,47.497],[9.6652,47.4968],[9.6672,47.5031],[9.684,47.4924],[9.6913,47.5023],[9.6983,47.5062],[9.7426,47.5053],[9.752,47.5109],[9.7529,47.5078],[9.7475,47.5004],[9.7363,47.4992],[9.7301,47.4918],[9.7206,47.4895],[9.7319,47.488],[9.7383,47.4921],[9.7511,47.4843],[9.763,47.4818],[9.7629,47.4788],[9.7667,47.4798],[9.764,47.4778],[9.7684,47.4745],[9.7557,47.4788],[9.7516,47.4709],[9.7502,47.4597],[9.7644,47.4532],[9.7649,47.4491],[9.7681,47.4488],[9.7637,47.4445],[9.7691,47.4438],[9.7565,47.4359],[9.7572,47.4301],[9.763,47.4291],[9.7576,47.4268],[9.7557,47.4223],[9.7594,47.4202]],[[9.6095,47.3422],[9.6124,47.3444],[9.6034,47.3411],[9.6029,47.3362],[9.5985,47.3325],[9.6182,47.3291],[9.63,47.3306],[9.6276,47.3355],[9.6216,47.335],[9.6141,47.3422],[9.6095,47.3422]],[[9.6224,47.3206],[9.6249,47.3254],[9.6168,47.3224],[9.6224,47.3206]]]}},{"type":"Feature","properties":{"id":"GK100045","n":"Welser Heide [DUJ]","u":35.5},"geometry":{"type":"Polygon","coordinates":[[[14.3381,48.2527],[14.3253,48.2467],[14.3262,48.2421],[14.3203,48.2311],[14.2741,48.2044],[14.2673,48.1993],[14.26,48.1866],[14.2443,48.1912],[14.227,48.188],[14.2269,48.1914],[14.2116,48.1916],[14.1268,48.163],[14.0713,48.1627],[14.0426,48.1518],[14.0251,48.1518],[14.0061,48.139],[13.9919,48.1385],[13.9766,48.131],[13.9649,48.1104],[13.9547,48.103],[13.9401,48.102],[13.9063,48.0834],[13.899,48.0852],[13.8926,48.0937],[13.8775,48.0931],[13.8703,48.1008],[13.8753,48.1092],[13.9392,48.1387],[13.9562,48.1591],[13.9969,48.1857],[14.0996,48.2062],[14.1083,48.2119],[14.1108,48.2233],[14.1395,48.2351],[14.1663,48.2518],[14.2132,48.2678],[14.228,48.276],[14.2682,48.2747],[14.2848,48.2835],[14.2879,48.2899],[14.3078,48.2701],[14.3381,48.2527]]]}},{"type":"Feature","properties":{"id":"GK100013","n":"Salzach - Inn - Mattig [DBJ]","u":37.1},"geometry":{"type":"Polygon","coordinates":[[[13.4753,48.4173],[13.4622,48.4121],[13.4529,48.4011],[13.4489,48.3866],[13.4262,48.3802],[13.4212,48.3653],[13.4092,48.3574],[13.4101,48.3402],[13.429,48.3284],[13.4332,48.3206],[13.4067,48.3071],[13.3945,48.3111],[13.3864,48.3099],[13.3884,48.3132],[13.3803,48.3197],[13.3739,48.3191],[13.3629,48.3128],[13.3606,48.3032],[13.3513,48.2978],[13.3509,48.2939],[13.3335,48.2835],[13.3324,48.2779],[13.3371,48.2692],[13.3349,48.2639],[13.3223,48.2637],[13.3212,48.2597],[13.3134,48.2647],[13.302,48.2666],[13.2839,48.2635],[13.2437,48.2515],[13.2535,48.2417],[13.2503,48.2359],[13.2293,48.2387],[13.2039,48.2246],[13.1892,48.2258],[13.1801,48.2246],[13.1721,48.2196],[13.1602,48.2217],[13.1449,48.2196],[13.1204,48.2042],[13.1342,48.1958],[13.1352,48.1832],[13.1433,48.1786],[13.144,48.1724],[13.154,48.163],[13.1609,48.1331],[13.1699,48.1132],[13.176,48.1047],[13.1878,48.102],[13.1872,48.0967],[13.1817,48.0933],[13.1852,48.0873],[13.1809,48.0746],[13.2204,48.0321],[13.2409,48.0199],[13.2638,48.0197],[13.2673,48.0161],[13.2445,48.0073],[13.2447,48.0025],[13.252,47.9966],[13.2483,47.99],[13.2428,47.992],[13.2338,47.9878],[13.2257,47.9884],[13.2213,47.9826],[13.2118,47.9822],[13.2118,47.9793],[13.1971,47.9737],[13.1642,47.9758],[13.1468,47.9701],[13.1407,47.9851],[13.1505,47.9924],[13.1498,47.9947],[13.1307,47.9885],[13.1215,47.9892],[13.1236,47.9963],[13.1126,47.9938],[13.1006,47.9979],[13.0933,47.9958],[13.0895,47.9987],[13.0911,48.0026],[13.0845,48.005],[13.1034,48.0259],[13.1089,48.0431],[13.1076,48.0657],[13.0964,48.0971],[13.0948,48.0876],[13.0861,48.0795],[13.071,48.0815],[13.0805,48.0771],[13.0722,48.0725],[13.0809,48.0703],[13.0785,48.0536],[13.0632,48.0534],[13.0551,48.0569],[13.053,48.0615],[13.0566,48.0703],[13.0541,48.0806],[13.0371,48.0937],[13.0135,48.0892],[13.0066,48.0957],[12.9826,48.1065],[12.975,48.124],[12.9244,48.1411],[12.9132,48.1418],[12.9177,48.1325],[12.91,48.1215],[12.9095,48.109],[12.9153,48.1036],[12.9391,48.0965],[12.9287,48.0912],[12.9221,48.0753],[12.8852,48.0596],[12.8658,48.0652],[12.8477,48.0765],[12.846,48.0859],[12.8354,48.1021],[12.8341,48.1096],[12.8371,48.1178],[12.8231,48.1283],[12.8267,48.1393],[12.8201,48.142],[12.8182,48.1521],[12.828,48.1535],[12.8346,48.1589],[12.8365,48.1651],[12.8472,48.1679],[12.8686,48.2007],[12.9574,48.2097],[13.0028,48.2406],[13.0174,48.256],[13.0542,48.2654],[13.0826,48.2776],[13.1356,48.2805],[13.1852,48.2956],[13.2534,48.2929],[13.3281,48.3226],[13.368,48.3538],[13.4057,48.371],[13.4158,48.3796],[13.4204,48.4013],[13.4397,48.4327],[13.4384,48.4394],[13.4265,48.4545],[13.4354,48.4738],[13.4436,48.4599],[13.4524,48.4585],[13.4631,48.449],[13.4587,48.4394],[13.4746,48.424],[13.4753,48.4173]]]}}]}