{
"type": "FeatureCollection",
"name": "merit_reaches",
"crs": { "type": "name", "properties": { "name": "urn:ogc:def:crs:OGC:1.3:CRS84" } },
"features": [
{ "type": "Feature", "properties": { "cls": "<5", "km": 1953.6 }, "geometry": { "type": "MultiLineString", "coordinates": [ [ [ 9.46416999144609, 47.572500006783656 ], [ 9.469169991458768, 47.568330006775092 ], [ 9.477499991479279, 47.565000006768578 ], [ 9.499169991534245, 47.546670006730913 ], [ 9.502499991542368, 47.545830006729368 ], [ 9.50666999155291, 47.542500006722555 ], [ 9.516669991576594, 47.54417000672683 ], [ 9.529999991608806, 47.542500006724218 ], [ 9.55916999167856, 47.543330006728006 ], [ 9.570829991706631, 47.542500006727074 ], [ 9.574169991715046, 47.540000006721968 ], [ 9.589169991751522, 47.536670006715838 ], [ 9.59999999177815, 47.532500006707693 ], [ 9.610829991803689, 47.535000006713766 ], [ 9.621669991829656, 47.53500000671449 ], [ 9.626669991841377, 47.536670006718424 ], [ 9.6516699919014, 47.535830006718285 ], [ 9.665829991936537, 47.5283300067032 ], [ 9.678329991966885, 47.525830006698676 ], [ 9.683329991979404, 47.522500006691885 ], [ 9.667499991943899, 47.507500006658695 ], [ 9.670829991952674, 47.502500006648226 ], [ 9.670829991955086, 47.487500006616074 ], [ 9.668329991953783, 47.458330006553375 ], [ 9.662499991941029, 47.450830006536911 ], [ 9.645829991903009, 47.439170006510757 ], [ 9.64416999189984, 47.434170006499919 ], [ 9.650829991917913, 47.420830006471718 ], [ 9.651669991922608, 47.404170006436033 ], [ 9.649169991917955, 47.39583000641791 ], [ 9.639169991896715, 47.379170006381479 ], [ 9.627499991870677, 47.36750000635562 ], [ 9.626669991868553, 47.36833000635734 ], [ 9.605829991821269, 47.352500006321897 ], [ 9.599999991808271, 47.346670006308976 ], [ 9.592499991793566, 47.326670006265424 ], [ 9.594999991801689, 47.313330006236903 ], [ 9.583329991774875, 47.306670006221786 ], [ 9.579169991765061, 47.305830006219658 ], [ 9.577499991761485, 47.303330006214196 ], [ 9.579169991765875, 47.300830006208919 ], [ 9.580829991769845, 47.300830006209026 ], [ 9.585829991783536, 47.290000006186077 ], [ 9.594169991804002, 47.286670006179484 ], [ 9.593329991802664, 47.282500006170423 ], [ 9.594169991805883, 47.275000006154329 ], [ 9.592499991802159, 47.27333000615063 ], [ 9.592499991802962, 47.26833000613987 ], [ 9.594999991809331, 47.265830006134657 ], [ 9.604169991831773, 47.262500006128114 ], [ 9.615829991859892, 47.260830006125296 ], [ 9.619999991869722, 47.26167000612741 ], [ 9.619999991870122, 47.259170006122055 ], [ 9.621669991874382, 47.257500006118548 ], [ 9.61916999186907, 47.253330006109373 ], [ 9.618329991866931, 47.254170006111103 ], [ 9.616669991863366, 47.251670006105648 ], [ 9.613329991855524, 47.250830006103591 ], [ 9.613329991855926, 47.248330006098193 ], [ 9.609169991846654, 47.244170006088957 ], [ 9.607499991842536, 47.245000006090628 ], [ 9.606669991840821, 47.243330006086993 ], [ 9.604169991834709, 47.244170006088609 ], [ 9.594999991814152, 47.235830006070032 ], [ 9.609169991849452, 47.226670006051243 ], [ 9.619169991873203, 47.227500006053702 ], [ 9.62332999188353, 47.225000006048603 ], [ 9.633329991907404, 47.225000006049271 ], [ 9.634169991909676, 47.223330006045742 ], [ 9.635829991913383, 47.225000006049449 ], [ 9.641669991927195, 47.225830006051623 ], [ 9.645829991937655, 47.222500006044712 ], [ 9.649999991947743, 47.22167000604319 ], [ 9.650829991949987, 47.220000006039655 ], [ 9.651669991951863, 47.220830006041474 ], [ 9.654999991960212, 47.218330006036339 ], [ 9.654169991958364, 47.217500006034477 ], [ 9.655829991962586, 47.215830006030963 ], [ 9.659999991972546, 47.215830006031247 ], [ 9.659999991973072, 47.212500006024094 ], [ 9.661669991976931, 47.213330006025991 ], [ 9.663329991981151, 47.211670006022516 ], [ 9.663329991981552, 47.209170006017139 ], [ 9.668329991993748, 47.207500006013845 ], [ 9.673329992006609, 47.201670006001606 ], [ 9.695829992061242, 47.195830005990501 ], [ 9.703329992079279, 47.195000005989208 ], [ 9.704999992082998, 47.196670005992921 ], [ 9.70832999209134, 47.194170005987722 ], [ 9.709169992093216, 47.195000005989613 ], [ 9.714169992105541, 47.192500005984499 ], [ 9.724169992130978, 47.182500005963576 ], [ 9.726669992136944, 47.182500005963746 ], [ 9.734999992157476, 47.178330005955289 ], [ 9.7391699921673, 47.17917000595736 ], [ 9.740829992171649, 47.176670005952069 ], [ 9.748329992189547, 47.176670005952559 ], [ 9.754169992203874, 47.174170005947531 ], [ 9.767499992235551, 47.175000005950153 ], [ 9.773329992249597, 47.174170005948731 ], [ 9.773329992249991, 47.171670005943362 ], [ 9.779169992263672, 47.173330005947285 ], [ 9.789169992288306, 47.168330005937115 ], [ 9.790829992292654, 47.165830005931845 ], [ 9.79166999229453, 47.16667000593371 ], [ 9.804999992327366, 47.160000005920125 ], [ 9.809999992340066, 47.155000005909635 ], [ 9.815829992354233, 47.153330005906383 ], [ 9.821669992369063, 47.147500005894187 ], [ 9.821669992369319, 47.145830005890538 ], [ 9.830829992392193, 47.13917000587675 ], [ 9.830829992392449, 47.137500005873129 ], [ 9.838312005454091, 47.134177993167377 ] ], [ [ 9.684159992053807, 47.065830005708854 ], [ 9.704159992098354, 47.085830005753458 ], [ 9.70749999210541, 47.091660005766258 ], [ 9.714159992120639, 47.095830005775717 ], [ 9.71499999212277, 47.095000005773983 ], [ 9.718329992130453, 47.096660005777814 ], [ 9.719159992132559, 47.095830005776044 ], [ 9.720829992136277, 47.097500005779736 ], [ 9.734999992170328, 47.095830005777067 ], [ 9.737489992175872, 47.098330005782621 ], [ 9.738329992177231, 47.102500005791704 ], [ 9.744159992190355, 47.107500005802876 ], [ 9.747499992197421, 47.113330005815691 ], [ 9.751659992207212, 47.114160005817766 ], [ 9.757499992220493, 47.118330005827147 ], [ 9.763329992234139, 47.120000005831102 ], [ 9.770829992251127, 47.125830005844179 ], [ 9.773329992257086, 47.125830005844328 ], [ 9.779159992270349, 47.130000005853724 ], [ 9.779159992269962, 47.132500005859136 ], [ 9.781659992275539, 47.135000005864676 ], [ 9.779999992271318, 47.136660005868151 ], [ 9.782489992276876, 47.139160005873705 ], [ 9.795829992307668, 47.145830005888946 ], [ 9.799989992316954, 47.150000005898242 ], [ 9.808329992336468, 47.152500005904145 ], [ 9.809989992340171, 47.154160005907826 ] ], [ [ 10.214159993304243, 47.155000005932386 ], [ 10.215829993308709, 47.151660005925258 ], [ 10.213329993303098, 47.149160005919732 ], [ 10.213329993303459, 47.146660005914327 ], [ 10.20999999329635, 47.140830005901535 ], [ 10.21082999329845, 47.140000005899815 ], [ 10.209999993296828, 47.137500005894367 ], [ 10.203329993281042, 47.136660005892203 ], [ 10.2016599932773, 47.13500000588855 ], [ 10.184999993237094, 47.138330005894893 ], [ 10.182499993231248, 47.137500005892967 ], [ 10.173329993209258, 47.138330005894282 ], [ 10.166659993193594, 47.13666000589032 ], [ 10.155829993167647, 47.137500005891596 ], [ 10.152499993159953, 47.135830005887819 ], [ 10.143329993138078, 47.135830005887314 ], [ 10.138329993126398, 47.134160005883459 ], [ 10.133329993114348, 47.135000005884983 ], [ 10.127499993100816, 47.132500005879322 ], [ 10.126659993098684, 47.133330005881064 ], [ 10.124159993093091, 47.130830005875531 ], [ 10.114159993069121, 47.131660005876782 ], [ 10.105829993049618, 47.129160005870943 ], [ 10.099159993033709, 47.129160005870553 ], [ 10.094989993023519, 47.130830005873968 ], [ 10.084989992999791, 47.130000005871601 ], [ 10.079999992987654, 47.131660005874956 ], [ 10.075829992977953, 47.130000005871132 ], [ 10.067489992957936, 47.130830005872483 ], [ 10.061659992944403, 47.128330005866744 ], [ 10.059159992938319, 47.1291600058684 ], [ 10.045829992906656, 47.12833000586587 ], [ 10.040829992894976, 47.126660005861993 ], [ 10.029999992869019, 47.127500005863205 ], [ 10.027489992863282, 47.12583000585947 ], [ 10.019159992843417, 47.125830005859022 ], [ 9.994989992786268, 47.122500005850455 ], [ 9.985829992764293, 47.123330005851706 ], [ 9.983329992757962, 47.125830005856969 ], [ 9.974989992737697, 47.128330005861898 ], [ 9.960829992703925, 47.128330005861066 ], [ 9.945829992667024, 47.135830005876414 ], [ 9.939989992653095, 47.135830005876073 ], [ 9.93748999264688, 47.137500005879531 ], [ 9.934989992641039, 47.136660005877573 ], [ 9.93165999263285, 47.138330005881002 ], [ 9.929989992628991, 47.137500005879112 ], [ 9.927489992622773, 47.139160005882538 ], [ 9.926659992620923, 47.138330005880711 ], [ 9.924159992614833, 47.139160005882339 ], [ 9.920829992606507, 47.141660005887559 ], [ 9.912489992586369, 47.143330005890697 ], [ 9.898329992552712, 47.142500005888024 ], [ 9.893329992540531, 47.144160005891308 ], [ 9.890829992534691, 47.143330005889375 ], [ 9.883329992516677, 47.144160005890747 ], [ 9.879159992506979, 47.142500005886852 ], [ 9.868329992481017, 47.143330005888032 ], [ 9.84998999243777, 47.14000000587972 ], [ 9.839989992414425, 47.136660005871889 ], [ 9.837489992408718, 47.135000005868129 ], [ 9.838312005454091, 47.134177993167377 ] ], [ [ 9.838312005454091, 47.134177993167377 ], [ 9.838329992410847, 47.134160005866377 ] ], [ [ 9.838312005454091, 47.134177993167377 ], [ 9.84999999243894, 47.132500005863534 ], [ 9.857499992457338, 47.129170005856778 ], [ 9.857499992457974, 47.125000005847767 ], [ 9.85582999245424, 47.123330005844046 ], [ 9.854999992453026, 47.118330005833187 ], [ 9.860829992467439, 47.115000005826374 ], [ 9.860829992467822, 47.112500005820969 ], [ 9.864999992478781, 47.105830005806773 ], [ 9.865829992481897, 47.098330005790622 ], [ 9.873329992500532, 47.093330005780238 ], [ 9.874999992504391, 47.09417000578221 ], [ 9.876669992508626, 47.092500005778682 ], [ 9.874999992505019, 47.090000005773149 ], [ 9.878329992513338, 47.08750000576795 ], [ 9.884169992527518, 47.08583000576472 ], [ 9.887499992535327, 47.08667000576672 ], [ 9.889169992539694, 47.084170005761401 ], [ 9.903329992574198, 47.079170005751436 ], [ 9.915829992605252, 47.070830005734138 ], [ 9.930829992641879, 47.065000005722396 ], [ 9.934169992650338, 47.061670005715399 ], [ 9.934169992650586, 47.060000005711792 ], [ 9.938329992660874, 47.057500005706622 ], [ 9.940829992667334, 47.054170005699561 ], [ 9.94416999267691, 47.04333000567631 ], [ 9.944169992677526, 47.039170005667295 ], [ 9.94749999268571, 47.037500005663865 ], [ 9.953329992700599, 47.030830005649769 ], [ 9.963329992725162, 47.02583000563952 ], [ 9.969999992742162, 47.018330005623632 ], [ 9.984999992778137, 47.016670005620917 ], [ 9.989999992790422, 47.014170005615789 ], [ 9.991669992794892, 47.010830005608668 ], [ 10.002499992821543, 47.005000005596628 ], [ 10.009169992838533, 46.997500005580747 ], [ 10.022499992871257, 46.990830005567069 ], [ 10.025829992880038, 46.985000005554603 ], [ 10.03166999289431, 46.982500005549518 ], [ 10.033329992898746, 46.979170005542422 ], [ 10.037499992908918, 46.977500005539 ], [ 10.038329992911141, 46.975830005535428 ], [ 10.047499992933336, 46.973330005530521 ], [ 10.054169992949822, 46.969170005521875 ], [ 10.055829992953653, 46.970000005523758 ], [ 10.064169992973994, 46.96667000551701 ], [ 10.069999992987867, 46.966670005517329 ], [ 10.074999993000256, 46.96333000551035 ], [ 10.073329992997484, 46.955000005492195 ], [ 10.064159992977228, 46.944160005468184 ], [ 10.058329992963957, 46.940000005458828 ], [ 10.059159992966419, 46.936660005451664 ], [ 10.0549899929571, 46.932500005442407 ], [ 10.051659992950144, 46.925830005427756 ], [ 10.052489992952362, 46.92416000542417 ], [ 10.050829992948772, 46.921660005418644 ], [ 10.051659992951109, 46.919160005413254 ], [ 10.045829992937962, 46.914160005402103 ], [ 10.039159992922219, 46.913330005399935 ], [ 10.025829992892568, 46.899160005368444 ] ], [ [ 10.139159993134523, 47.09166000579166 ], [ 10.140829993138139, 47.094160005797143 ], [ 10.145829993150059, 47.094160005797406 ], [ 10.149159993158602, 47.089990005788572 ], [ 10.150829993162461, 47.090830005790473 ], [ 10.15332999316866, 47.089160005786972 ], [ 10.157489993178338, 47.090830005790821 ], [ 10.157489993177974, 47.093330005796219 ], [ 10.159989993183576, 47.095830005801744 ], [ 10.168329993203091, 47.098330005807583 ], [ 10.171659993210435, 47.102500005816758 ], [ 10.175829993220256, 47.103330005818783 ], [ 10.178329993225736, 47.1066600058261 ], [ 10.188329993249337, 47.108330005830204 ], [ 10.206659993293391, 47.105830005825744 ], [ 10.21415999331162, 47.103330005820737 ], [ 10.216659993317938, 47.10083000581546 ], [ 10.222489993331127, 47.105830005826547 ], [ 10.221659993329029, 47.106660005828331 ], [ 10.222489993330772, 47.108330005831967 ], [ 10.228329993344571, 47.109160005834049 ], [ 10.239989993371186, 47.117500005852655 ], [ 10.241659993375281, 47.116660005850918 ], [ 10.242489993377024, 47.118330005854574 ], [ 10.249989993394673, 47.120000005858557 ] ], [ [ 10.15498999319918, 46.90333000538444 ], [ 10.155829993201055, 46.904160005386281 ], [ 10.154989993198827, 46.905830005389873 ], [ 10.149159993184016, 46.912500005404048 ], [ 10.144989993173498, 46.916660005412844 ], [ 10.143329993169553, 46.916660005412758 ], [ 10.139989993161013, 46.920830005421642 ], [ 10.138329993157065, 46.920830005421571 ], [ 10.134989993148643, 46.924160005428575 ], [ 10.134159993146193, 46.927500005435803 ], [ 10.12915999313382, 46.930830005442779 ], [ 10.143329993165157, 46.947500005479675 ], [ 10.152489993186007, 46.954160005494593 ], [ 10.152489993185529, 46.957490005501825 ], [ 10.156659993194621, 46.963330005514685 ], [ 10.159159993200571, 46.963330005514827 ], [ 10.163329993210139, 46.965830005520473 ], [ 10.172489993231704, 46.967500005524542 ], [ 10.175829993239775, 46.966660005522911 ], [ 10.189159993271028, 46.970000005530828 ] ], [ [ 10.198329993307651, 46.865000005303465 ], [ 10.19582999330194, 46.863330005299709 ], [ 10.196659993304264, 46.860830005294297 ], [ 10.195829993302407, 46.860000005292434 ], [ 10.197499993306725, 46.857500005287115 ], [ 10.196659993304966, 46.855830005283458 ], [ 10.198329993309288, 46.853330005278096 ], [ 10.201659993317204, 46.853330005278259 ], [ 10.202489993319407, 46.851660005274702 ], [ 10.204989993325471, 46.850830005273032 ], [ 10.209989993338164, 46.845000005260609 ], [ 10.199999993315823, 46.835000005238363 ], [ 10.202489993323022, 46.825830005218556 ], [ 10.204159993327227, 46.824160005215006 ], [ 10.201659993322217, 46.817500005200408 ], [ 10.204989993330825, 46.812500005189705 ], [ 10.204989993331292, 46.809160005182441 ], [ 10.206659993335611, 46.806660005177093 ], [ 10.205829993334445, 46.800830005164329 ], [ 10.210829993347257, 46.794160005150118 ], [ 10.211659993349807, 46.790000005141096 ], [ 10.216659993362375, 46.785000005130478 ], [ 10.21998999337017, 46.785830005132453 ], [ 10.223329993378446, 46.783330005127162 ], [ 10.226659993387281, 46.776660005112852 ] ], [ [ 10.68165999444633, 46.940830005489289 ], [ 10.680829994444037, 46.943330005494708 ], [ 10.676659994433805, 46.945830005499936 ], [ 10.67082999442027, 46.94333000549431 ], [ 10.664999994406314, 46.944160005495874 ], [ 10.661659994398907, 46.940000005486745 ], [ 10.65915999439286, 46.940830005488451 ], [ 10.657489994388676, 46.942500005492015 ], [ 10.650829994369843, 46.965830005542337 ], [ 10.645829994357529, 46.969160005549362 ], [ 10.639989994342558, 46.977500005567187 ], [ 10.637499994336425, 46.979160005570712 ], [ 10.633329994326404, 46.980000005572386 ], [ 10.629989994318567, 46.979160005570428 ], [ 10.617489994288412, 46.98250000557718 ], [ 10.617489994287647, 46.988330005589816 ], [ 10.615829994283269, 46.991660005596962 ], [ 10.616659994284811, 46.99500000560424 ], [ 10.61582999428175, 47.00333000562226 ], [ 10.61832999428737, 47.005830005627757 ], [ 10.613329994275038, 47.009160005634769 ], [ 10.607489994261153, 47.009160005634541 ], [ 10.602489994249035, 47.01083000563797 ], [ 10.600829994244759, 47.013330005643311 ], [ 10.603329994250378, 47.015830005648816 ], [ 10.599999994242786, 47.013330005643297 ], [ 10.599999994243335, 47.009170005634303 ], [ 10.598329994239469, 47.008330005632395 ], [ 10.596669994236173, 47.0033300056215 ], [ 10.586669994213148, 46.997500005608465 ], [ 10.579169994195636, 46.995000005602748 ], [ 10.569999994175143, 46.98500000558073 ], [ 10.564999994163252, 46.985000005580538 ], [ 10.560829994153769, 46.981670005573136 ], [ 10.560829994153991, 46.980000005569522 ], [ 10.558329994148377, 46.977500005564004 ], [ 10.554169994138583, 46.976670005562035 ], [ 10.544169994115579, 46.970830005548976 ], [ 10.543329994113465, 46.971670005550749 ], [ 10.539169994103792, 46.970000005546943 ], [ 10.537499994100376, 46.965830005537846 ], [ 10.532499994088479, 46.965830005537633 ], [ 10.53082999408473, 46.964170005534001 ], [ 10.528329994078678, 46.965000005535693 ], [ 10.524169994069222, 46.961670005528283 ], [ 10.522499994065807, 46.957500005519194 ], [ 10.515829994049941, 46.957500005518938 ], [ 10.514169994046547, 46.953330005509791 ], [ 10.508329994033216, 46.949170005500548 ], [ 10.50582999402782, 46.94500000549138 ], [ 10.503329994021882, 46.945000005491281 ], [ 10.485829993982042, 46.931670005461626 ], [ 10.488329993988543, 46.927500005452679 ], [ 10.485829993984259, 46.915000005425455 ], [ 10.478329993967096, 46.910000005414261 ], [ 10.479169993969425, 46.907500005408913 ], [ 10.474999993960514, 46.900000005392457 ], [ 10.474999993961289, 46.894170005379756 ], [ 10.459169993925672, 46.879170005346552 ], [ 10.459169993926114, 46.875830005339274 ], [ 10.455829993918623, 46.872500005331894 ], [ 10.445829993895194, 46.870000005326013 ], [ 10.434169993868938, 46.859170005302005 ], [ 10.425829993849122, 46.859170005301614 ], [ 10.423329993843852, 46.854170005290683 ], [ 10.424169993845963, 46.853330005288861 ], [ 10.423329993844858, 46.846670005274383 ], [ 10.41832999383354, 46.842500005265094 ], [ 10.413329993822552, 46.835830005250358 ], [ 10.409169993812677, 46.835830005250187 ], [ 10.399999993791447, 46.831670005240703 ], [ 10.395829993781545, 46.831670005240525 ], [ 10.39166999377211, 46.828330005233063 ], [ 10.389169993766172, 46.828330005232964 ], [ 10.384169993754746, 46.825000005225505 ], [ 10.378329993740541, 46.827500005230704 ], [ 10.370829993723396, 46.822500005219439 ], [ 10.368329993717909, 46.819170005212101 ], [ 10.362499993704285, 46.817500005208188 ], [ 10.360829993700547, 46.815830005204468 ], [ 10.361669993702883, 46.813330005199091 ], [ 10.356669993691005, 46.81333000519885 ], [ 10.346669993667707, 46.810000005191171 ], [ 10.341669993656513, 46.805000005180048 ], [ 10.337499993646718, 46.804170005178037 ], [ 10.33499999364056, 46.805830005181562 ], [ 10.329999993628684, 46.805830005181306 ], [ 10.328329993624942, 46.804170005177639 ], [ 10.321669993609126, 46.804170005177319 ], [ 10.318329993601877, 46.799170005166289 ], [ 10.311669993586287, 46.797500005162327 ], [ 10.311669993586522, 46.795830005158706 ], [ 10.309169993580923, 46.79333000515313 ], [ 10.300829993561337, 46.791670005149108 ], [ 10.299999993559144, 46.793330005152676 ], [ 10.29666999355112, 46.794170005154356 ], [ 10.293329993543873, 46.789170005143326 ], [ 10.289169993533886, 46.790000005144933 ], [ 10.287499993530142, 46.788330005141226 ], [ 10.272499993494412, 46.789170005142303 ], [ 10.268329993484851, 46.786670005136656 ], [ 10.266669993480791, 46.787500005138384 ], [ 10.258329993461221, 46.785830005134343 ], [ 10.255829993455624, 46.783330005128803 ], [ 10.252499993447602, 46.784170005130449 ], [ 10.246669993434455, 46.779170005119283 ], [ 10.239999993418728, 46.778330005117112 ], [ 10.234169993405233, 46.775830005111388 ], [ 10.226669993387301, 46.776670005112848 ] ], [ [ 10.233329993386542, 46.895830005372154 ], [ 10.234999993390284, 46.897500005375868 ], [ 10.238329993398205, 46.897500005376024 ], [ 10.241659993406468, 46.89500000537079 ], [ 10.246659993417666, 46.900000005381898 ], [ 10.249159993423605, 46.900000005382005 ], [ 10.250829993427351, 46.9016600053857 ], [ 10.254999993437842, 46.897500005376877 ], [ 10.256659993441792, 46.897500005376926 ], [ 10.259999993449149, 46.901660005386127 ], [ 10.262499993454986, 46.902500005388099 ], [ 10.263329993456487, 46.905830005395366 ], [ 10.258329993443795, 46.911660005407789 ], [ 10.260829993449153, 46.915830005416922 ], [ 10.259999993446018, 46.924160005434985 ], [ 10.263329993453592, 46.926660005440539 ], [ 10.263329993452899, 46.931660005451405 ], [ 10.269159993465603, 46.940000005469784 ], [ 10.268329993463396, 46.941660005473324 ], [ 10.269159993465136, 46.943330005477023 ], [ 10.280829993491052, 46.956660005506464 ], [ 10.28165999349268, 46.959160005511905 ], [ 10.280829993490585, 46.960000005513706 ], [ 10.285829993501677, 46.96583000552662 ], [ 10.286659993502028, 46.977500005551939 ], [ 10.298329993528641, 46.985830005570556 ], [ 10.298329993527945, 46.99083000558138 ], [ 10.301659993534718, 46.999160005599592 ], [ 10.299159993527955, 47.005000005612139 ], [ 10.294159993515349, 47.010000005622722 ], [ 10.295829993518634, 47.015000005633631 ], [ 10.294999993516543, 47.015830005635394 ] ], [ [ 10.241659993380004, 47.083330005778848 ], [ 10.244159993386081, 47.082490005777153 ], [ 10.25748999341773, 47.083330005779636 ], [ 10.261659993427548, 47.084160005781641 ], [ 10.263329993431293, 47.08583000578534 ], [ 10.262489993428588, 47.090830005796121 ], [ 10.256659993413397, 47.100000005815637 ], [ 10.258329993416789, 47.104160005824724 ], [ 10.256659993412454, 47.106660005830037 ], [ 10.257489993414197, 47.108330005833714 ], [ 10.25498999340777, 47.111660005840768 ], [ 10.254159993405199, 47.115830005849737 ], [ 10.249989993394786, 47.119160005856735 ] ], [ [ 10.365829993670914, 47.119160005862256 ], [ 10.366659993672659, 47.120830005865905 ], [ 10.362499993662162, 47.125000005874718 ], [ 10.348329993627924, 47.128330005881232 ], [ 10.344159993617401, 47.132500005890066 ], [ 10.344999993618826, 47.136660005899074 ], [ 10.341659993610282, 47.140830005907958 ], [ 10.344159993615548, 47.14583000591886 ], [ 10.359999993653082, 47.147490005923196 ], [ 10.363329993660553, 47.150830005930537 ], [ 10.380829993702394, 47.150000005929549 ], [ 10.384159993710101, 47.151660005933294 ], [ 10.387499993718409, 47.149160005928074 ], [ 10.396659993740133, 47.150000005930295 ], [ 10.405829993762222, 47.148330005927065 ], [ 10.417499993791074, 47.140830005911397 ], [ 10.419999993797726, 47.135830005900729 ], [ 10.424999993809871, 47.134160005897343 ], [ 10.429159993820244, 47.130830005890338 ], [ 10.455829993884253, 47.127500005884308 ], [ 10.466659993910746, 47.122490005873928 ], [ 10.47332999392675, 47.121660005872421 ], [ 10.479159993941098, 47.118330005865488 ], [ 10.490829993969012, 47.117500005864173 ] ], [ [ 10.438329993834554, 47.185830006009475 ], [ 10.443329993845792, 47.190830006020484 ], [ 10.446659993853736, 47.190830006020619 ], [ 10.450829993863334, 47.193330006026216 ], [ 10.451659993865542, 47.191660006022623 ], [ 10.457499993879356, 47.192500006024694 ], [ 10.459159993883087, 47.194160006028341 ], [ 10.459989993884491, 47.198330006037359 ], [ 10.464999993895306, 47.206660006055564 ], [ 10.463329993890635, 47.211660006066289 ], [ 10.463329993889602, 47.219160006082426 ], [ 10.459159993878513, 47.227500006100243 ], [ 10.452489993862029, 47.231660006108932 ], [ 10.44832999385199, 47.232500006110584 ], [ 10.444999993843586, 47.235830006117602 ], [ 10.434999993819499, 47.237500006120754 ], [ 10.431659993811179, 47.240000006126003 ], [ 10.418329993778789, 47.244160006134365 ], [ 10.4049999937442, 47.264160006176901 ], [ 10.40415999374115, 47.271660006193002 ] ], [ [ 10.779169994584658, 47.660000007040203 ], [ 10.757499994533671, 47.653330007025232 ], [ 10.751669994519593, 47.654170007026835 ], [ 10.749169994513725, 47.653330007024955 ], [ 10.7474999945095, 47.655000007028463 ], [ 10.744169994501751, 47.653330007024799 ], [ 10.740829994493641, 47.65417000702648 ], [ 10.737499994486571, 47.647500007012134 ], [ 10.738329994489005, 47.64417000700503 ], [ 10.743329994501432, 47.640830006998065 ], [ 10.744999994506665, 47.631670006978595 ], [ 10.747499994513101, 47.628330006971545 ], [ 10.747499994513548, 47.62500000696442 ], [ 10.745829994509783, 47.623330006960806 ], [ 10.743329994505146, 47.613330006939357 ], [ 10.739169994495633, 47.610000006932097 ], [ 10.729169994472032, 47.607500006926415 ], [ 10.726669994466393, 47.605000006920982 ], [ 10.719169994450576, 47.589170006886889 ], [ 10.719999994452788, 47.587500006883324 ], [ 10.71332999443818, 47.57750000686174 ], [ 10.713329994439077, 47.570830006847487 ], [ 10.709169994429795, 47.565830006836606 ], [ 10.704169994417946, 47.565000006834687 ], [ 10.703329994415714, 47.56667000683823 ], [ 10.699999994407969, 47.565000006834538 ], [ 10.69666999439989, 47.56583000683618 ], [ 10.694169994394128, 47.564170006832541 ], [ 10.694999994396463, 47.561670006827242 ], [ 10.68999999438495, 47.558330006819915 ], [ 10.684169994371224, 47.556670006816148 ], [ 10.680829994363116, 47.557500006817783 ], [ 10.679169994359366, 47.555830006814155 ], [ 10.676669994353162, 47.557500006817619 ], [ 10.667499994331678, 47.554170006810203 ], [ 10.665829994327567, 47.555000006811909 ], [ 10.660829994316284, 47.550000006801049 ], [ 10.660829994316627, 47.54750000679568 ], [ 10.666669994331391, 47.541670006783434 ], [ 10.668329994335243, 47.542500006785239 ], [ 10.670829994341569, 47.540000006780012 ], [ 10.672499994345561, 47.540000006780062 ], [ 10.67916999436242, 47.533330006766022 ], [ 10.680829994366281, 47.53417000676788 ], [ 10.682499994370508, 47.532500006764366 ], [ 10.68749999438257, 47.531670006762774 ], [ 10.693329994397081, 47.527500006754067 ], [ 10.699169994411054, 47.527500006754259 ], [ 10.700829994415246, 47.525830006750738 ], [ 10.709169994435408, 47.524170006747482 ], [ 10.713329994445813, 47.520830006740489 ], [ 10.710829994440171, 47.518330006735034 ], [ 10.71166999444285, 47.513330006724381 ], [ 10.709999994442324, 47.487500006668967 ], [ 10.708329994438774, 47.484170006661763 ], [ 10.697499994414342, 47.473330006638136 ], [ 10.695829994410344, 47.473330006638072 ], [ 10.672499994356704, 47.457500006603304 ], [ 10.669169994349428, 47.452500006592473 ], [ 10.665829994341548, 47.451670006590568 ], [ 10.663329994335914, 47.449170006585121 ], [ 10.661669994331838, 47.450000006586841 ], [ 10.659999994328068, 47.448330006583191 ], [ 10.659999994328629, 47.444170006574268 ], [ 10.657499994322542, 47.44500000657596 ], [ 10.654999994316897, 47.442500006570498 ], [ 10.6533299943128, 47.443330006572225 ], [ 10.644169994291468, 47.439170006562939 ], [ 10.64249999428737, 47.440000006564681 ], [ 10.630829994260377, 47.433330006549923 ], [ 10.629169994256301, 47.43417000655166 ], [ 10.618329994230727, 47.431670006545865 ], [ 10.614169994220671, 47.432500006547507 ], [ 10.610829994212351, 47.435000006552734 ], [ 10.607499994204504, 47.434170006550808 ], [ 10.605829994200853, 47.431670006545382 ], [ 10.600829994189242, 47.429170006539835 ], [ 10.595829994176951, 47.431670006545033 ], [ 10.591669994167122, 47.43083000654304 ], [ 10.589999994163358, 47.429170006539422 ], [ 10.588329994159254, 47.430000006541128 ], [ 10.582499994145769, 47.426670006533762 ], [ 10.57916999413861, 47.420830006521093 ], [ 10.579999994141961, 47.410830006499658 ], [ 10.575829994133361, 47.400830006478046 ], [ 10.5733299941275, 47.400000006476162 ], [ 10.569999994120113, 47.395830006467051 ], [ 10.565829994110032, 47.396670006468725 ], [ 10.565829994110368, 47.39417000646332 ], [ 10.562499994102645, 47.392500006459592 ], [ 10.562499994102987, 47.390000006454237 ], [ 10.559999994097467, 47.386670006446977 ], [ 10.558329994093706, 47.385000006443363 ], [ 10.557499994091607, 47.385830006445076 ], [ 10.554169994084218, 47.381670006436018 ], [ 10.551669994078249, 47.381670006435918 ], [ 10.5499999940746, 47.379170006430478 ], [ 10.549999994075286, 47.374170006419725 ], [ 10.552499994081829, 47.370000006410876 ], [ 10.549999994076883, 47.362500006394647 ], [ 10.545829994067713, 47.356670006381947 ], [ 10.545829994068171, 47.353330006374748 ], [ 10.539999994054925, 47.348330006363767 ], [ 10.538329994051741, 47.342500006351209 ], [ 10.534999994044245, 47.339170006343899 ], [ 10.535829994046678, 47.335830006336714 ], [ 10.524999994021616, 47.330000006323765 ], [ 10.520829994012344, 47.325000006312827 ], [ 10.519169994008379, 47.325000006312777 ], [ 10.518329994006715, 47.322500006307337 ], [ 10.516669994002635, 47.323330006309064 ], [ 10.511669993991154, 47.320000006301676 ], [ 10.504999993975458, 47.318330006297835 ], [ 10.497499993958114, 47.314170006288556 ], [ 10.494169993950621, 47.310830006281229 ], [ 10.493329993949187, 47.306670006272235 ], [ 10.481669993922845, 47.295830006248416 ], [ 10.474169993905052, 47.295000006246319 ], [ 10.467499993888667, 47.298330006253231 ], [ 10.458329993867009, 47.296670006249236 ], [ 10.455829993861386, 47.294170006243775 ], [ 10.453329993855412, 47.29417000624364 ], [ 10.454169993857647, 47.292500006240076 ], [ 10.449999993847802, 47.291670006238107 ], [ 10.44666999384032, 47.288330006230765 ], [ 10.442499993830483, 47.287500006228818 ], [ 10.437499993819001, 47.28417000622143 ], [ 10.434169993811054, 47.284170006221274 ], [ 10.429999993801562, 47.280830006213918 ], [ 10.427499993795475, 47.281670006215599 ], [ 10.416669993769739, 47.280830006213328 ], [ 10.414169993764119, 47.27833000620781 ], [ 10.413329993762693, 47.274170006198823 ], [ 10.410829993756961, 47.272500006195109 ], [ 10.404169993741172, 47.271670006193027 ] ], [ [ 10.670829994425711, 46.900830005402121 ], [ 10.669159994421532, 46.902500005405685 ], [ 10.661659994403607, 46.90333000540717 ], [ 10.659999994399877, 46.9016600054035 ], [ 10.65249999438227, 46.900000005399633 ], [ 10.644159994363211, 46.894160005386631 ], [ 10.640829994355189, 46.895000005388333 ], [ 10.6399999943529, 46.897500005393702 ], [ 10.633329994336414, 46.902500005404328 ], [ 10.625829994317417, 46.911660005423919 ], [ 10.618329994299268, 46.914160005429054 ], [ 10.611659994282775, 46.919160005439636 ], [ 10.610829994280904, 46.918330005437774 ], [ 10.608329994274859, 46.919160005439515 ], [ 10.591659994233728, 46.930830005464159 ], [ 10.58499999421703, 46.937500005478341 ], [ 10.582499994211087, 46.937500005478263 ], [ 10.57665999419622, 46.945000005494279 ], [ 10.573329994188203, 46.945830005495949 ], [ 10.570829994181922, 46.948330005501262 ], [ 10.568329994175114, 46.955000005515636 ], [ 10.555829994144737, 46.960000005525984 ], [ 10.549159994128322, 46.964160005534694 ], [ 10.546659994122381, 46.964160005534616 ], [ 10.543329994113908, 46.968330005543528 ], [ 10.544159994115551, 46.97083000554899 ] ], [ [ 10.699989994483825, 46.988330005592935 ], [ 10.701659994487256, 46.992500005602025 ], [ 10.695829994472756, 46.997500005612615 ], [ 10.696659994474521, 46.999160005616261 ], [ 10.694989994470015, 47.003330005625223 ], [ 10.696659994473773, 47.004990005628883 ], [ 10.695829994471151, 47.010000005639711 ], [ 10.677489994426571, 47.017500005655251 ], [ 10.672489994414031, 47.022500005665911 ], [ 10.670829994409544, 47.026660005674849 ], [ 10.666659994399197, 47.030000005681906 ], [ 10.658329994379271, 47.030830005683413 ], [ 10.651659994363623, 47.02916000567955 ], [ 10.644989994346886, 47.035830005693747 ], [ 10.634159994320356, 47.041660005705928 ], [ 10.641659994337443, 47.047500005718852 ], [ 10.642489994338771, 47.052490005729695 ], [ 10.64415999434274, 47.052490005729744 ], [ 10.64998999435597, 47.057500005740806 ], [ 10.654989994367751, 47.058330005742761 ], [ 10.656659994371521, 47.059990005746442 ], [ 10.658329994374833, 47.065000005757334 ], [ 10.662489994384201, 47.069160005766513 ], [ 10.659989994376726, 47.080830005791647 ], [ 10.664159994385788, 47.087500005806234 ] ], [ [ 10.881659994903236, 47.088330005815465 ], [ 10.889989994922013, 47.096660005833741 ], [ 10.890829994923804, 47.098330005837362 ], [ 10.8899899949215, 47.100830005842759 ], [ 10.893329994929131, 47.103330005848235 ], [ 10.889159994918693, 47.107500005857119 ], [ 10.888329994915582, 47.116660005876895 ], [ 10.889989994919322, 47.118330005880544 ], [ 10.891659994922263, 47.1266600058986 ], [ 10.897489994935095, 47.13500000591678 ], [ 10.899159994938037, 47.143330005934835 ], [ 10.9099899949637, 47.144160005936939 ], [ 10.910829994964873, 47.150830005951349 ] ], [ [ 10.914159994989644, 47.014160005656016 ], [ 10.919989995004309, 47.007500005641766 ], [ 10.920829995006208, 47.008330005643579 ], [ 10.926659995020165, 47.007500005641973 ], [ 10.931659995031737, 47.01000000564752 ], [ 10.939989995051429, 47.010830005649566 ], [ 10.947489995069239, 47.010830005649765 ], [ 10.959159995097275, 47.008330005644709 ], [ 10.962489995104979, 47.010000005648422 ], [ 10.962489995105088, 47.009160005646613 ], [ 10.968329995118244, 47.015000005659417 ], [ 10.974989995133766, 47.017500005664992 ], [ 10.983329995152779, 47.024160005679661 ], [ 10.991659995172364, 47.02583000568351 ] ], [ [ 11.028329995249372, 47.110000005866546 ], [ 11.029999995253045, 47.112500005871937 ], [ 11.016659995219815, 47.125000005898642 ], [ 11.01748999522159, 47.126660005902238 ], [ 11.014989995215343, 47.129160005907565 ], [ 11.014989995214929, 47.132500005914764 ], [ 11.012499995208808, 47.134160005918282 ], [ 11.010829995204226, 47.139160005929035 ], [ 11.003329995185883, 47.143330005937827 ], [ 11.000829995179835, 47.144160005939561 ], [ 10.999159995176063, 47.142500005935915 ], [ 10.989999995154584, 47.140000005930276 ], [ 10.984999995143088, 47.13666000592292 ], [ 10.981659995135148, 47.136660005922813 ], [ 10.96415999509485, 47.125830005898955 ], [ 10.952499995067013, 47.126660005900419 ], [ 10.946659995053221, 47.125830005898436 ], [ 10.939159995034553, 47.132500005912654 ], [ 10.936659995028608, 47.132500005912554 ], [ 10.932499995018398, 47.135000005917838 ], [ 10.929159995009831, 47.140000005928535 ], [ 10.923329994995854, 47.140830005930155 ], [ 10.920829994989706, 47.142500005933691 ], [ 10.914999994974897, 47.1500000059497 ], [ 10.911659994966849, 47.150830005951406 ] ], [ [ 11.089999995348741, 47.498330006703462 ], [ 11.098329995368937, 47.49583000669827 ], [ 11.098329995369143, 47.494170006694731 ], [ 11.102499995379608, 47.490000006685918 ], [ 11.112499995404102, 47.485000006675413 ], [ 11.11332999540639, 47.482500006670108 ], [ 11.115829995412458, 47.481670006668395 ], [ 11.115829995412664, 47.480000006664802 ], [ 11.11249999540482, 47.479170006662933 ], [ 11.111669995403043, 47.477500006659326 ], [ 11.116669995415489, 47.473330006650521 ], [ 11.119999995424257, 47.466670006636335 ], [ 11.124169995434718, 47.462500006627501 ], [ 11.121659995429443, 47.456660006614904 ], [ 11.116659995417926, 47.453330006607644 ], [ 11.116659995418233, 47.450830006602288 ], [ 11.112499995408726, 47.447500006595071 ], [ 11.110829995405462, 47.441660006582502 ], [ 11.107499995398028, 47.437500006573529 ], [ 11.108329995400519, 47.43333000656456 ], [ 11.105829995394863, 47.430830006559169 ], [ 11.105829995395073, 47.429160006555591 ], [ 11.094999995370674, 47.417500006530318 ], [ 11.08499999534693, 47.416660006528275 ], [ 11.080829995337293, 47.414160006522813 ], [ 11.075829995325375, 47.414160006522692 ], [ 11.072499995317836, 47.410830006515461 ], [ 11.064159995298146, 47.409160006511655 ], [ 11.06415999529805, 47.410000006513464 ], [ 11.059999995288436, 47.407500006507973 ], [ 11.056659995280372, 47.408330006509694 ], [ 11.044999995252757, 47.40666000650581 ], [ 11.043329995248673, 47.407500006507561 ], [ 11.033329995225129, 47.404990006501919 ], [ 11.031659995221352, 47.403330006498301 ], [ 11.024999995205571, 47.402490006496322 ], [ 11.024999995205475, 47.403330006498138 ], [ 11.022499995199608, 47.402490006496258 ], [ 11.019999995193333, 47.404990006501578 ], [ 11.013329995177322, 47.405830006503187 ], [ 11.009999995169482, 47.404990006501301 ], [ 11.007499995163309, 47.406660006504829 ], [ 10.99499999513359, 47.405830006502711 ], [ 10.983329995104487, 47.415830006523827 ] ], [ [ 11.090829995412804, 46.984160005595932 ], [ 11.089159995409037, 46.982500005592343 ], [ 11.089159995409425, 46.979160005585101 ], [ 11.08748999540575, 46.97666000557961 ], [ 11.089159995410103, 46.973330005572421 ], [ 11.088329995408721, 46.96833000556159 ], [ 11.08332999539793, 46.959160005541598 ], [ 11.062489995348578, 46.958330005539281 ], [ 11.046659995310614, 46.961660005546072 ], [ 11.040829995296974, 46.960000005542298 ], [ 11.028329995267407, 46.959160005540163 ], [ 11.025829995261278, 46.960830005543713 ], [ 11.011659995227445, 46.962500005546914 ], [ 11.009989995223581, 46.961660005545063 ] ], [ [ 11.049989995336832, 46.805000005206175 ], [ 11.053329995344939, 46.803330005202632 ], [ 11.057489995354787, 46.80333000520276 ], [ 11.064989995372173, 46.806660005210162 ], [ 11.071659995388446, 46.802500005201317 ], [ 11.07498999539634, 46.802500005201409 ], [ 11.079989995408464, 46.800000005196075 ], [ 11.084989995420976, 46.794160005183521 ], [ 11.086659995424929, 46.794160005183564 ], [ 11.089989995432434, 46.797500005190912 ], [ 11.093329995440341, 46.797500005190976 ], [ 11.094989995444079, 46.799160005194665 ], [ 11.109989995479133, 46.803330005204089 ], [ 11.114159995489006, 46.803330005204188 ], [ 11.116659995494642, 46.8058300052097 ], [ 11.116659995494739, 46.80500000520788 ], [ 11.119989995502532, 46.805830005209785 ], [ 11.125829995516074, 46.808330005215353 ], [ 11.129159995523482, 46.812500005224493 ], [ 11.130829995527442, 46.812500005224564 ], [ 11.136659995540679, 46.817500005235551 ], [ 11.148329995568224, 46.818330005237634 ], [ 11.154989995583616, 46.821660005245043 ], [ 11.158329995591151, 46.825000005252377 ], [ 11.163329995602986, 46.825000005252477 ], [ 11.166659995610594, 46.827500005257995 ] ], [ [ 11.050829995295643, 47.170000005996677 ], [ 11.052489995299293, 47.172500006002096 ], [ 11.057499995311112, 47.173330006004015 ], [ 11.059159995314856, 47.17500000600765 ], [ 11.058329995312782, 47.17583000600942 ], [ 11.059989995316533, 47.177500006013069 ], [ 11.058329995311977, 47.18250000602383 ], [ 11.061659995319598, 47.185000006029313 ], [ 11.062489995320867, 47.190830006041871 ], [ 11.06832999533426, 47.195000006051039 ], [ 11.070829995339908, 47.197500006056487 ], [ 11.070829995339706, 47.199160006060069 ], [ 11.081659995364372, 47.208330006080118 ], [ 11.093329995392342, 47.206660006076795 ], [ 11.09582999539839, 47.205830006075075 ], [ 11.096659995400566, 47.204160006071483 ], [ 11.102499995414561, 47.203330006069855 ], [ 11.104159995418708, 47.201660006066277 ], [ 11.100829995410983, 47.200000006062623 ], [ 11.097499995403563, 47.195830006053555 ], [ 11.098329995406335, 47.189160006039195 ], [ 11.095829995401084, 47.18333000602653 ], [ 11.098329995407738, 47.177500006014043 ], [ 11.096659995404158, 47.174160006006794 ], [ 11.093329995396642, 47.17083000599952 ], [ 11.089999995388816, 47.170000005997657 ], [ 11.087499995383178, 47.167500005992174 ], [ 11.086659995381579, 47.164160005984989 ], [ 11.077499995360686, 47.156660005968554 ], [ 11.07832999536306, 47.153330005961379 ], [ 11.082499995373382, 47.150000005954325 ], [ 11.083329995375751, 47.146660005947112 ], [ 11.08165999537257, 47.140000005932706 ], [ 11.082499995375171, 47.135000005921917 ], [ 11.079159995367528, 47.132500005916455 ], [ 11.075829995359507, 47.133330005918182 ], [ 11.072499995351796, 47.131660005914469 ], [ 11.071659995350089, 47.129160005909029 ], [ 11.066659995338306, 47.12833000590711 ], [ 11.064159995332659, 47.125830005901648 ] ], [ [ 11.064159995334355, 47.111660005871066 ], [ 11.06999999534883, 47.106660005860398 ], [ 11.079999995372312, 47.109160005866066 ], [ 11.084989995384262, 47.108330005864389 ], [ 11.087499995390528, 47.105830005859062 ], [ 11.091659995400418, 47.105830005859147 ], [ 11.098329995416663, 47.102500005852114 ], [ 11.105829995433796, 47.108330005864929 ], [ 11.115829995457075, 47.112500005874139 ], [ 11.132499995496593, 47.113330005876364 ], [ 11.135829995503915, 47.118330005887202 ], [ 11.135829995503322, 47.123330005898055 ], [ 11.137499995507, 47.125830005903445 ], [ 11.139159995509864, 47.135000005923303 ], [ 11.138329995507398, 47.139160005932247 ], [ 11.139159995508885, 47.14333000594128 ], [ 11.136659995502542, 47.146660005948391 ], [ 11.137499995504346, 47.14833000595204 ], [ 11.136659995501956, 47.151660005959222 ], [ 11.138329995505726, 47.153330005962843 ], [ 11.137499995502667, 47.162500005982615 ], [ 11.141659995512068, 47.166660005991687 ], [ 11.142499995513282, 47.173330006006097 ], [ 11.144159995517125, 47.174160006007924 ], [ 11.143329995515051, 47.175000006009704 ], [ 11.144159995516832, 47.176660006013321 ], [ 11.150829995531701, 47.185000006031444 ], [ 11.154159995538636, 47.193330006049472 ] ], [ [ 11.154169995538666, 47.193330006049514 ], [ 11.145829995518231, 47.198330006060111 ], [ 11.139999995504272, 47.19917000606177 ], [ 11.139169995502396, 47.198330006059955 ], [ 11.130829995482154, 47.201670006066934 ], [ 11.109169995430728, 47.200830006064621 ], [ 11.104169995418733, 47.201670006066301 ] ], [ [ 11.242499995792091, 46.810000005221667 ], [ 11.242499995791633, 46.814170005230743 ], [ 11.237499995779428, 46.817500005237875 ], [ 11.227499995755847, 46.816670005235849 ], [ 11.217499995731716, 46.820830005244666 ], [ 11.19999999569038, 46.82000000524247 ], [ 11.194999995678353, 46.821670005246006 ], [ 11.192499995672154, 46.824170005251354 ], [ 11.185829995656357, 46.824170005251197 ], [ 11.18166999564623, 46.826670005256545 ], [ 11.175829995632498, 46.825830005254566 ], [ 11.16749999561258, 46.827500005258017 ] ], [ [ 11.291659995882476, 47.044160005730262 ], [ 11.296659995895178, 47.036660005714133 ], [ 11.294159995889533, 47.034160005708685 ], [ 11.294999995891901, 47.03083000570151 ], [ 11.308329995924632, 47.020830005680125 ], [ 11.310829995930556, 47.020830005680168 ], [ 11.313329995936856, 47.017500005673 ], [ 11.320829995953904, 47.024160005687563 ], [ 11.329159995973287, 47.027500005694932 ], [ 11.330829995976879, 47.030830005702185 ], [ 11.334159995984502, 47.033330005707661 ], [ 11.344989996009625, 47.038330005718663 ], [ 11.348329996016995, 47.043330005729551 ], [ 11.365829996058034, 47.047500005738854 ], [ 11.369159996065566, 47.050830005746128 ], [ 11.378329996087125, 47.052500005749899 ], [ 11.379989996090785, 47.055000005755311 ], [ 11.387499996108136, 47.059160005764419 ], [ 11.387499996107957, 47.060830005768061 ], [ 11.39332999612096, 47.068330005784354 ], [ 11.394989996124892, 47.068330005784397 ], [ 11.399159996134324, 47.072500005793472 ], [ 11.399989996136386, 47.071660005791642 ], [ 11.403329996143942, 47.07500000579892 ], [ 11.408329996155889, 47.074160005797204 ], [ 11.41582999617294, 47.08083000581172 ], [ 11.420829996184711, 47.081660005813582 ], [ 11.424989996194668, 47.080830005811841 ], [ 11.434989996217933, 47.085000005821009 ], [ 11.458329996273099, 47.086660005824939 ], [ 11.46248999628269, 47.089160005830408 ], [ 11.465829996290067, 47.094160005841253 ], [ 11.467489996293997, 47.094160005841267 ] ], [ [ 11.390829996098901, 47.213330006097195 ], [ 11.399169996119175, 47.209170006088364 ], [ 11.399999996121711, 47.204170006077597 ], [ 11.398329996117928, 47.202500006073969 ], [ 11.403329996129902, 47.201670006072277 ], [ 11.404999996134238, 47.198330006065113 ], [ 11.403329996130552, 47.195830006059694 ], [ 11.41832999616673, 47.190830006049133 ], [ 11.419169996169, 47.18833000604377 ], [ 11.415829996161532, 47.184170006034762 ], [ 11.422499996178114, 47.177500006020459 ], [ 11.430829996198071, 47.175830006017009 ], [ 11.443329996229403, 47.16083000598482 ], [ 11.44749999623957, 47.158330005979501 ], [ 11.448329996242, 47.154170005970563 ], [ 11.4508299962483, 47.150830005963392 ], [ 11.449169996244821, 47.146670005954384 ], [ 11.453329996255329, 47.140830005941808 ], [ 11.456669996263345, 47.140000005940088 ], [ 11.453329996255782, 47.136670005932842 ], [ 11.454999996260662, 47.128330005914883 ], [ 11.451669996253214, 47.124170005905874 ], [ 11.451669996253393, 47.122500005902246 ], [ 11.453329996257334, 47.122500005902275 ], [ 11.454169996259509, 47.120830005898675 ], [ 11.451669996253852, 47.118330005893249 ], [ 11.454999996262023, 47.115830005887879 ], [ 11.452499996256455, 47.112500005880641 ], [ 11.463329996283047, 47.104170005862834 ], [ 11.468329996295905, 47.095000005843119 ], [ 11.467499996294025, 47.094170005841299 ], [ 11.469169996298797, 47.086670005825134 ], [ 11.477499996319356, 47.079170005809054 ], [ 11.479999996325287, 47.079170005809068 ], [ 11.483329996333545, 47.075830005801933 ], [ 11.483329996333904, 47.072500005794716 ], [ 11.484999996337947, 47.071670005792932 ], [ 11.487499996344681, 47.064170005776766 ], [ 11.50083872355156, 47.062491949372905 ] ], [ [ 11.629999996687339, 47.014990005672111 ], [ 11.645829996726421, 46.999160005638025 ], [ 11.642499996718881, 46.995830005630786 ], [ 11.644159996723994, 46.98416000560556 ], [ 11.641659996718678, 46.978330005592909 ], [ 11.632499996697353, 46.974990005585596 ], [ 11.627499996685525, 46.974990005585539 ], [ 11.620829996670087, 46.971660005578258 ], [ 11.614999996656294, 46.971660005578215 ], [ 11.609159996642825, 46.968330005570962 ], [ 11.594999996609584, 46.965830005565358 ], [ 11.591659996601855, 46.964160005561716 ], [ 11.579159996572196, 46.964990005563394 ], [ 11.574159996560708, 46.961660005556112 ], [ 11.570829996552924, 46.9608300055543 ], [ 11.570829996552829, 46.961660005556091 ], [ 11.564159996537393, 46.958330005548817 ], [ 11.561659996531475, 46.958330005548753 ], [ 11.556659996520084, 46.954160005539663 ], [ 11.548329996500716, 46.950830005532367 ], [ 11.539999996481091, 46.949990005530417 ], [ 11.531659996462404, 46.939990005508655 ], [ 11.529999996458997, 46.934990005497788 ], [ 11.524999996447431, 46.932490005492305 ], [ 11.525829996449477, 46.931660005490507 ], [ 11.524999996448301, 46.924160005474285 ], [ 11.514159996423782, 46.913330005450661 ], [ 11.497499996384986, 46.907490005437765 ], [ 11.492499996373683, 46.902490005426834 ], [ 11.484159996354126, 46.900830005423146 ], [ 11.48165999634813, 46.901660005424915 ], [ 11.471659996324556, 46.900830005422954 ], [ 11.459159996295245, 46.898330005417357 ], [ 11.453329996281889, 46.894160005408246 ], [ 11.449159996272996, 46.884990005388296 ] ], [ [ 11.461669996303556, 46.875830005368606 ], [ 11.457499996293427, 46.87833000537394 ], [ 11.450829996277472, 46.880000005377482 ], [ 11.449169996273014, 46.885000005388278 ] ], [ [ 11.50083872355156, 47.062491949372905 ], [ 11.500829996376449, 47.062490005773313 ] ], [ [ 11.650829996732183, 47.05833000576601 ], [ 11.648329996726012, 47.0608300057714 ], [ 11.638329996702508, 47.059160005767708 ], [ 11.63749999670071, 47.057500005764076 ], [ 11.629989996682678, 47.059990005769379 ], [ 11.622499996664938, 47.059990005769308 ], [ 11.620829996660726, 47.062490005774691 ], [ 11.609159996632656, 47.066660005783604 ], [ 11.599999996609831, 47.077490005806894 ], [ 11.592499996591799, 47.080000005812217 ], [ 11.580829996563367, 47.087500005828311 ], [ 11.574999996549815, 47.08499000582281 ], [ 11.573329996545775, 47.085830005824619 ], [ 11.563329996522871, 47.078330005808347 ], [ 11.559159996513079, 47.07749000580646 ], [ 11.554999996503659, 47.073330005797416 ], [ 11.55082999649396, 47.071660005793781 ], [ 11.546659996483987, 47.072500005795526 ], [ 11.524159996431115, 47.068330005786237 ], [ 11.516659996413345, 47.068330005786166 ], [ 11.508329996394046, 47.064160005777026 ], [ 11.50083872355156, 47.062491949372905 ] ], [ [ 11.641659996713047, 47.033330005711861 ], [ 11.640829996711002, 47.034160005713666 ], [ 11.634999996697541, 47.030830005706399 ], [ 11.629159996683635, 47.03166000570814 ], [ 11.618329996657049, 47.040830005727884 ], [ 11.609999996636899, 47.04500000573681 ], [ 11.607499996631063, 47.044160005734945 ], [ 11.602499996618963, 47.046660005740307 ], [ 11.595829996603173, 47.046660005740243 ], [ 11.588329996585763, 47.043330005732962 ], [ 11.581659996570487, 47.038330005722088 ], [ 11.57165999654698, 47.03666000571836 ], [ 11.567499996537043, 47.037500005720112 ], [ 11.561659996522868, 47.040830005727265 ], [ 11.559999996519021, 47.040000005725453 ], [ 11.559999996518849, 47.041660005729035 ], [ 11.548329996491288, 47.040830005727088 ], [ 11.540829996473349, 47.042500005730602 ], [ 11.539159996469222, 47.044160005734227 ], [ 11.52665999643952, 47.045000005735865 ], [ 11.522499996429309, 47.04833000574299 ], [ 11.511659996403178, 47.052500005751888 ], [ 11.50083872355156, 47.062491949372905 ] ], [ [ 11.674159996787839, 47.05416000575719 ], [ 11.678329996798132, 47.050000005748245 ], [ 11.679999996802422, 47.046660005741032 ], [ 11.679159996800772, 47.043330005733814 ], [ 11.681659996806948, 47.040830005728431 ], [ 11.69082999682915, 47.035830005717706 ], [ 11.69665999684303, 47.035000005715965 ], [ 11.699159996849197, 47.032500005710588 ], [ 11.703329996858722, 47.035830005717806 ], [ 11.704999996862842, 47.034160005714206 ], [ 11.704159996861025, 47.032500005710624 ], [ 11.706659996867437, 47.027490005699789 ], [ 11.715829996890058, 47.018330005680063 ], [ 11.719999996900176, 47.015830005674694 ], [ 11.735829996939353, 46.998330005636959 ], [ 11.736659996941235, 46.999160005638764 ], [ 11.742499996955289, 46.996660005633387 ], [ 11.747499996966775, 47.000000005640629 ], [ 11.754159996982439, 47.00083000564247 ], [ 11.759159996994342, 47.000000005640736 ], [ 11.761659997000329, 46.999160005638927 ], [ 11.769999997020864, 46.990830005620985 ] ], [ [ 11.698329996842414, 47.080000005813211 ], [ 11.693329996830235, 47.083330005820351 ], [ 11.691659996826363, 47.082490005818549 ], [ 11.689999996822349, 47.083330005820322 ], [ 11.686659996814106, 47.086660005827497 ], [ 11.679999996798248, 47.087500005829256 ], [ 11.674159996783821, 47.093330005841814 ], [ 11.674159996783398, 47.097500005850804 ], [ 11.67582999678717, 47.09916000585438 ], [ 11.675829996786918, 47.101660005859799 ], [ 11.674159996782794, 47.103330005863391 ], [ 11.675829996786319, 47.107500005872403 ], [ 11.680829996797558, 47.113330005885039 ], [ 11.693329996826394, 47.120830005901304 ], [ 11.698329996837723, 47.125830005912128 ], [ 11.698329996837806, 47.125000005910351 ], [ 11.70332999684913, 47.12999000592113 ], [ 11.704159996850922, 47.131660005924743 ], [ 11.703329996848707, 47.134160005930134 ], [ 11.706659996856335, 47.136660005935532 ], [ 11.714999996875918, 47.138330005939245 ], [ 11.719159996885342, 47.14250000594825 ], [ 11.718329996883297, 47.143330005950013 ], [ 11.721659996890496, 47.150000005964429 ], [ 11.728329996905613, 47.156660005978836 ], [ 11.729999996909653, 47.155830005977059 ], [ 11.739159996930841, 47.160830005987876 ], [ 11.744159996942686, 47.160830005987947 ] ], [ [ 11.750829996968498, 47.061670005773998 ], [ 11.749169996964733, 47.060000005770334 ], [ 11.736669996935165, 47.060000005770284 ], [ 11.728329996915853, 47.055830005761202 ], [ 11.719169996894859, 47.04917000574676 ], [ 11.715829996887036, 47.048330005744916 ], [ 11.707499996868178, 47.040000005726853 ], [ 11.708329996870466, 47.036670005719671 ], [ 11.704999996862847, 47.034170005714245 ] ], [ [ 11.836669997162213, 47.155830005977556 ], [ 11.835829997160142, 47.156670005979358 ], [ 11.813329997107637, 47.149170005963114 ], [ 11.794169997062278, 47.149170005963036 ], [ 11.776669997020599, 47.15167000596837 ], [ 11.771669997008425, 47.155000005975502 ], [ 11.757499996974277, 47.160830005988018 ], [ 11.753329996964483, 47.160000005986156 ], [ 11.752499996962346, 47.16167000598977 ], [ 11.744169996942706, 47.160830005987926 ] ], [ [ 11.849159997203222, 47.039160005725805 ], [ 11.847489997199192, 47.040000005727627 ], [ 11.839989997181629, 47.038330005723985 ], [ 11.836659997174085, 47.035000005716796 ], [ 11.833329997166382, 47.033330005713168 ], [ 11.830829997160393, 47.034160005714952 ], [ 11.826659997150937, 47.030000005705929 ], [ 11.822489997141171, 47.029160005704135 ], [ 11.807489997106446, 47.021660005687821 ], [ 11.802489997094293, 47.02500000569502 ], [ 11.794159997074447, 47.026660005698552 ], [ 11.788329997060254, 47.030830005707564 ], [ 11.774989997028708, 47.03083000570745 ], [ 11.768329997012138, 47.039160005725449 ], [ 11.764159997002192, 47.040000005727222 ], [ 11.759989996991999, 47.043330005734418 ], [ 11.759989996991838, 47.045000005738011 ], [ 11.749989996967017, 47.056660005763156 ], [ 11.749159996964885, 47.058330005766734 ], [ 11.750829996968497, 47.061660005773945 ] ], [ [ 11.784159997054582, 46.988330005615644 ], [ 11.789999997068948, 46.982490005603033 ], [ 11.794159997078943, 46.980830005599451 ], [ 11.796659997085257, 46.976660005590453 ], [ 11.791659997074177, 46.969160005574189 ], [ 11.791659997074422, 46.966660005568777 ], [ 11.789999997070659, 46.964990005565156 ], [ 11.78665999706277, 46.964990005565149 ], [ 11.781659997051532, 46.959160005552505 ], [ 11.780829997049814, 46.956660005547064 ], [ 11.781659997051936, 46.954990005543486 ], [ 11.779999997048257, 46.952490005538053 ], [ 11.780829997050708, 46.947490005527222 ], [ 11.785829997063086, 46.941660005514613 ], [ 11.78915999707168, 46.934160005498391 ], [ 11.787499997068322, 46.928330005485783 ], [ 11.793329997082816, 46.920830005469583 ], [ 11.799159997096673, 46.919990005467803 ], [ 11.80415999710911, 46.913330005453396 ], [ 11.805829997113053, 46.913330005453396 ], [ 11.810829997125261, 46.90916000544437 ], [ 11.810829997125575, 46.905830005437139 ], [ 11.816659997140221, 46.896660005417303 ], [ 11.822499997154237, 46.894160005411933 ], [ 11.829159997169951, 46.894160005411976 ], [ 11.832499997177994, 46.892490005408362 ], [ 11.839999997195774, 46.891660005406592 ], [ 11.841659997199843, 46.889990005402971 ], [ 11.844989997207621, 46.890830005404801 ], [ 11.850829997221631, 46.888330005399418 ], [ 11.856659997235386, 46.888330005399439 ], [ 11.858329997239174, 46.889990005403043 ], [ 11.862489997249062, 46.889160005401266 ], [ 11.867499997260646, 46.891660005406713 ], [ 11.872489997272567, 46.889990005403085 ], [ 11.883329997298143, 46.889990005403121 ], [ 11.89165999731755, 46.892490005408575 ], [ 11.903329997345152, 46.891660005406827 ], [ 11.918329997380132, 46.895830005415867 ], [ 11.91915999738217, 46.894990005414073 ], [ 11.925829997397813, 46.895830005415853 ], [ 11.932499997413238, 46.899160005423127 ], [ 11.934989997419184, 46.898330005421307 ], [ 11.937499997424945, 46.899990005424911 ], [ 11.948329997450793, 46.896660005417736 ] ], [ [ 11.906659997339, 47.040000005727755 ], [ 11.899989997323161, 47.040830005729518 ], [ 11.894999997311535, 47.039160005725954 ], [ 11.892499997305388, 47.041660005731337 ], [ 11.891659997303483, 47.040830005729525 ], [ 11.889159997297419, 47.042500005733153 ], [ 11.885829997289871, 47.039160005725947 ], [ 11.885829997290028, 47.037500005722308 ], [ 11.872489997257299, 47.050000005749297 ], [ 11.865829997241162, 47.054160005758256 ], [ 11.853329997210077, 47.070000005792451 ], [ 11.852499997207785, 47.073330005799626 ], [ 11.848329997197363, 47.079160005812213 ], [ 11.840829997178972, 47.085830005826566 ], [ 11.84165999718085, 47.086660005828364 ], [ 11.840829997178805, 47.087500005830172 ], [ 11.834989997164751, 47.090000005835549 ], [ 11.831659997156466, 47.094160005844522 ], [ 11.828329997148428, 47.0958300058481 ], [ 11.825829997142513, 47.095830005848107 ], [ 11.819999997128397, 47.099160005855282 ], [ 11.812499997110649, 47.099160005855218 ], [ 11.809159997102418, 47.102500005862417 ] ], [ [ 11.971659997490622, 47.06000000577103 ], [ 11.968329997482444, 47.063330005778198 ], [ 11.964159997472597, 47.063330005778219 ], [ 11.960829997464497, 47.065830005783603 ], [ 11.957489997456612, 47.065830005783631 ], [ 11.954159997448981, 47.063330005778191 ], [ 11.949989997438967, 47.065000005781819 ], [ 11.938329997411987, 47.059160005769201 ], [ 11.934159997402132, 47.059160005769201 ], [ 11.922489997373926, 47.06583000578356 ], [ 11.917489997361484, 47.072500005797998 ], [ 11.915829997357077, 47.077500005808794 ], [ 11.909989997342707, 47.083330005821317 ], [ 11.908329997338388, 47.087500005830329 ], [ 11.895829997307876, 47.097500005851892 ], [ 11.894159997303436, 47.102500005862694 ], [ 11.891659997297289, 47.105000005868078 ], [ 11.885829997283015, 47.110000005878867 ], [ 11.882489997275036, 47.110830005880651 ], [ 11.881659997272831, 47.113330005886034 ], [ 11.878329997264716, 47.115830005891425 ], [ 11.869989997244748, 47.118330005896802 ], [ 11.86248999722635, 47.125000005911154 ], [ 11.859159997218315, 47.126660005914751 ], [ 11.858329997216435, 47.125830005912938 ], [ 11.857489997214277, 47.127500005916552 ], [ 11.853329997204275, 47.129160005920099 ], [ 11.840829997173548, 47.140830005945233 ], [ 11.8399899971709, 47.147500005959628 ], [ 11.845829997183808, 47.156660005979383 ], [ 11.848329997189563, 47.158330005982997 ], [ 11.846659997185364, 47.160830005988394 ] ], [ [ 11.8599999972161, 47.169170006006375 ], [ 11.859999997216763, 47.162500005992015 ], [ 11.86499999722901, 47.158330005983032 ], [ 11.869999997240836, 47.158330005983032 ], [ 11.871669997244954, 47.156670005979478 ], [ 11.875829997254801, 47.156670005979478 ], [ 11.87999999726442, 47.15917000598489 ], [ 11.888329997284043, 47.160000005986696 ], [ 11.89082999728979, 47.161670005990281 ], [ 11.891669997291865, 47.160830005988494 ], [ 11.892499997293655, 47.162500005992065 ], [ 11.901669997315274, 47.16333000599387 ], [ 11.905829997324869, 47.165830005999275 ], [ 11.929999997382286, 47.163330005993906 ], [ 11.949169997428591, 47.153330005972371 ], [ 11.959999997454515, 47.150000005965197 ], [ 11.965829997468697, 47.145830005956192 ], [ 11.973329997486504, 47.145000005954387 ], [ 11.979999997502667, 47.140830005945411 ], [ 11.9841699975126, 47.140000005943605 ], [ 11.986669997518749, 47.137500005938222 ], [ 11.995829997540708, 47.13417000593104 ], [ 12.008329997571352, 47.122500005905863 ], [ 12.013329997583325, 47.120830005902242 ], [ 12.038329997642293, 47.121660005903962 ], [ 12.044159997656143, 47.120830005902185 ], [ 12.045829997660235, 47.119160005898571 ], [ 12.049989997669986, 47.12000000590038 ], [ 12.051659997673772, 47.121660005903934 ], [ 12.059989997693451, 47.121660005903941 ], [ 12.061659997697543, 47.120000005900344 ], [ 12.069989997717141, 47.120830005902093 ], [ 12.070829997718654, 47.125830005912889 ], [ 12.080829997741651, 47.132500005927241 ], [ 12.087489997756609, 47.140830005945141 ], [ 12.08582999775245, 47.143330005950553 ], [ 12.086659997754337, 47.144160005952308 ] ], [ [ 11.896669997295717, 47.241670006162551 ], [ 11.897499997298185, 47.236670006151797 ], [ 11.895829997294642, 47.232500006142836 ], [ 11.892499997287167, 47.228330006133824 ], [ 11.888329997277378, 47.227500006132054 ], [ 11.888329997277543, 47.225830006128447 ], [ 11.89749999729934, 47.22500000612667 ], [ 11.916669997345375, 47.218330006112339 ], [ 11.946669997416699, 47.215000006105178 ], [ 11.95749999744273, 47.210830006096202 ], [ 11.969999997472378, 47.210000006094425 ], [ 11.9733299974805, 47.207500006089028 ], [ 11.982499997502023, 47.209170006092606 ], [ 11.986669997512127, 47.206670006087222 ], [ 11.988329997515734, 47.210000006094383 ], [ 12.00499999755508, 47.210830006096145 ], [ 12.009169997564625, 47.214170006103338 ], [ 12.017499997584164, 47.215830006106899 ], [ 12.021669997593706, 47.219170006114084 ], [ 12.031669997617037, 47.222500006121194 ], [ 12.033329997620722, 47.225000006126592 ], [ 12.048329997655955, 47.227500006131905 ], [ 12.054999997671089, 47.234170006146236 ] ], [ [ 12.234999998110771, 47.071660005795167 ], [ 12.231659998103051, 47.070000005791606 ], [ 12.223329998082837, 47.076660005806033 ], [ 12.214999998062986, 47.079160005811502 ], [ 12.20998999805154, 47.075000005802544 ], [ 12.209989998051682, 47.073330005798923 ], [ 12.203329998035695, 47.076660005806161 ], [ 12.196659998020049, 47.07583000580442 ], [ 12.19582999801802, 47.076660005806211 ], [ 12.18999999800435, 47.075830005804455 ], [ 12.18832999800056, 47.074160005800877 ], [ 12.165829997948103, 47.067500005786641 ], [ 12.154999997923015, 47.06250000577591 ], [ 12.146659997903946, 47.05583000576155 ], [ 12.144159997898056, 47.05583000576155 ], [ 12.138329997884611, 47.052500005754425 ], [ 12.132489997870913, 47.051660005752623 ], [ 12.12749999785944, 47.048330005745434 ], [ 12.12082999784379, 47.047500005743693 ], [ 12.115829997832449, 47.04250000573294 ], [ 12.11165999782277, 47.040830005729347 ], [ 12.107489997812859, 47.041660005731153 ], [ 12.101659997799565, 47.036660005720385 ], [ 12.092489997778157, 47.034160005715023 ], [ 12.083329997757312, 47.025830005697031 ], [ 12.079159997747555, 47.025000005695276 ], [ 12.07665999774196, 47.021660005688027 ], [ 12.05998999770272, 47.020830005686292 ], [ 12.05165999768292, 47.022500005689935 ], [ 12.044989997667335, 47.020830005686328 ], [ 12.044159997665533, 47.01916000568275 ], [ 12.040829997657672, 47.019160005682728 ], [ 12.03498999764421, 47.015830005675546 ], [ 12.02998999763248, 47.015000005673762 ], [ 12.02248999761518, 47.010830005664765 ], [ 12.019159997607321, 47.010830005664772 ], [ 12.014159997595829, 47.007500005657576 ], [ 12.008329997582157, 47.006660005655782 ], [ 12.000829997564919, 47.001660005644972 ], [ 11.994989997551221, 47.000830005643195 ], [ 11.98998999753965, 46.998330005637769 ], [ 11.989989997539574, 46.999160005639574 ], [ 11.985829997529835, 46.998330005637769 ], [ 11.980829997518429, 46.994160005628778 ], [ 11.974989997504567, 46.995000005630565 ], [ 11.964159997479401, 46.990830005621568 ], [ 11.959989997469867, 46.987500005614343 ], [ 11.954989997458002, 46.988330005616163 ], [ 11.952489997452172, 46.987500005614365 ], [ 11.947489997440842, 46.982500005603548 ], [ 11.940829997425283, 46.98083000559992 ], [ 11.937489997417947, 46.975000005587333 ], [ 11.926659997393084, 46.967500005571054 ], [ 11.926659997393328, 46.964990005565639 ], [ 11.919989997378053, 46.960000005554832 ], [ 11.922489997384346, 46.955830005545792 ] ], [ [ 11.964999997488484, 46.914170005455674 ], [ 11.964169997486296, 46.9166700054611 ], [ 11.962499997482281, 46.917500005462863 ], [ 11.947499997446444, 46.92250000547368 ], [ 11.939169997426104, 46.930000005489923 ], [ 11.939169997425875, 46.932500005495356 ], [ 11.933329997411557, 46.938330005507957 ], [ 11.925829997393556, 46.941670005515171 ], [ 11.922499997384911, 46.95000000553317 ], [ 11.922499997384365, 46.955830005545799 ] ], [ [ 12.160829997947399, 46.941660005514741 ], [ 12.156659997937583, 46.941660005514784 ], [ 12.151659997926249, 46.936660005504002 ], [ 12.148329997918477, 46.935830005502233 ], [ 12.141659997902627, 46.937500005505854 ], [ 12.133329997882653, 46.94166000551489 ], [ 12.13082999787683, 46.940830005513106 ], [ 12.11999999785125, 46.941660005514947 ], [ 12.113329997835695, 46.940000005511365 ], [ 12.109999997828139, 46.936660005504187 ], [ 12.099159997802461, 46.938330005507801 ], [ 12.093329997788802, 46.937500005506053 ], [ 12.092499997786701, 46.939160005509656 ], [ 12.083329997764949, 46.940830005513277 ], [ 12.080829997758904, 46.942500005516891 ], [ 12.075829997747125, 46.942500005516877 ], [ 12.070829997735123, 46.945000005522317 ], [ 12.064999997721385, 46.945000005522317 ], [ 12.045829997676963, 46.936660005504315 ], [ 12.038329997659808, 46.930830005491714 ], [ 12.02749999763466, 46.926660005482688 ], [ 12.021659997620977, 46.925830005480911 ], [ 12.012499997599841, 46.920830005470087 ], [ 12.002499997576425, 46.91916000546648 ], [ 11.999999997570683, 46.917500005462884 ], [ 11.987499997541141, 46.918330005464689 ], [ 11.983329997531465, 46.91666000546109 ], [ 11.976659997515661, 46.917500005462884 ], [ 11.973329997508037, 46.915000005457436 ], [ 11.972499997506008, 46.915830005459291 ], [ 11.964999997488476, 46.914160005455649 ] ], [ [ 12.090829997763571, 47.150830005966704 ], [ 12.079159997734928, 47.162500005991895 ], [ 12.077489997731131, 47.160830005988281 ], [ 12.073329997721308, 47.160830005988288 ], [ 12.072489997719092, 47.163330005993686 ], [ 12.070829997715093, 47.164160005995498 ], [ 12.066659997704392, 47.173330006015263 ], [ 12.06582999770211, 47.176660006022431 ], [ 12.066659997703836, 47.179160006027814 ], [ 12.064159997697619, 47.182500006035013 ], [ 12.064999997699452, 47.184160006038589 ], [ 12.06332999769527, 47.186660006043979 ], [ 12.065829997700861, 47.19000000605115 ], [ 12.067489997703134, 47.207500006088821 ], [ 12.064999997696548, 47.215000006104972 ], [ 12.062489997690376, 47.217500006110356 ], [ 12.063329997692295, 47.218330006112161 ], [ 12.059989997684077, 47.221660006119315 ], [ 12.059989997683918, 47.223330006122922 ], [ 12.049989997659718, 47.22916000613548 ] ], [ [ 12.134999997865343, 47.178330006025739 ], [ 12.135829997867219, 47.179160006027502 ], [ 12.12665999784457, 47.190000006050859 ], [ 12.120829997830645, 47.191660006054491 ], [ 12.113329997813008, 47.190830006052735 ], [ 12.109159997802847, 47.194160006059917 ], [ 12.106659997796172, 47.202500006077884 ], [ 12.110829997805713, 47.20583000608503 ], [ 12.11249999780927, 47.210000006094013 ], [ 12.11165999780682, 47.215000006104766 ], [ 12.109159997800603, 47.218330006111948 ], [ 12.110829997803773, 47.226660006129855 ], [ 12.108329997797314, 47.23250000614243 ], [ 12.10332999778503, 47.237500006153191 ], [ 12.086659997745707, 47.236660006151482 ], [ 12.084999997741626, 47.238330006155074 ], [ 12.083329997737831, 47.236660006151482 ], [ 12.082499997735786, 47.23750000615329 ], [ 12.078329997726009, 47.236660006151482 ], [ 12.0658299976963, 47.238330006155159 ], [ 12.054999997671089, 47.234160006146226 ] ], [ [ 12.140829997879409, 47.175000006018514 ], [ 12.156659997915419, 47.190000006050695 ], [ 12.158329997919438, 47.189160006048894 ], [ 12.166659997939028, 47.19000000605066 ], [ 12.172489997952415, 47.194160006059562 ], [ 12.171659997950293, 47.195830006063169 ], [ 12.172489997951423, 47.205000006082912 ], [ 12.169989997944914, 47.21166000609724 ], [ 12.17498999795626, 47.216660006107958 ], [ 12.184159997977465, 47.221660006118675 ], [ 12.186659997982906, 47.226660006129386 ], [ 12.192489997996296, 47.230830006138305 ], [ 12.195829998004108, 47.231660006140089 ], [ 12.198329998009555, 47.2366600061508 ] ], [ [ 12.20082999803477, 47.020000005683848 ], [ 12.196659998025241, 47.016660005676712 ], [ 12.186659998001399, 47.020000005683976 ], [ 12.184159997995719, 47.017500005678599 ], [ 12.183329997994276, 47.011660005665945 ], [ 12.180829997988612, 47.009160005660611 ], [ 12.180829997988971, 47.005000005651581 ], [ 12.178329997983525, 47.000000005640821 ], [ 12.177499997981927, 46.995830005631788 ], [ 12.178329997984175, 46.992500005624606 ], [ 12.174999997976917, 46.985830005610218 ], [ 12.175829997979013, 46.984160005606604 ], [ 12.174159997975156, 46.983330005604813 ], [ 12.174159997975668, 46.977500005592205 ], [ 12.177499997984041, 46.971660005579558 ], [ 12.18332999799828, 46.965830005566907 ], [ 12.192499998020297, 46.960830005556055 ], [ 12.193329998022183, 46.961660005557839 ], [ 12.198329998034021, 46.960830005556026 ], [ 12.201659998042219, 46.956660005547 ], [ 12.204159998048178, 46.95583000554516 ], [ 12.213329998070474, 46.947500005527097 ], [ 12.216659998078377, 46.946660005525274 ], [ 12.220829998088476, 46.943330005518042 ], [ 12.22415999809667, 46.939160005508981 ], [ 12.224999998098856, 46.936660005503583 ], [ 12.22415999809702, 46.935000005499965 ], [ 12.225829998101021, 46.934160005498128 ], [ 12.226659998103472, 46.928330005485542 ], [ 12.232499998117843, 46.920830005469277 ], [ 12.243329998143528, 46.918330005463773 ], [ 12.249159998157236, 46.91833000546373 ], [ 12.251659998163257, 46.916660005460109 ], [ 12.253329998167121, 46.917500005461918 ], [ 12.259999998183014, 46.915000005456456 ], [ 12.277499998224084, 46.915830005458105 ], [ 12.286659998245975, 46.911660005449043 ], [ 12.303329998285085, 46.912500005450674 ], [ 12.306659998292986, 46.911660005448852 ], [ 12.309159998298716, 46.913330005452465 ], [ 12.313329998308584, 46.91250000545061 ], [ 12.317489998318226, 46.914160005454157 ], [ 12.326659998339844, 46.913330005452288 ], [ 12.333329998355449, 46.914160005454015 ] ], [ [ 12.25166999813489, 47.243330006164712 ], [ 12.224999998071851, 47.244170006166755 ], [ 12.219999998060127, 47.243330006164989 ], [ 12.218329998056328, 47.241670006161435 ], [ 12.209999998036659, 47.241670006161485 ], [ 12.198329998009552, 47.23667000615081 ] ], [ [ 12.244989998135614, 47.056660005762708 ], [ 12.235829998114541, 47.050830005750207 ], [ 12.228329998097523, 47.043330005734056 ], [ 12.228329998097665, 47.041660005730449 ], [ 12.230829998103776, 47.039160005725051 ], [ 12.230829998104133, 47.035000005716057 ], [ 12.238329998123021, 47.020830005685376 ], [ 12.249989998151197, 47.012490005667303 ], [ 12.260829998176996, 47.009160005660021 ], [ 12.278329998218265, 47.008330005658081 ], [ 12.282489998227913, 47.010000005661666 ], [ 12.309989998292703, 47.009160005659581 ], [ 12.316659998308044, 47.013330005668543 ], [ 12.320829998317853, 47.013330005668514 ], [ 12.314159998300759, 47.029990005704526 ], [ 12.304989998278048, 47.043330005733416 ], [ 12.304989998277762, 47.046660005740605 ], [ 12.302489998271525, 47.050830005749624 ], [ 12.302489998271176, 47.055000005758643 ], [ 12.295829998255273, 47.057500005764076 ], [ 12.292489998247129, 47.060830005771315 ], [ 12.290829998242792, 47.065830005782097 ], [ 12.292489998246339, 47.070000005791073 ], [ 12.291659998243603, 47.079160005810841 ], [ 12.292489998245415, 47.080830005814434 ], [ 12.297489998257049, 47.082490005817988 ], [ 12.303329998270303, 47.088330005830521 ] ], [ [ 12.349159998372475, 47.15583000597546 ], [ 12.345829998364632, 47.155830005975503 ], [ 12.337489998345703, 47.147500005957681 ], [ 12.330829998329861, 47.149160005961278 ], [ 12.326659998319679, 47.153330005970354 ], [ 12.327489998321562, 47.154160005972109 ], [ 12.326659998319389, 47.156660005977493 ], [ 12.324999998315333, 47.158330005981135 ], [ 12.324159998313421, 47.157500005979337 ], [ 12.318329998299111, 47.164160005993757 ], [ 12.317489998296695, 47.16916000600451 ], [ 12.304999998266092, 47.182500006033351 ], [ 12.30415999826389, 47.185000006038734 ], [ 12.294159998239509, 47.194160006058567 ], [ 12.294159998239293, 47.196660006063929 ], [ 12.283329998212789, 47.207500006087365 ], [ 12.279999998204424, 47.213330006099937 ], [ 12.274989998192236, 47.217500006108956 ], [ 12.275829998194059, 47.219160006112489 ], [ 12.274159998189903, 47.221660006117915 ], [ 12.2624999981612, 47.235000006146706 ], [ 12.262499998160974, 47.237500006152075 ], [ 12.266659998170496, 47.240830006159193 ] ], [ [ 12.339989998349511, 47.171660006009645 ], [ 12.356659998387148, 47.190830006050724 ], [ 12.348329998366795, 47.19916000606873 ], [ 12.349159998368167, 47.205830006083062 ], [ 12.343329998353704, 47.214160006101039 ], [ 12.342489998351221, 47.220000006113615 ], [ 12.339159998342929, 47.225000006124404 ], [ 12.334159998330779, 47.229160006133398 ], [ 12.328329998315999, 47.240830006158554 ], [ 12.323329998303775, 47.245830006169371 ], [ 12.319989998295819, 47.246660006171169 ], [ 12.316659998287667, 47.250000006178389 ], [ 12.316659998287518, 47.251660006181929 ], [ 12.314989998283503, 47.252500006183759 ], [ 12.315829998285194, 47.255830006190926 ], [ 12.314989998283137, 47.25666000619271 ] ], [ [ 12.579999998933213, 46.929170005483236 ], [ 12.568329998906295, 46.923330005470788 ], [ 12.559169998884817, 46.923330005470937 ], [ 12.554999998874914, 46.925000005474644 ], [ 12.5424999988458, 46.922500005469423 ], [ 12.532499998822281, 46.92333000547135 ], [ 12.523329998800961, 46.920830005466101 ], [ 12.51832999878923, 46.920830005466151 ], [ 12.512499998775823, 46.917500005459054 ], [ 12.501669998750284, 46.919170005462789 ], [ 12.49416999873282, 46.917500005459303 ], [ 12.491669998726827, 46.919170005462966 ], [ 12.480829998701326, 46.920000005464907 ], [ 12.474999998687395, 46.923330005472188 ], [ 12.46832999867167, 46.924170005474089 ], [ 12.465829998665678, 46.925830005477728 ], [ 12.454169998638235, 46.926670005479714 ], [ 12.439999998605174, 46.924170005474473 ], [ 12.435829998595645, 46.92083000546728 ], [ 12.430829998583844, 46.921670005469196 ], [ 12.429169998580079, 46.920000005465596 ], [ 12.414999998546808, 46.920000005465752 ], [ 12.408329998531416, 46.916670005458649 ], [ 12.389999998488376, 46.916670005458855 ], [ 12.37999999846509, 46.914170005453549 ], [ 12.374169998451256, 46.915830005457181 ], [ 12.369999998441527, 46.915000005455418 ], [ 12.354169998404213, 46.916670005459231 ], [ 12.352499998400424, 46.915000005455646 ], [ 12.333329998355449, 46.914170005454039 ] ], [ [ 12.385829998456025, 47.189160006046755 ], [ 12.386659998457901, 47.190000006048521 ], [ 12.384989998453902, 47.190830006050348 ], [ 12.385829998455666, 47.193330006055717 ], [ 12.392489998470793, 47.200000006069963 ], [ 12.39915999848637, 47.201660006073496 ], [ 12.403329998496256, 47.200830006071634 ], [ 12.409159998509644, 47.205000006080546 ], [ 12.41415999852142, 47.205000006080439 ], [ 12.41832999853103, 47.207500006085787 ], [ 12.416659998526956, 47.209160006089348 ], [ 12.41665999852647, 47.215000006101945 ], [ 12.413329998518332, 47.218330006109134 ], [ 12.41415999851993, 47.222500006118068 ], [ 12.410829998511803, 47.2258300061253 ], [ 12.414989998520676, 47.236660006148483 ], [ 12.414159998518299, 47.241660006159265 ], [ 12.409989998507978, 47.247500006171876 ], [ 12.409159998504938, 47.260000006198702 ], [ 12.409989998506541, 47.264160006207639 ], [ 12.419989998529543, 47.270830006221843 ], [ 12.423329998536843, 47.277500006236131 ] ], [ [ 12.406659998513131, 47.093330005840123 ], [ 12.413329998528758, 47.094160005841857 ], [ 12.419159998542751, 47.090830005834619 ], [ 12.420829998546612, 47.091660005836339 ], [ 12.434159998578647, 47.083330005818212 ], [ 12.440829998594337, 47.083330005818112 ], [ 12.445829998606367, 47.080000005810845 ], [ 12.449989998616552, 47.074990005800032 ], [ 12.450829998619067, 47.068330005785619 ], [ 12.454159998627171, 47.065000005778408 ], [ 12.455829998631639, 47.058330005764006 ], [ 12.466659998657367, 47.055000005756682 ], [ 12.469159998663184, 47.055830005758452 ], [ 12.491659998716186, 47.054160005754476 ], [ 12.494159998722196, 47.052490005750869 ], [ 12.494999998724499, 47.04833000574186 ], [ 12.498329998732522, 47.04583000573642 ], [ 12.504159998746355, 47.044160005732763 ], [ 12.50832999875615, 47.044160005732678 ], [ 12.511659998763834, 47.045830005736228 ], [ 12.514159998769914, 47.043330005730802 ] ], [ [ 12.736659999297116, 46.971660005572055 ], [ 12.731659999285712, 46.967500005563188 ], [ 12.727499999275963, 46.967500005563231 ], [ 12.724999999269938, 46.9700000055687 ], [ 12.722489999264059, 46.970000005568771 ], [ 12.71998999925802, 46.972500005574219 ], [ 12.714159999244192, 46.975000005579737 ], [ 12.706659999226746, 46.973330005576294 ], [ 12.702489999217157, 46.970830005570967 ], [ 12.685829999178011, 46.972500005574915 ], [ 12.677499999158124, 46.977500005585881 ], [ 12.673329999148358, 46.977500005585924 ], [ 12.669159999138405, 46.980000005591414 ], [ 12.664999999128657, 46.980000005591492 ], [ 12.654999999104968, 46.983330005598873 ], [ 12.645829999083476, 46.983330005599065 ], [ 12.643329999077739, 46.981660005595501 ], [ 12.634999999058213, 46.98166000559565 ], [ 12.632499999052481, 46.980000005592117 ] ], [ [ 12.693329999188764, 47.065000005774301 ], [ 12.69749999919898, 47.059160005761605 ], [ 12.695829999195194, 47.057500005758072 ], [ 12.696659999197321, 47.055000005752674 ], [ 12.695829999195562, 47.052500005747305 ], [ 12.689159999180406, 47.045830005733045 ], [ 12.689999999182687, 47.041660005724047 ], [ 12.689159999180969, 47.03833000571688 ], [ 12.692499999189044, 47.035000005709634 ], [ 12.690829999185194, 47.034160005707854 ], [ 12.691659999187202, 47.033330005706027 ], [ 12.689999999183618, 47.029160005697072 ], [ 12.689999999184046, 47.023330005684493 ], [ 12.686659999176589, 47.018330005673796 ], [ 12.687499999178806, 47.0150000056666 ], [ 12.685829999175072, 47.012500005661238 ], [ 12.680829999163606, 47.009160005654159 ], [ 12.673329999146082, 47.008330005652482 ], [ 12.667499999132609, 47.005830005647212 ], [ 12.65332999909945, 47.005000005645684 ], [ 12.647499999085968, 47.002500005640421 ], [ 12.644159999078385, 46.999160005633257 ] ], [ [ 12.760829999354877, 46.955000005535574 ], [ 12.763329999360788, 46.954160005533701 ], [ 12.767499999370484, 46.95500000553541 ], [ 12.769999999376456, 46.953330005531768 ], [ 12.776659999391915, 46.955000005535211 ], [ 12.777499999394005, 46.953330005531591 ], [ 12.780829999401851, 46.952500005529721 ], [ 12.786659999415148, 46.95750000554041 ], [ 12.792499999428749, 46.958330005542059 ], [ 12.795829999436306, 46.961660005549184 ], [ 12.79915999944421, 46.960000005545503 ], [ 12.804999999457708, 46.962500005550758 ], [ 12.807499999463317, 46.965830005557883 ], [ 12.814999999480509, 46.970830005568516 ], [ 12.834999999526659, 46.980000005587797 ], [ 12.842499999544028, 46.982500005593032 ], [ 12.854999999573149, 46.984160005596294 ], [ 12.863329999592395, 46.987500005603287 ], [ 12.868329999604143, 46.986660005601379 ], [ 12.869999999608156, 46.985000005597776 ], [ 12.873329999615946, 46.985000005597676 ], [ 12.876659999623563, 46.987500005602946 ] ], [ [ 12.803329999451227, 46.999160005629911 ], [ 12.796659999435153, 47.005830005644455 ], [ 12.789159999417473, 47.007500005648197 ], [ 12.784159999405297, 47.014160005662696 ], [ 12.780829999397437, 47.015000005664589 ], [ 12.780829999397314, 47.016660005668165 ], [ 12.786659999410734, 47.02000000567525 ], [ 12.789159999416226, 47.025000005685946 ], [ 12.788329999414104, 47.027500005691358 ], [ 12.794159999427224, 47.03500000570741 ], [ 12.794999999429249, 47.03416000570558 ], [ 12.804159999450226, 47.040830005719734 ], [ 12.806659999456015, 47.041660005721461 ], [ 12.81082999946584, 47.040830005719563 ], [ 12.812499999469571, 47.04333000572494 ], [ 12.814999999475367, 47.044160005726653 ], [ 12.814159999473345, 47.045000005728504 ] ], [ [ 12.926659999734516, 47.07500000579023 ], [ 12.924159999728841, 47.072500005784896 ], [ 12.922489999724871, 47.07333000578673 ], [ 12.915829999709461, 47.070830005781531 ], [ 12.913329999703512, 47.072500005785216 ], [ 12.906659999688017, 47.070830005781787 ], [ 12.880829999627526, 47.07166000578426 ], [ 12.876659999617937, 47.069160005778983 ], [ 12.874159999612262, 47.066660005773684 ], [ 12.874989999614259, 47.065830005771844 ], [ 12.874159999612781, 47.059160005757491 ], [ 12.869989999603487, 47.052500005743276 ], [ 12.869989999603778, 47.048330005734272 ], [ 12.874159999613999, 47.041660005719798 ], [ 12.87415999961423, 47.038330005712609 ], [ 12.865829999595091, 47.033330005702069 ], [ 12.858329999578118, 47.025000005684312 ] ], [ [ 12.97832999985788, 47.03666000570621 ], [ 12.971659999842734, 47.030000005692052 ], [ 12.968329999834959, 47.030000005692152 ], [ 12.964159999825487, 47.025830005683282 ], [ 12.951659999796513, 47.022500005676456 ], [ 12.948329999788948, 47.019160005669349 ], [ 12.945829999783557, 47.01249000565506 ], [ 12.943329999777866, 47.010000005649744 ], [ 12.944989999782576, 46.997490005622723 ], [ 12.942489999776909, 46.995000005617428 ], [ 12.938329999767301, 46.99333000561392 ], [ 12.92832999974444, 46.985830005598032 ], [ 12.923329999732809, 46.985000005596362 ], [ 12.905829999692642, 46.974160005573424 ], [ 12.900829999681072, 46.972500005570005 ], [ 12.896659999671272, 46.973330005571903 ], [ 12.893329999663713, 46.970000005564785 ] ], [ [ 12.906659999717551, 46.611660004788632 ], [ 12.914159999734501, 46.62000000480657 ], [ 12.91832999974425, 46.619160004804627 ], [ 12.924989999759646, 46.620830004808113 ], [ 12.933329999779042, 46.620830004807914 ], [ 12.939159999792507, 46.6225000048114 ], [ 12.940829999796298, 46.624160004814989 ], [ 12.944159999804084, 46.623330004813077 ], [ 12.953329999825019, 46.630000004827338 ], [ 12.955829999830495, 46.635830004839924 ], [ 12.964989999851554, 46.640000004848744 ], [ 12.969159999861056, 46.643330004855891 ], [ 12.969989999863035, 46.642500004854043 ], [ 12.978329999881895, 46.651660004873705 ], [ 12.98082999988771, 46.651660004873655 ], [ 12.981659999889539, 46.653330004877262 ], [ 12.984989999897236, 46.654160004878975 ], [ 12.986659999900922, 46.657500004886174 ], [ 12.998329999927911, 46.66000000489128 ], [ 13.001659999935315, 46.665830004903825 ], [ 13.009159999952715, 46.666660004905452 ], [ 13.009159999952619, 46.668330004909066 ] ], [ [ 12.90498999968313, 47.085000005812354 ], [ 12.906659999686866, 47.087500005817674 ], [ 12.904989999682847, 47.089160005821299 ], [ 12.906659999686635, 47.090830005824841 ], [ 12.907489999688288, 47.095000005833796 ], [ 12.901659999674235, 47.100830005846518 ], [ 12.899159999668329, 47.101660005848338 ], [ 12.897489999664005, 47.107500005860956 ], [ 12.891659999650019, 47.11250000587188 ], [ 12.893329999653636, 47.116660005880789 ], [ 12.892489999651374, 47.120830005889779 ], [ 12.885829999635368, 47.126660005902487 ], [ 12.886659999637072, 47.130000005909658 ], [ 12.88498999963293, 47.133330005916889 ], [ 12.887489999638435, 47.138330005927564 ], [ 12.885829999634304, 47.141660005934767 ], [ 12.88582999963401, 47.145830005943715 ], [ 12.891659999646953, 47.155830005965065 ], [ 12.896659999658317, 47.160830005975683 ], [ 12.903329999673641, 47.16500000598446 ], [ 12.908329999685172, 47.167500005989687 ], [ 12.913329999696881, 47.167500005989552 ], [ 12.916659999704564, 47.169160005993014 ], [ 12.922489999717738, 47.175830006007189 ], [ 12.929159999733249, 47.177500006010618 ], [ 12.936659999750397, 47.183330006022921 ], [ 12.936659999750457, 47.182500006021137 ], [ 12.944159999767667, 47.187500006031655 ], [ 12.946659999773516, 47.187500006031598 ], [ 12.952489999786819, 47.19250000604216 ], [ 12.954989999792678, 47.192500006042081 ], [ 12.955829999794528, 47.194160006045635 ], [ 12.971659999831527, 47.195000006046946 ], [ 12.975829999841054, 47.198330006054007 ], [ 12.979159999848791, 47.199160006055692 ], [ 12.979159999849196, 47.193330006043169 ], [ 12.974999999840154, 47.183330006021791 ], [ 12.972499999834413, 47.181660006018284 ], [ 12.973329999836475, 47.180000006014694 ], [ 12.972499999834879, 47.175000006003984 ], [ 12.968329999825693, 47.166660005986174 ], [ 12.969159999828044, 47.160830005973637 ], [ 12.96832999982621, 47.159160005970087 ], [ 12.970829999832349, 47.155000005961071 ], [ 12.969159999828561, 47.153330005957521 ], [ 12.969159999828902, 47.148330005946761 ], [ 12.973329999838949, 47.144160005937685 ], [ 12.975829999845647, 47.131660005910767 ], [ 12.974159999841858, 47.130000005907213 ], [ 12.966659999824371, 47.129160005905639 ], [ 12.964159999818637, 47.127500005902171 ], [ 12.959159999806936, 47.127500005902306 ], [ 12.938329999758546, 47.122500005892128 ], [ 12.926659999731868, 47.113330005872697 ], [ 12.925829999730336, 47.107500005860182 ], [ 12.924159999726548, 47.105830005856646 ], [ 12.92249999972306, 47.100000005844137 ], [ 12.924159999727063, 47.098330005840516 ], [ 12.9241599997273, 47.095000005833377 ], [ 12.926659999733483, 47.090000005822489 ], [ 12.931659999745584, 47.084160005809792 ], [ 12.930829999743754, 47.082500005806274 ], [ 12.931659999745749, 47.081660005804409 ] ], [ [ 12.975829999834401, 47.292500006255963 ], [ 12.974169999831052, 47.285000006239954 ], [ 12.97166999982537, 47.28250000623467 ], [ 12.974999999833589, 47.276670006222083 ], [ 12.974999999833768, 47.274170006216721 ], [ 12.978329999841746, 47.271670006211259 ], [ 12.977499999839861, 47.270830006209465 ], [ 12.983329999853991, 47.26417000619503 ], [ 12.981669999850519, 47.258330006182561 ], [ 12.984169999856428, 47.257500006180692 ], [ 12.986669999862526, 47.254170006173482 ], [ 12.984169999857018, 47.249170006162842 ], [ 12.993329999879347, 47.236670006135739 ], [ 12.989999999872015, 47.230000006121543 ], [ 12.992499999878339, 47.223330006107183 ], [ 12.985829999863128, 47.217500006094866 ], [ 12.985829999863824, 47.207500006073396 ], [ 12.983329999858206, 47.204170006066327 ], [ 12.979169999848637, 47.201670006061079 ], [ 12.979169999848811, 47.199170006055695 ] ], [ [ 13.003329999915518, 47.048330005730627 ], [ 13.00748999992496, 47.052500005739475 ], [ 13.011659999934704, 47.052500005739368 ], [ 13.017489999948099, 47.055830005746365 ], [ 13.018329999950119, 47.055000005744553 ], [ 13.021659999957677, 47.058330005751614 ], [ 13.029159999975031, 47.060830005756777 ], [ 13.029989999977019, 47.060000005754993 ], [ 13.044160000010063, 47.060830005756351 ], [ 13.048330000019906, 47.059160005752595 ], [ 13.056660000039249, 47.060830005755953 ], [ 13.058330000043203, 47.060000005754119 ], [ 13.060830000048604, 47.066660005768355 ], [ 13.067490000063891, 47.070830005777154 ], [ 13.073330000077474, 47.071660005778732 ], [ 13.079990000092534, 47.079160005794655 ], [ 13.085830000106171, 47.079160005794499 ], [ 13.087490000109945, 47.08083000579802 ], [ 13.087490000109993, 47.080000005796222 ], [ 13.091660000119614, 47.081660005799669 ], [ 13.091660000119671, 47.080830005797893 ], [ 13.097490000133016, 47.085000005806663 ], [ 13.104160000148582, 47.08500000580645 ], [ 13.114990000173696, 47.087500005811478 ], [ 13.117490000179327, 47.09083000581856 ] ], [ [ 13.884170001977036, 46.607500004743905 ], [ 13.870000001944737, 46.60083000473017 ], [ 13.860830001923906, 46.594170004716183 ], [ 13.854170001908669, 46.592500004712925 ], [ 13.848330001895429, 46.587500004702356 ], [ 13.848330001895475, 46.585830004698749 ], [ 13.845830001889819, 46.583330004693465 ], [ 13.839170001874555, 46.582500004691994 ], [ 13.837500001870779, 46.580830004688444 ], [ 13.838330001872768, 46.578330004683004 ], [ 13.841670001880486, 46.576670004679244 ], [ 13.844170001886303, 46.574170004673711 ], [ 13.844170001886352, 46.57250000467009 ], [ 13.839170001874958, 46.570000004664934 ], [ 13.826670001846269, 46.570000004665538 ], [ 13.819170001829102, 46.568330004662243 ], [ 13.817500001825245, 46.569170004664151 ], [ 13.794170001771718, 46.56750000466166 ], [ 13.792500001767852, 46.568330004663501 ], [ 13.791670001766034, 46.565830004658146 ], [ 13.786670001754693, 46.561670004649336 ], [ 13.767500001710767, 46.558330004643011 ], [ 13.763330001701153, 46.559170004645019 ], [ 13.76083000169533, 46.561670004650566 ], [ 13.760000001693305, 46.565000004657797 ], [ 13.759170001691423, 46.56417000465602 ], [ 13.755830001683696, 46.565830004659809 ], [ 13.750830001672322, 46.562500004652833 ], [ 13.747500001664529, 46.566670004661987 ], [ 13.745000001658806, 46.565830004660278 ], [ 13.741670001651128, 46.566670004662285 ], [ 13.740830001649247, 46.565000004658671 ], [ 13.733330001631838, 46.570000004669879 ], [ 13.724170001610803, 46.569170004668457 ], [ 13.714170001587696, 46.572500004676172 ], [ 13.71250000158388, 46.571670004674417 ], [ 13.7083300015742, 46.574170004680013 ], [ 13.694170001541654, 46.573330004678787 ], [ 13.689170001530274, 46.570000004671819 ], [ 13.685000001520679, 46.570000004672032 ], [ 13.682500001514867, 46.571670004675738 ], [ 13.677500001503487, 46.568330004668717 ], [ 13.669170001484282, 46.569170004670887 ], [ 13.667500001480512, 46.567500004667338 ], [ 13.664170001472842, 46.56750000466748 ], [ 13.660000001463152, 46.570000004673091 ], [ 13.650000001440043, 46.57250000467895 ], [ 13.645000001428375, 46.576670004688189 ], [ 13.627500001388075, 46.576670004688957 ], [ 13.619170001368767, 46.580000004696522 ], [ 13.616670001363035, 46.579170004694824 ], [ 13.611670001351321, 46.584170004705854 ], [ 13.612500001353144, 46.586670004711245 ], [ 13.610830001349136, 46.590830004720338 ], [ 13.601670001327998, 46.591670004722545 ], [ 13.595830001314635, 46.589170004717367 ], [ 13.593330001308843, 46.590000004719286 ], [ 13.588330001297416, 46.587500004714038 ], [ 13.585830001291626, 46.588330004715971 ], [ 13.584170001287863, 46.586670004712417 ], [ 13.582500001283982, 46.5875000047143 ], [ 13.57833000127447, 46.585000004709059 ], [ 13.576670001270612, 46.585830004710935 ], [ 13.569170001253424, 46.583330004705822 ], [ 13.565000001243707, 46.585830004711411 ], [ 13.564170001241832, 46.585000004709613 ], [ 13.560000001232011, 46.590000004720636 ], [ 13.555830001222301, 46.59250000472624 ], [ 13.543330001193471, 46.592500004726745 ], [ 13.533330001170134, 46.599170004741588 ], [ 13.520830001141187, 46.601670004747525 ], [ 13.515000001127603, 46.605000004754942 ], [ 13.510000001116063, 46.605000004755169 ], [ 13.504170001102537, 46.606670004758996 ], [ 13.502500001098616, 46.608330004762678 ], [ 13.498330001088988, 46.608330004762841 ], [ 13.487500001063768, 46.613330004774099 ], [ 13.482500001052184, 46.614170004776113 ], [ 13.475830001036829, 46.613330004774546 ], [ 13.460830001002591, 46.604170004755296 ], [ 13.453330000985263, 46.604170004755566 ], [ 13.438330000950764, 46.600830004748886 ], [ 13.436670000946897, 46.60167000475078 ], [ 13.427500000925745, 46.600830004749298 ], [ 13.415830000898673, 46.603330004755165 ], [ 13.411670000888908, 46.606670004762563 ], [ 13.399170000860018, 46.606670004762982 ], [ 13.391670000842606, 46.608330004766891 ], [ 13.38917000083687, 46.607500004765193 ], [ 13.386670000831005, 46.609170004768885 ], [ 13.385830000829101, 46.608330004767097 ], [ 13.381670000819405, 46.610000004770868 ], [ 13.376670000807843, 46.610000004771052 ], [ 13.375000000803912, 46.611670004774723 ], [ 13.369170000790467, 46.610830004773128 ], [ 13.365830000782593, 46.614170004780469 ], [ 13.354170000755662, 46.613330004779073 ], [ 13.343330000730463, 46.615830004784875 ], [ 13.337500000717014, 46.615000004783283 ], [ 13.330000000699501, 46.618330004790778 ], [ 13.313330000660764, 46.621670004798581 ], [ 13.309170000651173, 46.6208300047969 ], [ 13.29083000060867, 46.621670004799341 ], [ 13.288330000602803, 46.623330004803044 ], [ 13.275000000571977, 46.622500004801687 ], [ 13.268330000556412, 46.625000004807333 ], [ 13.257500000531317, 46.625000004807681 ], [ 13.251670000517905, 46.623330004804238 ], [ 13.237500000484815, 46.628330004815574 ], [ 13.223330000452023, 46.627500004814223 ], [ 13.220000000444436, 46.625000004808925 ], [ 13.207500000415461, 46.625000004809316 ], [ 13.206670000413446, 46.626670004812929 ], [ 13.202500000403822, 46.625830004811235 ], [ 13.191670000378414, 46.631670004824279 ], [ 13.179170000349252, 46.635000004831873 ], [ 13.171670000331597, 46.64000000484296 ], [ 13.155000000292969, 46.63917000484166 ], [ 13.145830000271514, 46.642500004849182 ], [ 13.138330000254204, 46.640830004845768 ], [ 13.130000000234869, 46.64083000484603 ], [ 13.113330000195953, 46.645000004855582 ], [ 13.095000000152979, 46.652500004872394 ], [ 13.082500000123856, 46.654170004876335 ], [ 13.080000000118094, 46.653330004874583 ], [ 13.06417000008109, 46.657500004884078 ], [ 13.052500000053969, 46.657500004884405 ], [ 13.04500000003641, 46.660000004890051 ], [ 13.040830000026714, 46.660000004890136 ], [ 13.036670000016858, 46.66333000489751 ], [ 13.022499999983728, 46.666670004905136 ], [ 13.01749999997196, 46.669170004910676 ], [ 13.00916999995264, 46.668330004909073 ] ], [ [ 13.014159999941304, 47.040830005714149 ], [ 13.00998999993184, 47.036660005705279 ], [ 13.000829999910509, 47.035830005703779 ], [ 12.996659999901036, 47.031660005694931 ], [ 13.006659999925205, 47.019160005667707 ], [ 13.007489999927412, 47.015000005658713 ], [ 13.012499999939321, 47.011660005651343 ], [ 13.016659999948654, 47.017500005663813 ], [ 13.019989999956431, 47.01750000566372 ], [ 13.024989999968433, 47.012500005652804 ], [ 13.023329999964664, 47.010830005649261 ], [ 13.024989999968753, 47.007500005642029 ], [ 13.026659999972603, 47.008330005643771 ], [ 13.031659999984432, 47.005830005638238 ], [ 13.032489999986311, 47.006660005639979 ], [ 13.039160000002093, 47.003330005632641 ], [ 13.041660000008086, 47.000830005627165 ], [ 13.042490000010289, 46.996660005618139 ], [ 13.053330000036269, 46.98583000559448 ], [ 13.052490000034412, 46.984160005590894 ], [ 13.053330000036533, 46.981660005585489 ], [ 13.049990000029107, 46.975830005573016 ], [ 13.052490000035101, 46.973330005567554 ], [ 13.052490000035307, 46.970000005560337 ], [ 13.0583300000495, 46.960830005540416 ], [ 13.064160000063147, 46.960000005538426 ], [ 13.066660000069188, 46.956660005531148 ], [ 13.076660000092653, 46.954160005525473 ], [ 13.080000000100643, 46.950830005518156 ], [ 13.084990000112334, 46.950000005516237 ], [ 13.095830000137902, 46.945000005505108 ], [ 13.10416000015767, 46.939160005492241 ], [ 13.1075000001657, 46.935000005483182 ], [ 13.10916000016957, 46.935000005483118 ], [ 13.110830000173603, 46.932500005477657 ] ], [ [ 13.03665999996714, 47.429160006546404 ], [ 13.045829999987738, 47.441660006572775 ], [ 13.046659999989441, 47.445000006579889 ], [ 13.044999999985304, 47.448330006587042 ], [ 13.046659999989084, 47.449990006590554 ], [ 13.045829999987063, 47.450830006592362 ], [ 13.052500000002158, 47.458330006608136 ], [ 13.050829999998006, 47.461660006615304 ], [ 13.053330000003625, 47.464990006622337 ], [ 13.05416000000527, 47.469160006631192 ], [ 13.0533300000032, 47.470830006634785 ], [ 13.05500000000699, 47.472500006638285 ], [ 13.063330000026415, 47.474160006641569 ], [ 13.066660000034043, 47.476660006646767 ], [ 13.069160000040027, 47.474990006643104 ], [ 13.084160000075205, 47.474990006642606 ], [ 13.093330000096405, 47.479160006651185 ], [ 13.097500000106184, 47.479160006651057 ], [ 13.105000000123942, 47.476660006645439 ], [ 13.10750000012975, 47.477500006647155 ], [ 13.131660000186432, 47.476660006644494 ], [ 13.135000000194145, 47.478330006647937 ], [ 13.142500000211786, 47.477500006645904 ], [ 13.156660000244667, 47.481660006654231 ], [ 13.162500000257991, 47.486660006664671 ], [ 13.161660000255964, 47.487500006666494 ], [ 13.162500000257817, 47.489160006670005 ], [ 13.165000000263612, 47.489990006671711 ], [ 13.167500000269532, 47.489160006669842 ], [ 13.170830000277098, 47.492500006676806 ], [ 13.176660000290759, 47.492500006676593 ], [ 13.178330000294785, 47.490830006673001 ] ], [ [ 13.060000000031252, 47.296670006262261 ], [ 13.058330000027574, 47.293330006255168 ], [ 13.061670000035686, 47.289170006246152 ], [ 13.076670000070965, 47.286670006240286 ], [ 13.077500000073197, 47.282500006231338 ], [ 13.075830000069404, 47.280830006227838 ], [ 13.075000000067858, 47.275000006215329 ], [ 13.080000000079957, 47.269170006202692 ], [ 13.079170000078184, 47.266670006197337 ], [ 13.0891700001022, 47.257500006177381 ], [ 13.093330000112049, 47.255830006173667 ], [ 13.099170000126048, 47.250830006162715 ], [ 13.100000000128373, 47.245000006150214 ], [ 13.10667000014481, 47.232500006123182 ], [ 13.107500000148363, 47.208330006071321 ], [ 13.104170000141348, 47.196670006046382 ], [ 13.099170000130218, 47.188330006028664 ], [ 13.099170000130766, 47.180000006010786 ], [ 13.097500000127033, 47.177500006005474 ], [ 13.097500000127251, 47.174170005998292 ], [ 13.099170000131373, 47.170830005991121 ], [ 13.101670000137267, 47.170000005989252 ], [ 13.115000000169333, 47.155830005958364 ], [ 13.114170000167613, 47.152500005951246 ], [ 13.118330000177702, 47.146670005938574 ], [ 13.12083000018359, 47.145830005936666 ], [ 13.12750000019965, 47.138330005920331 ], [ 13.129170000203551, 47.138330005920309 ], [ 13.133330000213526, 47.134170005911194 ], [ 13.133330000213638, 47.13250000590763 ], [ 13.137500326013155, 47.127499356311873 ] ], [ [ 13.078330000065137, 47.425000006536088 ], [ 13.081660000072706, 47.428330006543113 ], [ 13.081660000072462, 47.431660006550217 ], [ 13.08416000007815, 47.43416000655548 ], [ 13.086660000084011, 47.434160006555409 ], [ 13.085830000082007, 47.435000006557232 ], [ 13.087490000085772, 47.436660006560722 ], [ 13.088330000087447, 47.440830006569584 ], [ 13.09499000010252, 47.448330006585365 ], [ 13.101660000117979, 47.450830006590472 ], [ 13.105830000127806, 47.450000006588532 ], [ 13.109160000135249, 47.4550000065991 ], [ 13.116660000152891, 47.454160006597064 ], [ 13.121660000164482, 47.455830006600415 ], [ 13.123330000168519, 47.454160006596823 ], [ 13.127490000178323, 47.453330006594875 ], [ 13.148330000227094, 47.454160006595906 ], [ 13.154160000240871, 47.45250000659216 ], [ 13.166660000270202, 47.451660006589876 ], [ 13.178330000297301, 47.455000006596585 ], [ 13.181660000304866, 47.458330006603596 ], [ 13.194160000333845, 47.462500006612011 ], [ 13.19833000034366, 47.461660006610032 ] ], [ [ 13.137500326013155, 47.127499356311873 ], [ 13.137490000223668, 47.127500005896749 ] ], [ [ 13.137500326013155, 47.127499356311873 ], [ 13.139170000227798, 47.124170005889539 ], [ 13.136670000222175, 47.120830005882411 ], [ 13.135830000220484, 47.116670005873523 ], [ 13.136670000222921, 47.109170005857365 ], [ 13.131670000211297, 47.10833000585572 ], [ 13.126670000200011, 47.102500005843353 ], [ 13.126670000200109, 47.100830005839768 ], [ 13.118330000181073, 47.094170005825717 ], [ 13.117500000179346, 47.090830005818567 ], [ 13.120830000187432, 47.085830005807686 ], [ 13.13166000021296, 47.081660005798376 ], [ 13.138330000228841, 47.076660005787382 ], [ 13.145830000246498, 47.074160005781749 ], [ 13.155000000267931, 47.07333000577966 ], [ 13.172500000309409, 47.062500005755759 ], [ 13.179160000324986, 47.06166000575373 ], [ 13.180830000328983, 47.060000005750112 ], [ 13.185830000340633, 47.060000005749949 ], [ 13.187490000344603, 47.058330005746278 ], [ 13.189990000350388, 47.059160005747991 ], [ 13.19333000035822, 47.058330005746079 ], [ 13.195830000364145, 47.056660005742415 ], [ 13.208330000393321, 47.055830005740162 ], [ 13.219990000420236, 47.060000005748748 ], [ 13.223330000428026, 47.060000005748627 ], [ 13.227490000437468, 47.064160005757415 ], [ 13.229160000441105, 47.068330005766313 ], [ 13.226660000435134, 47.070830005771811 ] ], [ [ 13.25416000049805, 47.090000005812044 ], [ 13.254990000499831, 47.092500005817385 ], [ 13.254160000497656, 47.096660005826351 ], [ 13.256660000503324, 47.099160005831592 ], [ 13.253330000495367, 47.10250000583892 ], [ 13.24333000047206, 47.102500005839289 ], [ 13.235830000454381, 47.105830005846713 ], [ 13.229990000440777, 47.105830005846926 ], [ 13.225830000430975, 47.107500005850653 ], [ 13.220830000419317, 47.107500005850866 ], [ 13.211660000398147, 47.104160005844022 ], [ 13.206660000386229, 47.108330005853134 ], [ 13.196660000362716, 47.111660005860678 ], [ 13.194990000358716, 47.113330005864306 ], [ 13.194160000356833, 47.11250000586255 ], [ 13.1833300003311, 47.120000005879035 ], [ 13.175830000313455, 47.122500005884703 ], [ 13.175830000313345, 47.124160005888257 ], [ 13.173330000307569, 47.123330005886558 ], [ 13.173330000307462, 47.125000005890136 ], [ 13.167490000293686, 47.127500005895712 ], [ 13.159990000276126, 47.128330005897752 ], [ 13.150830000254862, 47.126660005894479 ], [ 13.137500326013155, 47.127499356311873 ] ], [ [ 13.310830000634283, 47.015830005650358 ], [ 13.309160000630492, 47.014160005646843 ], [ 13.307490000626565, 47.015000005648687 ], [ 13.297490000603348, 47.014160005647248 ], [ 13.289160000584209, 47.010000005638609 ], [ 13.274990000551197, 47.010830005640926 ], [ 13.264990000527776, 47.013330005646672 ], [ 13.264160000525896, 47.012500005644917 ], [ 13.262490000521915, 47.014160005648556 ], [ 13.257490000510275, 47.014160005648741 ], [ 13.246660000484875, 47.017500005656331 ], [ 13.239990000469053, 47.022500005667325 ], [ 13.231660000449653, 47.022500005667609 ], [ 13.228330000441803, 47.024160005671305 ], [ 13.221660000426372, 47.022500005667993 ], [ 13.215830000412744, 47.023330005669948 ], [ 13.214160000408953, 47.021660005666419 ], [ 13.208330000395426, 47.020830005664827 ], [ 13.208330000395373, 47.021660005666632 ], [ 13.198330000372236, 47.019160005661597 ], [ 13.196660000368492, 47.016660005656256 ], [ 13.193330000360685, 47.017500005658192 ], [ 13.189990000353106, 47.0141600056511 ], [ 13.189160000351118, 47.015000005652965 ], [ 13.183330000337589, 47.014160005651348 ], [ 13.179160000328022, 47.0116600056461 ], [ 13.172490000313138, 47.000830005622987 ], [ 13.173330000315246, 46.998330005617575 ], [ 13.169990000307813, 46.992500005605123 ], [ 13.171660000311906, 46.989160005597874 ] ], [ [ 13.180830000336471, 46.935000005480816 ], [ 13.184170000343897, 46.940830005493268 ], [ 13.179170000332022, 46.945000005502436 ], [ 13.180000000333704, 46.949170005511398 ], [ 13.18167000033749, 46.950830005514916 ], [ 13.181670000337302, 46.954170005522109 ], [ 13.184170000343016, 46.955830005525591 ], [ 13.183330000340918, 46.958330005531053 ], [ 13.189170000354068, 46.965830005546991 ], [ 13.184170000342084, 46.971670005559751 ], [ 13.179170000330293, 46.974170005565327 ], [ 13.174170000318346, 46.979170005576279 ], [ 13.174170000317904, 46.986670005592416 ], [ 13.171670000311925, 46.989170005597906 ] ], [ [ 13.477500000912677, 48.573330008932999 ], [ 13.474170000904673, 48.57500000893662 ], [ 13.466670000886838, 48.576670008940518 ], [ 13.455000000859297, 48.576670008941136 ], [ 13.440830000826082, 48.574170008936747 ], [ 13.435830000814285, 48.574170008937003 ], [ 13.432500000806272, 48.575830008940599 ], [ 13.420000000776913, 48.574170008937863 ], [ 13.407500000747028, 48.578330008947113 ], [ 13.395830000718565, 48.58833000896837 ], [ 13.385000000692383, 48.595000008982709 ], [ 13.375000000668528, 48.597500008988426 ], [ 13.353330000617014, 48.600830008996404 ], [ 13.337500000579597, 48.600830008997193 ], [ 13.332500000567617, 48.602500009000892 ], [ 13.324170000547927, 48.602500009001325 ], [ 13.310000000514188, 48.605000009007185 ], [ 13.303330000498098, 48.608330009014395 ], [ 13.285830000456395, 48.611670009022163 ], [ 13.278330000438647, 48.611670009022504 ], [ 13.264170000405615, 48.60667000901288 ], [ 13.255830000385867, 48.606670009013257 ], [ 13.236670000339968, 48.612500009026242 ], [ 13.225000000311706, 48.619170009040559 ], [ 13.215830000289674, 48.622500009047883 ], [ 13.210000000275391, 48.627500009058487 ], [ 13.202500000257388, 48.630000009063977 ] ], [ [ 13.249990000488683, 47.084160005799617 ], [ 13.259990000512378, 47.077500005784948 ], [ 13.265830000525872, 47.079160005788289 ], [ 13.273330000543044, 47.084160005798779 ], [ 13.277490000552733, 47.084160005798608 ], [ 13.280000000558676, 47.082500005794948 ], [ 13.294160000591605, 47.083330005796199 ], [ 13.296660000597567, 47.080830005790737 ], [ 13.297500000599468, 47.081660005792472 ], [ 13.307500000622897, 47.079160005786733 ], [ 13.311660000632491, 47.080830005790176 ], [ 13.316660000644168, 47.080000005788172 ], [ 13.319160000649887, 47.081660005791669 ], [ 13.327490000669274, 47.081660005791328 ], [ 13.330830000676906, 47.084160005796598 ], [ 13.335830000688592, 47.0833300057946 ], [ 13.341660000702586, 47.075830005778279 ], [ 13.347490000716334, 47.07250000577087 ], [ 13.353330000730253, 47.066660005758095 ], [ 13.354990000734301, 47.063330005750863 ], [ 13.364160000755902, 47.058330005739755 ], [ 13.366660000761948, 47.054160005730687 ], [ 13.370830000771781, 47.051660005725154 ], [ 13.373330000777969, 47.045000005710726 ], [ 13.380830000795907, 47.035830005690698 ], [ 13.383330000801811, 47.034160005687006 ], [ 13.387500000811501, 47.034160005686836 ], [ 13.393330000825367, 47.028330005674064 ], [ 13.394160000827254, 47.029160005675827 ], [ 13.397490000835035, 47.028330005673901 ], [ 13.400000000841041, 47.025000005666627 ], [ 13.410000000864459, 47.021660005659037 ], [ 13.413330000872465, 47.016660005648163 ], [ 13.417500000882185, 47.015830005646194 ], [ 13.419160000885952, 47.017500005649708 ], [ 13.421660000891757, 47.017500005649616 ], [ 13.4241600008977, 47.015000005644147 ], [ 13.431660000915159, 47.014160005642019 ], [ 13.43416000092123, 47.009160005631166 ], [ 13.439160000932922, 47.007500005627385 ], [ 13.445830000948673, 47.002500005616348 ], [ 13.45333000096652, 46.994160005598104 ], [ 13.459160000980219, 46.990830005590652 ], [ 13.458330000978336, 46.990000005588925 ], [ 13.459990000982412, 46.985830005579906 ], [ 13.44666000095169, 46.981660005571449 ], [ 13.441660000940052, 46.982500005573499 ], [ 13.434160000922731, 46.980830005570184 ], [ 13.425830000903314, 46.982500005574146 ], [ 13.397490000837561, 46.981660005573453 ], [ 13.383330000804584, 46.983330005577614 ], [ 13.380830000798824, 46.982500005575936 ], [ 13.372490000779409, 46.983330005578033 ], [ 13.369990000773505, 46.985000005581732 ], [ 13.364990000761894, 46.985000005581924 ], [ 13.361660000754251, 46.983330005578438 ], [ 13.359160000748389, 46.984160005580335 ], [ 13.349160000725252, 46.982500005577158 ], [ 13.348330000723271, 46.983330005578964 ], [ 13.342490000709793, 46.981660005575563 ], [ 13.337490000698132, 46.982500005577592 ], [ 13.334160000690439, 46.981660005575918 ], [ 13.331660000684487, 46.984160005581394 ], [ 13.327490000674885, 46.982500005577982 ], [ 13.324160000667009, 46.985000005583487 ], [ 13.323330000664939, 46.987500005588899 ], [ 13.323330000664853, 46.989160005592481 ], [ 13.325830000670514, 46.991660005597737 ], [ 13.324990000668054, 47.000830005617559 ], [ 13.326660000671751, 47.004160005624662 ], [ 13.324990000667777, 47.005830005628326 ], [ 13.325830000669683, 47.006660005630053 ], [ 13.320830000657772, 47.011660005640998 ] ], [ [ 13.373330000775118, 47.095830005820005 ], [ 13.368330000763157, 47.101660005832734 ], [ 13.371660000770609, 47.106660005843338 ], [ 13.371660000770472, 47.109160005848686 ], [ 13.377490000783695, 47.115000005861013 ], [ 13.379160000787298, 47.120000005871681 ], [ 13.390830000813878, 47.130000005892683 ], [ 13.394160000821529, 47.131660005896109 ], [ 13.398330000831224, 47.131660005895931 ], [ 13.399990000834995, 47.133330005899452 ], [ 13.403330000842763, 47.133330005899339 ], [ 13.409160000856561, 47.129160005890135 ], [ 13.414990000870215, 47.127500005886318 ], [ 13.42749000089975, 47.119160005867904 ], [ 13.436660000921202, 47.116660005862173 ], [ 13.440830000931081, 47.11333000585482 ], [ 13.453330000960085, 47.114160005856085 ], [ 13.455830000965982, 47.112500005852404 ], [ 13.463330000983458, 47.111660005850304 ], [ 13.469160000997086, 47.110000005846473 ], [ 13.475830001012822, 47.10583000583722 ], [ 13.485830001036129, 47.104160005833187 ], [ 13.501660001073292, 47.096660005816432 ], [ 13.51583000110624, 47.095830005814022 ], [ 13.517490001110177, 47.094160005810366 ], [ 13.528330001135332, 47.094160005809869 ], [ 13.536660001154752, 47.092500005805952 ], [ 13.544160001172326, 47.089160005798441 ], [ 13.544990001174208, 47.090000005800199 ], [ 13.54916000118393, 47.089160005798199 ], [ 13.551660001189816, 47.087500005794539 ], [ 13.553330001193643, 47.088330005796273 ], [ 13.558330001205418, 47.085000005788878 ], [ 13.561660001213097, 47.085830005790498 ], [ 13.571660001236586, 47.080000005777499 ], [ 13.574160001242339, 47.080830005779191 ], [ 13.580830003375487, 47.080000002112023 ], [ 13.585830003386343, 47.081660002115129 ], [ 13.587490003390023, 47.080000002111468 ], [ 13.593330003402684, 47.08250000211634 ], [ 13.595830003408174, 47.081660002114376 ], [ 13.599990003417073, 47.086660002124596 ], [ 13.603330003424329, 47.087500002126092 ], [ 13.606660003431456, 47.091660002134638 ] ], [ [ 13.497500001079308, 46.782500005139788 ], [ 13.50000000108486, 46.78750000515052 ], [ 13.498330001080729, 46.79333000516317 ], [ 13.500830001086236, 46.799170005175668 ], [ 13.495830001074435, 46.804170005186698 ], [ 13.496670001076339, 46.805000005188461 ], [ 13.495830001074237, 46.808330005195657 ], [ 13.494170001070318, 46.810000005199363 ], [ 13.491670001064534, 46.810000005199448 ], [ 13.492500001066373, 46.811670005203013 ], [ 13.490830001062434, 46.81333000520668 ], [ 13.494170001070085, 46.815000005210166 ], [ 13.495000001071885, 46.817500005215507 ], [ 13.496670001075749, 46.817500005215436 ], [ 13.495830001073724, 46.819170005219085 ], [ 13.496670001075591, 46.820830005222639 ], [ 13.492500001065704, 46.825830005233612 ], [ 13.492500001065347, 46.833330005249792 ], [ 13.494170001069213, 46.833330005249707 ], [ 13.496670001074762, 46.838330005260424 ], [ 13.500000001082386, 46.840000005263867 ], [ 13.500830001084031, 46.845830005276405 ], [ 13.502500001087817, 46.847500005279961 ], [ 13.501670001085779, 46.850000005285409 ], [ 13.500000001081913, 46.85000000528548 ], [ 13.500830001083596, 46.855000005296233 ], [ 13.503330001089303, 46.856670005299698 ], [ 13.50167000108538, 46.858330005303372 ], [ 13.506670001096678, 46.864170005315778 ], [ 13.506670001096314, 46.871670005331936 ], [ 13.514170001113319, 46.87917000534781 ], [ 13.514170001113158, 46.882500005354984 ], [ 13.520830001128335, 46.887500005365489 ], [ 13.520830001128219, 46.890000005370844 ], [ 13.523330001134008, 46.890000005370773 ], [ 13.528330001145267, 46.896670005384934 ], [ 13.529170001147046, 46.900000005392108 ], [ 13.533330001156521, 46.90333000539907 ], [ 13.533330001156397, 46.905830005404461 ], [ 13.53000000114849, 46.910000005413607 ], [ 13.532500001154117, 46.913330005420676 ], [ 13.527500001142412, 46.915830005426272 ], [ 13.52583000113839, 46.91917000543355 ], [ 13.527500001141846, 46.927500005451414 ], [ 13.520000001124101, 46.935000005467892 ], [ 13.520830001125908, 46.937500005473254 ], [ 13.519170001122014, 46.938330005475088 ], [ 13.519170001121934, 46.940000005478687 ], [ 13.513330001108407, 46.940000005478929 ], [ 13.513330001108192, 46.944170005487919 ], [ 13.511670001104276, 46.94583000549158 ], [ 13.507500001094607, 46.945830005491729 ], [ 13.504170001086811, 46.947500005495499 ], [ 13.503330001084693, 46.950830005502723 ], [ 13.502500001082808, 46.950000005500961 ], [ 13.498330001072892, 46.955000005511906 ], [ 13.493330001061265, 46.955830005513889 ], [ 13.494170001063132, 46.957500005517474 ], [ 13.493330001061096, 46.959170005521095 ], [ 13.48917000105145, 46.959170005521258 ], [ 13.487500001047664, 46.957500005517751 ], [ 13.482500001036026, 46.958330005519734 ], [ 13.480000001029936, 46.964170005532416 ], [ 13.477500001024143, 46.964170005532537 ], [ 13.474170001016287, 46.966670005538042 ], [ 13.470000001006193, 46.975000005556161 ], [ 13.470830001008025, 46.976670005559718 ], [ 13.464170000992324, 46.981670005570777 ], [ 13.46500000099412, 46.984170005576118 ], [ 13.460830000984355, 46.985830005579857 ], [ 13.459170000980546, 46.985000005578136 ] ], [ [ 13.59916000339838, 47.495000002981776 ], [ 13.590830003379841, 47.500830002994626 ], [ 13.587490003372473, 47.50166000299663 ], [ 13.583330003363391, 47.500830002995237 ], [ 13.581660003359648, 47.502500002998858 ], [ 13.577490001226561, 47.503330006682305 ], [ 13.572490001214964, 47.502500006680791 ], [ 13.569160001207358, 47.500000006675613 ], [ 13.567490001203412, 47.500830006677454 ], [ 13.561660001189876, 47.50000000667599 ], [ 13.55833000118202, 47.501660006679721 ], [ 13.557490001180108, 47.500830006677965 ], [ 13.55583000117614, 47.502500006681608 ], [ 13.546660001154715, 47.503330006683825 ], [ 13.544160001148731, 47.505830006689251 ], [ 13.534160001125162, 47.510000006698604 ], [ 13.528330001111158, 47.516660006713053 ], [ 13.526660001107262, 47.516660006713131 ], [ 13.5133300010756, 47.525830006733273 ], [ 13.502490001049996, 47.530830006744431 ], [ 13.496660001036339, 47.531660006746478 ], [ 13.494990001032075, 47.537500006758989 ], [ 13.497490001037695, 47.540830006765951 ], [ 13.501660001047375, 47.541660006767493 ], [ 13.505830001056838, 47.545830006776157 ], [ 13.506660001058831, 47.545000006774373 ], [ 13.509990001066546, 47.545830006775979 ], [ 13.516660001081796, 47.550830006786271 ], [ 13.519990001089093, 47.55833000680208 ], [ 13.518330001084797, 47.565000006816319 ], [ 13.533330001118902, 47.579160006845683 ], [ 13.542490001140063, 47.582490006852311 ], [ 13.544990001145951, 47.581660006850427 ], [ 13.545830001147859, 47.582490006852154 ], [ 13.544990001145793, 47.584160006855718 ], [ 13.552490001163077, 47.587500006862463 ], [ 13.559990001180523, 47.58833000686387 ], [ 13.56416000119035, 47.586660006860114 ], [ 13.569990001203957, 47.586660006859823 ], [ 13.58166000335523, 47.5925000031867 ], [ 13.594990003384321, 47.59583000319256 ], [ 13.600830003397183, 47.595000003190322 ], [ 13.603330003402752, 47.593330003186658 ], [ 13.604990003406355, 47.594160003188215 ], [ 13.605830003408274, 47.592500003184696 ], [ 13.614160003426688, 47.589990003178805 ], [ 13.620830003441275, 47.590830003179974 ], [ 13.623330003446844, 47.589160003176296 ], [ 13.629160003459509, 47.591660003181026 ], [ 13.640830003485142, 47.590830003178347 ], [ 13.646660003497848, 47.59250000318135 ], [ 13.65166000350885, 47.59166000317915 ], [ 13.657490003521835, 47.587500003170007 ], [ 13.662500003532816, 47.587500003169581 ] ], [ [ 16.302500007394585, 46.525000004372579 ], [ 16.300830007391049, 46.527500004378119 ], [ 16.290830007369234, 46.526670004377422 ], [ 16.285830007358481, 46.530000004385101 ], [ 16.281670007349678, 46.536670004399788 ], [ 16.279170007344202, 46.535830004398264 ], [ 16.275000007335251, 46.539170004405854 ], [ 16.273330007331577, 46.538330004404258 ], [ 16.26917000732254, 46.539170004406479 ], [ 16.265000007313606, 46.543330004415822 ], [ 16.251670007284673, 46.546670004424428 ], [ 16.250830007282808, 46.545830004422719 ], [ 16.239170007257592, 46.551670004436467 ], [ 16.235830007250431, 46.55500000444394 ], [ 16.237500007254145, 46.556670004447319 ], [ 16.232500007243299, 46.558330004451413 ], [ 16.229170007236274, 46.565000004466043 ], [ 16.22167000722018, 46.572500004482855 ], [ 16.218330007212913, 46.573330004484994 ], [ 16.216670007209395, 46.57583000449052 ], [ 16.209170007193059, 46.577500004494901 ], [ 16.205830007185863, 46.580000004500604 ], [ 16.205000007184015, 46.579170004498913 ], [ 16.203330007180426, 46.580830004502644 ], [ 16.200000007173156, 46.580830004503007 ], [ 16.197500007167783, 46.583330004508611 ], [ 16.195830007164133, 46.583330004508774 ], [ 16.195000007162406, 46.585830004514222 ], [ 16.192500007157001, 46.587500004518041 ], [ 16.181670007133331, 46.587500004519207 ], [ 16.180000007129738, 46.58917000452297 ], [ 16.179170007127887, 46.588330004521268 ], [ 16.175830007120627, 46.589170004523432 ], [ 16.172500007113459, 46.592500004530891 ], [ 16.166670007100699, 46.592500004531516 ], [ 16.158330007082629, 46.597500004543072 ], [ 16.154170007073507, 46.596670004541771 ], [ 16.151670007068088, 46.598330004545566 ], [ 16.147500007058966, 46.598330004546021 ], [ 16.143330007049972, 46.602500004555374 ], [ 16.141670007046308, 46.601670004553803 ], [ 16.140830007044535, 46.603330004557428 ], [ 16.132500007026326, 46.604170004560117 ], [ 16.127490231932839, 46.608331732380989 ], [ 16.122490255685303, 46.608331735725478 ], [ 16.113320303954573, 46.611671725887241 ], [ 16.105820337232348, 46.610001738895654 ], [ 16.100820362157169, 46.610831738274285 ], [ 16.095820392965223, 46.615831717707628 ], [ 16.092490407616552, 46.615001723908748 ], [ 16.08999042419412, 46.618331709655379 ], [ 16.090820422606651, 46.620001701111079 ], [ 16.088320435657661, 46.620831698815948 ], [ 16.083320466475982, 46.625831678249313 ], [ 16.07999048348767, 46.626671676462948 ], [ 16.079990487017628, 46.629171664504064 ], [ 16.07749050243001, 46.631671654220696 ], [ 16.074160520602213, 46.633331648511934 ], [ 16.070820535305213, 46.632501654721622 ], [ 16.069990541609734, 46.634171647289236 ], [ 16.068320548360806, 46.633331652427415 ], [ 16.066660557438187, 46.63417164952218 ], [ 16.067490554665788, 46.635001644995036 ], [ 16.064990568909391, 46.636671638682493 ], [ 16.064990572442561, 46.639171626722813 ], [ 16.061670008613067, 46.644170000938921 ], [ 16.049170008587858, 46.648330000949237 ], [ 16.046670008582879, 46.650830000954755 ], [ 16.04167000857279, 46.652500000958931 ], [ 16.038330008566188, 46.656670000968049 ], [ 16.033330008556021, 46.656670000968688 ], [ 16.033330008556089, 46.658330000972178 ], [ 16.02917000854767, 46.659170000974449 ], [ 16.024170008537642, 46.662500000982064 ], [ 16.015000008518982, 46.66250000098325 ], [ 16.013330008515659, 46.664170000986964 ], [ 16.012500008513932, 46.663330000985312 ], [ 16.01083000851057, 46.664170000987269 ], [ 16.006670008502276, 46.668330000996498 ], [ 16.005000008498982, 46.67083000100196 ], [ 16.005000008499103, 46.674170001008875 ], [ 15.99917000848745, 46.679170001020104 ], [ 15.999170008487509, 46.680830001023566 ], [ 15.99750000848408, 46.680000001022023 ], [ 15.993330008475688, 46.682500001027783 ], [ 15.983330008455416, 46.685000001034325 ], [ 15.971670008431669, 46.685000001035824 ], [ 15.950830008389318, 46.688330001045472 ], [ 15.950000008387583, 46.687500001043823 ], [ 15.93917000836568, 46.69250000105567 ], [ 15.922500008332129, 46.70500000108391 ], [ 15.920830008328688, 46.704170001082375 ], [ 15.919170008325388, 46.706670001087808 ], [ 15.914170008315271, 46.709170001093689 ], [ 15.90750000830168, 46.710000001096269 ], [ 15.903330008293247, 46.712500001102036 ], [ 15.893330008272843, 46.713330001105028 ], [ 15.890830008267798, 46.715000001108841 ], [ 15.890000008266066, 46.714170001107206 ], [ 15.887500008261046, 46.71667000111276 ], [ 15.88500000825591, 46.715830001111335 ], [ 15.883330008252551, 46.71750000111502 ], [ 15.873330008232212, 46.720830001123261 ], [ 15.872500008230492, 46.72000000112164 ], [ 15.867500008220327, 46.72167000112573 ], [ 15.85083000818627, 46.723330001131323 ], [ 15.850000008184601, 46.724170001133196 ], [ 15.848330008181115, 46.722500001129909 ], [ 15.83333000815041, 46.72250000113182 ], [ 15.811670008105862, 46.717500001124094 ], [ 15.805000008092254, 46.719170001128411 ], [ 15.800830008083643, 46.717500001125444 ], [ 15.798330008078402, 46.714170001118816 ], [ 15.791670008064616, 46.710000001110942 ], [ 15.790830008062926, 46.710830001112768 ], [ 15.788330008057709, 46.708330001107861 ], [ 15.76750000801465, 46.698330001089538 ], [ 15.763330008006152, 46.700000001093564 ], [ 15.758330007995815, 46.697500001088947 ], [ 15.746670007971876, 46.697500001090383 ], [ 15.743330007965096, 46.700000001096036 ], [ 15.736670007951423, 46.700000001096853 ], [ 15.725000007927308, 46.695830001089561 ], [ 15.724170007925629, 46.69667000109142 ], [ 15.719170007915338, 46.695830001090336 ], [ 15.71583000790852, 46.697500001094205 ], [ 15.701670007879471, 46.699170001099453 ], [ 15.69917000787431, 46.698330001098007 ], [ 15.691670007858939, 46.700000001102403 ], [ 15.68250000784022, 46.705000001114009 ], [ 15.678330007831642, 46.705000001114492 ], [ 15.675000007824865, 46.707500001120167 ], [ 15.666670007807669, 46.705830001117683 ], [ 15.65833000779052, 46.706670001120415 ], [ 15.647500007768171, 46.705000001118279 ], [ 15.637500007747688, 46.709170001128207 ], [ 15.635830007744229, 46.708330001126654 ], [ 15.635830007744278, 46.710000001130147 ], [ 15.634170007740822, 46.709170001128612 ], [ 15.626670007725506, 46.714170001139969 ], [ 15.625830007723765, 46.713330001138345 ], [ 15.618330007708467, 46.719170001151468 ], [ 15.601670007674269, 46.725000001165711 ], [ 15.597500007665655, 46.725000001166194 ], [ 15.585830007641658, 46.728330001174569 ], [ 15.581670007633079, 46.728330001175081 ], [ 15.577500007624534, 46.730830001180806 ], [ 15.576670007622999, 46.73750000119486 ], [ 15.571670007612802, 46.742500001205961 ], [ 15.568330007606056, 46.748330001218562 ], [ 15.568330007606212, 46.754170001230776 ], [ 15.573330007617013, 46.77250000126854 ], [ 15.576670007623953, 46.774170001271621 ], [ 15.580000007630934, 46.778330001279905 ], [ 15.581670007634385, 46.778330001279713 ], [ 15.585000007641421, 46.784170001291564 ], [ 15.584170007640202, 46.804170001333468 ], [ 15.585830007643869, 46.814170001354142 ], [ 15.580000007631961, 46.820000001367042 ], [ 15.578330007628484, 46.819170001365535 ], [ 15.575000007621657, 46.821670001371139 ], [ 15.57417000762001, 46.824170001376487 ], [ 15.570830007613113, 46.825000001378626 ], [ 15.567500007606315, 46.828330001386 ], [ 15.565000007601139, 46.828330001386313 ], [ 15.557500007585743, 46.833330001397655 ], [ 15.543330007556708, 46.846670001427263 ], [ 15.540000007549997, 46.855000001445063 ], [ 15.53083000753124, 46.865830001468829 ], [ 15.532500007534786, 46.870000001477329 ], [ 15.531670007533167, 46.875000001487876 ], [ 15.524170007517792, 46.883330001506188 ], [ 15.509170007486908, 46.894170001530661 ], [ 15.506670007481716, 46.893330001529222 ], [ 15.505830007479998, 46.895000001532821 ], [ 15.50333000747484, 46.895830001534847 ], [ 15.500000007467911, 46.895000001533511 ], [ 15.48583000743878, 46.909170001564839 ], [ 15.486670007440534, 46.910000001566473 ], [ 15.484170007435413, 46.913330001573719 ], [ 15.488330007444116, 46.917500001581907 ], [ 15.49833000746491, 46.920000001585926 ], [ 15.501670007471903, 46.92333000159244 ], [ 15.505830007480705, 46.932500001611082 ], [ 15.503330007475629, 46.938330001623591 ], [ 15.502500007474067, 46.948330001644543 ], [ 15.496670007462169, 46.960000001669613 ], [ 15.485830007439818, 46.970000001691794 ], [ 15.479170007426202, 46.983330001720454 ], [ 15.467500007402142, 46.996670001749663 ], [ 15.468330007403894, 46.997500001751312 ], [ 15.455830007378202, 47.019170001798031 ], [ 15.45667000737998, 47.021670001803137 ], [ 15.451670007369648, 47.027500001815902 ], [ 15.452500007371414, 47.030000001821008 ], [ 15.449170007364508, 47.031670001824892 ], [ 15.447500007361091, 47.035830001833794 ], [ 15.445830007357605, 47.035000001832252 ], [ 15.445830007357625, 47.036670001835709 ], [ 15.443330007352452, 47.039170001841256 ], [ 15.443330007352516, 47.044170001851654 ], [ 15.436670007338755, 47.053330001871586 ], [ 15.434170007333657, 47.061670001889233 ], [ 15.435000007335521, 47.074170001915185 ], [ 15.433330007332053, 47.07583000191886 ], [ 15.433330007332094, 47.078330001924058 ], [ 15.431670007328652, 47.080830001929485 ], [ 15.423330007311346, 47.08667000194265 ], [ 15.423330007311367, 47.089170001947856 ], [ 15.413330007290625, 47.099170001969902 ], [ 15.410000007283688, 47.100000001972042 ], [ 15.409170007281976, 47.101670001975627 ], [ 15.400000007262902, 47.107500001988889 ], [ 15.385000007231609, 47.107500001990729 ], [ 15.378330007217713, 47.110830001998494 ], [ 15.374170007209088, 47.117500002012875 ], [ 15.369170007198665, 47.119170002016958 ], [ 15.367500007195167, 47.118330002015419 ], [ 15.366670007193438, 47.119170002017263 ], [ 15.360000007179503, 47.118330002016314 ], [ 15.35750000717429, 47.120000002020106 ], [ 15.352500007163846, 47.119170002018997 ], [ 15.347500007153407, 47.121670002024771 ], [ 15.338330007134305, 47.129170002041526 ], [ 15.327500007111661, 47.129170002042862 ], [ 15.324170007104721, 47.133330002051892 ], [ 15.32417000710474, 47.135000002055399 ], [ 15.328330007113458, 47.139170002063572 ], [ 15.327500007111766, 47.145830002077524 ], [ 15.32333000710307, 47.150000002086735 ], [ 15.323330007103076, 47.151670002090192 ], [ 15.320000007096118, 47.153330002094037 ], [ 15.316670007089188, 47.159170002106613 ], [ 15.318330007092682, 47.165000002118539 ], [ 15.320830007097934, 47.16750000212344 ], [ 15.320000007096226, 47.173330002135671 ], [ 15.321670007099724, 47.175000002138951 ], [ 15.330000007117166, 47.178330002144854 ], [ 15.330000007117178, 47.180000002148319 ], [ 15.338330007134646, 47.189170002166385 ], [ 15.34250000714337, 47.190000002167601 ], [ 15.34583000715034, 47.192500002172373 ], [ 15.344170007146895, 47.19583000217952 ], [ 15.344170007146911, 47.200000002188169 ], [ 15.340000007138196, 47.201670002192181 ], [ 15.335830007129493, 47.20750000220481 ], [ 15.339170007136509, 47.213330002216516 ], [ 15.339170007136509, 47.215000002219988 ], [ 15.336670007131282, 47.215830002221992 ], [ 15.335830007129541, 47.21917000222907 ], [ 15.341670007141783, 47.225830002242191 ], [ 15.338330007134799, 47.227500002246046 ], [ 15.330000007117386, 47.235830002264393 ], [ 15.321670007099932, 47.231670002256784 ], [ 15.315830007087712, 47.23417000226268 ], [ 15.313330007082479, 47.236670002268177 ], [ 15.31167000707903, 47.246670002289171 ], [ 15.310000007075542, 47.248330002292811 ], [ 15.310000007075542, 47.251670002299754 ], [ 15.316670007089519, 47.256670002309299 ], [ 15.315000007086029, 47.26000000231646 ], [ 15.315000007086025, 47.264170002325088 ], [ 15.319170007094769, 47.26500000232631 ], [ 15.325830007108728, 47.270000002335884 ], [ 15.330000007117468, 47.270830002337107 ], [ 15.332500007122704, 47.275000002345436 ], [ 15.330830007119211, 47.276670002349114 ], [ 15.330000007117471, 47.275830002347476 ], [ 15.325000007107004, 47.277500002351552 ], [ 15.322500007101773, 47.28083000235879 ], [ 15.317500007091303, 47.280830002359401 ], [ 15.312500007080819, 47.283330002365204 ], [ 15.309170007073838, 47.283330002365581 ], [ 15.308330007072085, 47.286670002372666 ], [ 15.310000007075585, 47.288330002375872 ], [ 15.316670007089558, 47.290000002378505 ], [ 15.317500007091303, 47.289170002376686 ], [ 15.320830007098277, 47.290830002379749 ], [ 15.326670007110513, 47.29083000237901 ], [ 15.333330007124461, 47.293330002383392 ], [ 15.338330007134941, 47.293330002382767 ], [ 15.34500000714891, 47.297500002390585 ], [ 15.367500007196019, 47.301670002396428 ], [ 15.370000007201245, 47.303330002399569 ], [ 15.37000000720125, 47.305000002403027 ], [ 15.373330007208223, 47.304170002400895 ], [ 15.37667000721521, 47.30750000240738 ], [ 15.375000007211717, 47.310000002412757 ], [ 15.375000007211725, 47.314170002421427 ], [ 15.370000007201265, 47.318330002430656 ], [ 15.363330007187313, 47.32750000245052 ], [ 15.360830007182079, 47.330000002456003 ], [ 15.358330007176846, 47.330000002456323 ], [ 15.353330007166377, 47.333330002463846 ], [ 15.352500007164631, 47.343330002484649 ], [ 15.347500007154155, 47.350000002499129 ], [ 15.338330007134932, 47.355830002512342 ], [ 15.339170007136689, 47.357500002515707 ], [ 15.33667000713144, 47.363330002528123 ], [ 15.338330007134923, 47.365000002531382 ], [ 15.336670007131437, 47.36750000253673 ], [ 15.330000007117446, 47.370000002542753 ], [ 15.325830007108706, 47.370000002543264 ], [ 15.322500007101715, 47.372500002548882 ], [ 15.315000007085985, 47.37250000254982 ], [ 15.305830007066742, 47.375000002556142 ], [ 15.305830007066737, 47.378330002563025 ], [ 15.311670007078954, 47.389170002584748 ], [ 15.309170007073696, 47.3933300025937 ], [ 15.304170007063201, 47.394170002596049 ], [ 15.299170007052718, 47.391670002591511 ], [ 15.290830007035202, 47.391670002592541 ], [ 15.285000007022939, 47.396670002603607 ], [ 15.285000007022935, 47.399170002608791 ], [ 15.28750000702817, 47.402500002615376 ], [ 15.283330007019369, 47.410830002633148 ], [ 15.281670007015894, 47.409170002629928 ], [ 15.275000007001875, 47.410000002632444 ], [ 15.265000006980884, 47.406670002626804 ], [ 15.254170006958125, 47.405830002626402 ], [ 15.249170006947629, 47.402500002620137 ], [ 15.240830006930091, 47.403330002622873 ], [ 15.236670006921361, 47.400000002616494 ], [ 15.23250000691259, 47.400000002617006 ], [ 15.229170006905564, 47.404170002626053 ], [ 15.228330006903798, 47.403330002624436 ], [ 15.22500000689678, 47.405830002630019 ], [ 15.22417000689504, 47.405000002628398 ], [ 15.218330006882734, 47.407500002634301 ], [ 15.21333000687221, 47.407500002634904 ], [ 15.2133300068722, 47.409170002638369 ], [ 15.208330006861647, 47.413330002647577 ], [ 15.200830006845859, 47.413330002648507 ], [ 15.19667000683714, 47.407500002636944 ], [ 15.18667000681611, 47.402500002627818 ], [ 15.181670006805573, 47.402500002628422 ], [ 15.177500006796786, 47.404170002632405 ], [ 15.156670006752927, 47.398330002622799 ], [ 15.151670006742375, 47.399170002625148 ], [ 15.150000006738846, 47.400830002628801 ], [ 15.148330006735344, 47.397500002622081 ], [ 15.142500006723068, 47.39583000261932 ], [ 15.137500006712557, 47.391670002611306 ], [ 15.133330006703753, 47.393330002615244 ], [ 15.130000006696731, 47.392500002613907 ], [ 15.128330006693249, 47.386670002602038 ], [ 15.105830006645757, 47.388330002608193 ], [ 15.104170006642269, 47.386670002604923 ], [ 15.103330006640551, 47.380000002591181 ], [ 15.10000000663352, 47.380000002591586 ], [ 15.097500006628231, 47.381670002595371 ], [ 15.096670006626471, 47.383330002598896 ], [ 15.099170006631727, 47.386670002605527 ], [ 15.097500006628179, 47.38833000260918 ], [ 15.093330006619379, 47.388330002609678 ], [ 15.087500006607115, 47.38250000259827 ], [ 15.094170006621237, 47.377500002587098 ], [ 15.095000006623014, 47.374170002580108 ], [ 15.097500006628316, 47.371670002574611 ], [ 15.097500006628348, 47.366670002564227 ], [ 15.094170006621329, 47.365000002561182 ], [ 15.090000006612525, 47.365000002561672 ], [ 15.089170006610789, 47.3633300025583 ], [ 15.091670006616113, 47.358330002547611 ], [ 15.090000006612593, 47.356670002544384 ], [ 15.076670006584449, 47.357500002547674 ], [ 15.071670006573864, 47.360000002553448 ], [ 15.067500006565089, 47.355830002545261 ], [ 15.067500006565089, 47.356670002547041 ], [ 15.06500000655981, 47.355830002545581 ], [ 15.060830006550987, 47.35833000255127 ], [ 15.055000006538679, 47.355830002546746 ], [ 15.052500006533421, 47.353330002541846 ], [ 15.052500006533437, 47.35167000253842 ], [ 15.055000006538732, 47.349170002532922 ], [ 15.055000006538787, 47.342500002519081 ], [ 15.053330006535269, 47.340830002515794 ], [ 15.047500006522979, 47.337500002509579 ], [ 15.043330006514166, 47.337500002510062 ], [ 15.039170006505351, 47.340830002517471 ], [ 15.031670006489493, 47.340830002518324 ], [ 15.030000006485968, 47.340000002516824 ], [ 15.03250000649127, 47.338330002513054 ], [ 15.033330006493047, 47.335830002507763 ], [ 15.030830006487774, 47.333330002502841 ], [ 15.030000006486016, 47.334170002504685 ], [ 15.026670006478998, 47.332500002501632 ], [ 15.017500006459583, 47.335000002507897 ], [ 15.014170006452558, 47.33333000250483 ], [ 15.005830006434925, 47.333330002505775 ], [ 14.999170006420865, 47.329170002497904 ], [ 14.996670006415583, 47.329170002498174 ], [ 14.989170006399673, 47.333330002507694 ], [ 14.983330006387311, 47.332500002506663 ], [ 14.976670006373311, 47.322500002486635 ], [ 14.971670006362723, 47.32250000248721 ], [ 14.968330006355703, 47.317500002477203 ], [ 14.963330006345149, 47.313330002469101 ], [ 14.955830006329245, 47.315830002475153 ], [ 14.954170006325741, 47.31417000247189 ], [ 14.958330006334577, 47.311670002466229 ], [ 14.954170006325818, 47.305830002454542 ], [ 14.955000006327598, 47.30333000244925 ], [ 14.950830006318803, 47.3000000024428 ], [ 14.945000006306438, 47.300830002445196 ], [ 14.94333000630292, 47.299170002441933 ], [ 14.944170006304715, 47.297500002438348 ], [ 14.943330006302949, 47.295830002434997 ], [ 14.942500006301186, 47.296670002436819 ], [ 14.9425000063012, 47.295000002433348 ], [ 14.944170006304747, 47.294170002431436 ], [ 14.943330006303045, 47.285000002412453 ], [ 14.934170006283683, 47.280830002404812 ], [ 14.925000006264256, 47.28000000240413 ], [ 14.919170006251928, 47.277500002399577 ], [ 14.911670006236102, 47.269170002383063 ], [ 14.913330006239651, 47.265830002375928 ], [ 14.917500006248506, 47.26333000237026 ], [ 14.915830006244981, 47.261670002366984 ], [ 14.910000006232623, 47.262500002369357 ], [ 14.910000006232654, 47.258330002360687 ], [ 14.91333000623974, 47.255000002353384 ], [ 14.913330006239752, 47.253330002349891 ], [ 14.911670006236243, 47.252500002348334 ], [ 14.907500006227391, 47.254170002352289 ], [ 14.890830006192061, 47.253330002352421 ], [ 14.886670006183239, 47.255000002356383 ], [ 14.880000006169121, 47.25167000235016 ], [ 14.877500006163807, 47.252500002352171 ], [ 14.871670006151474, 47.249170002345892 ], [ 14.866670006140874, 47.248330002344709 ], [ 14.866670006140899, 47.245830002339503 ], [ 14.862500006132098, 47.241670002331276 ], [ 14.85833000612325, 47.24083000233 ], [ 14.856670006119739, 47.239170002326674 ], [ 14.854170006114432, 47.240000002328713 ], [ 14.855000006116212, 47.238330002325142 ], [ 14.853330006112667, 47.23833000232532 ], [ 14.852500006110928, 47.235830002320213 ], [ 14.85000000610564, 47.234170002317029 ], [ 14.845000006095001, 47.237500002324531 ], [ 14.840830006086152, 47.236670002323258 ], [ 14.8408300060862, 47.231670002312825 ], [ 14.843330006091511, 47.230830002310775 ], [ 14.842500006089788, 47.225830002300455 ], [ 14.846670006098719, 47.217500002282627 ], [ 14.843330006091657, 47.214170002276049 ], [ 14.842500006089919, 47.210830002269162 ], [ 14.843330006091696, 47.208330002263843 ], [ 14.844170006093471, 47.209170002265523 ], [ 14.845830006097005, 47.208330002263601 ], [ 14.846670006098828, 47.204170002254813 ], [ 14.840830006086478, 47.200000002246782 ], [ 14.833330006070556, 47.200000002247585 ], [ 14.823330006049355, 47.197500002243466 ], [ 14.820000006042317, 47.194170002236874 ], [ 14.814170006029942, 47.19417000223752 ], [ 14.811670006024647, 47.192500002234283 ], [ 14.805830006012217, 47.195830002241891 ], [ 14.803330006006927, 47.194170002238707 ], [ 14.802500006005147, 47.195830002242289 ], [ 14.799170005998077, 47.19583000224263 ], [ 14.796670005992791, 47.193330002237687 ], [ 14.792500005983932, 47.192500002236379 ], [ 14.790000005978657, 47.188330002227943 ], [ 14.789170005976889, 47.189170002229787 ], [ 14.786670005971599, 47.186670002224844 ], [ 14.783330005964503, 47.186670002225192 ], [ 14.778330005953842, 47.190830002234435 ], [ 14.776670005950319, 47.190830002234613 ], [ 14.771670005939725, 47.186670002226457 ], [ 14.770830005937974, 47.184170002221322 ], [ 14.767500005930877, 47.185000002223411 ], [ 14.767500005930906, 47.183330002219925 ], [ 14.764170005923832, 47.181670002216848 ], [ 14.765000005925568, 47.185000002223688 ], [ 14.760000005914927, 47.186670002227714 ], [ 14.759170005913175, 47.185830002226062 ], [ 14.759170005913155, 47.187500002229548 ], [ 14.754170005902528, 47.186670002228354 ], [ 14.750000005893709, 47.182500002220102 ], [ 14.746670005886633, 47.181670002218716 ], [ 14.74083000587421, 47.182500002221083 ], [ 14.739170005870696, 47.180830002217768 ], [ 14.740830005874273, 47.17583000220715 ], [ 14.738330005868971, 47.174170002203923 ], [ 14.739170005870772, 47.173330002202107 ], [ 14.737500005867238, 47.171670002198802 ], [ 14.735000005861915, 47.170830002197334 ], [ 14.73417000586015, 47.171670002199157 ], [ 14.730830005853056, 47.170830002197789 ], [ 14.724170005838857, 47.174170002205464 ], [ 14.722500005835252, 47.178330002214345 ], [ 14.722500005835244, 47.180000002217803 ], [ 14.725830005842278, 47.183330002224416 ], [ 14.724170005838742, 47.185000002228094 ], [ 14.717500005824567, 47.183330002225304 ], [ 14.71250000581388, 47.186670002232795 ], [ 14.710000005808581, 47.185000002229607 ], [ 14.710830005810418, 47.179170002217326 ], [ 14.704170005796261, 47.175830002211036 ], [ 14.698330005783836, 47.175830002211661 ], [ 14.69583000577849, 47.17750000221541 ], [ 14.693330005773182, 47.176670002213953 ], [ 14.689170005764284, 47.180000002221362 ], [ 14.68333000575187, 47.178330002218495 ], [ 14.681670005748312, 47.180000002222158 ], [ 14.680000005744771, 47.179170002220594 ], [ 14.679170005742982, 47.180830002224141 ], [ 14.671670005727005, 47.180830002224951 ], [ 14.670000005723463, 47.179170002221646 ], [ 14.671670005727089, 47.174170002211021 ], [ 14.675000005734184, 47.173330002208893 ], [ 14.675830005735971, 47.17167000220536 ], [ 14.667500005718244, 47.170000002202748 ], [ 14.665000005712887, 47.172500002208224 ], [ 14.649170005679146, 47.172500002209894 ], [ 14.636670005652434, 47.177500002221656 ], [ 14.626670005631109, 47.177500002222693 ], [ 14.625000005627575, 47.175830002219364 ], [ 14.622500005622232, 47.175830002219634 ], [ 14.622500005622189, 47.179170002226606 ], [ 14.617500005611463, 47.184170002237586 ], [ 14.610000005595477, 47.182500002234875 ], [ 14.601670005577601, 47.190000002251431 ], [ 14.595000005563374, 47.189170002250378 ], [ 14.586670005545519, 47.19333000225992 ], [ 14.585830005543743, 47.192500002258313 ], [ 14.584170005540129, 47.196670002267169 ], [ 14.585830005543636, 47.200000002273974 ], [ 14.582500005536474, 47.203330002281277 ], [ 14.567500005504424, 47.20333000228284 ], [ 14.567500005504384, 47.205830002288074 ], [ 14.565830005500795, 47.207500002291717 ], [ 14.560830005490082, 47.209170002295743 ], [ 14.556670005481188, 47.209170002296155 ], [ 14.552500005472327, 47.205830002289616 ], [ 14.550000005466977, 47.205830002289865 ], [ 14.544170005454447, 47.210000002299175 ], [ 14.535830005436642, 47.208330002296513 ], [ 14.529170005422362, 47.210000002300703 ], [ 14.526670005417031, 47.209170002299238 ], [ 14.525830005415294, 47.205830002292323 ], [ 14.524170005411733, 47.205830002292487 ], [ 14.522500005408206, 47.203330002287416 ], [ 14.519170005401081, 47.203330002287771 ], [ 14.512500005386705, 47.210000002302429 ], [ 14.495830005350996, 47.211670002307564 ], [ 14.492500005343899, 47.209170002302692 ], [ 14.48667000533143, 47.208330002301508 ], [ 14.483330005324225, 47.211670002308836 ], [ 14.475000005306338, 47.214170002314916 ], [ 14.470830005297449, 47.211670002310079 ], [ 14.458330005270678, 47.210830002309571 ], [ 14.449170005251194, 47.202500002293093 ], [ 14.442500005236969, 47.199170002286806 ], [ 14.439170005229821, 47.199170002287111 ], [ 14.436670005224506, 47.196670002282119 ], [ 14.436670005224585, 47.191670002271685 ], [ 14.426670005203363, 47.180000002248235 ], [ 14.426670005203409, 47.177500002243022 ], [ 14.424170005198061, 47.176670002241522 ], [ 14.42167000519278, 47.172500002233043 ], [ 14.42417000519819, 47.169170002225812 ], [ 14.418330005185757, 47.164170002215926 ], [ 14.420830005191176, 47.160830002208662 ], [ 14.420000005189456, 47.157500002201779 ], [ 14.405830005159066, 47.157500002203179 ], [ 14.40333000515372, 47.156670002201693 ], [ 14.40417000515556, 47.155000002198101 ], [ 14.403330005153787, 47.153330002194693 ], [ 14.39667000513955, 47.150830002190112 ], [ 14.393330005132453, 47.146670002181686 ], [ 14.392500005130659, 47.147500002183534 ], [ 14.38250000510928, 47.14333000217578 ], [ 14.375830005095098, 47.135830002160688 ], [ 14.370000005082545, 47.138330002166498 ], [ 14.350830005041457, 47.13500000216137 ], [ 14.347500005034375, 47.131670002154721 ], [ 14.343330005025415, 47.131670002155097 ], [ 14.335830005009257, 47.134170002161078 ], [ 14.325830004987688, 47.139170002172527 ], [ 14.32167000497879, 47.137500002169425 ], [ 14.305830004944749, 47.137500002170931 ], [ 14.297500004926876, 47.135830002168227 ], [ 14.295000004921537, 47.134170002164971 ], [ 14.290000004910786, 47.134170002165462 ], [ 14.28667000490368, 47.131670002160519 ], [ 14.282500004894727, 47.130830002159193 ], [ 14.280830004891087, 47.133330002164591 ], [ 14.275830004880303, 47.135000002168525 ], [ 14.258330004842646, 47.135830002171943 ], [ 14.248330004821186, 47.132500002165891 ], [ 14.244170004812329, 47.127500002155791 ], [ 14.239170004801625, 47.125000002150998 ], [ 14.23250000478725, 47.12583000215335 ], [ 14.229170004780114, 47.124170002150187 ], [ 14.226670004774782, 47.12167000214518 ], [ 14.227500004776619, 47.119170002139867 ], [ 14.224170004769546, 47.11500000213141 ], [ 14.22500000477134, 47.11417000212959 ], [ 14.221670004764212, 47.112500002126403 ], [ 14.215830004751609, 47.113330002128684 ], [ 14.210830004740906, 47.110830002123883 ], [ 14.206670004731924, 47.111670002126019 ], [ 14.203330004724751, 47.110830002124601 ], [ 14.201670004721242, 47.107500002117746 ], [ 14.198330004714109, 47.105000002112803 ], [ 14.193330004703277, 47.107500002118535 ], [ 14.180000004674501, 47.110000002124991 ], [ 14.175830004665528, 47.109170002123612 ], [ 14.173330004660111, 47.110830002127351 ], [ 14.168330004649365, 47.10917000212433 ], [ 14.165000004642165, 47.110000002126355 ], [ 14.160830004633102, 47.113330002133736 ], [ 14.149170004607958, 47.113330002134788 ], [ 14.143330004595418, 47.110830002130072 ], [ 14.143330004595404, 47.111670002131817 ], [ 14.140000004588352, 47.10583000211988 ], [ 14.129170004564967, 47.106670002122613 ], [ 14.125000004556032, 47.104170002117755 ], [ 14.113330004530805, 47.105830002122268 ], [ 14.105830004514678, 47.103330002117694 ], [ 14.105830004514713, 47.10167000211419 ], [ 14.096670004494898, 47.103330002118525 ], [ 14.091670004484104, 47.10333000211898 ], [ 14.083330004466033, 47.105830002124947 ], [ 14.077500004453483, 47.104170002122018 ], [ 14.073330004444426, 47.105830002125842 ], [ 14.070000004437256, 47.105000002124399 ], [ 14.061670004419163, 47.109170002133915 ], [ 14.05250000439934, 47.109170002134725 ], [ 14.045830004384854, 47.111670002140549 ], [ 14.029170004348856, 47.110830002140275 ], [ 14.029170004348831, 47.11167000214202 ], [ 14.022500004334514, 47.10750000213384 ], [ 14.017500004323669, 47.108330002136022 ], [ 14.014170004316622, 47.102500002124053 ], [ 14.010000004307619, 47.101670002122702 ], [ 14.003330004293403, 47.093330002105716 ], [ 14.00083000428801, 47.092500002104231 ], [ 13.998330004282558, 47.09417000210793 ], [ 13.995830004277179, 47.09333000210637 ], [ 13.993330004271868, 47.089170002097845 ], [ 13.985830004255638, 47.089170002098506 ], [ 13.972500004226896, 47.085000002090887 ], [ 13.963330004207045, 47.085000002091661 ], [ 13.959170004197992, 47.086670002095538 ], [ 13.949170004176359, 47.085830002094625 ], [ 13.947500004172786, 47.084170002091284 ], [ 13.936670004149295, 47.085000002093949 ], [ 13.928330004131388, 47.079170002082392 ], [ 13.92417000412237, 47.079170002082741 ], [ 13.92250000411884, 47.075830002075847 ], [ 13.910000004091858, 47.071670002068139 ], [ 13.902500004075746, 47.06667000205826 ], [ 13.890000004048641, 47.066670002059304 ], [ 13.882500004032307, 47.069170002065199 ], [ 13.877500004021462, 47.069170002065619 ], [ 13.874170004014164, 47.071670002071123 ], [ 13.865830003996072, 47.071670002071826 ], [ 13.863330003990606, 47.073330002075544 ], [ 13.855000003972529, 47.07333000207624 ], [ 13.846670003954344, 47.076670002083951 ], [ 13.830000003918224, 47.074170002080074 ], [ 13.822500003901919, 47.075000002082433 ], [ 13.818330003892786, 47.077500002088023 ], [ 13.813330003881894, 47.078330002090198 ], [ 13.812500003879913, 47.084170002102553 ], [ 13.820000003896014, 47.090830002115965 ], [ 13.820830003897539, 47.100000002135189 ], [ 13.818330003891955, 47.105000002145907 ], [ 13.81667000388809, 47.113330002163622 ], [ 13.813330003880703, 47.117500002172626 ], [ 13.813330003880624, 47.120000002177882 ], [ 13.806670003865994, 47.125000002188955 ], [ 13.799170003849603, 47.12750000219485 ], [ 13.779170003806176, 47.125830002192977 ], [ 13.775000003797228, 47.121670002184565 ], [ 13.767500003780993, 47.119170002179892 ], [ 13.765830003777335, 47.12000000218179 ], [ 13.760000003764755, 47.11667000217524 ], [ 13.759170003763007, 47.115000002171797 ], [ 13.750830003744881, 47.114170002170724 ], [ 13.745830003734083, 47.111670002165866 ], [ 13.745000003732326, 47.110000002162415 ], [ 13.735830003712397, 47.109170002161378 ], [ 13.731670003703449, 47.10583000215469 ], [ 13.726670003692618, 47.104170002151605 ], [ 13.723330003685515, 47.099170002141342 ], [ 13.719170003676481, 47.098330002139896 ], [ 13.715000003667521, 47.095000002133212 ], [ 13.712500003662205, 47.090830002124619 ], [ 13.708330003653181, 47.089170002121456 ], [ 13.702500003640454, 47.090000002123688 ], [ 13.689170003611501, 47.087500002119448 ], [ 13.684170003600524, 47.090000002125123 ], [ 13.676670003584189, 47.090000002125699 ], [ 13.672500003575038, 47.091670002129547 ], [ 13.670000003569619, 47.09083000212798 ], [ 13.66917000356775, 47.092500002131573 ], [ 13.655000003536809, 47.094170002136174 ], [ 13.654170003535061, 47.092500002132731 ], [ 13.650830003527721, 47.094170002136508 ], [ 13.647500003520543, 47.091670002131494 ], [ 13.642500003509582, 47.093330002135382 ], [ 13.629170003480505, 47.093330002136398 ], [ 13.610000003438767, 47.090830002132613 ], [ 13.606670003431478, 47.091670002134663 ] ], [ [ 13.614160003431765, 47.484160002957921 ], [ 13.623330003451438, 47.493330002976307 ], [ 13.626660003458657, 47.495000002979538 ], [ 13.631660003469653, 47.494160002977395 ], [ 13.636660003480534, 47.495830002980441 ], [ 13.639990003487668, 47.499160002987139 ], [ 13.635830003478324, 47.504160002997914 ], [ 13.635830003478247, 47.505830003001414 ], [ 13.638330003483613, 47.508330003006421 ], [ 13.639990003487284, 47.507500003004573 ], [ 13.645830003499807, 47.513330003016243 ], [ 13.652490003514318, 47.515000003019168 ], [ 13.658330003526798, 47.521660003032615 ], [ 13.656660003522838, 47.528330003046662 ], [ 13.654160003517203, 47.531660003053808 ], [ 13.664990003540218, 47.546660003084241 ], [ 13.664990003539945, 47.552490003096388 ], [ 13.660830003530794, 47.55333000309848 ], [ 13.655830003519553, 47.559160003111067 ] ], [ [ 13.629990003467068, 47.470830002928729 ], [ 13.634160003475941, 47.476660002940605 ], [ 13.636660003481488, 47.475000002936945 ], [ 13.646660003503319, 47.476660002939596 ], [ 13.649990003510723, 47.474160002934099 ], [ 13.652490003516082, 47.476660002939106 ], [ 13.653330003517958, 47.475830002937307 ], [ 13.659160003530689, 47.476660002938544 ], [ 13.661660003536234, 47.475000002934884 ], [ 13.664990003543485, 47.475830002936355 ], [ 13.666660003547063, 47.477500002939699 ], [ 13.665830003545219, 47.478330002941512 ], [ 13.670830003556196, 47.477500002939337 ], [ 13.678330003572238, 47.485830002956142 ], [ 13.681660003579488, 47.486660002957578 ], [ 13.684160003584845, 47.489160002962578 ], [ 13.684990003586702, 47.48833000296078 ], [ 13.684160003584807, 47.490000002964365 ], [ 13.684990003586437, 47.494160002972997 ], [ 13.678330003571563, 47.500830002987463 ], [ 13.6766600035676, 47.50750000300151 ], [ 13.674990003563861, 47.509160003005135 ], [ 13.67583000356559, 47.511660003010263 ], [ 13.677490003569188, 47.512500003011908 ], [ 13.6758300035654, 47.515830003018969 ], [ 13.681660003577518, 47.530000003048066 ], [ 13.69999000361679, 47.548330003084779 ], [ 13.696660003609306, 47.552500003093748 ] ], [ [ 13.662500003532816, 47.587500003169581 ], [ 13.664170003536837, 47.58000000315382 ], [ 13.663330003535116, 47.577500003148664 ], [ 13.655830003519037, 47.570000003133657 ], [ 13.65583000351956, 47.55917000311107 ] ], [ [ 14.37083000302521, 48.270000008244274 ], [ 14.369170003021448, 48.268330008240937 ], [ 14.365000003011836, 48.267500008239523 ], [ 14.35583000299051, 48.268330008241982 ], [ 14.346670002969418, 48.265830008237501 ], [ 14.338330002950427, 48.260000008226058 ], [ 14.330000002931612, 48.251670008209388 ], [ 14.328330002927732, 48.251670008209501 ], [ 14.32833000292783, 48.250000008206015 ], [ 14.325830002922185, 48.247500008201001 ], [ 14.325000002920207, 48.248330008202821 ], [ 14.325000002920312, 48.246670008199366 ], [ 14.320830002910835, 48.243330008192729 ], [ 14.320000002908865, 48.244170008194558 ], [ 14.317500002903213, 48.241670008189566 ], [ 14.305000002874307, 48.240000008187039 ], [ 14.29583000285338, 48.234170008175603 ], [ 14.286670002832064, 48.235000008178055 ], [ 14.281670002820562, 48.233330008174946 ], [ 14.274170002803702, 48.224170008156449 ], [ 14.273330002801703, 48.225000008158261 ], [ 14.270830002796002, 48.22333000815496 ], [ 14.263330002778689, 48.221670008152088 ], [ 14.254170002757778, 48.2158300081406 ], [ 14.245830002738511, 48.214170008137785 ], [ 14.230000002702202, 48.206670008123339 ], [ 14.225000002690583, 48.206670008123709 ], [ 14.215830002669385, 48.205000008120926 ], [ 14.205830002646454, 48.200000008111232 ], [ 14.190830002611644, 48.19917000811062 ], [ 14.18500000259835, 48.195000008102333 ], [ 14.166670002555788, 48.194170008101942 ], [ 14.155000002529015, 48.188330008090638 ], [ 14.151670002521218, 48.189170008092631 ], [ 14.147500002511677, 48.186670008087717 ], [ 14.145830002507999, 48.183330008080866 ], [ 14.143330002502191, 48.183330008081043 ], [ 14.13833000249077, 48.180000008074465 ], [ 14.134170002481092, 48.180000008074757 ], [ 14.131670002475431, 48.177500008069742 ], [ 14.124170002457932, 48.178330008071974 ], [ 14.115830002438797, 48.174170008063911 ], [ 14.098330002398171, 48.172500008061647 ], [ 14.095000002390533, 48.170830008058417 ], [ 14.085830002369125, 48.171670008060808 ], [ 14.071670002336701, 48.163330008044376 ], [ 14.066670002325107, 48.16250000804299 ], [ 14.058330002305961, 48.158330008034881 ], [ 14.052500002292492, 48.156670008031803 ], [ 14.035830002253665, 48.156670008032947 ], [ 14.026670002232478, 48.154170008028345 ], [ 14.012500002200015, 48.145830008011906 ], [ 14.005000002182646, 48.144170008008942 ], [ 14.003330002178862, 48.142500008005563 ], [ 13.999170002169166, 48.142500008005847 ], [ 13.990000002148069, 48.138330007997737 ], [ 13.984170002134428, 48.13917000799988 ], [ 13.97750000211904, 48.136670007995114 ], [ 13.972500002107873, 48.129170007979774 ], [ 13.968330002098867, 48.118330007957361 ], [ 13.965000002091328, 48.115000007950613 ], [ 13.957500002073836, 48.115000007951132 ], [ 13.949170002055078, 48.105000007930748 ], [ 13.93417000202043, 48.100000007921267 ], [ 13.927500002005257, 48.094170007909518 ], [ 13.920000001987939, 48.091670007904767 ], [ 13.912500001970765, 48.086670007894767 ], [ 13.910830001967037, 48.084170007889604 ], [ 13.902500001947722, 48.082500007886672 ], [ 13.895830001931884, 48.086670007895826 ], [ 13.89583000193166, 48.090000007902795 ], [ 13.893330001925658, 48.092500007908207 ], [ 13.889170001916005, 48.091670007906721 ], [ 13.884170001904673, 48.086670007896565 ], [ 13.87917000189295, 48.08750000789864 ], [ 13.877500001888885, 48.090000007903996 ], [ 13.873330001879152, 48.090000007904237 ], [ 13.863330001856088, 48.085830007896128 ], [ 13.861670001852104, 48.087500007899713 ], [ 13.858330001844363, 48.086670007898185 ], [ 13.860000001848542, 48.082500007889358 ], [ 13.859170001846659, 48.081670007887666 ], [ 13.854170001835097, 48.080000007884479 ], [ 13.850830001827585, 48.075830007875929 ], [ 13.843330001810191, 48.074170007872951 ], [ 13.839170001800699, 48.070830007866213 ], [ 13.840000001802917, 48.066670007857432 ], [ 13.837500001797194, 48.065000007854074 ], [ 13.837500001797363, 48.062500007848868 ], [ 13.843330001811422, 48.05583000783453 ], [ 13.842500001809595, 48.05417000783109 ], [ 13.839170001801875, 48.053330007829537 ], [ 13.842500001809873, 48.050000007822369 ], [ 13.836670001796431, 48.047500007817455 ], [ 13.831670001785149, 48.04167000780555 ], [ 13.82250000176391, 48.039170007800863 ], [ 13.820830001760127, 48.037500007797483 ], [ 13.820000001758745, 48.029170007780067 ], [ 13.817500001753022, 48.027500007776695 ], [ 13.810830001737505, 48.026670007775358 ], [ 13.801670001716614, 48.019170007760181 ], [ 13.795000001701547, 48.011670007744847 ], [ 13.794170001700561, 47.997500007715139 ], [ 13.796670001706621, 47.994170007708014 ], [ 13.795830001704939, 47.990000007699329 ], [ 13.809170001736073, 47.990000007698512 ], [ 13.812500001744125, 47.985830007689579 ], [ 13.812500001744509, 47.980000007677297 ], [ 13.810830001740939, 47.975000007666878 ], [ 13.805830001729602, 47.970000007656701 ], [ 13.805830001729937, 47.965000007646204 ], [ 13.808330001736088, 47.960000007635536 ], [ 13.812500001745819, 47.960000007635287 ], [ 13.815000001751873, 47.956670007628148 ], [ 13.815000001752356, 47.949170007612373 ], [ 13.813330001748628, 47.946670007607224 ], [ 13.801670001721755, 47.941670007597402 ], [ 13.800000001718017, 47.93917000759226 ], [ 13.800000001718233, 47.935830007585231 ], [ 13.795830001708724, 47.932500007578447 ], [ 13.802500001724722, 47.925830007564045 ], [ 13.80333000172698, 47.920830007553484 ], [ 13.799170001717709, 47.914170007539703 ], [ 13.800000001720019, 47.908330007527375 ], [ 13.787500001691727, 47.895000007500066 ], [ 13.787500001691836, 47.89333000749653 ], [ 13.791670001701879, 47.888330007485756 ], [ 13.791670001702361, 47.880830007469974 ], [ 13.793330001706547, 47.875830007459342 ], [ 13.796673366928964, 47.871667294415268 ], [ 13.797503345312455, 47.860827346145641 ], [ 13.800003327718134, 47.857497360389331 ], [ 13.798333331816314, 47.854997373686039 ], [ 13.800003315568011, 47.849997396602191 ], [ 13.800003304763237, 47.843327428807818 ], [ 13.796670003814167, 47.838330003678848 ], [ 13.800000003821994, 47.82833000365784 ], [ 13.790830003802466, 47.817500003636255 ], [ 13.781670003782393, 47.817500003637072 ], [ 13.77500000376812, 47.810830003623842 ], [ 13.773330003764464, 47.810830003623991 ], [ 13.767500003751865, 47.807500003617591 ], [ 13.765000003746556, 47.804170003610942 ], [ 13.763330003742897, 47.804170003611077 ], [ 13.754170003723301, 47.795000003592897 ], [ 13.744170003701507, 47.792500003588621 ], [ 13.739170003690713, 47.789170003582157 ], [ 13.736670003685409, 47.785830003575434 ], [ 13.727500003665476, 47.782500003569353 ], [ 13.729170003669314, 47.779170003562307 ], [ 13.730830003672907, 47.780000003563885 ], [ 13.73333000367848, 47.7783300035602 ], [ 13.732500003676787, 47.775830003555065 ], [ 13.729170003669534, 47.775000003553664 ], [ 13.720000003649858, 47.766670003537179 ], [ 13.718330003646196, 47.766670003537321 ], [ 13.715000003639068, 47.763330003530683 ], [ 13.710000003628146, 47.762500003529397 ], [ 13.702500003612082, 47.75500000351451 ], [ 13.697500003601203, 47.753330003511472 ], [ 13.695000003595846, 47.750830003506501 ], [ 13.69417000359398, 47.751670003508295 ], [ 13.691670003588545, 47.750830003506778 ], [ 13.685000003574171, 47.745830003496991 ], [ 13.666670003534115, 47.742500003491635 ], [ 13.665000003530583, 47.740000003486593 ], [ 13.664170003528715, 47.740830003488377 ], [ 13.658330003516159, 47.735830003478512 ], [ 13.660000003520041, 47.731670003469723 ], [ 13.659170003518396, 47.728330003462851 ], [ 13.649170003496529, 47.726670003460264 ], [ 13.642500003482198, 47.72083000344869 ], [ 13.634170003464078, 47.717500003442481 ], [ 13.632500003460361, 47.718330003444336 ], [ 13.626670003447735, 47.715000003437929 ], [ 13.629170003453318, 47.713330003434244 ], [ 13.628330003451607, 47.71083000342913 ], [ 13.624170003442556, 47.709170003426017 ], [ 13.620830003435175, 47.710000003428028 ], [ 13.615000003422457, 47.708330003425047 ], [ 13.612500003417187, 47.704170003416621 ], [ 13.612500003417361, 47.700830003409678 ], [ 13.610830003413737, 47.700000003408086 ], [ 13.616670003426956, 47.692500003391991 ], [ 13.61750000342874, 47.693330003393633 ], [ 13.620000003434404, 47.690000003386523 ], [ 13.6241700034436, 47.68917000338444 ], [ 13.625830003447341, 47.687500003380848 ], [ 13.617500003429436, 47.680000003365919 ], [ 13.617500003429697, 47.675000003355521 ], [ 13.6066700034063, 47.667500003340812 ], [ 13.607500003408731, 47.655830003316481 ], [ 13.605000003403415, 47.652500003309768 ], [ 13.606670003407515, 47.644170003292295 ], [ 13.610830003416773, 47.641670003286734 ], [ 13.61500000342618, 47.636670003275967 ], [ 13.624170003446393, 47.63500000327172 ], [ 13.62417000344656, 47.631670003264801 ], [ 13.627500003453996, 47.629170003259304 ], [ 13.626670003452471, 47.62333000324724 ], [ 13.623330003445224, 47.621670003244063 ], [ 13.622500003443365, 47.62250000324584 ], [ 13.620830003439778, 47.62083000324251 ], [ 13.625830003450876, 47.618330003236878 ], [ 13.631670003464064, 47.610830003220762 ], [ 13.638330003478712, 47.610000003218488 ], [ 13.644170003491853, 47.603330003204107 ], [ 13.647500003499157, 47.603330003203844 ], [ 13.654170003514066, 47.597500003191129 ], [ 13.657500003521402, 47.596670003189104 ], [ 13.660830003528906, 47.592500003180149 ], [ 13.662500003532816, 47.587500003169581 ] ] ] } },
{ "type": "Feature", "properties": { "cls": "5-20", "km": 307.9 }, "geometry": { "type": "MultiLineString", "coordinates": [ [ [ 10.204999993317651, 46.906660005394251 ], [ 10.200829993307266, 46.910000005401272 ], [ 10.198329993301442, 46.909160005399343 ], [ 10.198329993301321, 46.91000000540113 ], [ 10.19582999329573, 46.907500005395605 ], [ 10.194999993293639, 46.908330005397353 ], [ 10.181659993262024, 46.907500005394894 ], [ 10.174999993245716, 46.910830005401749 ], [ 10.174999993244654, 46.918330005418028 ], [ 10.176659993248245, 46.920830005423532 ], [ 10.178329993251042, 46.929160005441702 ], [ 10.187499993270851, 46.94333000547293 ], [ 10.187499993270494, 46.945830005478349 ], [ 10.189999993276091, 46.948330005483882 ], [ 10.189999993275617, 46.951660005491092 ], [ 10.191659993279456, 46.952500005493 ], [ 10.190829993276182, 46.96166000551284 ], [ 10.186659993265781, 46.965000005519862 ], [ 10.18832999326917, 46.96916000552897 ] ], [ [ 10.223329993345772, 47.016660005633682 ], [ 10.236659993377867, 47.014160005628916 ], [ 10.241659993390357, 47.010000005620142 ], [ 10.239999993387929, 46.999160005596586 ], [ 10.236659993380915, 46.992500005581988 ], [ 10.239999993389914, 46.985000005565908 ], [ 10.249999993413255, 46.988330005573609 ], [ 10.254989993424548, 46.992500005582897 ], [ 10.259999993436351, 46.993330005584951 ], [ 10.26582999344954, 46.998330005596081 ], [ 10.26582999344965, 46.997500005594247 ], [ 10.268329993455493, 46.998330005596195 ], [ 10.27332999346681, 47.002500005605462 ], [ 10.276659993474619, 47.003330005607431 ], [ 10.284999993493662, 47.009160005620437 ], [ 10.286659993497267, 47.011660005625949 ], [ 10.294999993516418, 47.016660005637156 ] ], [ [ 10.369159993679656, 47.113330005849832 ], [ 10.369159993680235, 47.109160005840813 ], [ 10.376659993698905, 47.103330005828518 ], [ 10.376659993699251, 47.10083000582312 ], [ 10.378329993703352, 47.100000005821443 ], [ 10.377489993701463, 47.099160005819535 ], [ 10.379989993707417, 47.09916000581967 ], [ 10.386659993724344, 47.091660005803746 ], [ 10.40165999376145, 47.081660005782794 ], [ 10.40248999376446, 47.074160005766608 ], [ 10.40748999377705, 47.069160005756011 ], [ 10.432489993835919, 47.074160005767936 ], [ 10.432489993836032, 47.073330005766174 ], [ 10.439159993851803, 47.074160005768242 ], [ 10.444159993863371, 47.076660005773853 ], [ 10.448329993873305, 47.076660005774052 ], [ 10.460829993902509, 47.080830005783632 ], [ 10.466659993915721, 47.085830005794705 ], [ 10.469989993923543, 47.08666000579661 ], [ 10.474159993932906, 47.09083000580582 ], [ 10.478329993942724, 47.091660005807782 ], [ 10.481659993950212, 47.095000005815187 ], [ 10.481659993949986, 47.096660005818769 ], [ 10.486659993961446, 47.100000005826175 ], [ 10.486659993960876, 47.104160005835155 ], [ 10.489159993965819, 47.11166000585149 ], [ 10.491659993971441, 47.114160005856995 ], [ 10.490829993969012, 47.117500005864173 ] ], [ [ 10.479159993933854, 47.171660005980655 ], [ 10.484159993945996, 47.170000005977293 ], [ 10.488329993956498, 47.165830005968452 ], [ 10.492489993966531, 47.165000005966846 ], [ 10.495829993974832, 47.162500005961604 ], [ 10.497489993979697, 47.155830005947266 ], [ 10.495829993975967, 47.154160005943559 ], [ 10.499989993986338, 47.150830005936584 ], [ 10.500829993988667, 47.148330005931186 ], [ 10.507489994004997, 47.145000005924317 ], [ 10.511659994015494, 47.14083000591544 ], [ 10.509989994011958, 47.137500005908194 ], [ 10.514159994022462, 47.133330005899388 ], [ 10.521659994040002, 47.135830005905063 ], [ 10.528329994055891, 47.135830005905341 ], [ 10.531659994063492, 47.138330005910895 ], [ 10.540829994085007, 47.140830005916655 ], [ 10.548329994102989, 47.140000005915155 ], [ 10.556659994122619, 47.141660005919114 ], [ 10.556659994122723, 47.140830005917287 ], [ 10.558329994126478, 47.142500005920979 ], [ 10.558329994126595, 47.141660005919185 ], [ 10.564989994142135, 47.144160005924817 ] ], [ [ 10.809159994744878, 46.975830005569648 ], [ 10.810829994748641, 46.977500005573319 ], [ 10.825829994784497, 46.975830005570195 ], [ 10.828329994790542, 46.975000005568489 ], [ 10.835829994809393, 46.966660005550665 ], [ 10.84999999484315, 46.965830005549329 ], [ 10.852499994849405, 46.963330005543952 ], [ 10.854159994853958, 46.958330005533178 ], [ 10.859999994868451, 46.95333000552256 ], [ 10.866659994884067, 46.955000005526365 ], [ 10.870829994893457, 46.959160005535537 ], [ 10.871659994895122, 46.961660005540985 ], [ 10.877489994909681, 46.955830005528519 ], [ 10.889159994938311, 46.948330005512609 ], [ 10.894989994953173, 46.940000005494738 ], [ 10.894989994953576, 46.936660005487525 ], [ 10.901659994969924, 46.932500005478687 ], [ 10.903329994974197, 46.930000005473332 ], [ 10.912489994995731, 46.931660005477198 ], [ 10.915829995004071, 46.928330005470087 ] ], [ [ 10.955829995110264, 46.834160005266881 ], [ 10.953329995104234, 46.835000005268604 ], [ 10.949159995093853, 46.839160005277549 ], [ 10.944159995081796, 46.840830005280999 ], [ 10.939999995071439, 46.84500000528994 ], [ 10.932499995053453, 46.846660005293316 ], [ 10.929159995045234, 46.849160005298664 ], [ 10.916659995015388, 46.850830005301916 ], [ 10.911659995002729, 46.857500005316226 ] ], [ [ 11.029159995252051, 47.104160005853942 ], [ 11.037489995272658, 47.097500005839748 ], [ 11.040829995280601, 47.097500005839869 ], [ 11.042489995284743, 47.095830005836284 ], [ 11.049159995300698, 47.095000005834677 ], [ 11.049989995302571, 47.095830005836483 ], [ 11.052489995308813, 47.09333000583117 ], [ 11.054159995312775, 47.093330005831184 ], [ 11.056659995319121, 47.089990005824021 ], [ 11.05498999531525, 47.089160005822187 ], [ 11.055829995317643, 47.085830005815019 ], [ 11.054159995313878, 47.084160005811356 ], [ 11.043329995288341, 47.082490005807486 ], [ 11.034989995269418, 47.074990005791058 ], [ 11.034989995269619, 47.07333000578744 ], [ 11.028329995254285, 47.069160005778258 ], [ 11.004989995198313, 47.073330005786637 ], [ 10.991659995166525, 47.074160005788073 ], [ 10.986659995154648, 47.07416000578791 ], [ 10.980829995141191, 47.070830005780557 ], [ 10.974989995127007, 47.073330005785806 ], [ 10.969989995115217, 47.072500005783851 ], [ 10.969159995113147, 47.073330005785628 ], [ 10.964159995101467, 47.071660005781887 ], [ 10.96332999509969, 47.070000005778262 ] ], [ [ 11.116659995464254, 47.068330005778719 ], [ 11.117489995466324, 47.067500005776957 ], [ 11.124159995481479, 47.073330005789721 ], [ 11.145829995533045, 47.072500005788427 ], [ 11.15415999555225, 47.077500005799443 ], [ 11.157489995560157, 47.077500005799514 ], [ 11.15915999556384, 47.080000005804962 ], [ 11.160829995567802, 47.08000000580499 ], [ 11.166659995581067, 47.085000005815942 ], [ 11.173329995596522, 47.088330005823302 ], [ 11.184159995622149, 47.089160005825306 ], [ 11.191659995639675, 47.091660005830875 ], [ 11.202489995664619, 47.098330005845533 ], [ 11.214989995693733, 47.103330005856598 ], [ 11.218329995701282, 47.106660005863873 ], [ 11.222489995711067, 47.107500005865788 ], [ 11.225829995718614, 47.110830005873019 ], [ 11.230829995730398, 47.111660005874917 ], [ 11.232489995734053, 47.114160005880358 ], [ 11.236659995743958, 47.114160005880457 ], [ 11.242489995757513, 47.11666000588599 ], [ 11.25665999579107, 47.117500005888083 ], [ 11.259159995797203, 47.115830005884533 ], [ 11.26748999581708, 47.115000005882919 ], [ 11.273329995831325, 47.111660005875805 ], [ 11.279999995848108, 47.10333000585792 ], [ 11.292489995877858, 47.102500005856356 ] ], [ [ 11.26416999579169, 47.266670006209814 ], [ 11.26249999578801, 47.264170006204431 ], [ 11.264999995794444, 47.260000006195476 ], [ 11.26499999579541, 47.251670006177541 ], [ 11.263329995791922, 47.247500006168536 ], [ 11.258329995780809, 47.240830006154077 ], [ 11.254169995771303, 47.237500006146838 ], [ 11.241669995742257, 47.231670006134024 ], [ 11.236669995731047, 47.225830006121342 ], [ 11.2341699957251, 47.225830006121292 ], [ 11.227499995709628, 47.222500006113975 ], [ 11.224999995704074, 47.219170006106758 ], [ 11.210829995671157, 47.212500006092071 ], [ 11.205829995659265, 47.212500006091993 ], [ 11.194999995634387, 47.205000006075572 ], [ 11.182499995604759, 47.204170006073532 ], [ 11.179169995597132, 47.201670006068035 ], [ 11.174999995587219, 47.201670006067964 ], [ 11.159999995552424, 47.194170006051429 ], [ 11.154169995538666, 47.193330006049514 ] ], [ [ 11.165829995582204, 47.058330005758272 ], [ 11.169159995590203, 47.057500005756538 ], [ 11.173329995599909, 47.059160005760234 ], [ 11.17665999560791, 47.058330005758492 ], [ 11.185829995630652, 47.050000005740721 ], [ 11.188329995636586, 47.05000000574077 ], [ 11.187499995634511, 47.050830005742526 ], [ 11.189159995638265, 47.052500005746197 ], [ 11.191659995644102, 47.053330005748023 ], [ 11.192489995646168, 47.052500005746289 ], [ 11.197499995657777, 47.055000005751765 ], [ 11.199159995661811, 47.054160005749999 ], [ 11.204159995673391, 47.056660005755518 ], [ 11.214159995697132, 47.056660005755724 ], [ 11.21749999570525, 47.05500000575222 ], [ 11.225829995726075, 47.045830005732583 ], [ 11.229159995733982, 47.045830005732618 ], [ 11.233329995743498, 47.049160005739914 ], [ 11.23332999574359, 47.048330005738116 ], [ 11.235829995749427, 47.049160005739949 ], [ 11.244999995769765, 47.061660005767166 ], [ 11.249159995779447, 47.063330005770865 ], [ 11.26498999581513, 47.080000005807221 ], [ 11.275829995840386, 47.084160005816443 ], [ 11.275829995840008, 47.087500005823657 ], [ 11.280829995851219, 47.09333000583635 ], [ 11.292499995877883, 47.102500005856363 ] ], [ [ 11.734159996924676, 47.105000005867439 ], [ 11.737499996932589, 47.105000005867446 ], [ 11.742499996944929, 47.100000005856685 ], [ 11.741659996943197, 47.097500005851302 ], [ 11.743329996947319, 47.095830005847674 ], [ 11.744159996949787, 47.090830005836914 ], [ 11.759159996986789, 47.075830005804619 ], [ 11.758329996984909, 47.074990005802789 ], [ 11.766659997003865, 47.082490005819047 ], [ 11.774159997021357, 47.085000005824483 ], [ 11.775829997025051, 47.087500005829881 ], [ 11.779999997034759, 47.089160005833506 ], [ 11.780829997036806, 47.088330005831715 ], [ 11.789999997058416, 47.089160005833548 ], [ 11.79582999707196, 47.091660005838968 ], [ 11.800829997083373, 47.095830005848022 ], [ 11.800829997083458, 47.095000005846217 ], [ 11.806659997096919, 47.098330005853441 ], [ 11.809159997102585, 47.100830005858825 ], [ 11.809159997102418, 47.102500005862417 ] ], [ [ 11.835829997134741, 47.406670006516769 ], [ 11.840829997148168, 47.391670006484645 ], [ 11.843329997154452, 47.388330006477503 ], [ 11.846669997162453, 47.387500006475733 ], [ 11.851669997174744, 47.383330006466778 ], [ 11.850829997172925, 47.38167000646321 ], [ 11.847499997165107, 47.38083000646138 ], [ 11.849999997171301, 47.378330006456061 ], [ 11.850829997174294, 47.368330006434597 ], [ 11.85249999717834, 47.367500006432813 ], [ 11.853329997180646, 47.36417000642566 ], [ 11.854169997182732, 47.363330006423865 ], [ 11.856669997188567, 47.364170006425674 ], [ 11.858329997192685, 47.362500006422124 ], [ 11.85999999719639, 47.365000006427472 ], [ 11.864169997206867, 47.359170006414963 ], [ 11.863329997204964, 47.358330006413176 ], [ 11.865829997210984, 47.357500006411399 ], [ 11.865829997211319, 47.35417000640426 ], [ 11.864169997207473, 47.353330006402409 ], [ 11.864169997208062, 47.347500006389922 ], [ 11.861669997202304, 47.345830006386322 ], [ 11.861669997202645, 47.342500006379183 ], [ 11.863329997206666, 47.341670006377399 ], [ 11.862499997204788, 47.34083000637559 ], [ 11.864999997211045, 47.337500006368458 ], [ 11.864999997211729, 47.330830006354141 ], [ 11.87082999722614, 47.325000006341625 ], [ 11.87166999722872, 47.319170006329124 ], [ 11.873329997232741, 47.318330006327336 ], [ 11.875829997239169, 47.313330006316562 ], [ 11.874169997235906, 47.306670006302248 ], [ 11.876669997242681, 47.298330006284331 ], [ 11.875829997240938, 47.295830006278955 ], [ 11.877499997245232, 47.292500006271815 ], [ 11.876669997243344, 47.291670006270039 ], [ 11.879169997249528, 47.289170006264669 ], [ 11.879999997251824, 47.285830006257484 ], [ 11.884169997262038, 47.282500006250316 ], [ 11.884169997262207, 47.280830006246752 ], [ 11.891669997280639, 47.274170006232424 ], [ 11.894999997288529, 47.274170006232453 ], [ 11.899999997300709, 47.270830006225275 ], [ 11.897499997295782, 47.260830006203754 ], [ 11.901669997305985, 47.257500006196601 ], [ 11.901669997306652, 47.250830006182269 ], [ 11.900829997305241, 47.245000006169704 ], [ 11.896669997295717, 47.241670006162551 ], [ 11.88749999727426, 47.239170006157167 ], [ 11.87999999725691, 47.235000006148191 ], [ 11.876669997249362, 47.231670006141009 ], [ 11.875829997247951, 47.22583000612844 ], [ 11.86916999723276, 47.220000006115875 ], [ 11.869999997235643, 47.210830006096131 ], [ 11.868329997231852, 47.209170006092563 ], [ 11.869169997234009, 47.207500006088971 ], [ 11.868329997232429, 47.203330006079973 ], [ 11.870829997238921, 47.197500006067436 ], [ 11.866669997229653, 47.191670006054864 ], [ 11.864999997226949, 47.179170006027945 ], [ 11.862499997221361, 47.175830006020746 ], [ 11.862499997221775, 47.171670006011759 ], [ 11.85582999720665, 47.165000005997378 ], [ 11.846669997185387, 47.160830005988387 ], [ 11.841669997173634, 47.160000005986582 ], [ 11.831669997150961, 47.150000005964969 ], [ 11.831669997151206, 47.147500005959593 ], [ 11.829999997147425, 47.145830005955965 ], [ 11.830829997149475, 47.145000005954209 ], [ 11.828329997143804, 47.142500005948804 ], [ 11.825829997137884, 47.142500005948804 ], [ 11.820829997126383, 47.139170005941615 ], [ 11.820829997126635, 47.136670005936189 ], [ 11.818329997120969, 47.134170005930834 ], [ 11.818329997121301, 47.130830005923599 ], [ 11.809169997100534, 47.121670005903795 ], [ 11.807499997096917, 47.118330005896588 ], [ 11.807499997097739, 47.110000005878625 ], [ 11.809169997102442, 47.102500005862417 ] ], [ [ 12.219989998066698, 47.169990006007197 ], [ 12.229159998087667, 47.177490006023255 ], [ 12.228329998085485, 47.180000006028678 ], [ 12.22915999808729, 47.181660006032232 ], [ 12.23582999810273, 47.184990006039364 ], [ 12.242489998118446, 47.184990006039307 ], [ 12.24499999812422, 47.186660006042885 ], [ 12.245829998126245, 47.185830006041087 ], [ 12.255829998149768, 47.186660006042793 ], [ 12.262499998165055, 47.191660006053482 ], [ 12.262499998164836, 47.194160006058873 ], [ 12.259159998156507, 47.199160006069654 ], [ 12.25249999814006, 47.207490006087617 ], [ 12.249989998134053, 47.208330006089426 ], [ 12.246659998125606, 47.214990006103811 ], [ 12.248329998129174, 47.219160006112745 ], [ 12.246659998125155, 47.220000006114581 ], [ 12.244999998120869, 47.224160006123526 ], [ 12.246659998124638, 47.22583000612714 ], [ 12.245829998122, 47.233330006143241 ], [ 12.251659998134864, 47.243330006164719 ] ], [ [ 12.266669998170519, 47.240830006159193 ], [ 12.254169998140714, 47.244170006166485 ], [ 12.25166999813489, 47.243330006164712 ] ], [ [ 12.514169998769933, 47.043330005730795 ], [ 12.514999998772408, 47.036670005716424 ], [ 12.518329998780558, 47.032500005707369 ], [ 12.518329998780949, 47.027500005696581 ], [ 12.524999998797073, 47.021670005683909 ], [ 12.529169998806864, 47.021670005683816 ], [ 12.531669998812868, 47.020000005680195 ], [ 12.528329998805805, 47.010000005658668 ], [ 12.531669998814426, 47.000000005637013 ], [ 12.529999998810952, 46.994170005624461 ], [ 12.524169998797275, 46.994170005624532 ], [ 12.519999998787224, 46.997500005631792 ], [ 12.516669998779404, 46.997500005631849 ], [ 12.513329998771825, 46.994170005624703 ], [ 12.498329998736477, 46.99583000562852 ], [ 12.488329998712997, 46.995830005628669 ], [ 12.486669998709228, 46.994170005625108 ], [ 12.47749999868757, 46.995830005628832 ], [ 12.46499999865827, 46.995000005627212 ], [ 12.457499998640518, 46.996670005630911 ], [ 12.450829998624918, 46.99583000562918 ], [ 12.447499998616957, 46.997500005632844 ], [ 12.444169998609134, 46.997500005632901 ], [ 12.442499998605346, 46.995830005629294 ], [ 12.442499998605284, 46.99667000563111 ], [ 12.436669998591656, 46.995830005629394 ], [ 12.434169998585578, 46.99833000563482 ], [ 12.426669998567819, 47.000000005638519 ], [ 12.42166999855613, 46.99917000563677 ], [ 12.416669998543776, 47.006670005653028 ], [ 12.416669998543435, 47.010830005662037 ], [ 12.414169998537423, 47.012500005665643 ], [ 12.399169998502163, 47.012500005665835 ], [ 12.392499998486279, 47.015000005671332 ], [ 12.381669998460749, 47.01583000567323 ], [ 12.377499998451077, 47.014170005669705 ], [ 12.354169998395999, 47.016670005675351 ], [ 12.347499998380384, 47.015830005673607 ], [ 12.34582999837631, 47.017500005677235 ], [ 12.341669998366532, 47.01750000567727 ], [ 12.339999998362748, 47.015830005673713 ], [ 12.333329998347052, 47.015830005673763 ], [ 12.329999998339494, 47.01250000566661 ], [ 12.320829998317853, 47.013330005668514 ] ], [ [ 12.358329998399245, 47.095000005844319 ], [ 12.359999998403314, 47.093330005840656 ], [ 12.357499998397643, 47.090830005835336 ], [ 12.359159998401967, 47.085830005824512 ], [ 12.354159998390619, 47.080830005813802 ], [ 12.346659998373175, 47.07833000580851 ], [ 12.346659998373102, 47.079160005810287 ], [ 12.340829998359661, 47.075830005803169 ], [ 12.338329998354626, 47.065830005781628 ], [ 12.336659998350903, 47.063330005776244 ], [ 12.333329998343206, 47.061660005772687 ], [ 12.334159998345223, 47.060830005770882 ], [ 12.331659998339623, 47.057500005763714 ], [ 12.332499998341675, 47.056660005761913 ], [ 12.33165999834018, 47.05083000574934 ], [ 12.333329998344327, 47.048330005743914 ], [ 12.331659998340747, 47.044160005734931 ], [ 12.333329998344816, 47.042500005731362 ], [ 12.333329998345025, 47.040000005725943 ], [ 12.330829998339919, 47.030830005706186 ], [ 12.332499998344058, 47.028330005700781 ], [ 12.332499998344401, 47.024160005691762 ], [ 12.33499999835063, 47.020000005682739 ], [ 12.341659998366504, 47.017500005677284 ] ], [ [ 12.394999998481293, 47.1458300059534 ], [ 12.398329998489416, 47.142500005946154 ], [ 12.395829998483805, 47.139160005939004 ], [ 12.394999998481788, 47.140000005940841 ], [ 12.397499998488096, 47.135000005930024 ], [ 12.396659998486186, 47.134160005928237 ], [ 12.41749999853552, 47.130830005920807 ], [ 12.428329998561702, 47.122490005902684 ], [ 12.429999998565563, 47.123330005904478 ], [ 12.449999998612691, 47.122490005902385 ], [ 12.450829998614505, 47.124160005905971 ], [ 12.457499998630198, 47.124160005905885 ], [ 12.459159998633965, 47.125830005909435 ], [ 12.46249999864189, 47.125000005907623 ], [ 12.475829998672978, 47.12833000591457 ], [ 12.480829998684941, 47.125830005909101 ], [ 12.484159998692776, 47.125830005909073 ], [ 12.488329998702849, 47.122490005901803 ], [ 12.492499998712731, 47.121660005899948 ], [ 12.494999998718942, 47.11750000589096 ], [ 12.499159998728794, 47.116660005889109 ], [ 12.500829998732851, 47.114990005885453 ], [ 12.499999998731036, 47.113330005881913 ], [ 12.502499998737111, 47.110830005876494 ], [ 12.502499998737253, 47.109160005872887 ], [ 12.505829998745282, 47.106660005867433 ], [ 12.506659998747498, 47.103330005860236 ], [ 12.510829998757504, 47.10083000585481 ], [ 12.519159998777745, 47.09250000583674 ], [ 12.521659998783688, 47.091660005834868 ], [ 12.5283299988001, 47.082490005815018 ], [ 12.527499998798346, 47.080000005809623 ], [ 12.528329998801418, 47.065830005779084 ], [ 12.526659998797889, 47.060830005768359 ], [ 12.513329998767759, 47.045830005736192 ], [ 12.514159998769914, 47.043330005730802 ] ], [ [ 12.679999999148365, 47.185000006032865 ], [ 12.670829999127349, 47.178330006018719 ], [ 12.67082999912709, 47.181660006025851 ], [ 12.668329999121021, 47.184160006031298 ], [ 12.659159999099153, 47.188330006040445 ], [ 12.655829999091397, 47.187500006038739 ], [ 12.652499999083901, 47.183330006029848 ], [ 12.641659999058561, 47.181660006026448 ], [ 12.624989999019062, 47.185830006035737 ], [ 12.619999999006872, 47.191660006048359 ], [ 12.613329998991071, 47.193330006052086 ], [ 12.607489998977076, 47.196660006059368 ], [ 12.599999998958866, 47.204160006075647 ], [ 12.59665999895088, 47.205830006079282 ], [ 12.595829998948593, 47.210000006088258 ], [ 12.595829998948401, 47.212500006093656 ], [ 12.597489998952165, 47.214160006097174 ], [ 12.596659998949878, 47.218330006106129 ], [ 12.590829998935765, 47.22333000611701 ], [ 12.589159998931571, 47.226660006124206 ], [ 12.578329998905625, 47.232500006136931 ], [ 12.574999998897516, 47.235830006144127 ], [ 12.575829998899266, 47.238330006149496 ], [ 12.569159998882899, 47.246660006167502 ], [ 12.569989998884584, 47.250000006174687 ], [ 12.566659998876402, 47.254160006183653 ], [ 12.567489998877948, 47.259160006194392 ], [ 12.566659998875794, 47.261660006199762 ], [ 12.568329998879522, 47.264160006205095 ], [ 12.56832999887925, 47.267500006212266 ], [ 12.563329998866784, 47.27583000623023 ], [ 12.558329998854814, 47.278330006235691 ], [ 12.559159998856563, 47.280830006241068 ] ], [ [ 12.589999998956904, 46.925830005475845 ], [ 12.591669998960636, 46.928330005481222 ], [ 12.595829998970256, 46.930000005484757 ], [ 12.599169998977843, 46.933330005491918 ], [ 12.60082999898148, 46.936670005499096 ], [ 12.603329998987276, 46.937500005500823 ], [ 12.606669998994604, 46.944170005515161 ], [ 12.608329998998499, 46.944170005515161 ], [ 12.615829999015578, 46.950830005529404 ], [ 12.616669999017114, 46.95667000554203 ], [ 12.624169999034198, 46.963330005556294 ], [ 12.634999999058586, 46.976670005584886 ], [ 12.631669999050345, 46.982500005597529 ], [ 12.638329999065464, 46.989170005611797 ], [ 12.640829999071009, 46.993330005620734 ], [ 12.640829999070824, 46.995830005626139 ], [ 12.644159998968298, 46.999160006296499 ] ], [ [ 12.594989998953492, 47.123330005901835 ], [ 12.598329998961402, 47.122500005899987 ], [ 12.603329998973468, 47.118330005890932 ], [ 12.611659998993225, 47.1158300058854 ], [ 12.614159998999291, 47.113330005879966 ], [ 12.614989999001184, 47.114160005881736 ], [ 12.61665999900516, 47.113330005879902 ], [ 12.619989999013368, 47.108330005869078 ], [ 12.619159999011485, 47.107500005867308 ], [ 12.620829999015543, 47.105830005863673 ], [ 12.623329999022499, 47.091660005833106 ], [ 12.628329999034689, 47.085830005820462 ], [ 12.629159999036888, 47.082500005813259 ], [ 12.628329999035195, 47.079160005806088 ], [ 12.624159999025791, 47.074160005795392 ], [ 12.622489999022445, 47.066660005779248 ], [ 12.624159999027132, 47.056660005757671 ], [ 12.622489999023596, 47.051660005746903 ], [ 12.623329999025817, 47.048330005739707 ], [ 12.621659999021961, 47.047500005737959 ], [ 12.623329999026961, 47.033330005707363 ], [ 12.626659999035214, 47.027500005694719 ], [ 12.63165999904707, 47.025830005691034 ], [ 12.634159999053121, 47.023330005685608 ], [ 12.632489999049328, 47.02166000568203 ], [ 12.633329999051554, 47.018330005674819 ], [ 12.635829999057417, 47.018330005674791 ], [ 12.639989999067364, 47.015830005669329 ], [ 12.639159999065537, 47.01416000566573 ], [ 12.639989999067797, 47.010000005656742 ], [ 12.644159999077823, 47.006660005649451 ], [ 12.643329999076062, 47.004160005644053 ], [ 12.644159998968298, 46.999160006296499 ] ], [ [ 12.644159998968298, 46.999160006296499 ], [ 12.644169999078409, 46.999170005633296 ] ], [ [ 12.644159998968298, 46.999160006296499 ], [ 12.644159999078385, 46.999160005633257 ] ], [ [ 12.681659999151494, 47.1950000060543 ], [ 12.689159999168529, 47.202500006070288 ], [ 12.693329999178193, 47.204160006073757 ], [ 12.693329999178001, 47.20666000607909 ], [ 12.695829999183671, 47.209160006084403 ], [ 12.715829999230397, 47.212500006091176 ], [ 12.725829999253621, 47.215830006098095 ], [ 12.725829999253433, 47.218330006103479 ], [ 12.727489999257195, 47.220000006107 ], [ 12.725829999252982, 47.224160006115994 ], [ 12.725829999252467, 47.230830006130304 ], [ 12.72998999926179, 47.236660006142728 ], [ 12.731659999265135, 47.244160006158822 ], [ 12.736659999276494, 47.249160006169426 ], [ 12.735829999274419, 47.25083000617304 ], [ 12.736659999275854, 47.257500006187321 ], [ 12.74082999928539, 47.260830006194368 ], [ 12.743329999291264, 47.260830006194304 ], [ 12.748329999302557, 47.266660006206678 ], [ 12.757489999323756, 47.270830006215419 ], [ 12.759159999327485, 47.273330006220753 ], [ 12.757489999323305, 47.276660006227957 ], [ 12.758329999325086, 47.279160006233269 ], [ 12.75498999931666, 47.286660006249441 ] ], [ [ 12.753329999319513, 47.198330006059884 ], [ 12.757489999329024, 47.201660006066895 ], [ 12.766659999350477, 47.202490006068487 ], [ 12.769159999356223, 47.204160006072016 ], [ 12.769989999358234, 47.203330006070239 ], [ 12.779989999380645, 47.217490006100391 ], [ 12.786659999395981, 47.221660006109204 ], [ 12.797489999421266, 47.223330006112519 ], [ 12.804159999437044, 47.221660006108756 ], [ 12.811659999454452, 47.224160006113955 ], [ 12.821659999477975, 47.223330006111929 ], [ 12.823329999481768, 47.224990006115419 ], [ 12.827489999491462, 47.225830006117114 ], [ 12.827489999491224, 47.229160006124275 ], [ 12.825829999487199, 47.230830006127889 ], [ 12.826659999488838, 47.235000006136843 ], [ 12.825829999486576, 47.239160006145781 ], [ 12.828329999491702, 47.24916000616718 ], [ 12.824989999483613, 47.252500006174408 ], [ 12.826659999486976, 47.260000006190502 ], [ 12.824159999480793, 47.264160006199475 ], [ 12.828329999489515, 47.278330006229716 ], [ 12.833329999501061, 47.280830006235 ], [ 12.834989999504707, 47.284160006242061 ] ] ] } },
{ "type": "Feature", "properties": { "cls": "20-50", "km": 414.6 }, "geometry": { "type": "MultiLineString", "coordinates": [ [ [ 10.794999994702442, 47.045830005720745 ], [ 10.796659994706072, 47.048330005726207 ], [ 10.794999994701394, 47.054160005738744 ], [ 10.790829994691579, 47.053330005736832 ], [ 10.789159994687397, 47.055000005740382 ], [ 10.783329994673425, 47.055830005742003 ], [ 10.774999994653081, 47.060000005750716 ], [ 10.770829994642529, 47.065000005761391 ], [ 10.764159994626977, 47.062500005755744 ], [ 10.74749999458756, 47.060830005751583 ], [ 10.745829994583369, 47.062500005755112 ], [ 10.741659994573345, 47.063330005756761 ], [ 10.737499994562913, 47.067500005765666 ], [ 10.726659994536268, 47.074160005779682 ], [ 10.711659994500675, 47.073330005777329 ], [ 10.709999994496517, 47.075000005780893 ], [ 10.704999994484504, 47.075830005782514 ], [ 10.700829994474793, 47.074160005778722 ], [ 10.694159994458706, 47.07583000578208 ], [ 10.674159994411109, 47.07583000578137 ], [ 10.669999994400774, 47.079160005788417 ], [ 10.669159994398344, 47.082500005795609 ], [ 10.664159994385788, 47.087500005806234 ] ], [ [ 10.804999994726542, 47.043330005715674 ], [ 10.811659994741643, 47.04916000572851 ], [ 10.814999994749694, 47.048330005726818 ], [ 10.819159994759479, 47.049160005728751 ], [ 10.827489994778245, 47.057500005747059 ], [ 10.827489994778034, 47.05916000575067 ], [ 10.831659994787426, 47.063330005759795 ], [ 10.831659994787119, 47.065830005765228 ], [ 10.843329994814354, 47.070000005774631 ], [ 10.839159994803914, 47.074160005783483 ], [ 10.838329994801629, 47.076660005788845 ], [ 10.836659994797653, 47.076660005788817 ], [ 10.833329994789317, 47.080000005795924 ], [ 10.833329994788896, 47.083330005803127 ], [ 10.830829994782636, 47.08583000580844 ], [ 10.830829994782427, 47.087500005812039 ], [ 10.829159994778452, 47.087500005811989 ], [ 10.819159994753406, 47.097500005833275 ], [ 10.819159994753088, 47.099990005838663 ], [ 10.809159994728024, 47.11000000585998 ], [ 10.804159994715812, 47.112500005865215 ], [ 10.799989994705887, 47.112500005865073 ], [ 10.799159994703702, 47.114160005868627 ], [ 10.793329994689612, 47.115830005872041 ], [ 10.785829994671129, 47.120830005882603 ], [ 10.780829994659117, 47.121660005884209 ], [ 10.778329994652736, 47.125000005891344 ], [ 10.77415999464249, 47.127500005896628 ], [ 10.769159994630487, 47.128330005898242 ], [ 10.765829994622239, 47.130830005903512 ], [ 10.758329994604169, 47.132500005906863 ], [ 10.749999994583803, 47.136660005915545 ], [ 10.744999994571142, 47.142500005928007 ], [ 10.74499999457093, 47.144160005931589 ], [ 10.740829994560684, 47.14666000593683 ], [ 10.739989994557815, 47.153330005951219 ], [ 10.737489994551433, 47.156660005958294 ], [ 10.73748999455068, 47.162490005970909 ], [ 10.739159994554441, 47.164160005974544 ], [ 10.740829994557672, 47.169990005987202 ], [ 10.739989994555238, 47.17333000599438 ], [ 10.742499994561108, 47.174160005996271 ], [ 10.744999994566525, 47.178330006005332 ], [ 10.746659994570479, 47.178330006005403 ], [ 10.754159994587379, 47.185830006021831 ], [ 10.754989994589035, 47.188330006027272 ], [ 10.757489994594776, 47.190000006030928 ], [ 10.759159994598111, 47.195000006041788 ], [ 10.763329994607508, 47.19916000605091 ], [ 10.762499994605317, 47.200830006054503 ], [ 10.763329994607084, 47.202500006058138 ], [ 10.767499994616907, 47.203330006060064 ], [ 10.770829994624089, 47.209160006072722 ], [ 10.779999994645406, 47.213330006082025 ], [ 10.764169994606821, 47.22000000609588 ], [ 10.759169994594902, 47.220000006095681 ], [ 10.752499994579333, 47.217500006090091 ], [ 10.744169994559696, 47.215830006086172 ], [ 10.727499994519857, 47.216670006087433 ], [ 10.704999994466448, 47.215000006083045 ], [ 10.699169994453202, 47.210000006072036 ], [ 10.698329994451095, 47.210830006073792 ], [ 10.697499994449331, 47.209170006070188 ], [ 10.692499994437521, 47.208330006068174 ], [ 10.683329994416427, 47.202500006055267 ], [ 10.66666999437661, 47.203330006056476 ], [ 10.655829994351434, 47.198330006045275 ], [ 10.654999994349341, 47.199170006047041 ], [ 10.652499994343605, 47.19750000604337 ], [ 10.651669994341516, 47.198330006045111 ], [ 10.647499994332019, 47.195000006037787 ], [ 10.647499994332343, 47.192500006032361 ], [ 10.64332999432307, 47.18750000602143 ], [ 10.63832999431148, 47.185000006015841 ], [ 10.634999994303435, 47.185830006017518 ], [ 10.620829994270217, 47.181670006008005 ], [ 10.619999994268127, 47.182500006009761 ], [ 10.613329994253109, 47.175830005995103 ], [ 10.608329994241307, 47.175000005993134 ], [ 10.601669994226102, 47.170000005982104 ], [ 10.59499999421031, 47.169170005980007 ], [ 10.587499994193433, 47.161670005963515 ], [ 10.586669994191347, 47.162500005965299 ], [ 10.576669994168068, 47.158330005955889 ], [ 10.571669994156704, 47.154170005946717 ], [ 10.578329994172694, 47.153330005945151 ], [ 10.580829994178876, 47.15167000594171 ], [ 10.575829994167401, 47.148330005934262 ], [ 10.569169994151761, 47.146670005930439 ], [ 10.56499999414215, 47.144170005924849 ], [ 10.564999994142818, 47.139170005914039 ], [ 10.566669994147242, 47.135830005906897 ], [ 10.571669994159825, 47.130830005896293 ], [ 10.581669994184526, 47.12417000588232 ], [ 10.595829994218372, 47.123330005881051 ], [ 10.599999994228526, 47.121670005877654 ], [ 10.603329994236894, 47.118330005870554 ], [ 10.604169994238791, 47.119170005872405 ], [ 10.608329994249031, 47.116670005867164 ], [ 10.614999994264915, 47.116670005867419 ], [ 10.620829994279127, 47.114170005862213 ], [ 10.629169994299099, 47.11333000586076 ], [ 10.639169994322806, 47.114170005862938 ], [ 10.644169994334931, 47.112500005859538 ], [ 10.654999994360718, 47.112500005859943 ], [ 10.65916999437108, 47.109170005852903 ], [ 10.661669994377581, 47.105000005843969 ], [ 10.661669994378016, 47.101670005836766 ], [ 10.665829994388783, 47.095000005822513 ], [ 10.664169994385816, 47.087500005806227 ] ], [ [ 10.818329994779056, 46.875830005353059 ], [ 10.824999994796327, 46.864160005327925 ], [ 10.824999994796629, 46.86166000532252 ], [ 10.829159994807119, 46.856660005311788 ], [ 10.829159994807419, 46.854160005306348 ], [ 10.832499994815757, 46.850830005299251 ], [ 10.839999994833956, 46.847500005292261 ], [ 10.846659994850469, 46.841660005279785 ], [ 10.854159994868764, 46.837500005270975 ], [ 10.861659994886146, 46.840830005278455 ], [ 10.869159994903125, 46.84750000529317 ], [ 10.879159994926141, 46.853330005306162 ], [ 10.889999994951751, 46.854160005308316 ], [ 10.894159994961417, 46.85583000531205 ], [ 10.909999994998989, 46.855830005312576 ], [ 10.911659995002729, 46.857500005316226 ] ], [ [ 10.926659995030882, 46.919160005450522 ], [ 10.931659995043358, 46.914160005439861 ], [ 10.939999995063248, 46.913330005438276 ], [ 10.944999995075513, 46.910000005431172 ], [ 10.953329995095579, 46.907500005426037 ], [ 10.959159995109914, 46.903330005417132 ], [ 10.964159995121873, 46.902500005415469 ], [ 10.968329995131468, 46.905000005421044 ], [ 10.974999995147094, 46.906660005424833 ], [ 10.979999995158359, 46.91166000543582 ], [ 10.983329995165567, 46.917500005448574 ], [ 10.990829995182574, 46.924160005463236 ], [ 10.997499995198197, 46.925830005467027 ], [ 10.999999995203828, 46.928330005472539 ], [ 11.010829995229036, 46.932500005481877 ], [ 11.019159995248703, 46.933330005483924 ], [ 11.024999995262174, 46.936660005491305 ], [ 11.026659995265813, 46.93916000549676 ], [ 11.036659995290034, 46.935000005488021 ], [ 11.044999995311091, 46.924160005464728 ], [ 11.044159995309888, 46.917500005450236 ], [ 11.04165999530454, 46.91250000543932 ], [ 11.04249999530693, 46.909160005432128 ], [ 11.038329995298113, 46.900000005412153 ], [ 11.039159995300672, 46.895000005401322 ], [ 11.036659995295224, 46.890830005392189 ], [ 11.038329995299476, 46.888330005386798 ], [ 11.037499995297807, 46.885830005381372 ], [ 11.033329995288307, 46.882500005374027 ], [ 11.029999995281093, 46.876660005361259 ], [ 11.024159995267839, 46.871660005350257 ], [ 11.018329995254994, 46.86333000533201 ], [ 11.009999995235539, 46.860830005326306 ], [ 11.008329995231772, 46.859160005322671 ], [ 11.004999995223589, 46.861660005328012 ], [ 11.0008299952136, 46.862500005329728 ], [ 10.991659995191073, 46.869160005343936 ], [ 10.983329995171024, 46.871660005349113 ] ], [ [ 11.416669996152992, 47.278330006237546 ], [ 11.404999996126561, 47.26667000621228 ], [ 11.403329996123825, 47.255830006188951 ], [ 11.404999996127977, 47.254170006185362 ], [ 11.402499996122318, 47.251670006179964 ], [ 11.404169996126752, 47.247500006171016 ], [ 11.401669996121093, 47.245000006165604 ], [ 11.395829996107212, 47.24500000616549 ], [ 11.39499999610543, 47.243330006161898 ], [ 11.393329996101462, 47.243330006161848 ], [ 11.392499996099774, 47.240830006156479 ], [ 11.394169996103932, 47.239170006152918 ], [ 11.389169996092333, 47.236670006147463 ], [ 11.389999996094863, 47.23167000613671 ], [ 11.388329996091175, 47.229170006131291 ], [ 11.389169996093266, 47.22833000612949 ], [ 11.388329996091743, 47.224170006120531 ], [ 11.390829996098152, 47.220000006111597 ], [ 11.389169996094488, 47.217500006106178 ], [ 11.389169996094761, 47.215000006100766 ], [ 11.390829996098901, 47.213330006097195 ], [ 11.389169996095141, 47.211670006093605 ], [ 11.389169996095886, 47.205000006079246 ], [ 11.391669996102017, 47.203330006075682 ], [ 11.390829996100303, 47.200830006070284 ], [ 11.392499996104457, 47.19917000606673 ], [ 11.391669996103042, 47.194170006055934 ], [ 11.395829996113576, 47.188330006043415 ], [ 11.3883299960966, 47.180830006027108 ], [ 11.383329996084917, 47.179170006023476 ], [ 11.3733299960621, 47.170830006005332 ], [ 11.365829996045134, 47.163330005988989 ], [ 11.364169996041564, 47.1600000059818 ], [ 11.361669996035634, 47.160000005981765 ], [ 11.359999996031851, 47.158330005978137 ], [ 11.357499996025819, 47.159170005979902 ], [ 11.355829996022607, 47.152500005965472 ], [ 11.349999996009323, 47.147500005954591 ], [ 11.344999995997545, 47.146670005952735 ], [ 11.343329995993955, 47.143330005945458 ], [ 11.338329995982454, 47.140000005938212 ], [ 11.338329995982733, 47.137500005932793 ], [ 11.336669995978985, 47.135830005929165 ], [ 11.338329995983392, 47.13167000592022 ], [ 11.334999995975588, 47.130830005918348 ], [ 11.327499995958719, 47.122500005900235 ], [ 11.32416999595099, 47.120830005896551 ], [ 11.322499995946938, 47.121670005898352 ], [ 11.320829995943262, 47.119170005892919 ], [ 11.322499995947316, 47.118330005891146 ], [ 11.322499995947499, 47.116670005887542 ], [ 11.319169995939971, 47.113330005880286 ], [ 11.306669995910768, 47.10917000587105 ], [ 11.304999995906993, 47.107500005867422 ], [ 11.295829995885322, 47.106670005865482 ], [ 11.292499995877883, 47.102500005856363 ] ], [ [ 13.178330000294785, 47.490830006673001 ], [ 13.18333000030661, 47.489170006669262 ], [ 13.185830000312706, 47.485830006662049 ], [ 13.186670000314605, 47.486670006663815 ], [ 13.191670000326559, 47.483330006656495 ], [ 13.190830000324762, 47.480830006651203 ], [ 13.194170000332875, 47.476670006642195 ], [ 13.193330000331319, 47.470830006629789 ], [ 13.199170000345337, 47.465830006618901 ], [ 13.198330000343667, 47.461670006610071 ], [ 13.200830000349921, 47.455830006597516 ], [ 13.203330000355884, 47.454170006593877 ], [ 13.208330000367591, 47.454170006593706 ], [ 13.212500000377581, 47.450830006586408 ], [ 13.212500000377982, 47.445000006573956 ], [ 13.210830000374189, 47.443330006570484 ], [ 13.21000000037253, 47.439170006561604 ], [ 13.209170000370641, 47.438330006559823 ], [ 13.208330000368623, 47.439170006561682 ], [ 13.210000000372816, 47.435000006552706 ], [ 13.21417000038274, 47.43250000654723 ], [ 13.215000000384853, 47.430000006541846 ], [ 13.223330000404806, 47.423330006527308 ], [ 13.220000000397459, 47.416670006513215 ], [ 13.22083000039974, 47.411670006502497 ], [ 13.219170000396087, 47.408330006495419 ], [ 13.225000000410168, 47.401670006480991 ], [ 13.225000000410557, 47.395830006468515 ], [ 13.219170000397039, 47.394170006465195 ], [ 13.217500000393354, 47.390830006458124 ], [ 13.210830000378147, 47.385000006445928 ], [ 13.213330000384502, 47.377500006429806 ], [ 13.209170000374938, 47.375000006424621 ], [ 13.210000000377214, 47.37000000641391 ], [ 13.207500000371653, 47.365830006405098 ], [ 13.207500000371983, 47.360830006394409 ], [ 13.203330000362397, 47.358330006389195 ], [ 13.200830000356895, 47.353330006378613 ], [ 13.195830000345472, 47.349170006369874 ], [ 13.19583000034576, 47.345000006360983 ], [ 13.193330000340246, 47.340000006350401 ], [ 13.198330000352101, 47.337500006344847 ], [ 13.194170000342597, 47.334170006337857 ], [ 13.190830000334786, 47.33417000633797 ], [ 13.187500000327391, 47.328330006325608 ], [ 13.183330000317637, 47.328330006325771 ], [ 13.18167000031387, 47.326670006322267 ], [ 13.182500000316033, 47.323330006315103 ], [ 13.180000000310351, 47.320830006309841 ], [ 13.162500000269274, 47.323330006315828 ], [ 13.161670000267499, 47.320830006310501 ], [ 13.159170000261756, 47.319170006307047 ], [ 13.149170000238321, 47.320000006309208 ], [ 13.143330000224941, 47.315830006300452 ], [ 13.135000000205398, 47.316670006302559 ], [ 13.131670000197722, 47.315000006299115 ], [ 13.128330000190189, 47.310830006290281 ], [ 13.117500000164913, 47.310000006288888 ], [ 13.112500000153377, 47.307500006283696 ], [ 13.110000000147704, 47.305000006278433 ], [ 13.110000000147815, 47.303330006274869 ], [ 13.107500000142018, 47.302500006273135 ], [ 13.100000000124469, 47.302500006273419 ], [ 13.083330000085688, 47.299170006266863 ], [ 13.073330000062287, 47.299170006267161 ], [ 13.060000000031252, 47.296670006262261 ], [ 13.04667, 47.298330006266248 ], [ 13.039999999984074, 47.301670006273611 ], [ 13.036669999976283, 47.301670006273739 ], [ 13.034999999972127, 47.305000006280899 ], [ 13.023329999944567, 47.308330006288401 ], [ 13.014169999923286, 47.305830006283351 ], [ 13.008329999909547, 47.30667000628533 ], [ 13.004169999900034, 47.30333000627833 ], [ 12.997499999884589, 47.300830006273159 ], [ 12.995829999880609, 47.301670006275003 ], [ 12.988329999863458, 47.295830006262733 ], [ 12.978329999840138, 47.294170006259485 ], [ 12.969169999818973, 47.290000006250835 ], [ 12.959169999795536, 47.29000000625112 ], [ 12.954169999783643, 47.292500006256638 ], [ 12.944999999762143, 47.292500006256894 ], [ 12.938329999746633, 47.290830006253529 ], [ 12.938329999746568, 47.291670006255316 ], [ 12.934169999737055, 47.28833000624828 ], [ 12.933329999735028, 47.289170006250103 ], [ 12.931669999731193, 47.288330006248358 ], [ 12.926669999719412, 47.289170006250302 ], [ 12.924169999713675, 47.287500006246795 ], [ 12.899169999655046, 47.287500006247491 ], [ 12.894999999645142, 47.289170006251211 ], [ 12.88499999962181, 47.287500006247896 ], [ 12.873329999594738, 47.283330006239289 ], [ 12.852499999545804, 47.284170006241652 ], [ 12.845829999530338, 47.281670006236453 ], [ 12.843329999524473, 47.281670006236524 ], [ 12.838329999512485, 47.285000006243799 ], [ 12.834999999504728, 47.284170006242086 ], [ 12.824169999479063, 47.287500006249516 ], [ 12.808329999442186, 47.28333000624098 ], [ 12.806669999438231, 47.284170006242832 ], [ 12.789169999397334, 47.281670006237896 ], [ 12.783329999383611, 47.281670006238052 ], [ 12.77999999937566, 47.283330006241698 ], [ 12.776669999367904, 47.282500006239985 ], [ 12.762499999334169, 47.288330006252849 ], [ 12.757499999322429, 47.288330006252956 ], [ 12.750829999307143, 47.28333000624238 ], [ 12.731669999262513, 47.278330006232117 ], [ 12.726669999250701, 47.279170006234047 ], [ 12.705829999201789, 47.278330006232736 ], [ 12.696669999179996, 47.281670006240084 ], [ 12.690829999166267, 47.281670006240205 ], [ 12.68166999914453, 47.284170006245752 ], [ 12.674169999126899, 47.284170006245944 ], [ 12.669169999115207, 47.283330006244256 ], [ 12.668329999113361, 47.281670006240709 ], [ 12.66416999910358, 47.281670006240788 ], [ 12.659999999093504, 47.285000006247998 ], [ 12.659169999091624, 47.284170006246264 ], [ 12.654169999079727, 47.285830006249924 ], [ 12.647499999064237, 47.283330006244697 ], [ 12.646669999062494, 47.280830006239356 ], [ 12.629169999021252, 47.281670006241498 ], [ 12.623329999007717, 47.279170006236278 ], [ 12.617499998994001, 47.279170006236384 ], [ 12.614169998986029, 47.280830006240002 ], [ 12.559169998856593, 47.280830006241082 ], [ 12.521669998768077, 47.28333000624707 ], [ 12.521669998768004, 47.284170006248878 ], [ 12.51916999876226, 47.28250000624535 ], [ 12.517499998758181, 47.284170006248956 ], [ 12.504169998726855, 47.283330006247354 ], [ 12.502499998722852, 47.284170006249212 ], [ 12.498329998713237, 47.281670006243921 ], [ 12.49082999869543, 47.283330006247596 ], [ 12.488329998689608, 47.28250000624584 ], [ 12.464999998634495, 47.284170006249788 ], [ 12.454169998609036, 47.283330006248157 ], [ 12.448329998595558, 47.280000006241117 ], [ 12.447499998593536, 47.280830006242923 ], [ 12.446669998591716, 47.279170006239355 ], [ 12.444999998587708, 47.280000006241174 ], [ 12.432499998558388, 47.278330006237752 ], [ 12.427499998546526, 47.279170006239646 ], [ 12.423329998536843, 47.277500006236131 ], [ 12.398329998477751, 47.279170006240022 ], [ 12.383329998442667, 47.275830006233086 ], [ 12.370829998413553, 47.271670006224305 ], [ 12.364999998399648, 47.273330006227923 ], [ 12.356669998380003, 47.273330006228036 ], [ 12.345829998354942, 47.267500006215649 ], [ 12.337499998335291, 47.267500006215755 ], [ 12.332499998323785, 47.264170006208637 ], [ 12.329169998316297, 47.260000006199718 ], [ 12.322499998300858, 47.256670006192664 ], [ 12.314999998283165, 47.256670006192742 ], [ 12.300829998250094, 47.252500006183922 ], [ 12.288329998220595, 47.252500006184057 ], [ 12.266669998170519, 47.240830006159193 ] ], [ [ 12.814169999473366, 47.045000005728497 ], [ 12.819999999486953, 47.045830005730139 ], [ 12.824999999498894, 47.042500005722836 ], [ 12.830829999512607, 47.041670005720924 ], [ 12.836669999526507, 47.038330005713583 ], [ 12.845829999548117, 47.035830005707936 ], [ 12.848329999554197, 47.032500005700697 ], [ 12.849999999558106, 47.032500005700655 ], [ 12.853329999566192, 47.028330005691593 ], [ 12.856669999574118, 47.026670005687947 ], [ 12.85749999957623, 47.024170005682535 ], [ 12.859169999580143, 47.024170005682478 ], [ 12.862499999588227, 47.020000005673424 ], [ 12.864999999594126, 47.019170005671569 ], [ 12.865829999596356, 47.01500000566255 ], [ 12.868329999602375, 47.012500005657081 ], [ 12.868329999602548, 47.010000005651719 ], [ 12.876669999622669, 47.000830005631705 ], [ 12.877499999624787, 46.998330005626322 ], [ 12.875829999621052, 46.995830005620959 ], [ 12.87499999961951, 46.990000005608408 ], [ 12.876669999623589, 46.987500005602975 ], [ 12.876669999623809, 46.984170005595779 ], [ 12.886669999647692, 46.976670005579336 ], [ 12.89332999966377, 46.969170005563001 ], [ 12.894999999668066, 46.963330005550354 ], [ 12.893329999664275, 46.961670005546829 ], [ 12.893329999664493, 46.958330005539608 ], [ 12.895829999670449, 46.956670005535983 ], [ 12.896669999672794, 46.950830005523329 ], [ 12.900829999682799, 46.946670005514228 ], [ 12.900829999683237, 46.940000005499847 ], [ 12.904169999691318, 46.935830005490779 ], [ 12.906669999697767, 46.92667000547091 ], [ 12.909999999705763, 46.923330005463626 ], [ 12.909169999704037, 46.920000005456458 ], [ 12.910829999708302, 46.914170005443808 ], [ 12.909999999706745, 46.908330005431218 ], [ 12.905829999697227, 46.905000005424114 ], [ 12.905829999697438, 46.901670005416932 ], [ 12.902499999689951, 46.897500005408027 ], [ 12.899999999684159, 46.896670005406285 ], [ 12.899999999684271, 46.895000005402672 ], [ 12.894999999672866, 46.890830005393767 ], [ 12.892499999667308, 46.886670005384858 ], [ 12.884169999648188, 46.881670005374261 ], [ 12.881669999643009, 46.871670005352705 ], [ 12.884999999651056, 46.867500005343601 ], [ 12.887499999656944, 46.866670005341724 ], [ 12.887499999657161, 46.863330005334525 ], [ 12.895829999676552, 46.864170005336135 ], [ 12.907499999704166, 46.858330005323204 ], [ 12.914999999721717, 46.857500005321221 ], [ 12.917499999727658, 46.855830005317543 ], [ 12.939169999778153, 46.856670005318819 ], [ 12.941669999784045, 46.855830005316939 ], [ 12.948329999799469, 46.857500005320389 ], [ 12.951669999807368, 46.855830005316676 ], [ 12.957499999820806, 46.858330005321903 ], [ 12.96582999984023, 46.858330005321712 ], [ 12.966669999842134, 46.859170005323477 ], [ 12.965829999840123, 46.860000005325297 ], [ 12.969999999849584, 46.864170005334216 ], [ 12.984169999882475, 46.866670005339238 ], [ 13.004169999928472, 46.876670005360268 ], [ 13.004169999928523, 46.875830005358459 ], [ 13.005829999932185, 46.879170005365644 ], [ 13.009169999940026, 46.878330005363736 ], [ 13.015829999955391, 46.880830005368942 ], [ 13.021669999969065, 46.880000005367002 ], [ 13.024999999976661, 46.8825000053723 ], [ 13.032499999994144, 46.882500005372073 ], [ 13.035830000001805, 46.884170005375573 ], [ 13.045000000023069, 46.885830005378921 ], [ 13.045000000022915, 46.888330005384297 ], [ 13.046670000026712, 46.890000005387883 ], [ 13.054170000044081, 46.891670005391255 ], [ 13.063330000065022, 46.898330005405377 ], [ 13.065000000068608, 46.903330005416102 ], [ 13.069170000078115, 46.906670005423187 ], [ 13.067500000074073, 46.909170005428628 ], [ 13.075000000091091, 46.916670005444644 ], [ 13.07667000009473, 46.920830005453553 ], [ 13.081670000106081, 46.925830005464199 ], [ 13.082500000107853, 46.928330005469562 ], [ 13.089170000123149, 46.932500005478332 ], [ 13.100000000148329, 46.933330005479775 ], [ 13.105830000162067, 46.930830005474199 ], [ 13.110830000173603, 46.932500005477657 ], [ 13.119170000193188, 46.930000005472031 ], [ 13.126670000210559, 46.931670005475382 ], [ 13.128330000214326, 46.933330005478915 ], [ 13.135000000229962, 46.931670005475119 ], [ 13.136670000233753, 46.933330005478631 ], [ 13.142500000247226, 46.935000005482053 ], [ 13.154170000274455, 46.934170005479892 ], [ 13.157500000282354, 46.931670005474388 ], [ 13.159170000286148, 46.933330005477913 ], [ 13.165830000301694, 46.932500005475902 ], [ 13.170830000313192, 46.935000005481136 ], [ 13.180830000336471, 46.935000005480816 ], [ 13.192500000363877, 46.930830005471421 ], [ 13.196670000373576, 46.930830005471286 ], [ 13.203330000389313, 46.926670005462086 ], [ 13.207500000399017, 46.926670005461958 ], [ 13.214170000414864, 46.920830005449119 ], [ 13.215000000416749, 46.921670005450885 ], [ 13.21750000042271, 46.919170005445402 ], [ 13.218330000424592, 46.920000005447172 ], [ 13.222500000434437, 46.917500005441624 ], [ 13.22583000044218, 46.917500005441518 ], [ 13.229170000450138, 46.914170005434229 ], [ 13.233330000459766, 46.915000005435871 ], [ 13.235830000465761, 46.911670005428597 ], [ 13.244170000485346, 46.908330005421114 ], [ 13.251670000503109, 46.90250000540825 ], [ 13.259170000520488, 46.903330005409757 ], [ 13.260000000522609, 46.900000005402561 ], [ 13.265000000534457, 46.8958300053934 ], [ 13.265000000534599, 46.893330005387995 ], [ 13.271670000550234, 46.890830005382362 ], [ 13.275000000558208, 46.88667000537329 ], [ 13.283330000577919, 46.880000005358568 ], [ 13.290830000595339, 46.880000005358333 ], [ 13.294170000603225, 46.877500005352793 ], [ 13.300830000618793, 46.875830005348952 ], [ 13.310830000642236, 46.871670005339602 ], [ 13.320830000665586, 46.869170005333849 ], [ 13.329170000684945, 46.869170005333523 ], [ 13.334170000696686, 46.866670005327954 ], [ 13.33583000070066, 46.864170005322485 ], [ 13.335830000700975, 46.858330005309867 ], [ 13.337500000704935, 46.856670005306249 ], [ 13.343330000718462, 46.856670005306015 ], [ 13.3466700007263, 46.855000005302294 ], [ 13.351670000738114, 46.850830005293098 ], [ 13.354170000744135, 46.846670005284025 ], [ 13.355000000746012, 46.847500005285767 ], [ 13.357500000751909, 46.84583000528211 ], [ 13.367500000775525, 46.83750000526372 ], [ 13.374170000791082, 46.835830005259858 ], [ 13.379170000802969, 46.830000005247086 ], [ 13.378330000801153, 46.827500005241717 ], [ 13.369170000779949, 46.826670005240231 ], [ 13.366670000774111, 46.82750000524215 ], [ 13.363330000766153, 46.83167000525129 ], [ 13.350000000735196, 46.832500005253586 ], [ 13.346670000727595, 46.830000005248294 ], [ 13.346670000727684, 46.828330005244688 ], [ 13.357500000753486, 46.815000005215481 ], [ 13.358330000755586, 46.811670005208278 ], [ 13.360830000761467, 46.810000005204571 ], [ 13.359170000757747, 46.80750000519923 ], [ 13.360830000762185, 46.795830005173933 ], [ 13.351670000741459, 46.785830005152683 ], [ 13.351670000741587, 46.78333000514727 ], [ 13.347500000732119, 46.779170005138411 ], [ 13.348330000734094, 46.778330005136581 ], [ 13.3441700007247, 46.773330005125928 ], [ 13.345000000726756, 46.770830005120452 ], [ 13.341670000719205, 46.767500005113391 ], [ 13.341670000719288, 46.765830005109791 ], [ 13.338330000711668, 46.763330005104507 ], [ 13.339170000713658, 46.762500005102694 ], [ 13.337500000709875, 46.760830005099109 ], [ 13.336670000707914, 46.761670005100989 ], [ 13.331670000696448, 46.75917000509574 ], [ 13.330830000694453, 46.760000005097559 ], [ 13.329170000690729, 46.757500005092197 ], [ 13.323330000677158, 46.758330005094223 ], [ 13.321670000673393, 46.756670005090683 ], [ 13.319170000667555, 46.757500005092567 ], [ 13.315000000658019, 46.755000005087332 ], [ 13.310830000648297, 46.755830005089251 ], [ 13.307500000640706, 46.753330005083967 ], [ 13.299170000621483, 46.751670005080697 ], [ 13.294170000609888, 46.751670005080861 ], [ 13.290830000602005, 46.754170005086372 ], [ 13.275000000565425, 46.751670005081522 ], [ 13.272500000559543, 46.753330005085203 ], [ 13.270000000553786, 46.752500005083512 ], [ 13.266670000545924, 46.755000005089023 ], [ 13.264170000540133, 46.755000005089116 ], [ 13.260830000532556, 46.751670005081991 ], [ 13.256670000522989, 46.750000005078519 ], [ 13.25167000051135, 46.750830005080488 ], [ 13.24583000049784, 46.750000005078903 ], [ 13.244170000494075, 46.748330005075353 ], [ 13.237500000478553, 46.749170005077367 ], [ 13.235000000472798, 46.748330005075658 ], [ 13.234170000470778, 46.750000005079286 ], [ 13.227500000455297, 46.750000005079514 ], [ 13.224170000447662, 46.748330005076021 ], [ 13.223330000445666, 46.749170005077843 ], [ 13.220000000437985, 46.748330005076127 ], [ 13.2183300004342, 46.746670005072623 ], [ 13.210000000414727, 46.749170005078284 ], [ 13.200830000393799, 46.742500005064159 ], [ 13.197500000386066, 46.742500005064265 ], [ 13.195000000380352, 46.740830005060729 ], [ 13.193330000376433, 46.741670005062581 ], [ 13.185830000359241, 46.737500005053796 ], [ 13.184170000355341, 46.738330005055673 ], [ 13.178330000341914, 46.735830005050403 ], [ 13.165830000312754, 46.738330005056241 ], [ 13.157500000293448, 46.737500005054692 ], [ 13.155830000289482, 46.739170005058384 ], [ 13.153330000283665, 46.739170005058433 ], [ 13.133330000237434, 46.735000005050019 ], [ 13.126670000221543, 46.742500005066468 ], [ 13.125830000219635, 46.741670005064698 ], [ 13.123330000213731, 46.743330005068351 ], [ 13.120000000205998, 46.743330005068465 ], [ 13.115830000196349, 46.742500005066788 ], [ 13.115000000194561, 46.740000005061418 ], [ 13.113330000190732, 46.739170005059684 ], [ 13.107500000177179, 46.73917000505984 ], [ 13.096670000152381, 46.732500005045715 ], [ 13.093330000144572, 46.733330005047591 ], [ 13.08417000012337, 46.731670005044272 ], [ 13.083330000121327, 46.733330005047911 ], [ 13.06417000007672, 46.734170005050252 ], [ 13.052500000049672, 46.73250000504698 ], [ 13.05083000004565, 46.735000005052441 ], [ 13.047500000037807, 46.736670005056169 ], [ 13.027499999991377, 46.735000005053081 ], [ 13.024999999985418, 46.737500005058592 ], [ 13.021669999977671, 46.737500005058692 ], [ 13.020829999975621, 46.739170005062341 ], [ 13.012499999956283, 46.738330005060725 ], [ 13.008329999946431, 46.740830005066286 ], [ 13.00499999993878, 46.739170005062753 ], [ 12.985829999894001, 46.741670005068698 ], [ 12.982499999886107, 46.744170005074189 ], [ 12.979999999880036, 46.748330005083275 ], [ 12.967499999850975, 46.74750000508179 ], [ 12.963329999841367, 46.74583000507829 ], [ 12.955829999823854, 46.746670005080297 ], [ 12.95082999981231, 46.745000005076818 ], [ 12.940829999788242, 46.757500005104134 ], [ 12.936669999778454, 46.759170005107862 ], [ 12.935829999776388, 46.760830005111451 ], [ 12.93499999977451, 46.760000005109717 ], [ 12.931669999766541, 46.763330005117027 ], [ 12.932499999768423, 46.764170005118793 ], [ 12.92416999974901, 46.76417000511902 ], [ 12.919169999737205, 46.766670005124567 ], [ 12.917499999733362, 46.76583000512278 ], [ 12.910829999717402, 46.772500005137395 ], [ 12.901669999695789, 46.776670005146684 ], [ 12.895829999682116, 46.777500005148589 ], [ 12.893329999676125, 46.780000005154065 ], [ 12.894169999678033, 46.780830005155828 ], [ 12.891669999672258, 46.780000005154079 ], [ 12.888329999664363, 46.781670005157793 ], [ 12.88666999966054, 46.780830005155991 ], [ 12.884169999654555, 46.783330005161481 ], [ 12.880829999646766, 46.783330005161595 ], [ 12.877499999638843, 46.785830005167078 ], [ 12.877499999638678, 46.78833000517249 ], [ 12.874169999630697, 46.791670005179803 ], [ 12.869999999620811, 46.794170005185329 ], [ 12.857499999591431, 46.797500005192802 ], [ 12.854169999583391, 46.80167000520192 ], [ 12.843329999557822, 46.805830005211178 ], [ 12.841669999553792, 46.808330005216639 ], [ 12.842499999555617, 46.810000005220232 ], [ 12.839999999549667, 46.811670005223888 ], [ 12.82832999952238, 46.812500005225964 ], [ 12.823329999510536, 46.815000005231489 ], [ 12.819169999500874, 46.814170005229748 ], [ 12.812499999485031, 46.81833000523892 ], [ 12.811669999483206, 46.816670005235352 ], [ 12.80999999947919, 46.818330005238984 ], [ 12.807499999473412, 46.817500005237264 ], [ 12.798329999451717, 46.821670005246482 ], [ 12.794999999444006, 46.820830005244744 ], [ 12.790829999434148, 46.822500005248443 ], [ 12.788329999428356, 46.821670005246702 ], [ 12.783329999416402, 46.825830005255824 ], [ 12.775829999398656, 46.829170005263222 ], [ 12.764169999371186, 46.832500005270674 ], [ 12.758329999357537, 46.832500005270788 ], [ 12.754999999349646, 46.834170005274473 ], [ 12.748329999334109, 46.833330005272778 ], [ 12.73999999931447, 46.835830005278368 ], [ 12.733329999298878, 46.835830005278488 ], [ 12.728329999287075, 46.837500005282223 ], [ 12.727499999285195, 46.836670005280467 ], [ 12.724999999279232, 46.838330005284078 ], [ 12.724169999277352, 46.837500005282294 ], [ 12.722499999273273, 46.840000005287763 ], [ 12.714999999255504, 46.843330005295122 ], [ 12.711669999247368, 46.848330005306018 ], [ 12.708329999239501, 46.84917000530789 ], [ 12.703329999227448, 46.854170005318799 ], [ 12.692499999202012, 46.855830005322602 ], [ 12.692499999201882, 46.857500005326202 ], [ 12.684999999183749, 46.865830005344364 ], [ 12.684169999181869, 46.865000005342608 ], [ 12.683329999179781, 46.866670005346222 ], [ 12.676669999164083, 46.868330005349968 ], [ 12.677499999165784, 46.871670005357181 ], [ 12.668329999143845, 46.878330005371737 ], [ 12.664999999135992, 46.879170005373609 ], [ 12.660829999125932, 46.883330005382682 ], [ 12.6533299991082, 46.88583000538825 ], [ 12.649169999098094, 46.890830005399138 ], [ 12.644999999088146, 46.893330005404593 ], [ 12.644169999086019, 46.895830005410012 ], [ 12.634169999062363, 46.899170005417432 ], [ 12.630829999054168, 46.904170005428284 ], [ 12.629169999050347, 46.903330005426504 ], [ 12.627499999046314, 46.905000005430153 ], [ 12.625829999042461, 46.904170005428369 ], [ 12.619999999028501, 46.908330005437485 ], [ 12.6183299990244, 46.910830005442925 ], [ 12.617499999022517, 46.910000005441141 ], [ 12.607499998998716, 46.9150000054521 ], [ 12.604169998990484, 46.920830005464779 ], [ 12.60166999898469, 46.920000005463031 ], [ 12.598329998976677, 46.922500005468507 ], [ 12.596669998972848, 46.921670005466758 ], [ 12.585829998946876, 46.92917000548313 ], [ 12.584169998943054, 46.928330005481364 ], [ 12.579999998933213, 46.929170005483236 ], [ 12.569999998908827, 46.941670005510396 ], [ 12.569999998908512, 46.945830005519419 ], [ 12.568329998904339, 46.949170005526653 ], [ 12.565829998898352, 46.950830005530257 ], [ 12.565829998898225, 46.952500005533892 ], [ 12.562499998890164, 46.955830005541145 ], [ 12.560829998886303, 46.955000005539368 ], [ 12.553329998868332, 46.960000005550299 ], [ 12.550829998861898, 46.967500005566528 ], [ 12.55166999886368, 46.970000005571919 ], [ 12.550829998861326, 46.975000005582743 ], [ 12.545829998849333, 46.97833000559001 ], [ 12.545829998849076, 46.981670005597216 ], [ 12.534999998822816, 46.992500005620769 ], [ 12.534169998820936, 46.991670005618978 ], [ 12.531669998814882, 46.99417000562444 ], [ 12.529999998810952, 46.994170005624461 ] ], [ [ 12.696659999194011, 47.099160005847793 ], [ 12.700829999204107, 47.095000005838756 ], [ 12.704989999213927, 47.094160005836876 ], [ 12.713329999234114, 47.085830005818742 ], [ 12.714989999238, 47.085830005818679 ], [ 12.71748999924405, 47.083330005813274 ], [ 12.719989999249849, 47.084160005815008 ], [ 12.725829999264043, 47.077500005800538 ], [ 12.732489999279904, 47.074160005793175 ], [ 12.734989999285764, 47.074160005793139 ], [ 12.741659999301703, 47.070000005784031 ], [ 12.743329999305496, 47.071660005787564 ], [ 12.748329999317574, 47.066660005776676 ], [ 12.764159999354558, 47.068330005779906 ], [ 12.772489999374491, 47.062500005767156 ], [ 12.7791599993903, 47.06000000576163 ], [ 12.785829999406346, 47.054160005748905 ], [ 12.789159999414146, 47.054160005748798 ], [ 12.798329999436099, 47.047500005734264 ], [ 12.806659999455544, 47.048330005735828 ], [ 12.809989999463399, 47.04750000573398 ], [ 12.811659999467489, 47.045000005728539 ], [ 12.814159999473345, 47.045000005728504 ] ] ] } },
{ "type": "Feature", "properties": { "cls": "50-100", "km": 404.4 }, "geometry": { "type": "MultiLineString", "coordinates": [ [ [ 10.779999994645406, 47.213330006082025 ], [ 10.782499994651362, 47.213330006082138 ], [ 10.789169994667684, 47.210000006075191 ], [ 10.797499994687529, 47.210000006075447 ], [ 10.802499994699126, 47.21250000608098 ], [ 10.807499994711135, 47.211670006079345 ], [ 10.816669994732354, 47.216670006090496 ], [ 10.816669994732031, 47.219170006095837 ], [ 10.819999994739653, 47.221670006101341 ], [ 10.819999994739122, 47.225830006110328 ], [ 10.821669994742889, 47.227500006113964 ], [ 10.824169994749054, 47.225830006110435 ], [ 10.828329994758967, 47.225830006110598 ], [ 10.83499999477454, 47.22833000611616 ], [ 10.839169994783948, 47.232500006125314 ], [ 10.840829994788223, 47.230000006119965 ], [ 10.846669994802241, 47.229170006118345 ], [ 10.847499994804535, 47.226670006112982 ], [ 10.849169994808621, 47.225830006111266 ], [ 10.85749999482826, 47.227500006115115 ], [ 10.859999994834423, 47.225830006111593 ], [ 10.857499994829421, 47.21833000609535 ], [ 10.862499994841647, 47.215830006090108 ], [ 10.864999994848022, 47.212500006083019 ], [ 10.868329994855845, 47.213330006084902 ], [ 10.870829994862012, 47.211670006081391 ], [ 10.872499994866413, 47.208330006074235 ], [ 10.878329994880612, 47.205830006069029 ], [ 10.87916999488251, 47.20667000607088 ], [ 10.880829994886989, 47.202500006061946 ], [ 10.894999994920731, 47.202500006062365 ], [ 10.904169994943514, 47.195000006046463 ], [ 10.903329994941616, 47.194170006044665 ], [ 10.904169994944237, 47.189170006033912 ], [ 10.908329994954354, 47.187500006030419 ], [ 10.909999994958646, 47.185000006025092 ], [ 10.909169994956871, 47.18333000602145 ], [ 10.912499994965215, 47.180000006014374 ], [ 10.912499994965632, 47.176670006007193 ], [ 10.909999994959886, 47.175000006003515 ], [ 10.909999994962176, 47.15667000596396 ], [ 10.913329994971859, 47.142500005933464 ], [ 10.91999999498845, 47.136670005921054 ], [ 10.92082999499115, 47.130830005908507 ], [ 10.929999995014196, 47.120830005887157 ], [ 10.934999995026509, 47.117500005880132 ], [ 10.934999995026814, 47.115000005874712 ], [ 10.939169995036735, 47.11500000587484 ], [ 10.940829995041195, 47.110830005865878 ], [ 10.943329995047344, 47.109170005862367 ], [ 10.95332999507143, 47.106670005857232 ], [ 10.947499995059303, 47.092500005826473 ], [ 10.950829995067837, 47.087500005815755 ], [ 10.954999995078163, 47.084170005808659 ], [ 10.957499995085119, 47.075830005790699 ], [ 10.96332999509969, 47.070000005778262 ], [ 10.959159995090594, 47.063330005763724 ], [ 10.959989995092972, 47.060000005756564 ], [ 10.957489995087441, 47.056660005749272 ], [ 10.960829995095878, 47.052500005740349 ], [ 10.959159995092218, 47.050000005734901 ], [ 10.960829995096491, 47.047500005729546 ], [ 10.95998999509459, 47.046660005727674 ], [ 10.962489995100736, 47.04500000572417 ], [ 10.96415999510511, 47.041660005716999 ], [ 10.954159995081545, 47.040000005713111 ], [ 10.95082999507455, 47.032500005696782 ], [ 10.940829995052106, 47.021660005673063 ], [ 10.930829995028242, 47.022500005674559 ], [ 10.924989995014768, 47.019160005667175 ] ], [ [ 11.055829995327363, 47.004160005638347 ], [ 11.053329995321025, 47.007500005645525 ], [ 11.049159995311125, 47.007500005645412 ], [ 11.046659995305388, 47.005830005641734 ], [ 11.044159995299154, 47.008330005647075 ], [ 11.04165999529322, 47.008330005646997 ], [ 11.034999995277699, 47.005830005641407 ], [ 11.024999995253859, 47.006660005642949 ], [ 11.014999995230697, 47.001660005631841 ], [ 11.009999995218827, 47.00166000563172 ], [ 11.009999995218426, 47.005000005638927 ], [ 11.001659995197819, 47.011660005653134 ], [ 10.998329995189213, 47.017500005665688 ], [ 10.994159995179006, 47.020000005670973 ], [ 10.991659995172364, 47.02583000568351 ] ], [ [ 11.009999995223602, 46.961670005545102 ], [ 11.009999995223795, 46.96000000554146 ], [ 11.012499995229932, 46.958330005537931 ], [ 11.014169995234685, 46.951670005523532 ], [ 11.01666999524082, 46.950000005519961 ], [ 11.021669995252687, 46.950000005520124 ], [ 11.027499995267014, 46.94583000551124 ], [ 11.02666999526584, 46.939170005496806 ] ], [ [ 12.929999999651551, 48.208330008198274 ], [ 12.925829999641833, 48.206670008194919 ], [ 12.914169999614227, 48.206670008195346 ], [ 12.904169999590774, 48.204170008190445 ], [ 12.871669999513951, 48.202500008188053 ], [ 12.868329999506196, 48.200830008184653 ], [ 12.863329999494892, 48.195000008172592 ], [ 12.863329999495203, 48.191670008165637 ], [ 12.859999999488018, 48.184170008150033 ], [ 12.85499999947664, 48.179170008139707 ], [ 12.853329999472685, 48.179170008139778 ], [ 12.846669999458067, 48.166670008113783 ], [ 12.836669999434465, 48.165830008112351 ], [ 12.834999999430659, 48.164170008108933 ], [ 12.834169999429312, 48.157500008094956 ], [ 12.82666999941201, 48.152500008084701 ], [ 12.814169999382399, 48.152500008085106 ], [ 12.799999999349287, 48.147500008075042 ], [ 12.797499999343596, 48.145000008069886 ], [ 12.797499999344222, 48.138330008055888 ], [ 12.786669999319974, 48.123330008024723 ], [ 12.782499999310172, 48.122500008023103 ], [ 12.77499999929193, 48.12750000803382 ], [ 12.766669999272025, 48.12917000803759 ], [ 12.763329999264112, 48.129170008037704 ], [ 12.758329999252496, 48.126670008032576 ], [ 12.757499999250687, 48.125000008029112 ], [ 12.75916999925496, 48.121670008022065 ], [ 12.758329999253281, 48.118330008015093 ], [ 12.749169999232278, 48.110830007999567 ], [ 12.749999999235266, 48.10000000797681 ], [ 12.753329999244642, 48.084170007943435 ], [ 12.758329999257265, 48.075830007925767 ], [ 12.766669999277719, 48.068330007909758 ], [ 12.829999999431088, 48.030830007828961 ], [ 12.851669999483779, 48.015000007794939 ], [ 12.857499999498241, 48.007500007778994 ], [ 12.859169999503012, 47.998330007759606 ], [ 12.862499999511476, 47.991670007745476 ], [ 12.868329999527111, 47.97083000770138 ], [ 12.869999999531352, 47.967500007694312 ], [ 12.875829999545571, 47.962500007683587 ], [ 12.884169999565568, 47.959170007676292 ], [ 12.914169999636666, 47.956670007670034 ], [ 12.919169999648689, 47.954170007664594 ], [ 12.920829999652826, 47.951670007659281 ], [ 12.919169999649343, 47.946670007648791 ], [ 12.919169999649778, 47.94167000763823 ], [ 12.920829999653838, 47.94000000763468 ], [ 12.93082999967752, 47.939170007632583 ], [ 12.933329999683352, 47.940000007634254 ], [ 12.936669999690881, 47.944170007642931 ], [ 12.938329999694941, 47.942500007639353 ], [ 12.940829999701782, 47.931670007616425 ], [ 12.946669999716491, 47.920830007593359 ], [ 12.965829999763331, 47.901670007552269 ], [ 12.985829999813095, 47.870830007486418 ], [ 13.008329999868, 47.848330007438094 ], [ 13.024169999906414, 47.835000007409356 ], [ 13.031669999924903, 47.825000007387963 ], [ 13.036669999937486, 47.815000007366606 ], [ 13.036669999938162, 47.806670007348991 ], [ 13.039999999946339, 47.802500007340065 ], [ 13.057499999988009, 47.796670007327087 ], [ 13.068330000013962, 47.790830007314334 ], [ 13.075000000030125, 47.785000007301747 ], [ 13.075830000032603, 47.778330007287586 ], [ 13.074170000029694, 47.765830007261208 ], [ 13.079170000042243, 47.75583000723983 ], [ 13.082500000051839, 47.733330007192016 ], [ 13.082500000053077, 47.717500007158442 ], [ 13.078330000043852, 47.71000000714271 ], [ 13.076670000040533, 47.702500007126858 ], [ 13.085830000063163, 47.688330007096461 ], [ 13.097500000090969, 47.683330007085409 ], [ 13.098330000093306, 47.678330007074784 ], [ 13.100830000099435, 47.675000007067602 ], [ 13.108330000117245, 47.672500007062048 ], [ 13.116670000136837, 47.67250000706175 ], [ 13.120830000146864, 47.669170007054518 ], [ 13.120000000145167, 47.66583000704744 ], [ 13.115830000135755, 47.660830007036992 ], [ 13.120830000147993, 47.654170007022664 ], [ 13.121670000150411, 47.648330007010237 ], [ 13.129170000168399, 47.643330006999335 ], [ 13.130000000170911, 47.635830006983369 ], [ 13.135830000184777, 47.633330006977822 ], [ 13.139170000192866, 47.63000000697064 ], [ 13.138330000191397, 47.623330006956493 ], [ 13.140830000197449, 47.620830006951081 ], [ 13.146670000211277, 47.619170006947336 ], [ 13.145830000209553, 47.615830006940278 ], [ 13.146670000211834, 47.611670006931426 ], [ 13.149170000217822, 47.610000006927748 ], [ 13.155830000233449, 47.610000006927507 ], [ 13.162500000249713, 47.601670006909544 ], [ 13.162500000250564, 47.59000000688475 ], [ 13.160830000247014, 47.585000006874175 ], [ 13.16417000025503, 47.582500006868727 ], [ 13.169170000266753, 47.582500006868536 ], [ 13.17583000028262, 47.57917000686119 ], [ 13.185000000304056, 47.580000006862626 ], [ 13.193330000323945, 47.57500000685166 ], [ 13.188330000312586, 47.570000006841205 ], [ 13.183330000301041, 47.567500006836084 ], [ 13.169170000268021, 47.565000006831305 ], [ 13.165830000260438, 47.561670006824343 ], [ 13.165000000258729, 47.558330006817258 ], [ 13.165000000258903, 47.555830006811931 ], [ 13.169170000268984, 47.551670006802937 ], [ 13.167500000265431, 47.546670006792354 ], [ 13.170000000271529, 47.543330006785119 ], [ 13.170000000271772, 47.540000006778065 ], [ 13.165000000260648, 47.531670006760514 ], [ 13.166670000264803, 47.528330006753336 ], [ 13.164170000259118, 47.525830006748109 ], [ 13.164170000259357, 47.522500006741005 ], [ 13.166670000265336, 47.520830006737349 ], [ 13.165830000263732, 47.515830006726745 ], [ 13.169170000271905, 47.510830006715928 ], [ 13.167500000268229, 47.507500006708923 ], [ 13.173330000282075, 47.505000006703398 ], [ 13.173330000282247, 47.502500006698064 ], [ 13.177500000292429, 47.496670006685477 ], [ 13.178330000294785, 47.490830006673001 ] ], [ [ 15.730830006139962, 46.50083000437953 ], [ 15.730830006140039, 46.504170004386694 ], [ 15.726670006130814, 46.502500004383521 ], [ 15.722500006121644, 46.504170004387504 ], [ 15.7200000061162, 46.507500004394885 ], [ 15.719170006114345, 46.506670004393186 ], [ 15.718330006112566, 46.510000004400375 ], [ 15.715000006105308, 46.51417000440965 ], [ 15.715000006105395, 46.517500004416803 ], [ 15.711670006098068, 46.519170004420694 ], [ 15.710830006096371, 46.525830004435058 ], [ 15.717500006111257, 46.531670004446958 ], [ 15.716670006109686, 46.543330004472011 ], [ 15.711670006098792, 46.550000004486797 ], [ 15.70750000608963, 46.552500004492586 ], [ 15.704170006082247, 46.551670004491093 ], [ 15.696670006065716, 46.55417000449718 ], [ 15.69250000605645, 46.552500004494014 ], [ 15.6858300060417, 46.552500004494647 ], [ 15.683330006036217, 46.554170004498474 ], [ 15.684170006038087, 46.555000004500165 ], [ 15.683330006036261, 46.556670004503815 ], [ 15.675830006019735, 46.560000004511686 ], [ 15.67250000601236, 46.560000004511998 ], [ 15.666670005999372, 46.555830004503619 ], [ 15.63833000593662, 46.555830004506269 ], [ 15.628330005914551, 46.560000004516169 ], [ 15.62167000589981, 46.560830004518579 ], [ 15.613330005881464, 46.568330004535433 ], [ 15.601670005855643, 46.569170004538293 ], [ 15.592500005835223, 46.565000004530212 ], [ 15.572500005790866, 46.565000004532102 ], [ 15.55833000575935, 46.561670004526235 ], [ 15.54500000572976, 46.560830004525677 ], [ 15.536670005711215, 46.558330004521068 ], [ 15.525830005687135, 46.557500004520286 ], [ 15.510000005651774, 46.546670004498466 ], [ 15.496670005622098, 46.542500004490698 ], [ 15.490830005609117, 46.542500004491231 ], [ 15.481670005588605, 46.533330004472376 ], [ 15.466670005555283, 46.534170004475527 ], [ 15.462500005546001, 46.533330004474109 ], [ 15.458330005536737, 46.534170004476273 ], [ 15.450000005518344, 46.543330004496653 ], [ 15.455000005529588, 46.550830004512335 ], [ 15.456670005533621, 46.570830004555148 ], [ 15.44750000551336, 46.580830004577443 ], [ 15.444170005505967, 46.582500004581341 ], [ 15.441670005500404, 46.58250000458154 ], [ 15.438330005492926, 46.579170004574671 ], [ 15.438330005492837, 46.573330004562145 ], [ 15.440000005496529, 46.571670004558435 ], [ 15.440000005496483, 46.568330004551242 ], [ 15.43583000548715, 46.565000004544473 ], [ 15.425830005464851, 46.562500004540013 ], [ 15.404170005416821, 46.577500004574134 ], [ 15.403330005415008, 46.580830004581379 ], [ 15.397500005402032, 46.582500004585462 ], [ 15.384170005372336, 46.582500004586649 ], [ 15.376670005355642, 46.585000004592686 ], [ 15.371670005344491, 46.585000004593127 ], [ 15.363330005325841, 46.58000000458307 ], [ 15.358330005314686, 46.580000004583532 ], [ 15.354170005305432, 46.581670004587508 ], [ 15.347500005290646, 46.590000004605947 ], [ 15.344170005283244, 46.591670004609838 ], [ 15.335000005262797, 46.593330004614195 ], [ 15.32667000524417, 46.590000004607766 ], [ 15.318330005225553, 46.590000004608484 ], [ 15.31500000521816, 46.593330004615936 ], [ 15.314170005216338, 46.596670004623171 ], [ 15.311670005210772, 46.598330004626952 ], [ 15.307500005201446, 46.59750000462553 ], [ 15.304170005193951, 46.590830004611497 ], [ 15.301670005188349, 46.58917000460815 ], [ 15.29667000517717, 46.588330004606767 ], [ 15.289170005160445, 46.590000004611021 ], [ 15.286670005154839, 46.58833000460762 ], [ 15.278330005136196, 46.586670004604763 ], [ 15.270000005117602, 46.58833000460907 ], [ 15.267500005112028, 46.590830004614638 ], [ 15.266670005110216, 46.595000004623657 ], [ 15.260830005097183, 46.597500004629538 ], [ 15.256670005087885, 46.597500004629879 ], [ 15.250830005074869, 46.601670004639359 ], [ 15.245830005063677, 46.600830004637956 ], [ 15.240000005050616, 46.597500004631293 ], [ 15.222500005011462, 46.596670004630987 ], [ 15.210830004985377, 46.600830004640883 ], [ 15.207500004977948, 46.60417000464836 ], [ 15.200830004963018, 46.603330004647127 ], [ 15.196670004953708, 46.604170004649283 ], [ 15.189170004936969, 46.613330004669564 ], [ 15.185000004927652, 46.615830004675288 ], [ 15.179170004914598, 46.615830004675793 ], [ 15.175000004905234, 46.611670004667168 ], [ 15.170000004894012, 46.609170004662232 ], [ 15.169170004892131, 46.605000004653341 ], [ 15.157500004865939, 46.5958300046346 ], [ 15.14750000484351, 46.591670004626479 ], [ 15.131670004808045, 46.593330004631326 ], [ 15.12667000479685, 46.595000004635345 ], [ 15.119170004780063, 46.602500004652086 ], [ 15.110000004759508, 46.606670004661794 ], [ 15.100000004737081, 46.605830004660788 ], [ 15.088330004710881, 46.602500004654559 ], [ 15.080830004694056, 46.602500004655177 ], [ 15.076670004684733, 46.605000004660901 ], [ 15.065000004658534, 46.605000004661832 ], [ 15.059170004645441, 46.602500004656925 ], [ 15.056670004639818, 46.600000004651733 ], [ 15.049170004622974, 46.59750000464696 ], [ 15.040000004602373, 46.596670004645901 ], [ 15.033330004587386, 46.593330004639263 ], [ 15.029170004578036, 46.589170004630631 ], [ 15.01750000455182, 46.586670004626157 ], [ 15.014170004544344, 46.584170004621058 ], [ 15.012500004540586, 46.585830004624775 ], [ 15.012500004540584, 46.590000004633737 ], [ 15.007500004529357, 46.59417000464309 ], [ 15.001670004516257, 46.595830004647112 ], [ 14.990000004490021, 46.595830004648015 ], [ 14.980830004469411, 46.600000004657737 ], [ 14.976670004460054, 46.604170004667068 ], [ 14.974170004454429, 46.609170004677985 ], [ 14.974170004454425, 46.616670004694129 ], [ 14.971670004448798, 46.623330004708663 ], [ 14.965825787584713, 46.628332439954342 ], [ 14.95499584546017, 46.632502427638727 ], [ 14.943325911115021, 46.639172403902002 ], [ 14.926670006266622, 46.650830001085772 ], [ 14.919170006250885, 46.654170001093604 ], [ 14.904170006219315, 46.651670001089897 ], [ 14.895830006201768, 46.652500001092505 ], [ 14.890000006189451, 46.648330001084304 ], [ 14.883330006175415, 46.648330001084986 ], [ 14.875830006159665, 46.652500001094552 ], [ 14.870000006147475, 46.660830001112693 ], [ 14.864170006135218, 46.662500001116804 ], [ 14.854170006114208, 46.668330001130116 ], [ 14.844170006093144, 46.66833000113116 ], [ 14.841670006087845, 46.665830001126146 ], [ 14.840000006084267, 46.660000001114 ], [ 14.840000006084212, 46.653330001099945 ], [ 14.83833000608065, 46.65000000109309 ], [ 14.835000006073606, 46.647500001088147 ], [ 14.825000006052512, 46.645830001085642 ], [ 14.820830006043741, 46.647500001089597 ], [ 14.810000006020889, 46.646670001088935 ], [ 14.802500006005038, 46.642500001080919 ], [ 14.800000005999769, 46.642500001081181 ], [ 14.784996655548422, 46.632502549732216 ], [ 14.777496691293702, 46.632502555145038 ], [ 14.764996758480885, 46.637502540102062 ], [ 14.741666870953193, 46.638332552966745 ], [ 14.739166880340113, 46.636672562766698 ], [ 14.729166924195491, 46.634172582038197 ], [ 14.710827011617361, 46.634172595318134 ], [ 14.70832702098463, 46.632502605170679 ], [ 14.7083300038547, 46.630000004742683 ], [ 14.705000003847168, 46.62833000473929 ], [ 14.700000003835839, 46.630000004743266 ], [ 14.691670003817006, 46.629170004742051 ], [ 14.684170003800009, 46.631670004747996 ], [ 14.683330003798115, 46.630830004746244 ], [ 14.673330003775483, 46.63167000474877 ], [ 14.666670003760434, 46.628330004742011 ], [ 14.656670003737799, 46.627500004740916 ], [ 14.655000003734001, 46.629170004744651 ], [ 14.656670005696821, 46.640830001091793 ], [ 14.65583000569506, 46.645000001100691 ], [ 14.653330005689778, 46.647500001106231 ], [ 14.643330005668618, 46.651670001115967 ], [ 14.636670005654505, 46.651670001116628 ], [ 14.630830005642116, 46.649170001111912 ], [ 14.623330005626194, 46.642500001098547 ], [ 14.614170005606775, 46.6408300010959 ], [ 14.600830005578496, 46.640830001097186 ], [ 14.590827590091859, 46.63833266249604 ], [ 14.585827615224272, 46.639172662095092 ], [ 14.581667632493149, 46.63750267317532 ], [ 14.579167639293518, 46.63417269104324 ], [ 14.577497647256058, 46.634172692261849 ], [ 14.572500003547043, 46.630000004752127 ], [ 14.559170003516881, 46.624170004740435 ], [ 14.556670003511213, 46.624170004740627 ], [ 14.550000003496125, 46.620830004733847 ], [ 14.539170003471581, 46.619170004731011 ], [ 14.524170003437696, 46.60667000470503 ], [ 14.520830003430181, 46.601670004694476 ], [ 14.5083300034019, 46.595000004680919 ], [ 14.496670003375598, 46.58333000465651 ], [ 14.489170003358804, 46.565830004619215 ], [ 14.483330003345605, 46.56167000461059 ], [ 14.470000003315356, 46.560830004609649 ], [ 14.466670003307771, 46.562500004613455 ], [ 14.460000003292626, 46.562500004613888 ], [ 14.438330003243484, 46.557500004604478 ], [ 14.42000000320183, 46.558330004607427 ], [ 14.407500003173466, 46.555830004602825 ], [ 14.388330003129893, 46.555000004602213 ], [ 14.359170003063724, 46.546670004586019 ], [ 14.349170003040991, 46.545830004584836 ], [ 14.321670002978401, 46.5466700045883 ], [ 14.31500000296325, 46.545000004585098 ], [ 14.302500002934794, 46.545000004585837 ], [ 14.292500002911952, 46.549170004595446 ], [ 14.28500000289486, 46.550000004597685 ], [ 14.274170002870264, 46.545830004589327 ], [ 14.255830002828551, 46.542500004583196 ], [ 14.249170002813351, 46.543330004585371 ], [ 14.245830002805699, 46.545830004590975 ], [ 14.229170002767729, 46.545830004591956 ], [ 14.224170002756303, 46.547500004595854 ], [ 14.215000002735378, 46.547500004596365 ], [ 14.202500002706934, 46.545000004591699 ], [ 14.196670002693722, 46.540830004582993 ], [ 14.185000002667204, 46.53583000457283 ], [ 14.170830002634927, 46.533330004568228 ], [ 14.168330002629199, 46.535000004572005 ], [ 14.165000002621625, 46.533330004568548 ], [ 14.142500002570278, 46.533330004569819 ], [ 14.127500002535966, 46.53583000457607 ], [ 14.120830002520767, 46.535000004574641 ], [ 14.11167000249978, 46.537500004580536 ], [ 14.110000002495932, 46.539170004584236 ], [ 14.100000002473093, 46.539170004584818 ], [ 14.092500002456003, 46.537500004581617 ], [ 14.091670002453965, 46.543330004594274 ], [ 14.087500002444306, 46.548330004605312 ], [ 14.078330002423249, 46.552500004614835 ], [ 14.072500002409784, 46.558330004627777 ], [ 14.060830002383078, 46.559170004630211 ], [ 14.059170002379227, 46.561670004635729 ], [ 14.060830002382874, 46.567500004648238 ], [ 14.060000002380908, 46.570000004653693 ], [ 14.057500002375145, 46.57167000465742 ], [ 14.051670002361794, 46.572500004659545 ], [ 14.047500002352187, 46.575000004665178 ], [ 14.042500002340747, 46.575000004665448 ], [ 14.034170002321824, 46.570000004655064 ], [ 14.028330002308461, 46.570000004655405 ], [ 14.02500000230075, 46.573330004662729 ], [ 14.023330002296795, 46.578330004673681 ], [ 14.026670002304332, 46.582500004682501 ], [ 14.033330002319547, 46.583330004683951 ], [ 14.037500002328979, 46.587500004692743 ], [ 14.037500002328906, 46.590000004698169 ], [ 14.03500000232307, 46.594170004707287 ], [ 14.023330002296341, 46.595000004709725 ], [ 14.01500000227737, 46.591670004702991 ], [ 14.010830002267911, 46.588330004695955 ], [ 14.009170002264087, 46.58917000469787 ], [ 14.00250000224889, 46.586670004692799 ], [ 13.995000002231686, 46.587500004694988 ], [ 13.990000002220276, 46.585830004691637 ], [ 13.980830002199079, 46.593330004708335 ], [ 13.955830002141795, 46.593330004709621 ], [ 13.950830002130246, 46.596670004717119 ], [ 13.947500002122489, 46.600830004726284 ], [ 13.943330002112877, 46.602500004730103 ], [ 13.935000002093556, 46.610000004746759 ], [ 13.930000002082009, 46.612500004752391 ], [ 13.921670002062907, 46.61250000475286 ], [ 13.912500002042112, 46.605000004737093 ], [ 13.908330002032548, 46.605000004737313 ], [ 13.900830002015237, 46.608330004744865 ], [ 13.894170001999964, 46.608330004745191 ], [ 13.890830001992347, 46.606670004741765 ], [ 13.884170001977036, 46.607500004743905 ], [ 13.879170001965326, 46.615000004760375 ], [ 13.876670001959539, 46.616670004764131 ], [ 13.867500001938547, 46.615000004760965 ], [ 13.860830001923446, 46.608330004746833 ], [ 13.856670001913928, 46.607500004745255 ], [ 13.853330001906194, 46.609170004749004 ], [ 13.847500001892605, 46.615830004763751 ], [ 13.843330001882995, 46.616670004765751 ], [ 13.838330001871569, 46.615000004762393 ], [ 13.833330001859899, 46.620830004775236 ], [ 13.834170001861596, 46.627500004789624 ], [ 13.827500001846051, 46.634170004804396 ], [ 13.810830001807611, 46.638330004814215 ], [ 13.802500003868802, 46.64250000116931 ], [ 13.795000003852435, 46.650830001187572 ], [ 13.787500003836222, 46.65083000118814 ], [ 13.780830003821761, 46.652500001192209 ], [ 13.777500003814607, 46.650000001187131 ], [ 13.772500003803792, 46.650000001187514 ], [ 13.765000003787494, 46.653330001195144 ], [ 13.765000003787382, 46.660000001209326 ], [ 13.763330003783715, 46.662500001214738 ], [ 13.748330003751244, 46.662500001215882 ], [ 13.745830003745736, 46.667500001226657 ], [ 13.734170003720493, 46.667500001227545 ], [ 13.723330003696958, 46.670000001233653 ], [ 13.714170003677051, 46.673330001241411 ], [ 13.710000003667943, 46.676670001248823 ], [ 13.702500003651693, 46.676670001249349 ], [ 13.699170003644435, 46.678330001253151 ], [ 13.697500003640741, 46.68167000126035 ], [ 13.701670003649665, 46.687500001272426 ], [ 13.700830003647717, 46.693330001284892 ], [ 13.695830003636798, 46.696670001292333 ], [ 13.688330003620589, 46.69417000128756 ], [ 13.685000003613355, 46.695000001289557 ], [ 13.681670003606017, 46.700000001300452 ], [ 13.661670003562286, 46.715000001333756 ], [ 13.651670003540458, 46.720000001345092 ], [ 13.635000003504185, 46.723330001353354 ], [ 13.629170003491446, 46.72667000136088 ], [ 13.620830003473142, 46.7341700013774 ], [ 13.613330003456785, 46.736670001383267 ], [ 13.606670003442135, 46.743330001397858 ], [ 13.593330003413167, 46.74250000139709 ], [ 13.584170003393183, 46.745000001403028 ], [ 13.576672609876672, 46.74917288576944 ], [ 13.569170001246402, 46.750830005068359 ], [ 13.565830001238544, 46.754170005075721 ], [ 13.562500001230521, 46.761670005092093 ], [ 13.557500001218859, 46.764170005097697 ], [ 13.550830001203144, 46.770830005112359 ], [ 13.542500001183861, 46.77167000511453 ], [ 13.540000001178116, 46.770830005112813 ], [ 13.532500001160635, 46.774170005120382 ], [ 13.524170001141409, 46.773330005118893 ], [ 13.515000001120091, 46.775830005124661 ], [ 13.508330001104474, 46.78000000513395 ], [ 13.500830001087127, 46.780000005134262 ], [ 13.495830001075369, 46.78417000514348 ], [ 13.489170001059994, 46.78333000514192 ], [ 13.48333000104614, 46.790830005158377 ], [ 13.468330001011298, 46.793330005164364 ], [ 13.466670001007383, 46.795000005168056 ], [ 13.466670001007266, 46.797500005173461 ], [ 13.470830001016534, 46.805000005189498 ], [ 13.470000001014462, 46.808330005196687 ], [ 13.466670001006628, 46.810830005202263 ], [ 13.458330000987281, 46.811670005204405 ], [ 13.450000000967709, 46.817500005217347 ], [ 13.42917000091934, 46.820000005223562 ], [ 13.421670000901797, 46.823330005231014 ], [ 13.411670000878713, 46.82167000522783 ], [ 13.409170000872997, 46.820000005224315 ], [ 13.401670000855622, 46.820000005224621 ], [ 13.390830000830253, 46.825000005235843 ], [ 13.385830000818663, 46.825000005236035 ], [ 13.378330000801153, 46.827500005241717 ] ] ] } },
{ "type": "Feature", "properties": { "cls": ">100", "km": 633.9 }, "geometry": { "type": "MultiLineString", "coordinates": [ [ [ 12.123329997778272, 47.788330007330131 ], [ 12.124999997782922, 47.781670007315959 ], [ 12.129999997795327, 47.776670007305327 ], [ 12.133329997804013, 47.769170007289375 ], [ 12.131669997800744, 47.7625000072752 ], [ 12.13666999781527, 47.73667000722029 ], [ 12.148329997844817, 47.718330007181201 ], [ 12.160829997875691, 47.706670007156305 ], [ 12.164169997885203, 47.690830007122585 ], [ 12.168329997896162, 47.680000007099508 ], [ 12.183329997933088, 47.666670007070991 ], [ 12.184169997935671, 47.660830007058571 ], [ 12.19582999796482, 47.645830007026525 ], [ 12.199999997975443, 47.638330007010481 ], [ 12.203329997984813, 47.623330006978499 ], [ 12.208329997997572, 47.614170006958943 ], [ 12.208329997997811, 47.611670006953602 ], [ 12.204999997990326, 47.607500006944754 ], [ 12.199169997976663, 47.605830006941225 ], [ 12.184999997943144, 47.605000006939598 ], [ 12.178329997927655, 47.601670006932572 ], [ 12.165829997898998, 47.59167000691135 ], [ 12.167499997903692, 47.584170006895349 ], [ 12.16666999790205, 47.580830006888192 ], [ 12.154169997872904, 47.575830006877666 ], [ 12.149169997861046, 47.575830006877709 ], [ 12.146669997855367, 47.573330006872361 ], [ 12.141669997844568, 47.562500006849291 ], [ 12.124999997805949, 47.55333000682986 ], [ 12.114999997783469, 47.540830006803233 ], [ 12.107499997766176, 47.535830006792601 ], [ 12.099999997748638, 47.533330006787303 ], [ 12.092499997731354, 47.528330006776677 ], [ 12.092499997732174, 47.520000006758863 ], [ 12.089999997726494, 47.517500006753544 ], [ 12.087499997720565, 47.517500006753558 ], [ 12.080829997704004, 47.525000006769616 ], [ 12.073329997686299, 47.524170006767896 ], [ 12.070829997680702, 47.520830006760754 ], [ 12.079169997701062, 47.515000006748252 ], [ 12.079169997701392, 47.511670006741163 ], [ 12.070829997682109, 47.506670006730488 ], [ 12.063329997664491, 47.505000006726974 ], [ 12.051669997638253, 47.490830006696761 ], [ 12.043329997618804, 47.487500006689636 ], [ 12.014169997549898, 47.48500000668438 ], [ 12.006669997532358, 47.482500006679089 ], [ 11.995829997506727, 47.481670006677319 ], [ 11.990829997495037, 47.480000006673762 ], [ 11.986669997485082, 47.480830006675568 ], [ 11.979999997469422, 47.479170006672042 ], [ 11.967499997440363, 47.473330006659559 ], [ 11.952499997405194, 47.469170006650678 ], [ 11.933329997360563, 47.460830006632861 ], [ 11.918329997325133, 47.459170006629328 ], [ 11.903329997290651, 47.44833000660612 ], [ 11.897499997277068, 47.445830006600765 ], [ 11.889169997258067, 47.4383300065847 ], [ 11.878329997232427, 47.437500006582908 ], [ 11.869999997213686, 47.42750000656148 ], [ 11.857499997184457, 47.42333000655254 ], [ 11.849169997165632, 47.414170006532878 ], [ 11.835829997134741, 47.406670006516769 ], [ 11.823329997105516, 47.402500006507822 ], [ 11.804169997060207, 47.400830006504179 ], [ 11.794169997037518, 47.390830006482716 ], [ 11.785829997017981, 47.388330006477325 ], [ 11.778329997000696, 47.383330006466558 ], [ 11.773329996988659, 47.385000006470143 ], [ 11.763329996964918, 47.385000006470079 ], [ 11.758329996953218, 47.383330006466458 ], [ 11.731669996891771, 47.365830006428794 ], [ 11.724999996876114, 47.364170006425191 ], [ 11.707499996835534, 47.355000006405405 ], [ 11.704999996829866, 47.352500006400035 ], [ 11.706669996834712, 47.344170006382157 ], [ 11.704999996831281, 47.339170006371404 ], [ 11.693329996804813, 47.327500006346256 ], [ 11.684999996785121, 47.326670006344415 ], [ 11.675829996763882, 47.321670006333612 ], [ 11.669169996748163, 47.320830006331775 ], [ 11.65666999671849, 47.320830006331676 ], [ 11.649169996701035, 47.317500006324458 ], [ 11.640829996681322, 47.316670006322582 ], [ 11.629169996654445, 47.309170006306381 ], [ 11.619999996632671, 47.30917000630631 ], [ 11.614169996619003, 47.307500006302654 ], [ 11.600829996588134, 47.300000006286417 ], [ 11.59249999656835, 47.300000006286346 ], [ 11.581669996542455, 47.301670006289818 ], [ 11.569999996515014, 47.299170006284321 ], [ 11.565829996505377, 47.296670006278895 ], [ 11.552499996475168, 47.283330006250068 ], [ 11.54749999646357, 47.280830006244663 ], [ 11.540829996447636, 47.281670006246365 ], [ 11.531669996426245, 47.278330006239074 ], [ 11.519169996396743, 47.276670006235378 ], [ 11.505829996365048, 47.2766700062352 ], [ 11.49749999634572, 47.272500006226132 ], [ 11.484169996313959, 47.273330006227738 ], [ 11.454999996245299, 47.267500006214803 ], [ 11.447499996227476, 47.267500006214711 ], [ 11.424999996172977, 47.27667000623412 ], [ 11.408329996132887, 47.280830006242844 ], [ 11.399169996111395, 47.278330006237276 ], [ 11.390829996092704, 47.268330006215642 ], [ 11.384999996079124, 47.265830006210166 ], [ 11.373329996052707, 47.254170006184879 ], [ 11.369169996043002, 47.252500006181201 ], [ 11.359999996020923, 47.255000006186464 ], [ 11.350829995999128, 47.255000006186286 ], [ 11.344999995985553, 47.252500006180817 ], [ 11.339999995973665, 47.252500006180718 ], [ 11.329169995947344, 47.257500006191314 ], [ 11.323329995932692, 47.264170006205561 ], [ 11.31832999592061, 47.265830006209043 ], [ 11.289999995853519, 47.263330006203148 ], [ 11.284169995839365, 47.265830006208425 ], [ 11.269999995805753, 47.265000006206371 ], [ 11.26416999579169, 47.266670006209814 ], [ 11.259999995781769, 47.26667000620975 ], [ 11.250829995760444, 47.262500006200582 ], [ 11.241669995738659, 47.262500006200412 ], [ 11.238329995730512, 47.26417000620394 ], [ 11.234999995721905, 47.270000006216414 ], [ 11.23082999571159, 47.273330006223503 ], [ 11.222499995691479, 47.275830006228702 ], [ 11.216669995677607, 47.275830006228595 ], [ 11.208329995657266, 47.280000006237415 ], [ 11.19249999561959, 47.280000006237074 ], [ 11.189169995611266, 47.283330006244142 ], [ 11.182499995595101, 47.285830006249391 ], [ 11.164169995551763, 47.283330006243624 ], [ 11.13582999548289, 47.295000006268069 ], [ 11.134169995478732, 47.296670006271597 ], [ 11.123329995452513, 47.300000006278523 ], [ 11.12082999544586, 47.305830006291018 ], [ 11.116669995435437, 47.310000006299902 ], [ 11.114169995429387, 47.310830006301622 ], [ 11.108329995415476, 47.310830006301472 ], [ 11.094999995384134, 47.307500006293999 ], [ 11.080829995351088, 47.3016700062811 ], [ 11.072499995331242, 47.301670006280901 ], [ 11.0633299953096, 47.300000006277067 ], [ 11.059169995299996, 47.297500006271584 ], [ 11.042499995260282, 47.297500006271157 ], [ 11.039169995252555, 47.295830006267479 ], [ 11.026669995222878, 47.295000006265361 ], [ 11.017499995201442, 47.291670006257952 ], [ 11.010829995185546, 47.291670006257782 ], [ 11.005829995173947, 47.28917000625227 ], [ 10.999169995158079, 47.289170006252071 ], [ 10.986669995128704, 47.285830006244552 ], [ 10.976669995104984, 47.285000006242463 ], [ 10.959169995064117, 47.278330006227641 ], [ 10.955829995056675, 47.27417000621859 ], [ 10.951669995046972, 47.272500006214869 ], [ 10.944169995028888, 47.274170006218242 ], [ 10.939169995016977, 47.274170006218114 ], [ 10.934169995005368, 47.271670006212567 ], [ 10.922499994977461, 47.272500006214038 ], [ 10.916669994964199, 47.267500006203079 ], [ 10.911669994952282, 47.267500006202937 ], [ 10.904169994934826, 47.264170006195521 ], [ 10.89582999491495, 47.2641700061953 ], [ 10.889999994901583, 47.260000006186132 ], [ 10.877499994871796, 47.260000006185749 ], [ 10.86166999483523, 47.250830006165494 ], [ 10.860829994833551, 47.248330006160131 ], [ 10.85666999482395, 47.245830006154591 ], [ 10.85749999482646, 47.24167000614564 ], [ 10.855829994822688, 47.240000006141997 ], [ 10.853329994816738, 47.240000006141933 ], [ 10.846669994801502, 47.235000006130925 ], [ 10.841669994789584, 47.235000006130754 ], [ 10.839169994783948, 47.232500006125314 ] ], [ [ 17.404170009824931, 47.970000007254882 ], [ 17.370000009751937, 47.990830007303202 ], [ 17.356670009723384, 47.996670007317313 ], [ 17.329170009664306, 48.001670007331995 ], [ 17.303330009608672, 48.002500007337844 ], [ 17.292500009585375, 48.005000007344684 ], [ 17.284170009567546, 48.012500007361439 ], [ 17.270830009538827, 48.015830007370397 ], [ 17.265000009526251, 48.015830007371321 ], [ 17.260000009515547, 48.020830007382372 ], [ 17.243330009479717, 48.030830007405577 ], [ 17.23333000945825, 48.040000007426002 ], [ 17.223330009436694, 48.043330007434406 ], [ 17.218330009425955, 48.047500007443766 ], [ 17.199170009384613, 48.054170007460471 ], [ 17.188330009361156, 48.053330007460438 ], [ 17.169170009319785, 48.06083000747887 ], [ 17.165830009312621, 48.065830007489637 ], [ 17.157500009294665, 48.073330007506357 ], [ 17.155000009289317, 48.079170007518748 ], [ 17.140000009257022, 48.10000000756385 ], [ 17.137500009251696, 48.109170007583053 ], [ 17.138330009253522, 48.111670007588053 ], [ 17.145830009269858, 48.120000007603942 ], [ 17.147500009273529, 48.125000007613956 ], [ 17.141670009260963, 48.13333000763194 ], [ 17.134170009244723, 48.136670007639978 ], [ 17.120830009215801, 48.138330007645465 ], [ 17.094170009157931, 48.138330007649635 ], [ 17.073330009112684, 48.142500007661447 ], [ 17.055000009072852, 48.143330007665988 ], [ 17.040000009040224, 48.140000007661492 ], [ 17.028330009014823, 48.140830007664967 ], [ 17.02167000900036, 48.144170007672869 ], [ 17.0166700089895, 48.150000007685591 ], [ 17.011670008978633, 48.153330007693192 ], [ 17.001670008956882, 48.15750000770327 ], [ 16.985830008922409, 48.167500007726218 ], [ 16.975000008898828, 48.172500007738115 ], [ 16.967500008882478, 48.173330007740987 ], [ 16.959170008864305, 48.170830007737138 ], [ 16.952500008849736, 48.165000007726199 ], [ 16.946670008837, 48.155830007708275 ], [ 16.942500008827881, 48.151670007700353 ], [ 16.935000008811507, 48.148330007694661 ], [ 16.909170008755122, 48.14667000769515 ], [ 16.886670008705938, 48.134170007672878 ], [ 16.870830008671319, 48.128330007663266 ], [ 16.833330008589304, 48.122500007656875 ], [ 16.828330008578366, 48.120000007652457 ], [ 16.826670008574727, 48.121670007656149 ], [ 16.825000008571081, 48.120000007652955 ], [ 16.80750000853277, 48.117500007650413 ], [ 16.806670008530947, 48.115830007647119 ], [ 16.787500008488966, 48.116670007651656 ], [ 16.759170008426889, 48.125830007674672 ], [ 16.7416700083885, 48.128330007682351 ], [ 16.732500008368387, 48.128330007683729 ], [ 16.708330008315343, 48.1200000076701 ], [ 16.698330008293389, 48.118330007668114 ], [ 16.685830008265928, 48.118330007669918 ], [ 16.650830008188983, 48.12833000769556 ], [ 16.631670008146838, 48.129170007700033 ], [ 16.610000008099124, 48.132500007709979 ], [ 16.587500008049574, 48.132500007713169 ], [ 16.56167000799261, 48.139170007730577 ], [ 16.559170007987102, 48.138330007729166 ], [ 16.555000007977895, 48.140830007734898 ], [ 16.550000007966872, 48.140830007735637 ], [ 16.541670007948476, 48.143330007741952 ], [ 16.529170007920829, 48.153330007764289 ], [ 16.50000000785635, 48.164170007790709 ], [ 16.485830007824969, 48.172500007809809 ], [ 16.480830007813879, 48.177500007820804 ], [ 16.469170007788051, 48.183330007834435 ], [ 16.427500007695556, 48.211670007898533 ], [ 16.389170007610254, 48.241670007965496 ], [ 16.373330007574907, 48.258330008001948 ], [ 16.347500007517084, 48.290830008072234 ], [ 16.345000007511473, 48.295000008081139 ], [ 16.345000007511381, 48.300830008093115 ], [ 16.342500007505755, 48.305830008103719 ], [ 16.341670007503801, 48.312500008117539 ], [ 16.330830007479427, 48.329170008153199 ], [ 16.32583000746822, 48.334170008164136 ], [ 16.285000007377079, 48.35167000820563 ], [ 16.274170007352925, 48.353330008210506 ], [ 16.237500007271215, 48.354170008217238 ], [ 16.198330007184008, 48.347500008208826 ], [ 16.184170007152495, 48.343330008202173 ], [ 16.1650000071098, 48.339170008196199 ], [ 16.111670006990757, 48.334170008192963 ], [ 16.057500006869535, 48.335830008203466 ], [ 16.021670006789304, 48.335000008206393 ], [ 16.005830006753641, 48.341670008222145 ], [ 16.000000006740549, 48.342500008224576 ], [ 15.957500006645297, 48.339170008223164 ], [ 15.940830006607857, 48.340000008226994 ], [ 15.935000006594677, 48.343330008234574 ], [ 15.9225000065665, 48.347500008244737 ], [ 15.912500006544001, 48.348330008247714 ], [ 15.896670006508316, 48.352500008258247 ], [ 15.88917000649136, 48.355830008266039 ], [ 15.882500006476221, 48.360830008277148 ], [ 15.873330006455252, 48.372500008302289 ], [ 15.864170006434621, 48.373330008305125 ], [ 15.860000006425194, 48.375000008309087 ], [ 15.857500006419594, 48.374170008307679 ], [ 15.855000006413894, 48.376670008313155 ], [ 15.84083000638187, 48.380830008323443 ], [ 15.807500006306817, 48.380000008325851 ], [ 15.801670006293637, 48.381670008330019 ], [ 15.795000006278597, 48.381670008330836 ], [ 15.788330006263591, 48.38083000832993 ], [ 15.773330006229944, 48.37500000831978 ], [ 15.755830006190584, 48.371670008315064 ], [ 15.742500006160506, 48.371670008316677 ], [ 15.722500006114952, 48.384170008344782 ], [ 15.711670006090351, 48.388330008354657 ], [ 15.697500006058347, 48.38833000835637 ], [ 15.692500006047103, 48.386670008353569 ], [ 15.685000006030297, 48.382500008345886 ], [ 15.671670006000223, 48.380830008344041 ], [ 15.663330005981287, 48.383330008350185 ], [ 15.646670005943054, 48.399170008384743 ], [ 15.631670005908973, 48.403330008395073 ], [ 15.58583000580526, 48.400830008395324 ], [ 15.560000005747035, 48.392500008381205 ], [ 15.546670005717059, 48.385830008369027 ], [ 15.540000005701994, 48.384170008366354 ], [ 15.52750000567365, 48.384170008367811 ], [ 15.521670005660296, 48.387500008375333 ], [ 15.518330005652562, 48.391670008384295 ], [ 15.515830005646574, 48.40000000840174 ], [ 15.513330005640775, 48.403330008408858 ], [ 15.503330005617856, 48.409170008422024 ], [ 15.497500005604623, 48.409170008422684 ], [ 15.487500005582051, 48.405830008416963 ], [ 15.480830005567064, 48.401670008409191 ], [ 15.474170005552232, 48.394170008394504 ], [ 15.471670005546578, 48.393330008393065 ], [ 15.46083000552238, 48.382500008371984 ], [ 15.449170005496249, 48.373330008354422 ], [ 15.422500005436001, 48.364170008338526 ], [ 15.412500005413518, 48.357500008325893 ], [ 15.409170005406084, 48.354170008319414 ], [ 15.407500005402511, 48.348330008307549 ], [ 15.406670005401077, 48.336670008283591 ], [ 15.411670005413081, 48.320000008248662 ], [ 15.411670005413265, 48.315000008238343 ], [ 15.405830005400835, 48.292500008192505 ], [ 15.402500005393515, 48.285830008179111 ], [ 15.396670005380484, 48.280000008167725 ], [ 15.38417000535232, 48.273330008155312 ], [ 15.366670005313287, 48.253330008115881 ], [ 15.354170005285079, 48.247500008105149 ], [ 15.347500005270096, 48.242500008095547 ], [ 15.344170005262523, 48.242500008095895 ], [ 15.331670005234345, 48.235830008083433 ], [ 15.325000005219222, 48.234170008080717 ], [ 15.313330005192963, 48.226670008066442 ], [ 15.296670005155176, 48.223330008061296 ], [ 15.291670005143764, 48.224170008063588 ], [ 15.260830005073569, 48.223330008065105 ], [ 15.241670005030077, 48.219170008058505 ], [ 15.230000005003646, 48.215000008051078 ], [ 15.175830004880085, 48.215830008058404 ], [ 15.165000004855461, 48.213330008054349 ], [ 15.138330004794653, 48.211670008053616 ], [ 15.12750000476999, 48.210000008051274 ], [ 15.120830004754851, 48.207500008046772 ], [ 15.110830004732351, 48.199170008030499 ], [ 15.111670004734652, 48.190000008011367 ], [ 15.119170004752188, 48.180000007989847 ], [ 15.117500004748534, 48.175830007981389 ], [ 15.111670004735389, 48.171670007973333 ], [ 15.101670004712554, 48.171670007974335 ], [ 15.092500004691502, 48.174170007980443 ], [ 15.078330004658641, 48.185830008006043 ], [ 15.070830004641358, 48.189170008013726 ], [ 15.065830004629753, 48.193330008022876 ], [ 15.059170004614414, 48.195830008028722 ], [ 15.038330004566715, 48.19667000803252 ], [ 15.030000004547755, 48.194170008028138 ], [ 15.016670004517328, 48.192500008026016 ], [ 15.002500004484787, 48.195000008032537 ], [ 14.984170004442774, 48.195830008036054 ], [ 14.961670004390935, 48.20250000805212 ], [ 14.955830004377246, 48.209170008066486 ], [ 14.95250000436927, 48.216670008082382 ], [ 14.940830004341908, 48.230000008111169 ], [ 14.925830004307389, 48.232500008117789 ], [ 14.910830004272974, 48.232500008119217 ], [ 14.906670004263511, 48.230830008116143 ], [ 14.901670004252031, 48.230830008116627 ], [ 14.897500004242579, 48.228330008111847 ], [ 14.888330004221569, 48.227500008110972 ], [ 14.879170004200352, 48.231670008120503 ], [ 14.870000004179495, 48.227500008112713 ], [ 14.859170004154656, 48.226670008112002 ], [ 14.855830004147149, 48.223330008105371 ], [ 14.857500004151484, 48.212500008082714 ], [ 14.854170004144086, 48.207500008072678 ], [ 14.8491700041328, 48.203330008064448 ], [ 14.845830004125443, 48.196670008050923 ], [ 14.839170004110381, 48.191670008041172 ], [ 14.831670004093269, 48.18917000803669 ], [ 14.81833000406259, 48.190000008039618 ], [ 14.815000004055014, 48.188330008036473 ], [ 14.80833000403968, 48.188330008037077 ], [ 14.79250000400358, 48.182500008026395 ], [ 14.778330003971043, 48.181670008025961 ], [ 14.764170003938682, 48.177500008018569 ], [ 14.738330003879398, 48.174170008013959 ], [ 14.724170003846773, 48.175000008016966 ], [ 14.712500003819994, 48.173330008014524 ], [ 14.695830003781897, 48.167500008003863 ], [ 14.684170003755138, 48.165830008001429 ], [ 14.661670003703255, 48.166670008005127 ], [ 14.644170003662545, 48.174170008022259 ], [ 14.635000003641109, 48.180000008035194 ], [ 14.626670003621456, 48.188330008053242 ], [ 14.613330003590386, 48.19417000806655 ], [ 14.600000003558966, 48.206670008093688 ], [ 14.586670003527344, 48.22250000812771 ], [ 14.564170003474979, 48.230000008145225 ], [ 14.557500003459529, 48.230830008147535 ], [ 14.550830003443927, 48.234170008155019 ], [ 14.535000003407163, 48.237500008163295 ], [ 14.518330003368678, 48.23667000816296 ], [ 14.508330003345229, 48.242500008175917 ], [ 14.49583000331622, 48.244170008180419 ], [ 14.480830003281806, 48.239170008171293 ], [ 14.462500003239628, 48.235000008164128 ], [ 14.456670003226133, 48.23500000816459 ], [ 14.44917000320854, 48.239170008173872 ], [ 14.446670003202556, 48.242500008180983 ], [ 14.440000003186871, 48.2466700081902 ], [ 14.433330003171378, 48.247500008192475 ], [ 14.417500003134265, 48.255000008209336 ], [ 14.403330003101344, 48.256670008213966 ], [ 14.380830003048439, 48.269170008241737 ], [ 14.37083000302521, 48.270000008244274 ], [ 14.369170003021253, 48.271670008247867 ], [ 14.362500003005739, 48.272500008250127 ], [ 14.353330002984217, 48.276670008259536 ], [ 14.345000002964428, 48.28417000827578 ], [ 14.343330002960245, 48.28917000828627 ], [ 14.340830002954291, 48.291670008291682 ], [ 14.340830002954139, 48.294170008296852 ], [ 14.336670002943915, 48.303330008316202 ], [ 14.331670002931892, 48.310000008330441 ], [ 14.3183300029003, 48.320000008352238 ], [ 14.312500002886654, 48.321670008356179 ], [ 14.305000002869233, 48.321670008356755 ], [ 14.298330002853893, 48.319170008352081 ], [ 14.285830002825547, 48.30833000833055 ], [ 14.272500002794784, 48.305000008324633 ], [ 14.269170002787048, 48.305000008324917 ], [ 14.253330002749911, 48.310000008336537 ], [ 14.229170002693895, 48.307500008333143 ], [ 14.211670002652763, 48.314170008348334 ], [ 14.205000002636808, 48.320830008362663 ], [ 14.199170002623084, 48.323330008368281 ], [ 14.190830002603176, 48.330830008384488 ], [ 14.185000002589549, 48.331670008386659 ], [ 14.16833000255107, 48.326670008377526 ], [ 14.149170002507118, 48.316670008358138 ], [ 14.134170002472406, 48.313330008352317 ], [ 14.129170002460931, 48.310830008347487 ], [ 14.112500002422204, 48.309170008345234 ], [ 14.092500002375138, 48.315830008360514 ], [ 14.065830002312724, 48.319170008369355 ], [ 14.057500002292951, 48.324170008380321 ], [ 14.038330002247887, 48.329170008392069 ], [ 14.031670002232108, 48.332500008399421 ], [ 14.022500002210013, 48.342500008420856 ], [ 14.021670002207602, 48.349170008434804 ], [ 14.023330002210828, 48.358330008453649 ], [ 14.030830002227338, 48.372500008482561 ], [ 14.028330002220969, 48.380000008498278 ], [ 14.007500002170714, 48.402500008546419 ], [ 13.997500002146316, 48.416670008576482 ], [ 13.985830002118671, 48.421670008587647 ], [ 13.980830002106988, 48.421670008587981 ], [ 13.971670002085943, 48.416670008578258 ], [ 13.955830002048843, 48.417500008581072 ], [ 13.952500002041296, 48.414170008574388 ], [ 13.951670002039789, 48.408330008562316 ], [ 13.94833000203222, 48.405000008555675 ], [ 13.945000002024557, 48.403330008552423 ], [ 13.940000002012862, 48.403330008552764 ], [ 13.933330001996829, 48.409170008565312 ], [ 13.932500001994709, 48.41167000857056 ], [ 13.925830001978545, 48.419170008586548 ], [ 13.92583000197774, 48.430000008609014 ], [ 13.919170001961525, 48.438330008626714 ], [ 13.920000001962785, 48.447500008645655 ], [ 13.907500001932958, 48.455000008662012 ], [ 13.901670001919433, 48.453330008658952 ], [ 13.88833000188883, 48.445000008642609 ], [ 13.875000001857611, 48.445000008643461 ], [ 13.865000001833804, 48.450000008654492 ], [ 13.856670001814289, 48.450000008655039 ], [ 13.853330001806716, 48.446670008648333 ], [ 13.853330001806974, 48.443330008641432 ], [ 13.85833000181907, 48.438330008630757 ], [ 13.872500001852643, 48.433330008619457 ], [ 13.875000001858814, 48.42917000861064 ], [ 13.870000001847355, 48.42583000860408 ], [ 13.864170001833703, 48.425830008604443 ], [ 13.852500001805984, 48.430830008615608 ], [ 13.841670001780104, 48.437500008630096 ], [ 13.810830001706004, 48.460830008680446 ], [ 13.798330001676295, 48.465830008691576 ], [ 13.779170001631162, 48.468330008698004 ], [ 13.775000001620983, 48.473330008708622 ], [ 13.765000001596922, 48.48083000872478 ], [ 13.749170001559163, 48.488330008741279 ], [ 13.741670001540946, 48.495830008757252 ], [ 13.734170001522394, 48.507500008781875 ], [ 13.728330001508272, 48.512500008792586 ], [ 13.703330001449064, 48.51833000880621 ], [ 13.700000001440962, 48.521670008813324 ], [ 13.690000001417047, 48.526670008824269 ], [ 13.665000001357649, 48.534170008841286 ], [ 13.660000001345612, 48.537500008848468 ], [ 13.65500000133302, 48.547500008869427 ], [ 13.65250000132693, 48.550000008874768 ], [ 13.625830001263829, 48.554170008884995 ], [ 13.606670001217736, 48.565830008910218 ], [ 13.597500001195858, 48.569170008917624 ], [ 13.593330001186043, 48.569170008917879 ], [ 13.587500001172524, 48.566670008913036 ], [ 13.580830001157393, 48.560000008899657 ], [ 13.575000001143724, 48.559170008898271 ], [ 13.550830001085854, 48.570000008922023 ], [ 13.52917000103343, 48.58583000895598 ], [ 13.515830001001538, 48.590830008967032 ], [ 13.508330000983927, 48.590000008965767 ], [ 13.501670000968881, 48.582500008950639 ], [ 13.499170000963421, 48.57750000894044 ], [ 13.494170000951851, 48.575000008935561 ], [ 13.464170000881305, 48.57250000893201 ], [ 13.460000000871613, 48.570830008928787 ], [ 13.448330000844816, 48.562500008912224 ], [ 13.436670000817816, 48.556670008900781 ], [ 13.436670000818262, 48.551670008890426 ], [ 13.438330000822473, 48.548330008883426 ], [ 13.450000000850963, 48.53750000886042 ], [ 13.450000000851253, 48.534170008853522 ], [ 13.445000000839828, 48.530000008845171 ], [ 13.445000000840041, 48.527500008839972 ], [ 13.456670000868881, 48.51250000880831 ], [ 13.456670000869174, 48.509170008801412 ], [ 13.447500000848708, 48.495830008774277 ], [ 13.447500000849002, 48.492500008767358 ], [ 13.444170000841796, 48.485000008752003 ], [ 13.440000000832249, 48.481670008745333 ], [ 13.435830000823215, 48.472500008726541 ], [ 13.430000000810114, 48.465000008711293 ], [ 13.429170000808519, 48.460830008702651 ], [ 13.426670000802845, 48.458330008697608 ], [ 13.42667000080327, 48.453330008687246 ], [ 13.437500000829885, 48.440830008660718 ], [ 13.439170000834103, 48.437500008653714 ], [ 13.439170000834821, 48.429170008636433 ], [ 13.423330000799336, 48.407500008592272 ], [ 13.420830000793943, 48.401670008580261 ], [ 13.419170000791233, 48.387500008550909 ], [ 13.415000000782186, 48.378330008532068 ], [ 13.407500000765079, 48.371670008518585 ], [ 13.366670000670398, 48.35333000848248 ], [ 13.351670000636243, 48.339170008453742 ], [ 13.327500000580743, 48.321670008418458 ], [ 13.308330000536248, 48.313330008401991 ], [ 13.301670000521112, 48.30667000838843 ], [ 13.298330000513372, 48.305000008385065 ], [ 13.291670000497668, 48.305000008385413 ], [ 13.272500000453162, 48.29667000836892 ], [ 13.266670000439404, 48.296670008369212 ], [ 13.254170000410198, 48.293330008362815 ], [ 13.230000000353153, 48.293330008363903 ], [ 13.206670000297928, 48.295000008368447 ], [ 13.178330000231, 48.295000008369676 ], [ 13.154170000174588, 48.287500008355053 ], [ 13.151670000168897, 48.285000008349932 ], [ 13.145000000153368, 48.282500008345018 ], [ 13.130830000120095, 48.280000008340387 ], [ 13.123330000102374, 48.280000008340693 ], [ 13.118330000090779, 48.2775000083357 ], [ 13.111670000075037, 48.277500008335934 ], [ 13.109170000068982, 48.279170008339555 ], [ 13.096670000039573, 48.277500008336574 ], [ 13.084170000009948, 48.278330008338806 ], [ 13.074999999988485, 48.275830008333962 ], [ 13.063329999961567, 48.268330008318756 ], [ 13.057499999948003, 48.265830008313756 ], [ 13.021669999863928, 48.258330008299488 ], [ 13.014999999848452, 48.255000008292782 ], [ 13.003329999822052, 48.241670008265345 ], [ 12.995829999804911, 48.235000008251681 ], [ 12.964999999733857, 48.21417000820923 ], [ 12.952499999704884, 48.207500008195737 ], [ 12.934999999663543, 48.206670008194614 ], [ 12.929999999651551, 48.208330008198274 ], [ 12.920829999629376, 48.213330008209056 ], [ 12.914999999615029, 48.219170008221447 ], [ 12.909999999602958, 48.22167000822688 ], [ 12.899169999576143, 48.234170008253386 ], [ 12.889169999552136, 48.237500008260731 ], [ 12.884169999539901, 48.241670008269615 ], [ 12.880829999531514, 48.246670008280169 ], [ 12.877499999523465, 48.248330008283759 ], [ 12.869999999505691, 48.248330008284022 ], [ 12.859169999480336, 48.245000008277408 ], [ 12.846669999450626, 48.245830008279555 ], [ 12.834169999420117, 48.255000008299149 ], [ 12.832499999415601, 48.260830008311409 ], [ 12.825829999399144, 48.267500008325534 ], [ 12.819999999385001, 48.270830008332716 ], [ 12.809169999359304, 48.270830008333043 ], [ 12.805829999351465, 48.270000008331429 ], [ 12.799999999338114, 48.265000008321159 ], [ 12.791669999318751, 48.260830008312681 ], [ 12.78166999929519, 48.259170008309525 ], [ 12.768329999263532, 48.25917000830993 ], [ 12.752499999226618, 48.252500008296451 ], [ 12.734999999185071, 48.252500008296984 ], [ 12.724169999158878, 48.257500008307765 ], [ 12.715829999138917, 48.259170008311514 ] ] ] } }
]
}
