{
"type": "FeatureCollection",
"name": "rgi_at_points",
"crs": { "type": "name", "properties": { "name": "urn:ogc:def:crs:OGC:1.3:CRS84" } },
"features": [
{ "type": "Feature", "properties": { "RGIId": "RGI60-11.00001", "Name": null, "Area": 0.122, "Zmin": 2191, "Zmax": 2338, "Zmed": 2277, "Lmax": 461, "TermType": 0 }, "geometry": { "type": "Point", "coordinates": [ 13.5987, 47.4949 ] } },
{ "type": "Feature", "properties": { "RGIId": "RGI60-11.00002", "Name": null, "Area": 2.292, "Zmin": 2203, "Zmax": 2855, "Zmed": 2526, "Lmax": 1853, "TermType": 0 }, "geometry": { "type": "Point", "coordinates": [ 13.6135, 47.4845 ] } },
{ "type": "Feature", "properties": { "RGIId": "RGI60-11.00003", "Name": null, "Area": 0.851, "Zmin": 2280, "Zmax": 2691, "Zmed": 2458, "Lmax": 1140, "TermType": 0 }, "geometry": { "type": "Point", "coordinates": [ 13.596, 47.4835 ] } },
{ "type": "Feature", "properties": { "RGIId": "RGI60-11.00004", "Name": null, "Area": 0.053, "Zmin": 2319, "Zmax": 2562, "Zmed": 2422, "Lmax": 382, "TermType": 0 }, "geometry": { "type": "Point", "coordinates": [ 13.5829, 47.4807 ] } },
{ "type": "Feature", "properties": { "RGIId": "RGI60-11.00005", "Name": null, "Area": 0.057, "Zmin": 2656, "Zmax": 2778, "Zmed": 2686, "Lmax": 202, "TermType": 0 }, "geometry": { "type": "Point", "coordinates": [ 13.6026, 47.4774 ] } },
{ "type": "Feature", "properties": { "RGIId": "RGI60-11.00006", "Name": null, "Area": 0.908, "Zmin": 2450, "Zmax": 2681, "Zmed": 2601, "Lmax": 816, "TermType": 0 }, "geometry": { "type": "Point", "coordinates": [ 13.6304, 47.4708 ] } },
{ "type": "Feature", "properties": { "RGIId": "RGI60-11.00007", "Name": null, "Area": 0.014, "Zmin": 2650, "Zmax": 2690, "Zmed": 2674, "Lmax": 103, "TermType": 0 }, "geometry": { "type": "Point", "coordinates": [ 13.6143, 47.4735 ] } },
{ "type": "Feature", "properties": { "RGIId": "RGI60-11.00008", "Name": null, "Area": 0.169, "Zmin": 2580, "Zmax": 2744, "Zmed": 2657, "Lmax": 415, "TermType": 0 }, "geometry": { "type": "Point", "coordinates": [ 13.0368, 47.4288 ] } },
{ "type": "Feature", "properties": { "RGIId": "RGI60-11.00009", "Name": null, "Area": 0.327, "Zmin": 2664, "Zmax": 2809, "Zmed": 2767, "Lmax": 813, "TermType": 0 }, "geometry": { "type": "Point", "coordinates": [ 13.0484, 47.4247 ] } },
{ "type": "Feature", "properties": { "RGIId": "RGI60-11.00010", "Name": null, "Area": 0.036, "Zmin": 2645, "Zmax": 2689, "Zmed": 2671, "Lmax": 247, "TermType": 0 }, "geometry": { "type": "Point", "coordinates": [ 13.0783, 47.4248 ] } },
{ "type": "Feature", "properties": { "RGIId": "RGI60-11.00011", "Name": null, "Area": 0.037, "Zmin": 2694, "Zmax": 2821, "Zmed": 2766, "Lmax": 501, "TermType": 0 }, "geometry": { "type": "Point", "coordinates": [ 13.0419, 47.4254 ] } },
{ "type": "Feature", "properties": { "RGIId": "RGI60-11.00012", "Name": "Hochkoenig", "Area": 0.197, "Zmin": 2710, "Zmax": 2828, "Zmed": 2778, "Lmax": 549, "TermType": 0 }, "geometry": { "type": "Point", "coordinates": [ 13.0581, 47.4242 ] } },
{ "type": "Feature", "properties": { "RGIId": "RGI60-11.00013", "Name": null, "Area": 0.081, "Zmin": 2499, "Zmax": 2763, "Zmed": 2553, "Lmax": 446, "TermType": 0 }, "geometry": { "type": "Point", "coordinates": [ 12.7528, 47.198 ] } },
{ "type": "Feature", "properties": { "RGIId": "RGI60-11.00014", "Name": null, "Area": 0.912, "Zmin": 2494, "Zmax": 2929, "Zmed": 2771, "Lmax": 1230, "TermType": 0 }, "geometry": { "type": "Point", "coordinates": [ 12.6823, 47.1953 ] } },
{ "type": "Feature", "properties": { "RGIId": "RGI60-11.00015", "Name": null, "Area": 0.076, "Zmin": 2770, "Zmax": 2889, "Zmed": 2860, "Lmax": 403, "TermType": 0 }, "geometry": { "type": "Point", "coordinates": [ 12.6737, 47.1964 ] } },
{ "type": "Feature", "properties": { "RGIId": "RGI60-11.00016", "Name": null, "Area": 0.032, "Zmin": 2416, "Zmax": 2574, "Zmed": 2476, "Lmax": 292, "TermType": 0 }, "geometry": { "type": "Point", "coordinates": [ 12.7581, 47.1935 ] } },
{ "type": "Feature", "properties": { "RGIId": "RGI60-11.00017", "Name": null, "Area": 0.102, "Zmin": 2605, "Zmax": 2966, "Zmed": 2720, "Lmax": 529, "TermType": 0 }, "geometry": { "type": "Point", "coordinates": [ 12.7572, 47.1897 ] } },
{ "type": "Feature", "properties": { "RGIId": "RGI60-11.00018", "Name": null, "Area": 0.103, "Zmin": 2763, "Zmax": 2968, "Zmed": 2861, "Lmax": 494, "TermType": 0 }, "geometry": { "type": "Point", "coordinates": [ 12.6916, 47.1916 ] } },
{ "type": "Feature", "properties": { "RGIId": "RGI60-11.00019", "Name": null, "Area": 0.295, "Zmin": 2605, "Zmax": 2831, "Zmed": 2717, "Lmax": 506, "TermType": 0 }, "geometry": { "type": "Point", "coordinates": [ 12.6802, 47.1848 ] } },
{ "type": "Feature", "properties": { "RGIId": "RGI60-11.00020", "Name": null, "Area": 0.017, "Zmin": 3110, "Zmax": 3225, "Zmed": 3171, "Lmax": 168, "TermType": 0 }, "geometry": { "type": "Point", "coordinates": [ 12.7578, 47.183 ] } },
{ "type": "Feature", "properties": { "RGIId": "RGI60-11.00021", "Name": null, "Area": 0.645, "Zmin": 2323, "Zmax": 3027, "Zmed": 2616, "Lmax": 1306, "TermType": 0 }, "geometry": { "type": "Point", "coordinates": [ 12.7675, 47.1766 ] } },
{ "type": "Feature", "properties": { "RGIId": "RGI60-11.00022", "Name": null, "Area": 0.26, "Zmin": 2618, "Zmax": 2792, "Zmed": 2696, "Lmax": 805, "TermType": 0 }, "geometry": { "type": "Point", "coordinates": [ 12.3863, 47.1893 ] } },
{ "type": "Feature", "properties": { "RGIId": "RGI60-11.00023", "Name": null, "Area": 0.055, "Zmin": 2817, "Zmax": 2876, "Zmed": 2862, "Lmax": 182, "TermType": 0 }, "geometry": { "type": "Point", "coordinates": [ 12.6836, 47.1784 ] } },
{ "type": "Feature", "properties": { "RGIId": "RGI60-11.00024", "Name": null, "Area": 0.074, "Zmin": 2805, "Zmax": 2959, "Zmed": 2867, "Lmax": 309, "TermType": 0 }, "geometry": { "type": "Point", "coordinates": [ 12.3982, 47.1827 ] } },
{ "type": "Feature", "properties": { "RGIId": "RGI60-11.00025", "Name": null, "Area": 0.571, "Zmin": 2302, "Zmax": 3199, "Zmed": 2899, "Lmax": 1873, "TermType": 0 }, "geometry": { "type": "Point", "coordinates": [ 12.7508, 47.1648 ] } },
{ "type": "Feature", "properties": { "RGIId": "RGI60-11.00026", "Name": null, "Area": 0.044, "Zmin": 2605, "Zmax": 2766, "Zmed": 2701, "Lmax": 340, "TermType": 0 }, "geometry": { "type": "Point", "coordinates": [ 12.6766, 47.1724 ] } },
{ "type": "Feature", "properties": { "RGIId": "RGI60-11.00027", "Name": null, "Area": 0.157, "Zmin": 2724, "Zmax": 3039, "Zmed": 2812, "Lmax": 603, "TermType": 0 }, "geometry": { "type": "Point", "coordinates": [ 12.766, 47.1644 ] } },
{ "type": "Feature", "properties": { "RGIId": "RGI60-11.00028", "Name": null, "Area": 0.381, "Zmin": 2669, "Zmax": 3137, "Zmed": 2952, "Lmax": 1195, "TermType": 0 }, "geometry": { "type": "Point", "coordinates": [ 12.6785, 47.1631 ] } },
{ "type": "Feature", "properties": { "RGIId": "RGI60-11.00029", "Name": null, "Area": 0.072, "Zmin": 2714, "Zmax": 3064, "Zmed": 2943, "Lmax": 429, "TermType": 0 }, "geometry": { "type": "Point", "coordinates": [ 12.7448, 47.1641 ] } },
{ "type": "Feature", "properties": { "RGIId": "RGI60-11.00030", "Name": null, "Area": 0.036, "Zmin": 2344, "Zmax": 2617, "Zmed": 2531, "Lmax": 212, "TermType": 0 }, "geometry": { "type": "Point", "coordinates": [ 12.7761, 47.1615 ] } },
{ "type": "Feature", "properties": { "RGIId": "RGI60-11.00031", "Name": null, "Area": 0.272, "Zmin": 2590, "Zmax": 2898, "Zmed": 2745, "Lmax": 566, "TermType": 0 }, "geometry": { "type": "Point", "coordinates": [ 12.6697, 47.1613 ] } },
{ "type": "Feature", "properties": { "RGIId": "RGI60-11.00032", "Name": null, "Area": 0.043, "Zmin": 2681, "Zmax": 2804, "Zmed": 2747, "Lmax": 215, "TermType": 0 }, "geometry": { "type": "Point", "coordinates": [ 12.6897, 47.1631 ] } },
{ "type": "Feature", "properties": { "RGIId": "RGI60-11.00033", "Name": null, "Area": 0.037, "Zmin": 3057, "Zmax": 3262, "Zmed": 3132, "Lmax": 280, "TermType": 0 }, "geometry": { "type": "Point", "coordinates": [ 12.7616, 47.1608 ] } },
{ "type": "Feature", "properties": { "RGIId": "RGI60-11.00034", "Name": null, "Area": 0.125, "Zmin": 2679, "Zmax": 2870, "Zmed": 2782, "Lmax": 456, "TermType": 0 }, "geometry": { "type": "Point", "coordinates": [ 12.1348, 47.1779 ] } },
{ "type": "Feature", "properties": { "RGIId": "RGI60-11.00035", "Name": null, "Area": 0.025, "Zmin": 3315, "Zmax": 3449, "Zmed": 3399, "Lmax": 152, "TermType": 0 }, "geometry": { "type": "Point", "coordinates": [ 12.7569, 47.1595 ] } },
{ "type": "Feature", "properties": { "RGIId": "RGI60-11.00036", "Name": null, "Area": 0.306, "Zmin": 2912, "Zmax": 3332, "Zmed": 3200, "Lmax": 741, "TermType": 0 }, "geometry": { "type": "Point", "coordinates": [ 12.7432, 47.1571 ] } },
{ "type": "Feature", "properties": { "RGIId": "RGI60-11.00037", "Name": null, "Area": 0.013, "Zmin": 2680, "Zmax": 2806, "Zmed": 2757, "Lmax": 246, "TermType": 0 }, "geometry": { "type": "Point", "coordinates": [ 12.3401, 47.1725 ] } },
{ "type": "Feature", "properties": { "RGIId": "RGI60-11.00038", "Name": null, "Area": 0.293, "Zmin": 2669, "Zmax": 3015, "Zmed": 2791, "Lmax": 617, "TermType": 0 }, "geometry": { "type": "Point", "coordinates": [ 12.6835, 47.1586 ] } },
{ "type": "Feature", "properties": { "RGIId": "RGI60-11.00039", "Name": null, "Area": 0.065, "Zmin": 2830, "Zmax": 3006, "Zmed": 2897, "Lmax": 358, "TermType": 0 }, "geometry": { "type": "Point", "coordinates": [ 12.1413, 47.1747 ] } },
{ "type": "Feature", "properties": { "RGIId": "RGI60-11.00040", "Name": null, "Area": 0.138, "Zmin": 2673, "Zmax": 2999, "Zmed": 2876, "Lmax": 358, "TermType": 0 }, "geometry": { "type": "Point", "coordinates": [ 12.3506, 47.1634 ] } },
{ "type": "Feature", "properties": { "RGIId": "RGI60-11.00041", "Name": null, "Area": 0.523, "Zmin": 2768, "Zmax": 3432, "Zmed": 3196, "Lmax": 1366, "TermType": 0 }, "geometry": { "type": "Point", "coordinates": [ 12.752, 47.1511 ] } },
{ "type": "Feature", "properties": { "RGIId": "RGI60-11.00042", "Name": null, "Area": 0.058, "Zmin": 2719, "Zmax": 2830, "Zmed": 2788, "Lmax": 414, "TermType": 0 }, "geometry": { "type": "Point", "coordinates": [ 12.0875, 47.1719 ] } },
{ "type": "Feature", "properties": { "RGIId": "RGI60-11.00043", "Name": null, "Area": 0.117, "Zmin": 2717, "Zmax": 2983, "Zmed": 2834, "Lmax": 540, "TermType": 0 }, "geometry": { "type": "Point", "coordinates": [ 12.1428, 47.1699 ] } },
{ "type": "Feature", "properties": { "RGIId": "RGI60-11.00044", "Name": null, "Area": 0.014, "Zmin": 2671, "Zmax": 2751, "Zmed": 2709, "Lmax": 127, "TermType": 0 }, "geometry": { "type": "Point", "coordinates": [ 12.2199, 47.1701 ] } },
{ "type": "Feature", "properties": { "RGIId": "RGI60-11.00045", "Name": null, "Area": 0.14, "Zmin": 3048, "Zmax": 3502, "Zmed": 3351, "Lmax": 500, "TermType": 0 }, "geometry": { "type": "Point", "coordinates": [ 12.7384, 47.1499 ] } },
{ "type": "Feature", "properties": { "RGIId": "RGI60-11.00046", "Name": null, "Area": 0.207, "Zmin": 2594, "Zmax": 2938, "Zmed": 2719, "Lmax": 691, "TermType": 0 }, "geometry": { "type": "Point", "coordinates": [ 12.6781, 47.1528 ] } },
{ "type": "Feature", "properties": { "RGIId": "RGI60-11.00047", "Name": null, "Area": 2.273, "Zmin": 2307, "Zmax": 3253, "Zmed": 2967, "Lmax": 2336, "TermType": 0 }, "geometry": { "type": "Point", "coordinates": [ 12.7194, 47.1386 ] } },
{ "type": "Feature", "properties": { "RGIId": "RGI60-11.00048", "Name": null, "Area": 0.074, "Zmin": 2020, "Zmax": 2293, "Zmed": 2142, "Lmax": 491, "TermType": 0 }, "geometry": { "type": "Point", "coordinates": [ 12.7699, 47.1492 ] } },
{ "type": "Feature", "properties": { "RGIId": "RGI60-11.00049", "Name": null, "Area": 1.399, "Zmin": 2432, "Zmax": 3490, "Zmed": 2974, "Lmax": 2601, "TermType": 0 }, "geometry": { "type": "Point", "coordinates": [ 12.7411, 47.1398 ] } },
{ "type": "Feature", "properties": { "RGIId": "RGI60-11.00050", "Name": null, "Area": 0.245, "Zmin": 2615, "Zmax": 2954, "Zmed": 2797, "Lmax": 591, "TermType": 0 }, "geometry": { "type": "Point", "coordinates": [ 12.1491, 47.1647 ] } },
{ "type": "Feature", "properties": { "RGIId": "RGI60-11.00051", "Name": null, "Area": 0.035, "Zmin": 2809, "Zmax": 3012, "Zmed": 2942, "Lmax": 168, "TermType": 0 }, "geometry": { "type": "Point", "coordinates": [ 12.3534, 47.1591 ] } },
{ "type": "Feature", "properties": { "RGIId": "RGI60-11.00052", "Name": null, "Area": 0.032, "Zmin": 2670, "Zmax": 2775, "Zmed": 2730, "Lmax": 190, "TermType": 0 }, "geometry": { "type": "Point", "coordinates": [ 12.3998, 47.157 ] } },
{ "type": "Feature", "properties": { "RGIId": "RGI60-11.00053", "Name": null, "Area": 0.058, "Zmin": 2689, "Zmax": 2984, "Zmed": 2798, "Lmax": 372, "TermType": 0 }, "geometry": { "type": "Point", "coordinates": [ 12.3562, 47.1569 ] } },
{ "type": "Feature", "properties": { "RGIId": "RGI60-11.00054", "Name": null, "Area": 2.274, "Zmin": 2359, "Zmax": 3196, "Zmed": 2779, "Lmax": 1765, "TermType": 0 }, "geometry": { "type": "Point", "coordinates": [ 12.3717, 47.1487 ] } },
{ "type": "Feature", "properties": { "RGIId": "RGI60-11.00055", "Name": null, "Area": 0.019, "Zmin": 2660, "Zmax": 2752, "Zmed": 2717, "Lmax": 177, "TermType": 0 }, "geometry": { "type": "Point", "coordinates": [ 12.4033, 47.1562 ] } },
{ "type": "Feature", "properties": { "RGIId": "RGI60-11.00056", "Name": null, "Area": 0.143, "Zmin": 2638, "Zmax": 2787, "Zmed": 2710, "Lmax": 453, "TermType": 0 }, "geometry": { "type": "Point", "coordinates": [ 12.6658, 47.1466 ] } },
{ "type": "Feature", "properties": { "RGIId": "RGI60-11.00057", "Name": null, "Area": 0.011, "Zmin": 2750, "Zmax": 2806, "Zmed": 2770, "Lmax": 125, "TermType": 0 }, "geometry": { "type": "Point", "coordinates": [ 12.3493, 47.1563 ] } },
{ "type": "Feature", "properties": { "RGIId": "RGI60-11.00058", "Name": null, "Area": 0.013, "Zmin": 2672, "Zmax": 2771, "Zmed": 2733, "Lmax": 158, "TermType": 0 }, "geometry": { "type": "Point", "coordinates": [ 12.3963, 47.1541 ] } },
{ "type": "Feature", "properties": { "RGIId": "RGI60-11.00059", "Name": null, "Area": 0.056, "Zmin": 2713, "Zmax": 2841, "Zmed": 2789, "Lmax": 190, "TermType": 0 }, "geometry": { "type": "Point", "coordinates": [ 12.4317, 47.1514 ] } },
{ "type": "Feature", "properties": { "RGIId": "RGI60-11.00060", "Name": null, "Area": 0.114, "Zmin": 2668, "Zmax": 2901, "Zmed": 2794, "Lmax": 413, "TermType": 0 }, "geometry": { "type": "Point", "coordinates": [ 12.4025, 47.1519 ] } },
{ "type": "Feature", "properties": { "RGIId": "RGI60-11.00061", "Name": null, "Area": 0.086, "Zmin": 2595, "Zmax": 2831, "Zmed": 2701, "Lmax": 466, "TermType": 0 }, "geometry": { "type": "Point", "coordinates": [ 12.3914, 47.1523 ] } },
{ "type": "Feature", "properties": { "RGIId": "RGI60-11.00062", "Name": null, "Area": 1.324, "Zmin": 2552, "Zmax": 3196, "Zmed": 2831, "Lmax": 1238, "TermType": 0 }, "geometry": { "type": "Point", "coordinates": [ 12.3086, 47.1458 ] } },
{ "type": "Feature", "properties": { "RGIId": "RGI60-11.00063", "Name": null, "Area": 0.109, "Zmin": 2839, "Zmax": 2979, "Zmed": 2911, "Lmax": 340, "TermType": 0 }, "geometry": { "type": "Point", "coordinates": [ 12.3548, 47.1517 ] } },
{ "type": "Feature", "properties": { "RGIId": "RGI60-11.00064", "Name": null, "Area": 0.011, "Zmin": 2867, "Zmax": 2889, "Zmed": 2880, "Lmax": 71, "TermType": 0 }, "geometry": { "type": "Point", "coordinates": [ 12.6, 47.1448 ] } },
{ "type": "Feature", "properties": { "RGIId": "RGI60-11.00065", "Name": null, "Area": 0.087, "Zmin": 2740, "Zmax": 2897, "Zmed": 2860, "Lmax": 446, "TermType": 0 }, "geometry": { "type": "Point", "coordinates": [ 12.5958, 47.144 ] } },
{ "type": "Feature", "properties": { "RGIId": "RGI60-11.00066", "Name": null, "Area": 0.392, "Zmin": 2546, "Zmax": 2840, "Zmed": 2662, "Lmax": 934, "TermType": 0 }, "geometry": { "type": "Point", "coordinates": [ 12.3945, 47.1462 ] } },
{ "type": "Feature", "properties": { "RGIId": "RGI60-11.00067", "Name": null, "Area": 2.868, "Zmin": 2283, "Zmax": 3294, "Zmed": 2854, "Lmax": 3098, "TermType": 0 }, "geometry": { "type": "Point", "coordinates": [ 12.6894, 47.129 ] } },
{ "type": "Feature", "properties": { "RGIId": "RGI60-11.00068", "Name": null, "Area": 2.738, "Zmin": 2162, "Zmax": 3440, "Zmed": 2759, "Lmax": 5390, "TermType": 0 }, "geometry": { "type": "Point", "coordinates": [ 12.3453, 47.1322 ] } },
{ "type": "Feature", "properties": { "RGIId": "RGI60-11.00069", "Name": null, "Area": 0.032, "Zmin": 2786, "Zmax": 2841, "Zmed": 2816, "Lmax": 160, "TermType": 0 }, "geometry": { "type": "Point", "coordinates": [ 12.4374, 47.1479 ] } },
{ "type": "Feature", "properties": { "RGIId": "RGI60-11.00070", "Name": null, "Area": 1.563, "Zmin": 2375, "Zmax": 3118, "Zmed": 2759, "Lmax": 1785, "TermType": 0 }, "geometry": { "type": "Point", "coordinates": [ 12.1044, 47.1491 ] } },
{ "type": "Feature", "properties": { "RGIId": "RGI60-11.00071", "Name": null, "Area": 0.061, "Zmin": 2734, "Zmax": 2856, "Zmed": 2818, "Lmax": 285, "TermType": 0 }, "geometry": { "type": "Point", "coordinates": [ 12.4035, 47.1473 ] } },
{ "type": "Feature", "properties": { "RGIId": "RGI60-11.00072", "Name": null, "Area": 0.707, "Zmin": 2293, "Zmax": 2815, "Zmed": 2446, "Lmax": 1392, "TermType": 0 }, "geometry": { "type": "Point", "coordinates": [ 12.6611, 47.1342 ] } },
{ "type": "Feature", "properties": { "RGIId": "RGI60-11.00073", "Name": null, "Area": 0.03, "Zmin": 2822, "Zmax": 2895, "Zmed": 2871, "Lmax": 230, "TermType": 0 }, "geometry": { "type": "Point", "coordinates": [ 12.5956, 47.1403 ] } },
{ "type": "Feature", "properties": { "RGIId": "RGI60-11.00074", "Name": null, "Area": 0.43, "Zmin": 2621, "Zmax": 3071, "Zmed": 2853, "Lmax": 556, "TermType": 0 }, "geometry": { "type": "Point", "coordinates": [ 12.3805, 47.1424 ] } },
{ "type": "Feature", "properties": { "RGIId": "RGI60-11.00075", "Name": null, "Area": 0.04, "Zmin": 2361, "Zmax": 2512, "Zmed": 2426, "Lmax": 202, "TermType": 0 }, "geometry": { "type": "Point", "coordinates": [ 10.4376, 47.1861 ] } },
{ "type": "Feature", "properties": { "RGIId": "RGI60-11.00076", "Name": null, "Area": 0.017, "Zmin": 2746, "Zmax": 2810, "Zmed": 2772, "Lmax": 141, "TermType": 0 }, "geometry": { "type": "Point", "coordinates": [ 12.409, 47.1448 ] } },
{ "type": "Feature", "properties": { "RGIId": "RGI60-11.00077", "Name": null, "Area": 0.093, "Zmin": 2705, "Zmax": 2955, "Zmed": 2841, "Lmax": 464, "TermType": 0 }, "geometry": { "type": "Point", "coordinates": [ 12.0907, 47.1508 ] } },
{ "type": "Feature", "properties": { "RGIId": "RGI60-11.00078", "Name": null, "Area": 0.584, "Zmin": 2432, "Zmax": 3037, "Zmed": 2830, "Lmax": 1305, "TermType": 0 }, "geometry": { "type": "Point", "coordinates": [ 12.3243, 47.1392 ] } },
{ "type": "Feature", "properties": { "RGIId": "RGI60-11.00079", "Name": null, "Area": 0.2, "Zmin": 2451, "Zmax": 2780, "Zmed": 2604, "Lmax": 760, "TermType": 0 }, "geometry": { "type": "Point", "coordinates": [ 12.5793, 47.1355 ] } },
{ "type": "Feature", "properties": { "RGIId": "RGI60-11.00080", "Name": "Stubacher Sonnblickkees", "Area": 1.188, "Zmin": 2502, "Zmax": 2993, "Zmed": 2789, "Lmax": 1304, "TermType": 0 }, "geometry": { "type": "Point", "coordinates": [ 12.5964, 47.1316 ] } },
{ "type": "Feature", "properties": { "RGIId": "RGI60-11.00081", "Name": null, "Area": 0.022, "Zmin": 2504, "Zmax": 2650, "Zmed": 2568, "Lmax": 334, "TermType": 0 }, "geometry": { "type": "Point", "coordinates": [ 12.5711, 47.1368 ] } },
{ "type": "Feature", "properties": { "RGIId": "RGI60-11.00082", "Name": null, "Area": 0.299, "Zmin": 2602, "Zmax": 2993, "Zmed": 2788, "Lmax": 703, "TermType": 0 }, "geometry": { "type": "Point", "coordinates": [ 12.0853, 47.1482 ] } },
{ "type": "Feature", "properties": { "RGIId": "RGI60-11.00083", "Name": null, "Area": 0.04, "Zmin": 2708, "Zmax": 2789, "Zmed": 2741, "Lmax": 269, "TermType": 0 }, "geometry": { "type": "Point", "coordinates": [ 10.3703, 47.1842 ] } },
{ "type": "Feature", "properties": { "RGIId": "RGI60-11.00084", "Name": null, "Area": 0.268, "Zmin": 2677, "Zmax": 3123, "Zmed": 2829, "Lmax": 602, "TermType": 0 }, "geometry": { "type": "Point", "coordinates": [ 12.1167, 47.1467 ] } },
{ "type": "Feature", "properties": { "RGIId": "RGI60-11.00085", "Name": null, "Area": 0.042, "Zmin": 2563, "Zmax": 2637, "Zmed": 2614, "Lmax": 236, "TermType": 0 }, "geometry": { "type": "Point", "coordinates": [ 9.98627, 47.1872 ] } },
{ "type": "Feature", "properties": { "RGIId": "RGI60-11.00086", "Name": null, "Area": 0.112, "Zmin": 2634, "Zmax": 2908, "Zmed": 2718, "Lmax": 428, "TermType": 0 }, "geometry": { "type": "Point", "coordinates": [ 12.0632, 47.1498 ] } },
{ "type": "Feature", "properties": { "RGIId": "RGI60-11.00087", "Name": null, "Area": 0.316, "Zmin": 2658, "Zmax": 3148, "Zmed": 2948, "Lmax": 403, "TermType": 0 }, "geometry": { "type": "Point", "coordinates": [ 12.6669, 47.1277 ] } },
{ "type": "Feature", "properties": { "RGIId": "RGI60-11.00088", "Name": null, "Area": 2.734, "Zmin": 2668, "Zmax": 3320, "Zmed": 3004, "Lmax": 2477, "TermType": 0 }, "geometry": { "type": "Point", "coordinates": [ 12.7269, 47.1229 ] } },
{ "type": "Feature", "properties": { "RGIId": "RGI60-11.00089", "Name": null, "Area": 0.465, "Zmin": 2532, "Zmax": 2898, "Zmed": 2744, "Lmax": 609, "TermType": 0 }, "geometry": { "type": "Point", "coordinates": [ 12.0739, 47.1466 ] } },
{ "type": "Feature", "properties": { "RGIId": "RGI60-11.00090", "Name": null, "Area": 0.132, "Zmin": 2721, "Zmax": 2958, "Zmed": 2792, "Lmax": 426, "TermType": 0 }, "geometry": { "type": "Point", "coordinates": [ 11.0507, 47.1697 ] } },
{ "type": "Feature", "properties": { "RGIId": "RGI60-11.00091", "Name": null, "Area": 0.025, "Zmin": 2599, "Zmax": 2659, "Zmed": 2622, "Lmax": 160, "TermType": 0 }, "geometry": { "type": "Point", "coordinates": [ 12.5699, 47.133 ] } },
{ "type": "Feature", "properties": { "RGIId": "RGI60-11.00092", "Name": null, "Area": 0.145, "Zmin": 2632, "Zmax": 2956, "Zmed": 2767, "Lmax": 630, "TermType": 0 }, "geometry": { "type": "Point", "coordinates": [ 12.2247, 47.1412 ] } },
{ "type": "Feature", "properties": { "RGIId": "RGI60-11.00093", "Name": null, "Area": 0.014, "Zmin": 2934, "Zmax": 3011, "Zmed": 2970, "Lmax": 190, "TermType": 0 }, "geometry": { "type": "Point", "coordinates": [ 12.3711, 47.1387 ] } },
{ "type": "Feature", "properties": { "RGIId": "RGI60-11.00094", "Name": null, "Area": 0.519, "Zmin": 2654, "Zmax": 3171, "Zmed": 2897, "Lmax": 778, "TermType": 0 }, "geometry": { "type": "Point", "coordinates": [ 12.1173, 47.1381 ] } },
{ "type": "Feature", "properties": { "RGIId": "RGI60-11.00095", "Name": null, "Area": 0.629, "Zmin": 2686, "Zmax": 2985, "Zmed": 2842, "Lmax": 653, "TermType": 0 }, "geometry": { "type": "Point", "coordinates": [ 12.5884, 47.1232 ] } },
{ "type": "Feature", "properties": { "RGIId": "RGI60-11.00096", "Name": null, "Area": 0.064, "Zmin": 2850, "Zmax": 2962, "Zmed": 2922, "Lmax": 399, "TermType": 0 }, "geometry": { "type": "Point", "coordinates": [ 11.0551, 47.1673 ] } },
{ "type": "Feature", "properties": { "RGIId": "RGI60-11.00097", "Name": null, "Area": 0.157, "Zmin": 2837, "Zmax": 3101, "Zmed": 2994, "Lmax": 301, "TermType": 0 }, "geometry": { "type": "Point", "coordinates": [ 12.0871, 47.1442 ] } },
{ "type": "Feature", "properties": { "RGIId": "RGI60-11.00098", "Name": null, "Area": 0.339, "Zmin": 2742, "Zmax": 3157, "Zmed": 2984, "Lmax": 823, "TermType": 0 }, "geometry": { "type": "Point", "coordinates": [ 12.0924, 47.1418 ] } },
{ "type": "Feature", "properties": { "RGIId": "RGI60-11.00099", "Name": null, "Area": 0.027, "Zmin": 2924, "Zmax": 2994, "Zmed": 2972, "Lmax": 168, "TermType": 0 }, "geometry": { "type": "Point", "coordinates": [ 12.3625, 47.1366 ] } },
{ "type": "Feature", "properties": { "RGIId": "RGI60-11.00100", "Name": null, "Area": 0.198, "Zmin": 2610, "Zmax": 2954, "Zmed": 2769, "Lmax": 516, "TermType": 0 }, "geometry": { "type": "Point", "coordinates": [ 12.3358, 47.1353 ] } },
{ "type": "Feature", "properties": { "RGIId": "RGI60-11.00101", "Name": null, "Area": 0.564, "Zmin": 2578, "Zmax": 2993, "Zmed": 2775, "Lmax": 873, "TermType": 0 }, "geometry": { "type": "Point", "coordinates": [ 12.2336, 47.1367 ] } },
{ "type": "Feature", "properties": { "RGIId": "RGI60-11.00102", "Name": null, "Area": 0.25, "Zmin": 2948, "Zmax": 3162, "Zmed": 3025, "Lmax": 646, "TermType": 0 }, "geometry": { "type": "Point", "coordinates": [ 12.3176, 47.1348 ] } },
{ "type": "Feature", "properties": { "RGIId": "RGI60-11.00103", "Name": null, "Area": 0.08, "Zmin": 2749, "Zmax": 2907, "Zmed": 2823, "Lmax": 304, "TermType": 0 }, "geometry": { "type": "Point", "coordinates": [ 12.3567, 47.1349 ] } },
{ "type": "Feature", "properties": { "RGIId": "RGI60-11.00104", "Name": null, "Area": 0.582, "Zmin": 2777, "Zmax": 3173, "Zmed": 2986, "Lmax": 906, "TermType": 0 }, "geometry": { "type": "Point", "coordinates": [ 12.1032, 47.1386 ] } },
{ "type": "Feature", "properties": { "RGIId": "RGI60-11.00105", "Name": null, "Area": 0.174, "Zmin": 2723, "Zmax": 3035, "Zmed": 2884, "Lmax": 550, "TermType": 0 }, "geometry": { "type": "Point", "coordinates": [ 12.6572, 47.1244 ] } },
{ "type": "Feature", "properties": { "RGIId": "RGI60-11.00106", "Name": "Pasterze", "Area": 17.774, "Zmin": 2086, "Zmax": 3487, "Zmed": 2984, "Lmax": 8667, "TermType": 0 }, "geometry": { "type": "Point", "coordinates": [ 12.6967, 47.0991 ] } },
{ "type": "Feature", "properties": { "RGIId": "RGI60-11.00107", "Name": null, "Area": 0.011, "Zmin": 2899, "Zmax": 2941, "Zmed": 2924, "Lmax": -9, "TermType": 0 }, "geometry": { "type": "Point", "coordinates": [ 12.3608, 47.1347 ] } },
{ "type": "Feature", "properties": { "RGIId": "RGI60-11.00108", "Name": null, "Area": 0.184, "Zmin": 2653, "Zmax": 2792, "Zmed": 2752, "Lmax": 372, "TermType": 0 }, "geometry": { "type": "Point", "coordinates": [ 12.551, 47.1256 ] } },
{ "type": "Feature", "properties": { "RGIId": "RGI60-11.00109", "Name": null, "Area": 0.129, "Zmin": 2949, "Zmax": 3154, "Zmed": 3032, "Lmax": 492, "TermType": 0 }, "geometry": { "type": "Point", "coordinates": [ 12.3106, 47.133 ] } },
{ "type": "Feature", "properties": { "RGIId": "RGI60-11.00110", "Name": null, "Area": 2.188, "Zmin": 2285, "Zmax": 3356, "Zmed": 2695, "Lmax": 3075, "TermType": 0 }, "geometry": { "type": "Point", "coordinates": [ 12.3693, 47.1261 ] } },
{ "type": "Feature", "properties": { "RGIId": "RGI60-11.00111", "Name": null, "Area": 0.019, "Zmin": 2984, "Zmax": 3043, "Zmed": 3005, "Lmax": 90, "TermType": 0 }, "geometry": { "type": "Point", "coordinates": [ 12.3275, 47.1336 ] } },
{ "type": "Feature", "properties": { "RGIId": "RGI60-11.00112", "Name": null, "Area": 0.029, "Zmin": 2756, "Zmax": 2833, "Zmed": 2792, "Lmax": 146, "TermType": 0 }, "geometry": { "type": "Point", "coordinates": [ 10.4793, 47.1715 ] } },
{ "type": "Feature", "properties": { "RGIId": "RGI60-11.00113", "Name": null, "Area": 0.058, "Zmin": 3065, "Zmax": 3260, "Zmed": 3171, "Lmax": 237, "TermType": 0 }, "geometry": { "type": "Point", "coordinates": [ 12.6637, 47.1213 ] } },
{ "type": "Feature", "properties": { "RGIId": "RGI60-11.00114", "Name": null, "Area": 0.722, "Zmin": 2593, "Zmax": 3133, "Zmed": 2830, "Lmax": 1120, "TermType": 0 }, "geometry": { "type": "Point", "coordinates": [ 12.2453, 47.1297 ] } },
{ "type": "Feature", "properties": { "RGIId": "RGI60-11.00115", "Name": null, "Area": 0.133, "Zmin": 2758, "Zmax": 2990, "Zmed": 2901, "Lmax": 507, "TermType": 0 }, "geometry": { "type": "Point", "coordinates": [ 12.5955, 47.1232 ] } },
{ "type": "Feature", "properties": { "RGIId": "RGI60-11.00116", "Name": null, "Area": 5.324, "Zmin": 2346, "Zmax": 3608, "Zmed": 2917, "Lmax": 5267, "TermType": 0 }, "geometry": { "type": "Point", "coordinates": [ 12.3309, 47.1177 ] } },
{ "type": "Feature", "properties": { "RGIId": "RGI60-11.00117", "Name": null, "Area": 0.011, "Zmin": 2577, "Zmax": 2687, "Zmed": 2623, "Lmax": 135, "TermType": 0 }, "geometry": { "type": "Point", "coordinates": [ 13.3728, 47.0961 ] } },
{ "type": "Feature", "properties": { "RGIId": "RGI60-11.00118", "Name": null, "Area": 0.031, "Zmin": 2631, "Zmax": 2777, "Zmed": 2703, "Lmax": 150, "TermType": 0 }, "geometry": { "type": "Point", "coordinates": [ 13.377, 47.0948 ] } },
{ "type": "Feature", "properties": { "RGIId": "RGI60-11.00119", "Name": null, "Area": 0.019, "Zmin": 2798, "Zmax": 2891, "Zmed": 2863, "Lmax": 190, "TermType": 0 }, "geometry": { "type": "Point", "coordinates": [ 10.4712, 47.1677 ] } },
{ "type": "Feature", "properties": { "RGIId": "RGI60-11.00120", "Name": null, "Area": 0.583, "Zmin": 2768, "Zmax": 3091, "Zmed": 2890, "Lmax": 733, "TermType": 0 }, "geometry": { "type": "Point", "coordinates": [ 12.2355, 47.1257 ] } },
{ "type": "Feature", "properties": { "RGIId": "RGI60-11.00121", "Name": null, "Area": 0.032, "Zmin": 2849, "Zmax": 2958, "Zmed": 2921, "Lmax": 230, "TermType": 0 }, "geometry": { "type": "Point", "coordinates": [ 12.1109, 47.1339 ] } },
{ "type": "Feature", "properties": { "RGIId": "RGI60-11.00122", "Name": null, "Area": 1.615, "Zmin": 2635, "Zmax": 3168, "Zmed": 2876, "Lmax": 2311, "TermType": 0 }, "geometry": { "type": "Point", "coordinates": [ 12.7221, 47.1074 ] } },
{ "type": "Feature", "properties": { "RGIId": "RGI60-11.00123", "Name": null, "Area": 0.122, "Zmin": 2682, "Zmax": 2983, "Zmed": 2848, "Lmax": 527, "TermType": 0 }, "geometry": { "type": "Point", "coordinates": [ 12.5971, 47.1173 ] } },
{ "type": "Feature", "properties": { "RGIId": "RGI60-11.00124", "Name": null, "Area": 1.367, "Zmin": 2273, "Zmax": 3019, "Zmed": 2569, "Lmax": 2678, "TermType": 0 }, "geometry": { "type": "Point", "coordinates": [ 12.6507, 47.1087 ] } },
{ "type": "Feature", "properties": { "RGIId": "RGI60-11.00125", "Name": null, "Area": 0.042, "Zmin": 3023, "Zmax": 3095, "Zmed": 3066, "Lmax": 366, "TermType": 0 }, "geometry": { "type": "Point", "coordinates": [ 12.731, 47.1125 ] } },
{ "type": "Feature", "properties": { "RGIId": "RGI60-11.00126", "Name": null, "Area": 0.026, "Zmin": 2665, "Zmax": 2815, "Zmed": 2753, "Lmax": 280, "TermType": 0 }, "geometry": { "type": "Point", "coordinates": [ 12.3806, 47.123 ] } },
{ "type": "Feature", "properties": { "RGIId": "RGI60-11.00127", "Name": null, "Area": 2.084, "Zmin": 2571, "Zmax": 3204, "Zmed": 2870, "Lmax": 1325, "TermType": 0 }, "geometry": { "type": "Point", "coordinates": [ 12.2672, 47.1131 ] } },
{ "type": "Feature", "properties": { "RGIId": "RGI60-11.00128", "Name": null, "Area": 0.205, "Zmin": 2725, "Zmax": 3163, "Zmed": 2970, "Lmax": 943, "TermType": 0 }, "geometry": { "type": "Point", "coordinates": [ 12.3755, 47.1203 ] } },
{ "type": "Feature", "properties": { "RGIId": "RGI60-11.00129", "Name": null, "Area": 0.028, "Zmin": 2787, "Zmax": 2932, "Zmed": 2874, "Lmax": 255, "TermType": 0 }, "geometry": { "type": "Point", "coordinates": [ 12.1162, 47.1298 ] } },
{ "type": "Feature", "properties": { "RGIId": "RGI60-11.00130", "Name": null, "Area": 0.013, "Zmin": 2927, "Zmax": 2988, "Zmed": 2951, "Lmax": 103, "TermType": 0 }, "geometry": { "type": "Point", "coordinates": [ 12.7336, 47.1089 ] } },
{ "type": "Feature", "properties": { "RGIId": "RGI60-11.00131", "Name": null, "Area": 0.023, "Zmin": 2675, "Zmax": 2728, "Zmed": 2692, "Lmax": 215, "TermType": 0 }, "geometry": { "type": "Point", "coordinates": [ 12.6602, 47.1103 ] } },
{ "type": "Feature", "properties": { "RGIId": "RGI60-11.00132", "Name": null, "Area": 0.017, "Zmin": 2593, "Zmax": 2652, "Zmed": 2635, "Lmax": 135, "TermType": 0 }, "geometry": { "type": "Point", "coordinates": [ 13.2543, 47.0897 ] } },
{ "type": "Feature", "properties": { "RGIId": "RGI60-11.00133", "Name": null, "Area": 0.511, "Zmin": 2607, "Zmax": 3057, "Zmed": 2827, "Lmax": 882, "TermType": 0 }, "geometry": { "type": "Point", "coordinates": [ 12.7474, 47.1029 ] } },
{ "type": "Feature", "properties": { "RGIId": "RGI60-11.00134", "Name": null, "Area": 0.032, "Zmin": 2644, "Zmax": 2754, "Zmed": 2697, "Lmax": 168, "TermType": 0 }, "geometry": { "type": "Point", "coordinates": [ 13.2494, 47.0889 ] } },
{ "type": "Feature", "properties": { "RGIId": "RGI60-11.00135", "Name": null, "Area": 8.271, "Zmin": 2158, "Zmax": 3576, "Zmed": 3074, "Lmax": 5350, "TermType": 0 }, "geometry": { "type": "Point", "coordinates": [ 12.3829, 47.1066 ] } },
{ "type": "Feature", "properties": { "RGIId": "RGI60-11.00136", "Name": null, "Area": 0.095, "Zmin": 2684, "Zmax": 2918, "Zmed": 2797, "Lmax": 404, "TermType": 0 }, "geometry": { "type": "Point", "coordinates": [ 12.1168, 47.124 ] } },
{ "type": "Feature", "properties": { "RGIId": "RGI60-11.00137", "Name": null, "Area": 0.013, "Zmin": 3008, "Zmax": 3120, "Zmed": 3073, "Lmax": 182, "TermType": 0 }, "geometry": { "type": "Point", "coordinates": [ 12.2417, 47.121 ] } },
{ "type": "Feature", "properties": { "RGIId": "RGI60-11.00138", "Name": null, "Area": 0.028, "Zmin": 2515, "Zmax": 2614, "Zmed": 2572, "Lmax": 320, "TermType": 0 }, "geometry": { "type": "Point", "coordinates": [ 12.812, 47.1024 ] } },
{ "type": "Feature", "properties": { "RGIId": "RGI60-11.00139", "Name": null, "Area": 0.051, "Zmin": 2835, "Zmax": 3103, "Zmed": 2919, "Lmax": 329, "TermType": 0 }, "geometry": { "type": "Point", "coordinates": [ 12.2435, 47.1194 ] } },
{ "type": "Feature", "properties": { "RGIId": "RGI60-11.00140", "Name": null, "Area": 0.108, "Zmin": 2675, "Zmax": 2857, "Zmed": 2750, "Lmax": 357, "TermType": 0 }, "geometry": { "type": "Point", "coordinates": [ 12.1195, 47.1201 ] } },
{ "type": "Feature", "properties": { "RGIId": "RGI60-11.00141", "Name": null, "Area": 4.24, "Zmin": 2214, "Zmax": 3119, "Zmed": 2720, "Lmax": 3750, "TermType": 0 }, "geometry": { "type": "Point", "coordinates": [ 12.2779, 47.1025 ] } },
{ "type": "Feature", "properties": { "RGIId": "RGI60-11.00142", "Name": null, "Area": 0.069, "Zmin": 2618, "Zmax": 2721, "Zmed": 2673, "Lmax": 336, "TermType": 0 }, "geometry": { "type": "Point", "coordinates": [ 13.2501, 47.0844 ] } },
{ "type": "Feature", "properties": { "RGIId": "RGI60-11.00143", "Name": null, "Area": 0.128, "Zmin": 2576, "Zmax": 2815, "Zmed": 2677, "Lmax": 479, "TermType": 0 }, "geometry": { "type": "Point", "coordinates": [ 13.2444, 47.0836 ] } },
{ "type": "Feature", "properties": { "RGIId": "RGI60-11.00144", "Name": null, "Area": 0.016, "Zmin": 2936, "Zmax": 3018, "Zmed": 2969, "Lmax": 112, "TermType": 0 }, "geometry": { "type": "Point", "coordinates": [ 12.2489, 47.1176 ] } },
{ "type": "Feature", "properties": { "RGIId": "RGI60-11.00145", "Name": null, "Area": 0.011, "Zmin": 2667, "Zmax": 2727, "Zmed": 2712, "Lmax": 135, "TermType": 0 }, "geometry": { "type": "Point", "coordinates": [ 12.8106, 47.0993 ] } },
{ "type": "Feature", "properties": { "RGIId": "RGI60-11.00146", "Name": null, "Area": 0.157, "Zmin": 2557, "Zmax": 2832, "Zmed": 2666, "Lmax": 802, "TermType": 0 }, "geometry": { "type": "Point", "coordinates": [ 12.7979, 47.0982 ] } },
{ "type": "Feature", "properties": { "RGIId": "RGI60-11.00147", "Name": null, "Area": 0.04, "Zmin": 2896, "Zmax": 3015, "Zmed": 2948, "Lmax": 202, "TermType": 0 }, "geometry": { "type": "Point", "coordinates": [ 12.2517, 47.1152 ] } },
{ "type": "Feature", "properties": { "RGIId": "RGI60-11.00148", "Name": null, "Area": 0.014, "Zmin": 2597, "Zmax": 2684, "Zmed": 2628, "Lmax": 168, "TermType": 0 }, "geometry": { "type": "Point", "coordinates": [ 10.2138, 47.1553 ] } },
{ "type": "Feature", "properties": { "RGIId": "RGI60-11.00149", "Name": null, "Area": 0.093, "Zmin": 2641, "Zmax": 2905, "Zmed": 2773, "Lmax": 470, "TermType": 0 }, "geometry": { "type": "Point", "coordinates": [ 12.1239, 47.1166 ] } },
{ "type": "Feature", "properties": { "RGIId": "RGI60-11.00150", "Name": null, "Area": 0.014, "Zmin": 2907, "Zmax": 2994, "Zmed": 2943, "Lmax": 135, "TermType": 0 }, "geometry": { "type": "Point", "coordinates": [ 12.6422, 47.1023 ] } },
{ "type": "Feature", "properties": { "RGIId": "RGI60-11.00151", "Name": null, "Area": 0.077, "Zmin": 2776, "Zmax": 2909, "Zmed": 2845, "Lmax": 292, "TermType": 0 }, "geometry": { "type": "Point", "coordinates": [ 13.2471, 47.0803 ] } },
{ "type": "Feature", "properties": { "RGIId": "RGI60-11.00152", "Name": null, "Area": 0.341, "Zmin": 2601, "Zmax": 3004, "Zmed": 2788, "Lmax": 772, "TermType": 0 }, "geometry": { "type": "Point", "coordinates": [ 12.1304, 47.1139 ] } },
{ "type": "Feature", "properties": { "RGIId": "RGI60-11.00153", "Name": null, "Area": 0.059, "Zmin": 2850, "Zmax": 3029, "Zmed": 2937, "Lmax": 309, "TermType": 0 }, "geometry": { "type": "Point", "coordinates": [ 12.2556, 47.1125 ] } },
{ "type": "Feature", "properties": { "RGIId": "RGI60-11.00154", "Name": null, "Area": 0.043, "Zmin": 2768, "Zmax": 2852, "Zmed": 2805, "Lmax": 246, "TermType": 0 }, "geometry": { "type": "Point", "coordinates": [ 12.8107, 47.0958 ] } },
{ "type": "Feature", "properties": { "RGIId": "RGI60-11.00155", "Name": null, "Area": 0.246, "Zmin": 2731, "Zmax": 3132, "Zmed": 2899, "Lmax": 915, "TermType": 0 }, "geometry": { "type": "Point", "coordinates": [ 12.75, 47.0945 ] } },
{ "type": "Feature", "properties": { "RGIId": "RGI60-11.00156", "Name": null, "Area": 0.247, "Zmin": 2708, "Zmax": 3092, "Zmed": 2850, "Lmax": 701, "TermType": 0 }, "geometry": { "type": "Point", "coordinates": [ 12.6452, 47.0982 ] } },
{ "type": "Feature", "properties": { "RGIId": "RGI60-11.00157", "Name": null, "Area": 0.106, "Zmin": 2692, "Zmax": 2818, "Zmed": 2741, "Lmax": 412, "TermType": 0 }, "geometry": { "type": "Point", "coordinates": [ 12.4412, 47.106 ] } },
{ "type": "Feature", "properties": { "RGIId": "RGI60-11.00158", "Name": null, "Area": 0.088, "Zmin": 2614, "Zmax": 2744, "Zmed": 2684, "Lmax": 292, "TermType": 0 }, "geometry": { "type": "Point", "coordinates": [ 12.4494, 47.1059 ] } },
{ "type": "Feature", "properties": { "RGIId": "RGI60-11.00159", "Name": null, "Area": 1.709, "Zmin": 2719, "Zmax": 3382, "Zmed": 3060, "Lmax": 1344, "TermType": 0 }, "geometry": { "type": "Point", "coordinates": [ 12.6559, 47.0909 ] } },
{ "type": "Feature", "properties": { "RGIId": "RGI60-11.00160", "Name": null, "Area": 0.025, "Zmin": 2695, "Zmax": 2838, "Zmed": 2782, "Lmax": 195, "TermType": 0 }, "geometry": { "type": "Point", "coordinates": [ 12.7912, 47.0949 ] } },
{ "type": "Feature", "properties": { "RGIId": "RGI60-11.00161", "Name": null, "Area": 3.24, "Zmin": 2625, "Zmax": 3621, "Zmed": 3198, "Lmax": 3026, "TermType": 0 }, "geometry": { "type": "Point", "coordinates": [ 12.3582, 47.0953 ] } },
{ "type": "Feature", "properties": { "RGIId": "RGI60-11.00162", "Name": null, "Area": 0.266, "Zmin": 2553, "Zmax": 2749, "Zmed": 2614, "Lmax": 476, "TermType": 0 }, "geometry": { "type": "Point", "coordinates": [ 12.4293, 47.1041 ] } },
{ "type": "Feature", "properties": { "RGIId": "RGI60-11.00163", "Name": null, "Area": 0.013, "Zmin": 2732, "Zmax": 2792, "Zmed": 2760, "Lmax": 125, "TermType": 0 }, "geometry": { "type": "Point", "coordinates": [ 13.2492, 47.0781 ] } },
{ "type": "Feature", "properties": { "RGIId": "RGI60-11.00164", "Name": null, "Area": 1.588, "Zmin": 2762, "Zmax": 3454, "Zmed": 3078, "Lmax": 1280, "TermType": 0 }, "geometry": { "type": "Point", "coordinates": [ 12.338, 47.1022 ] } },
{ "type": "Feature", "properties": { "RGIId": "RGI60-11.00165", "Name": null, "Area": 0.088, "Zmin": 2738, "Zmax": 2850, "Zmed": 2789, "Lmax": 356, "TermType": 0 }, "geometry": { "type": "Point", "coordinates": [ 13.3935, 47.0713 ] } },
{ "type": "Feature", "properties": { "RGIId": "RGI60-11.00166", "Name": null, "Area": 0.177, "Zmin": 2822, "Zmax": 3023, "Zmed": 2896, "Lmax": 499, "TermType": 0 }, "geometry": { "type": "Point", "coordinates": [ 12.2599, 47.1077 ] } },
{ "type": "Feature", "properties": { "RGIId": "RGI60-11.00167", "Name": null, "Area": 0.365, "Zmin": 2518, "Zmax": 2838, "Zmed": 2713, "Lmax": 882, "TermType": 0 }, "geometry": { "type": "Point", "coordinates": [ 13.2342, 47.0748 ] } },
{ "type": "Feature", "properties": { "RGIId": "RGI60-11.00168", "Name": null, "Area": 0.414, "Zmin": 2470, "Zmax": 3076, "Zmed": 2688, "Lmax": 1233, "TermType": 0 }, "geometry": { "type": "Point", "coordinates": [ 12.3064, 47.1021 ] } },
{ "type": "Feature", "properties": { "RGIId": "RGI60-11.00169", "Name": null, "Area": 0.247, "Zmin": 2630, "Zmax": 2842, "Zmed": 2720, "Lmax": 479, "TermType": 0 }, "geometry": { "type": "Point", "coordinates": [ 12.9054, 47.0854 ] } },
{ "type": "Feature", "properties": { "RGIId": "RGI60-11.00170", "Name": null, "Area": 0.019, "Zmin": 2505, "Zmax": 2565, "Zmed": 2530, "Lmax": 103, "TermType": 0 }, "geometry": { "type": "Point", "coordinates": [ 13.2232, 47.0753 ] } },
{ "type": "Feature", "properties": { "RGIId": "RGI60-11.00171", "Name": null, "Area": 0.148, "Zmin": 2771, "Zmax": 3012, "Zmed": 2907, "Lmax": 440, "TermType": 0 }, "geometry": { "type": "Point", "coordinates": [ 12.1253, 47.1066 ] } },
{ "type": "Feature", "properties": { "RGIId": "RGI60-11.00172", "Name": null, "Area": 0.513, "Zmin": 2551, "Zmax": 3127, "Zmed": 2734, "Lmax": 878, "TermType": 0 }, "geometry": { "type": "Point", "coordinates": [ 12.9325, 47.082 ] } },
{ "type": "Feature", "properties": { "RGIId": "RGI60-11.00173", "Name": null, "Area": 0.013, "Zmin": 2573, "Zmax": 2638, "Zmed": 2614, "Lmax": 177, "TermType": 0 }, "geometry": { "type": "Point", "coordinates": [ 13.2251, 47.074 ] } },
{ "type": "Feature", "properties": { "RGIId": "RGI60-11.00174", "Name": null, "Area": 0.093, "Zmin": 2870, "Zmax": 3040, "Zmed": 2960, "Lmax": 365, "TermType": 0 }, "geometry": { "type": "Point", "coordinates": [ 12.1307, 47.1078 ] } },
{ "type": "Feature", "properties": { "RGIId": "RGI60-11.00175", "Name": null, "Area": 0.118, "Zmin": 2751, "Zmax": 2993, "Zmed": 2883, "Lmax": 462, "TermType": 0 }, "geometry": { "type": "Point", "coordinates": [ 12.9203, 47.0832 ] } },
{ "type": "Feature", "properties": { "RGIId": "RGI60-11.00176", "Name": null, "Area": 0.031, "Zmin": 2721, "Zmax": 2862, "Zmed": 2797, "Lmax": 200, "TermType": 0 }, "geometry": { "type": "Point", "coordinates": [ 12.3124, 47.1031 ] } },
{ "type": "Feature", "properties": { "RGIId": "RGI60-11.00177", "Name": null, "Area": 0.022, "Zmin": 2780, "Zmax": 2870, "Zmed": 2830, "Lmax": 202, "TermType": 0 }, "geometry": { "type": "Point", "coordinates": [ 13.2796, 47.071 ] } },
{ "type": "Feature", "properties": { "RGIId": "RGI60-11.00178", "Name": null, "Area": 0.078, "Zmin": 2575, "Zmax": 2662, "Zmed": 2607, "Lmax": 320, "TermType": 0 }, "geometry": { "type": "Point", "coordinates": [ 12.7895, 47.0875 ] } },
{ "type": "Feature", "properties": { "RGIId": "RGI60-11.00179", "Name": null, "Area": 0.045, "Zmin": 2722, "Zmax": 2851, "Zmed": 2793, "Lmax": 237, "TermType": 0 }, "geometry": { "type": "Point", "coordinates": [ 12.8954, 47.084 ] } },
{ "type": "Feature", "properties": { "RGIId": "RGI60-11.00180", "Name": null, "Area": 0.047, "Zmin": 2692, "Zmax": 2842, "Zmed": 2750, "Lmax": 412, "TermType": 0 }, "geometry": { "type": "Point", "coordinates": [ 12.463, 47.0979 ] } },
{ "type": "Feature", "properties": { "RGIId": "RGI60-11.00181", "Name": null, "Area": 2.28, "Zmin": 2483, "Zmax": 3159, "Zmed": 2870, "Lmax": 1818, "TermType": 0 }, "geometry": { "type": "Point", "coordinates": [ 13.2537, 47.0615 ] } },
{ "type": "Feature", "properties": { "RGIId": "RGI60-11.00182", "Name": null, "Area": 2.293, "Zmin": 2561, "Zmax": 3458, "Zmed": 3157, "Lmax": 2659, "TermType": 0 }, "geometry": { "type": "Point", "coordinates": [ 12.6661, 47.0798 ] } },
{ "type": "Feature", "properties": { "RGIId": "RGI60-11.00183", "Name": null, "Area": 0.058, "Zmin": 2611, "Zmax": 2713, "Zmed": 2657, "Lmax": 214, "TermType": 0 }, "geometry": { "type": "Point", "coordinates": [ 13.2273, 47.0714 ] } },
{ "type": "Feature", "properties": { "RGIId": "RGI60-11.00184", "Name": null, "Area": 0.015, "Zmin": 2815, "Zmax": 2875, "Zmed": 2842, "Lmax": 160, "TermType": 0 }, "geometry": { "type": "Point", "coordinates": [ 12.8915, 47.083 ] } },
{ "type": "Feature", "properties": { "RGIId": "RGI60-11.00185", "Name": null, "Area": 0.069, "Zmin": 2710, "Zmax": 2788, "Zmed": 2745, "Lmax": 336, "TermType": 0 }, "geometry": { "type": "Point", "coordinates": [ 12.319, 47.1003 ] } },
{ "type": "Feature", "properties": { "RGIId": "RGI60-11.00186", "Name": null, "Area": 0.31, "Zmin": 2555, "Zmax": 2806, "Zmed": 2662, "Lmax": 551, "TermType": 0 }, "geometry": { "type": "Point", "coordinates": [ 13.238, 47.0683 ] } },
{ "type": "Feature", "properties": { "RGIId": "RGI60-11.00187", "Name": null, "Area": 0.012, "Zmin": 2731, "Zmax": 2805, "Zmed": 2771, "Lmax": 135, "TermType": 0 }, "geometry": { "type": "Point", "coordinates": [ 12.7925, 47.0847 ] } },
{ "type": "Feature", "properties": { "RGIId": "RGI60-11.00188", "Name": null, "Area": 0.463, "Zmin": 2834, "Zmax": 3218, "Zmed": 3074, "Lmax": 809, "TermType": 0 }, "geometry": { "type": "Point", "coordinates": [ 12.9426, 47.0753 ] } },
{ "type": "Feature", "properties": { "RGIId": "RGI60-11.00189", "Name": null, "Area": 1.188, "Zmin": 2688, "Zmax": 3253, "Zmed": 2939, "Lmax": 987, "TermType": 0 }, "geometry": { "type": "Point", "coordinates": [ 12.3167, 47.0898 ] } },
{ "type": "Feature", "properties": { "RGIId": "RGI60-11.00190", "Name": null, "Area": 2.939, "Zmin": 2650, "Zmax": 3409, "Zmed": 3102, "Lmax": 2760, "TermType": 0 }, "geometry": { "type": "Point", "coordinates": [ 12.3784, 47.0851 ] } },
{ "type": "Feature", "properties": { "RGIId": "RGI60-11.00191", "Name": null, "Area": 0.083, "Zmin": 2830, "Zmax": 3044, "Zmed": 2928, "Lmax": 408, "TermType": 0 }, "geometry": { "type": "Point", "coordinates": [ 11.0637, 47.1258 ] } },
{ "type": "Feature", "properties": { "RGIId": "RGI60-11.00192", "Name": null, "Area": 0.205, "Zmin": 2779, "Zmax": 3080, "Zmed": 2919, "Lmax": 639, "TermType": 0 }, "geometry": { "type": "Point", "coordinates": [ 12.4074, 47.0926 ] } },
{ "type": "Feature", "properties": { "RGIId": "RGI60-11.00193", "Name": null, "Area": 1.911, "Zmin": 2798, "Zmax": 3527, "Zmed": 3195, "Lmax": 2555, "TermType": 0 }, "geometry": { "type": "Point", "coordinates": [ 12.6796, 47.0724 ] } },
{ "type": "Feature", "properties": { "RGIId": "RGI60-11.00194", "Name": null, "Area": 0.136, "Zmin": 2889, "Zmax": 3028, "Zmed": 2958, "Lmax": 293, "TermType": 0 }, "geometry": { "type": "Point", "coordinates": [ 12.5903, 47.0851 ] } },
{ "type": "Feature", "properties": { "RGIId": "RGI60-11.00195", "Name": null, "Area": 0.142, "Zmin": 2652, "Zmax": 2818, "Zmed": 2706, "Lmax": 494, "TermType": 0 }, "geometry": { "type": "Point", "coordinates": [ 12.9266, 47.0752 ] } },
{ "type": "Feature", "properties": { "RGIId": "RGI60-11.00196", "Name": null, "Area": 0.119, "Zmin": 2791, "Zmax": 3023, "Zmed": 2897, "Lmax": 506, "TermType": 0 }, "geometry": { "type": "Point", "coordinates": [ 11.0887, 47.1225 ] } },
{ "type": "Feature", "properties": { "RGIId": "RGI60-11.00197", "Name": null, "Area": 1.919, "Zmin": 2444, "Zmax": 3222, "Zmed": 2843, "Lmax": 1683, "TermType": 0 }, "geometry": { "type": "Point", "coordinates": [ 12.2683, 47.0878 ] } },
{ "type": "Feature", "properties": { "RGIId": "RGI60-11.00198", "Name": null, "Area": 0.015, "Zmin": 2558, "Zmax": 2707, "Zmed": 2597, "Lmax": 158, "TermType": 0 }, "geometry": { "type": "Point", "coordinates": [ 11.9549, 47.1042 ] } },
{ "type": "Feature", "properties": { "RGIId": "RGI60-11.00199", "Name": null, "Area": 2.161, "Zmin": 2653, "Zmax": 3248, "Zmed": 2933, "Lmax": 2419, "TermType": 0 }, "geometry": { "type": "Point", "coordinates": [ 12.4009, 47.0822 ] } },
{ "type": "Feature", "properties": { "RGIId": "RGI60-11.00200", "Name": null, "Area": 1.08, "Zmin": 2764, "Zmax": 3250, "Zmed": 3021, "Lmax": 1010, "TermType": 0 }, "geometry": { "type": "Point", "coordinates": [ 12.3025, 47.0883 ] } },
{ "type": "Feature", "properties": { "RGIId": "RGI60-11.00201", "Name": null, "Area": 0.023, "Zmin": 2711, "Zmax": 2893, "Zmed": 2817, "Lmax": 182, "TermType": 0 }, "geometry": { "type": "Point", "coordinates": [ 11.9509, 47.1029 ] } },
{ "type": "Feature", "properties": { "RGIId": "RGI60-11.00202", "Name": null, "Area": 0.228, "Zmin": 2687, "Zmax": 3129, "Zmed": 2959, "Lmax": 972, "TermType": 0 }, "geometry": { "type": "Point", "coordinates": [ 12.2897, 47.0909 ] } },
{ "type": "Feature", "properties": { "RGIId": "RGI60-11.00203", "Name": null, "Area": 0.031, "Zmin": 2827, "Zmax": 2944, "Zmed": 2888, "Lmax": 261, "TermType": 0 }, "geometry": { "type": "Point", "coordinates": [ 11.0644, 47.1219 ] } },
{ "type": "Feature", "properties": { "RGIId": "RGI60-11.00204", "Name": null, "Area": 0.518, "Zmin": 2634, "Zmax": 3081, "Zmed": 2804, "Lmax": 1293, "TermType": 0 }, "geometry": { "type": "Point", "coordinates": [ 11.0732, 47.1167 ] } },
{ "type": "Feature", "properties": { "RGIId": "RGI60-11.00205", "Name": null, "Area": 0.08, "Zmin": 2557, "Zmax": 2762, "Zmed": 2666, "Lmax": 452, "TermType": 0 }, "geometry": { "type": "Point", "coordinates": [ 12.1881, 47.0934 ] } },
{ "type": "Feature", "properties": { "RGIId": "RGI60-11.00206", "Name": null, "Area": 0.018, "Zmin": 2896, "Zmax": 2985, "Zmed": 2945, "Lmax": 177, "TermType": 0 }, "geometry": { "type": "Point", "coordinates": [ 11.0634, 47.1205 ] } },
{ "type": "Feature", "properties": { "RGIId": "RGI60-11.00207", "Name": null, "Area": 0.062, "Zmin": 3098, "Zmax": 3236, "Zmed": 3173, "Lmax": 177, "TermType": 0 }, "geometry": { "type": "Point", "coordinates": [ 12.281, 47.0897 ] } },
{ "type": "Feature", "properties": { "RGIId": "RGI60-11.00208", "Name": null, "Area": 0.025, "Zmin": 2910, "Zmax": 3032, "Zmed": 2978, "Lmax": 226, "TermType": 0 }, "geometry": { "type": "Point", "coordinates": [ 12.9367, 47.0711 ] } },
{ "type": "Feature", "properties": { "RGIId": "RGI60-11.00209", "Name": null, "Area": 0.042, "Zmin": 2894, "Zmax": 2946, "Zmed": 2928, "Lmax": 269, "TermType": 0 }, "geometry": { "type": "Point", "coordinates": [ 11.7343, 47.1053 ] } },
{ "type": "Feature", "properties": { "RGIId": "RGI60-11.00210", "Name": null, "Area": 0.25, "Zmin": 2824, "Zmax": 3213, "Zmed": 3099, "Lmax": 435, "TermType": 0 }, "geometry": { "type": "Point", "coordinates": [ 12.2834, 47.0875 ] } },
{ "type": "Feature", "properties": { "RGIId": "RGI60-11.00211", "Name": null, "Area": 0.036, "Zmin": 2638, "Zmax": 2728, "Zmed": 2670, "Lmax": 202, "TermType": 0 }, "geometry": { "type": "Point", "coordinates": [ 12.4759, 47.0842 ] } },
{ "type": "Feature", "properties": { "RGIId": "RGI60-11.00212", "Name": null, "Area": 0.059, "Zmin": 2719, "Zmax": 2885, "Zmed": 2801, "Lmax": 472, "TermType": 0 }, "geometry": { "type": "Point", "coordinates": [ 12.5881, 47.0793 ] } },
{ "type": "Feature", "properties": { "RGIId": "RGI60-11.00213", "Name": null, "Area": 0.91, "Zmin": 2638, "Zmax": 3628, "Zmed": 3185, "Lmax": 1504, "TermType": 0 }, "geometry": { "type": "Point", "coordinates": [ 12.7082, 47.0716 ] } },
{ "type": "Feature", "properties": { "RGIId": "RGI60-11.00214", "Name": null, "Area": 0.079, "Zmin": 2748, "Zmax": 2897, "Zmed": 2832, "Lmax": 261, "TermType": 0 }, "geometry": { "type": "Point", "coordinates": [ 12.9433, 47.0669 ] } },
{ "type": "Feature", "properties": { "RGIId": "RGI60-11.00215", "Name": null, "Area": 0.022, "Zmin": 2825, "Zmax": 2924, "Zmed": 2908, "Lmax": 246, "TermType": 0 }, "geometry": { "type": "Point", "coordinates": [ 11.9565, 47.0972 ] } },
{ "type": "Feature", "properties": { "RGIId": "RGI60-11.00216", "Name": null, "Area": 0.012, "Zmin": 2758, "Zmax": 2886, "Zmed": 2819, "Lmax": 125, "TermType": 0 }, "geometry": { "type": "Point", "coordinates": [ 12.0791, 47.0936 ] } },
{ "type": "Feature", "properties": { "RGIId": "RGI60-11.00217", "Name": null, "Area": 0.04, "Zmin": 2917, "Zmax": 3003, "Zmed": 2957, "Lmax": 214, "TermType": 0 }, "geometry": { "type": "Point", "coordinates": [ 12.5822, 47.0777 ] } },
{ "type": "Feature", "properties": { "RGIId": "RGI60-11.00218", "Name": null, "Area": 0.239, "Zmin": 2749, "Zmax": 2990, "Zmed": 2904, "Lmax": 466, "TermType": 0 }, "geometry": { "type": "Point", "coordinates": [ 11.9592, 47.0925 ] } },
{ "type": "Feature", "properties": { "RGIId": "RGI60-11.00219", "Name": null, "Area": 0.018, "Zmin": 2647, "Zmax": 2728, "Zmed": 2695, "Lmax": 127, "TermType": 0 }, "geometry": { "type": "Point", "coordinates": [ 12.2004, 47.0884 ] } },
{ "type": "Feature", "properties": { "RGIId": "RGI60-11.00220", "Name": null, "Area": 1.262, "Zmin": 2672, "Zmax": 3335, "Zmed": 3058, "Lmax": 1313, "TermType": 0 }, "geometry": { "type": "Point", "coordinates": [ 12.2764, 47.0775 ] } },
{ "type": "Feature", "properties": { "RGIId": "RGI60-11.00221", "Name": null, "Area": 0.406, "Zmin": 2664, "Zmax": 3156, "Zmed": 2935, "Lmax": 889, "TermType": 0 }, "geometry": { "type": "Point", "coordinates": [ 11.0277, 47.1102 ] } },
{ "type": "Feature", "properties": { "RGIId": "RGI60-11.00222", "Name": null, "Area": 0.03, "Zmin": 2704, "Zmax": 2770, "Zmed": 2747, "Lmax": 177, "TermType": 0 }, "geometry": { "type": "Point", "coordinates": [ 12.1312, 47.089 ] } },
{ "type": "Feature", "properties": { "RGIId": "RGI60-11.00223", "Name": null, "Area": 0.892, "Zmin": 2869, "Zmax": 3584, "Zmed": 3051, "Lmax": 1803, "TermType": 0 }, "geometry": { "type": "Point", "coordinates": [ 12.6932, 47.0652 ] } },
{ "type": "Feature", "properties": { "RGIId": "RGI60-11.00224", "Name": null, "Area": 0.115, "Zmin": 2663, "Zmax": 2955, "Zmed": 2807, "Lmax": 375, "TermType": 0 }, "geometry": { "type": "Point", "coordinates": [ 12.0849, 47.0879 ] } },
{ "type": "Feature", "properties": { "RGIId": "RGI60-11.00225", "Name": null, "Area": 0.073, "Zmin": 3012, "Zmax": 3135, "Zmed": 3098, "Lmax": 280, "TermType": 0 }, "geometry": { "type": "Point", "coordinates": [ 11.0642, 47.1123 ] } },
{ "type": "Feature", "properties": { "RGIId": "RGI60-11.00226", "Name": null, "Area": 0.112, "Zmin": 2272, "Zmax": 2583, "Zmed": 2388, "Lmax": 571, "TermType": 0 }, "geometry": { "type": "Point", "coordinates": [ 12.9516, 47.0615 ] } },
{ "type": "Feature", "properties": { "RGIId": "RGI60-11.00227", "Name": null, "Area": 0.535, "Zmin": 2850, "Zmax": 3221, "Zmed": 3011, "Lmax": 918, "TermType": 0 }, "geometry": { "type": "Point", "coordinates": [ 12.3115, 47.0779 ] } },
{ "type": "Feature", "properties": { "RGIId": "RGI60-11.00228", "Name": null, "Area": 0.017, "Zmin": 2774, "Zmax": 2854, "Zmed": 2820, "Lmax": 125, "TermType": 0 }, "geometry": { "type": "Point", "coordinates": [ 12.9433, 47.0627 ] } },
{ "type": "Feature", "properties": { "RGIId": "RGI60-11.00229", "Name": null, "Area": 0.176, "Zmin": 2558, "Zmax": 2932, "Zmed": 2834, "Lmax": 720, "TermType": 0 }, "geometry": { "type": "Point", "coordinates": [ 10.3663, 47.1189 ] } },
{ "type": "Feature", "properties": { "RGIId": "RGI60-11.00230", "Name": null, "Area": 0.078, "Zmin": 2817, "Zmax": 3048, "Zmed": 2926, "Lmax": 472, "TermType": 0 }, "geometry": { "type": "Point", "coordinates": [ 11.0363, 47.1109 ] } },
{ "type": "Feature", "properties": { "RGIId": "RGI60-11.00231", "Name": null, "Area": 0.18, "Zmin": 2798, "Zmax": 3024, "Zmed": 2928, "Lmax": 532, "TermType": 0 }, "geometry": { "type": "Point", "coordinates": [ 12.5819, 47.0726 ] } },
{ "type": "Feature", "properties": { "RGIId": "RGI60-11.00232", "Name": null, "Area": 0.018, "Zmin": 3056, "Zmax": 3162, "Zmed": 3112, "Lmax": 125, "TermType": 0 }, "geometry": { "type": "Point", "coordinates": [ 13.2504, 47.051 ] } },
{ "type": "Feature", "properties": { "RGIId": "RGI60-11.00233", "Name": null, "Area": 2.114, "Zmin": 2292, "Zmax": 3380, "Zmed": 2751, "Lmax": 1605, "TermType": 0 }, "geometry": { "type": "Point", "coordinates": [ 12.2486, 47.0778 ] } },
{ "type": "Feature", "properties": { "RGIId": "RGI60-11.00234", "Name": null, "Area": 0.017, "Zmin": 3011, "Zmax": 3161, "Zmed": 3083, "Lmax": 202, "TermType": 0 }, "geometry": { "type": "Point", "coordinates": [ 12.3188, 47.081 ] } },
{ "type": "Feature", "properties": { "RGIId": "RGI60-11.00235", "Name": null, "Area": 0.075, "Zmin": 2681, "Zmax": 2908, "Zmed": 2805, "Lmax": 382, "TermType": 0 }, "geometry": { "type": "Point", "coordinates": [ 11.0558, 47.1092 ] } },
{ "type": "Feature", "properties": { "RGIId": "RGI60-11.00236", "Name": null, "Area": 0.022, "Zmin": 2782, "Zmax": 2944, "Zmed": 2865, "Lmax": 255, "TermType": 0 }, "geometry": { "type": "Point", "coordinates": [ 12.324, 47.0807 ] } },
{ "type": "Feature", "properties": { "RGIId": "RGI60-11.00237", "Name": null, "Area": 0.203, "Zmin": 2694, "Zmax": 2860, "Zmed": 2779, "Lmax": 567, "TermType": 0 }, "geometry": { "type": "Point", "coordinates": [ 11.0453, 47.1078 ] } },
{ "type": "Feature", "properties": { "RGIId": "RGI60-11.00238", "Name": null, "Area": 0.028, "Zmin": 3019, "Zmax": 3174, "Zmed": 3111, "Lmax": 250, "TermType": 0 }, "geometry": { "type": "Point", "coordinates": [ 12.7186, 47.0669 ] } },
{ "type": "Feature", "properties": { "RGIId": "RGI60-11.00239", "Name": null, "Area": 0.28, "Zmin": 2688, "Zmax": 3061, "Zmed": 2873, "Lmax": 851, "TermType": 0 }, "geometry": { "type": "Point", "coordinates": [ 10.3766, 47.1171 ] } },
{ "type": "Feature", "properties": { "RGIId": "RGI60-11.00240", "Name": null, "Area": 0.021, "Zmin": 2471, "Zmax": 2585, "Zmed": 2529, "Lmax": 127, "TermType": 0 }, "geometry": { "type": "Point", "coordinates": [ 12.9555, 47.0586 ] } },
{ "type": "Feature", "properties": { "RGIId": "RGI60-11.00241", "Name": null, "Area": 0.014, "Zmin": 3091, "Zmax": 3189, "Zmed": 3132, "Lmax": 112, "TermType": 0 }, "geometry": { "type": "Point", "coordinates": [ 12.7059, 47.0668 ] } },
{ "type": "Feature", "properties": { "RGIId": "RGI60-11.00242", "Name": null, "Area": 0.091, "Zmin": 2857, "Zmax": 3018, "Zmed": 2955, "Lmax": 358, "TermType": 0 }, "geometry": { "type": "Point", "coordinates": [ 13.329, 47.0418 ] } },
{ "type": "Feature", "properties": { "RGIId": "RGI60-11.00243", "Name": null, "Area": 0.029, "Zmin": 2858, "Zmax": 2991, "Zmed": 2916, "Lmax": 251, "TermType": 0 }, "geometry": { "type": "Point", "coordinates": [ 12.727, 47.0655 ] } },
{ "type": "Feature", "properties": { "RGIId": "RGI60-11.00244", "Name": null, "Area": 0.29, "Zmin": 3034, "Zmax": 3233, "Zmed": 3117, "Lmax": 677, "TermType": 0 }, "geometry": { "type": "Point", "coordinates": [ 12.3923, 47.0732 ] } },
{ "type": "Feature", "properties": { "RGIId": "RGI60-11.00245", "Name": null, "Area": 0.642, "Zmin": 2841, "Zmax": 3235, "Zmed": 3046, "Lmax": 1351, "TermType": 0 }, "geometry": { "type": "Point", "coordinates": [ 11.0176, 47.1047 ] } },
{ "type": "Feature", "properties": { "RGIId": "RGI60-11.00246", "Name": null, "Area": 0.503, "Zmin": 2791, "Zmax": 3121, "Zmed": 2955, "Lmax": 966, "TermType": 0 }, "geometry": { "type": "Point", "coordinates": [ 12.5872, 47.0643 ] } },
{ "type": "Feature", "properties": { "RGIId": "RGI60-11.00247", "Name": null, "Area": 0.148, "Zmin": 2911, "Zmax": 3103, "Zmed": 2995, "Lmax": 372, "TermType": 0 }, "geometry": { "type": "Point", "coordinates": [ 12.7008, 47.0636 ] } },
{ "type": "Feature", "properties": { "RGIId": "RGI60-11.00248", "Name": null, "Area": 0.317, "Zmin": 2588, "Zmax": 3040, "Zmed": 2753, "Lmax": 848, "TermType": 0 }, "geometry": { "type": "Point", "coordinates": [ 12.0932, 47.0814 ] } },
{ "type": "Feature", "properties": { "RGIId": "RGI60-11.00249", "Name": null, "Area": 0.039, "Zmin": 2601, "Zmax": 2827, "Zmed": 2703, "Lmax": 226, "TermType": 0 }, "geometry": { "type": "Point", "coordinates": [ 12.9604, 47.0563 ] } },
{ "type": "Feature", "properties": { "RGIId": "RGI60-11.00250", "Name": null, "Area": 0.106, "Zmin": 2951, "Zmax": 3127, "Zmed": 3032, "Lmax": 582, "TermType": 0 }, "geometry": { "type": "Point", "coordinates": [ 12.6863, 47.063 ] } },
{ "type": "Feature", "properties": { "RGIId": "RGI60-11.00251", "Name": "Kleinfleisskees", "Area": 0.796, "Zmin": 2704, "Zmax": 3032, "Zmed": 2846, "Lmax": 1346, "TermType": 0 }, "geometry": { "type": "Point", "coordinates": [ 12.9472, 47.053 ] } },
{ "type": "Feature", "properties": { "RGIId": "RGI60-11.00252", "Name": null, "Area": 0.121, "Zmin": 2889, "Zmax": 3102, "Zmed": 2994, "Lmax": 491, "TermType": 0 }, "geometry": { "type": "Point", "coordinates": [ 12.716, 47.063 ] } },
{ "type": "Feature", "properties": { "RGIId": "RGI60-11.00253", "Name": null, "Area": 0.013, "Zmin": 2927, "Zmax": 2966, "Zmed": 2951, "Lmax": 160, "TermType": 0 }, "geometry": { "type": "Point", "coordinates": [ 12.0849, 47.0831 ] } },
{ "type": "Feature", "properties": { "RGIId": "RGI60-11.00254", "Name": null, "Area": 0.28, "Zmin": 2912, "Zmax": 3236, "Zmed": 3028, "Lmax": 909, "TermType": 0 }, "geometry": { "type": "Point", "coordinates": [ 11.0289, 47.1039 ] } },
{ "type": "Feature", "properties": { "RGIId": "RGI60-11.00255", "Name": null, "Area": 0.011, "Zmin": 2893, "Zmax": 2955, "Zmed": 2931, "Lmax": 112, "TermType": 0 }, "geometry": { "type": "Point", "coordinates": [ 11.9608, 47.0857 ] } },
{ "type": "Feature", "properties": { "RGIId": "RGI60-11.00256", "Name": null, "Area": 0.074, "Zmin": 2647, "Zmax": 2904, "Zmed": 2759, "Lmax": 375, "TermType": 0 }, "geometry": { "type": "Point", "coordinates": [ 12.0301, 47.0832 ] } },
{ "type": "Feature", "properties": { "RGIId": "RGI60-11.00257", "Name": null, "Area": 0.471, "Zmin": 2761, "Zmax": 3152, "Zmed": 3002, "Lmax": 885, "TermType": 0 }, "geometry": { "type": "Point", "coordinates": [ 11.7086, 47.0874 ] } },
{ "type": "Feature", "properties": { "RGIId": "RGI60-11.00258", "Name": null, "Area": 0.292, "Zmin": 2535, "Zmax": 2983, "Zmed": 2761, "Lmax": 872, "TermType": 0 }, "geometry": { "type": "Point", "coordinates": [ 11.9652, 47.082 ] } },
{ "type": "Feature", "properties": { "RGIId": "RGI60-11.00259", "Name": null, "Area": 0.019, "Zmin": 2704, "Zmax": 2892, "Zmed": 2802, "Lmax": 146, "TermType": 0 }, "geometry": { "type": "Point", "coordinates": [ 12.231, 47.0777 ] } },
{ "type": "Feature", "properties": { "RGIId": "RGI60-11.00260", "Name": null, "Area": 0.015, "Zmin": 2935, "Zmax": 2993, "Zmed": 2958, "Lmax": 112, "TermType": 0 }, "geometry": { "type": "Point", "coordinates": [ 12.7269, 47.0628 ] } },
{ "type": "Feature", "properties": { "RGIId": "RGI60-11.00261", "Name": null, "Area": 0.02, "Zmin": 2802, "Zmax": 2894, "Zmed": 2842, "Lmax": 177, "TermType": 0 }, "geometry": { "type": "Point", "coordinates": [ 13.3333, 47.0413 ] } },
{ "type": "Feature", "properties": { "RGIId": "RGI60-11.00264", "Name": null, "Area": 1.64, "Zmin": 2440, "Zmax": 3421, "Zmed": 2989, "Lmax": 2146, "TermType": 0 }, "geometry": { "type": "Point", "coordinates": [ 12.2671, 47.0666 ] } },
{ "type": "Feature", "properties": { "RGIId": "RGI60-11.00265", "Name": null, "Area": 0.036, "Zmin": 2864, "Zmax": 3018, "Zmed": 2926, "Lmax": 250, "TermType": 0 }, "geometry": { "type": "Point", "coordinates": [ 12.5781, 47.0654 ] } },
{ "type": "Feature", "properties": { "RGIId": "RGI60-11.00266", "Name": null, "Area": 0.015, "Zmin": 2864, "Zmax": 2973, "Zmed": 2916, "Lmax": 127, "TermType": 0 }, "geometry": { "type": "Point", "coordinates": [ 10.3689, 47.1128 ] } },
{ "type": "Feature", "properties": { "RGIId": "RGI60-11.00267", "Name": null, "Area": 0.242, "Zmin": 2839, "Zmax": 3052, "Zmed": 2947, "Lmax": 552, "TermType": 0 }, "geometry": { "type": "Point", "coordinates": [ 12.9568, 47.0502 ] } },
{ "type": "Feature", "properties": { "RGIId": "RGI60-11.00268", "Name": null, "Area": 0.283, "Zmin": 2787, "Zmax": 3166, "Zmed": 2994, "Lmax": 809, "TermType": 0 }, "geometry": { "type": "Point", "coordinates": [ 12.7315, 47.0583 ] } },
{ "type": "Feature", "properties": { "RGIId": "RGI60-11.00269", "Name": null, "Area": 0.069, "Zmin": 2801, "Zmax": 2899, "Zmed": 2845, "Lmax": 280, "TermType": 0 }, "geometry": { "type": "Point", "coordinates": [ 13.3264, 47.0374 ] } },
{ "type": "Feature", "properties": { "RGIId": "RGI60-11.00270", "Name": null, "Area": 0.083, "Zmin": 2685, "Zmax": 2987, "Zmed": 2846, "Lmax": 525, "TermType": 0 }, "geometry": { "type": "Point", "coordinates": [ 11.0627, 47.0999 ] } },
{ "type": "Feature", "properties": { "RGIId": "RGI60-11.00271", "Name": null, "Area": 0.179, "Zmin": 2825, "Zmax": 3077, "Zmed": 2963, "Lmax": 808, "TermType": 0 }, "geometry": { "type": "Point", "coordinates": [ 12.5765, 47.062 ] } },
{ "type": "Feature", "properties": { "RGIId": "RGI60-11.00272", "Name": null, "Area": 0.026, "Zmin": 2790, "Zmax": 2952, "Zmed": 2840, "Lmax": 255, "TermType": 0 }, "geometry": { "type": "Point", "coordinates": [ 11.0705, 47.1007 ] } },
{ "type": "Feature", "properties": { "RGIId": "RGI60-11.00273", "Name": null, "Area": 0.045, "Zmin": 2722, "Zmax": 2901, "Zmed": 2780, "Lmax": 214, "TermType": 0 }, "geometry": { "type": "Point", "coordinates": [ 11.0768, 47.0996 ] } },
{ "type": "Feature", "properties": { "RGIId": "RGI60-11.00274", "Name": null, "Area": 0.069, "Zmin": 3110, "Zmax": 3352, "Zmed": 3225, "Lmax": 236, "TermType": 0 }, "geometry": { "type": "Point", "coordinates": [ 12.2354, 47.0718 ] } },
{ "type": "Feature", "properties": { "RGIId": "RGI60-11.00275", "Name": null, "Area": 0.011, "Zmin": 2883, "Zmax": 2967, "Zmed": 2927, "Lmax": 106, "TermType": 0 }, "geometry": { "type": "Point", "coordinates": [ 12.0343, 47.0781 ] } },
{ "type": "Feature", "properties": { "RGIId": "RGI60-11.00276", "Name": null, "Area": 0.041, "Zmin": 2732, "Zmax": 2874, "Zmed": 2795, "Lmax": 276, "TermType": 0 }, "geometry": { "type": "Point", "coordinates": [ 12.7429, 47.0568 ] } },
{ "type": "Feature", "properties": { "RGIId": "RGI60-11.00277", "Name": null, "Area": 0.03, "Zmin": 2649, "Zmax": 2750, "Zmed": 2722, "Lmax": 180, "TermType": 0 }, "geometry": { "type": "Point", "coordinates": [ 13.0027, 47.0478 ] } },
{ "type": "Feature", "properties": { "RGIId": "RGI60-11.00278", "Name": null, "Area": 4.254, "Zmin": 2458, "Zmax": 3398, "Zmed": 3006, "Lmax": 3722, "TermType": 0 }, "geometry": { "type": "Point", "coordinates": [ 12.2454, 47.0574 ] } },
{ "type": "Feature", "properties": { "RGIId": "RGI60-11.00279", "Name": null, "Area": 0.079, "Zmin": 2591, "Zmax": 2891, "Zmed": 2694, "Lmax": 302, "TermType": 0 }, "geometry": { "type": "Point", "coordinates": [ 11.9681, 47.0784 ] } },
{ "type": "Feature", "properties": { "RGIId": "RGI60-11.00280", "Name": null, "Area": 0.144, "Zmin": 2909, "Zmax": 3116, "Zmed": 2979, "Lmax": 627, "TermType": 0 }, "geometry": { "type": "Point", "coordinates": [ 12.4043, 47.0634 ] } },
{ "type": "Feature", "properties": { "RGIId": "RGI60-11.00281", "Name": null, "Area": 0.078, "Zmin": 2642, "Zmax": 2699, "Zmed": 2657, "Lmax": 200, "TermType": 0 }, "geometry": { "type": "Point", "coordinates": [ 12.9623, 47.0464 ] } },
{ "type": "Feature", "properties": { "RGIId": "RGI60-11.00282", "Name": null, "Area": 0.019, "Zmin": 2901, "Zmax": 2957, "Zmed": 2923, "Lmax": 135, "TermType": 0 }, "geometry": { "type": "Point", "coordinates": [ 13.3297, 47.034 ] } },
{ "type": "Feature", "properties": { "RGIId": "RGI60-11.00283", "Name": null, "Area": 0.15, "Zmin": 2856, "Zmax": 3091, "Zmed": 2985, "Lmax": 426, "TermType": 0 }, "geometry": { "type": "Point", "coordinates": [ 13.0181, 47.0434 ] } },
{ "type": "Feature", "properties": { "RGIId": "RGI60-11.00284", "Name": null, "Area": 0.093, "Zmin": 3165, "Zmax": 3447, "Zmed": 3339, "Lmax": 426, "TermType": 0 }, "geometry": { "type": "Point", "coordinates": [ 12.2374, 47.0677 ] } },
{ "type": "Feature", "properties": { "RGIId": "RGI60-11.00285", "Name": null, "Area": 0.176, "Zmin": 2967, "Zmax": 3192, "Zmed": 3093, "Lmax": 518, "TermType": 0 }, "geometry": { "type": "Point", "coordinates": [ 11.1183, 47.0938 ] } },
{ "type": "Feature", "properties": { "RGIId": "RGI60-11.00287", "Name": null, "Area": 0.026, "Zmin": 2897, "Zmax": 3042, "Zmed": 2990, "Lmax": 400, "TermType": 0 }, "geometry": { "type": "Point", "coordinates": [ 12.4104, 47.0636 ] } },
{ "type": "Feature", "properties": { "RGIId": "RGI60-11.00288", "Name": null, "Area": 0.083, "Zmin": 3031, "Zmax": 3172, "Zmed": 3109, "Lmax": 460, "TermType": 0 }, "geometry": { "type": "Point", "coordinates": [ 11.0764, 47.0936 ] } },
{ "type": "Feature", "properties": { "RGIId": "RGI60-11.00289", "Name": "Goldbergkees", "Area": 0.635, "Zmin": 2379, "Zmax": 2755, "Zmed": 2647, "Lmax": 1220, "TermType": 0 }, "geometry": { "type": "Point", "coordinates": [ 12.9702, 47.0421 ] } },
{ "type": "Feature", "properties": { "RGIId": "RGI60-11.00290", "Name": null, "Area": 0.139, "Zmin": 2531, "Zmax": 2731, "Zmed": 2593, "Lmax": 504, "TermType": 0 }, "geometry": { "type": "Point", "coordinates": [ 13.2716, 47.0323 ] } },
{ "type": "Feature", "properties": { "RGIId": "RGI60-11.00291", "Name": null, "Area": 1.566, "Zmin": 2510, "Zmax": 3096, "Zmed": 2798, "Lmax": 1075, "TermType": 0 }, "geometry": { "type": "Point", "coordinates": [ 13.3143, 47.0259 ] } },
{ "type": "Feature", "properties": { "RGIId": "RGI60-11.00292", "Name": null, "Area": 0.014, "Zmin": 2855, "Zmax": 2928, "Zmed": 2905, "Lmax": 125, "TermType": 0 }, "geometry": { "type": "Point", "coordinates": [ 12.0367, 47.0728 ] } },
{ "type": "Feature", "properties": { "RGIId": "RGI60-11.00293", "Name": null, "Area": 0.108, "Zmin": 2562, "Zmax": 2855, "Zmed": 2745, "Lmax": 620, "TermType": 0 }, "geometry": { "type": "Point", "coordinates": [ 11.9744, 47.0723 ] } },
{ "type": "Feature", "properties": { "RGIId": "RGI60-11.00294", "Name": null, "Area": 0.083, "Zmin": 2817, "Zmax": 3011, "Zmed": 2907, "Lmax": 376, "TermType": 0 }, "geometry": { "type": "Point", "coordinates": [ 11.6978, 47.0801 ] } },
{ "type": "Feature", "properties": { "RGIId": "RGI60-11.00295", "Name": null, "Area": 3.25, "Zmin": 2667, "Zmax": 3257, "Zmed": 3009, "Lmax": 3184, "TermType": 0 }, "geometry": { "type": "Point", "coordinates": [ 11.1193, 47.0827 ] } },
{ "type": "Feature", "properties": { "RGIId": "RGI60-11.00296", "Name": null, "Area": 0.039, "Zmin": 2738, "Zmax": 2909, "Zmed": 2797, "Lmax": 269, "TermType": 0 }, "geometry": { "type": "Point", "coordinates": [ 12.0393, 47.071 ] } },
{ "type": "Feature", "properties": { "RGIId": "RGI60-11.00297", "Name": null, "Area": 0.06, "Zmin": 2850, "Zmax": 3034, "Zmed": 2939, "Lmax": 276, "TermType": 0 }, "geometry": { "type": "Point", "coordinates": [ 13.0144, 47.0407 ] } },
{ "type": "Feature", "properties": { "RGIId": "RGI60-11.00299", "Name": null, "Area": 0.013, "Zmin": 3035, "Zmax": 3085, "Zmed": 3067, "Lmax": 125, "TermType": 0 }, "geometry": { "type": "Point", "coordinates": [ 13.0185, 47.0404 ] } },
{ "type": "Feature", "properties": { "RGIId": "RGI60-11.00300", "Name": "Wurtenkees", "Area": 0.209, "Zmin": 2526, "Zmax": 2729, "Zmed": 2616, "Lmax": 673, "TermType": 0 }, "geometry": { "type": "Point", "coordinates": [ 13.0049, 47.0385 ] } },
{ "type": "Feature", "properties": { "RGIId": "RGI60-11.00301", "Name": null, "Area": 0.469, "Zmin": 2884, "Zmax": 3214, "Zmed": 3033, "Lmax": 770, "TermType": 0 }, "geometry": { "type": "Point", "coordinates": [ 12.2303, 47.0607 ] } },
{ "type": "Feature", "properties": { "RGIId": "RGI60-11.00302", "Name": null, "Area": 0.038, "Zmin": 2571, "Zmax": 2803, "Zmed": 2686, "Lmax": 340, "TermType": 0 }, "geometry": { "type": "Point", "coordinates": [ 11.9788, 47.0706 ] } },
{ "type": "Feature", "properties": { "RGIId": "RGI60-11.00303", "Name": null, "Area": 2.331, "Zmin": 2525, "Zmax": 3296, "Zmed": 2905, "Lmax": 2310, "TermType": 0 }, "geometry": { "type": "Point", "coordinates": [ 13.3338, 47.0199 ] } },
{ "type": "Feature", "properties": { "RGIId": "RGI60-11.00305", "Name": null, "Area": 0.192, "Zmin": 2771, "Zmax": 3080, "Zmed": 2934, "Lmax": 863, "TermType": 0 }, "geometry": { "type": "Point", "coordinates": [ 12.4115, 47.0571 ] } },
{ "type": "Feature", "properties": { "RGIId": "RGI60-11.00306", "Name": null, "Area": 0.191, "Zmin": 2776, "Zmax": 3015, "Zmed": 2866, "Lmax": 727, "TermType": 0 }, "geometry": { "type": "Point", "coordinates": [ 13.0165, 47.0348 ] } },
{ "type": "Feature", "properties": { "RGIId": "RGI60-11.00307", "Name": null, "Area": 0.033, "Zmin": 2663, "Zmax": 2761, "Zmed": 2724, "Lmax": 309, "TermType": 0 }, "geometry": { "type": "Point", "coordinates": [ 13.2792, 47.0268 ] } },
{ "type": "Feature", "properties": { "RGIId": "RGI60-11.00308", "Name": null, "Area": 0.24, "Zmin": 2755, "Zmax": 3046, "Zmed": 2864, "Lmax": 777, "TermType": 0 }, "geometry": { "type": "Point", "coordinates": [ 12.0426, 47.0647 ] } },
{ "type": "Feature", "properties": { "RGIId": "RGI60-11.00309", "Name": null, "Area": 0.05, "Zmin": 2971, "Zmax": 3211, "Zmed": 3114, "Lmax": 257, "TermType": 0 }, "geometry": { "type": "Point", "coordinates": [ 12.2612, 47.0603 ] } },
{ "type": "Feature", "properties": { "RGIId": "RGI60-11.00310", "Name": null, "Area": 0.025, "Zmin": 2574, "Zmax": 2682, "Zmed": 2631, "Lmax": 255, "TermType": 0 }, "geometry": { "type": "Point", "coordinates": [ 12.9779, 47.0373 ] } },
{ "type": "Feature", "properties": { "RGIId": "RGI60-11.00311", "Name": null, "Area": 3.69, "Zmin": 2597, "Zmax": 3266, "Zmed": 2973, "Lmax": 2746, "TermType": 0 }, "geometry": { "type": "Point", "coordinates": [ 11.6636, 47.0654 ] } },
{ "type": "Feature", "properties": { "RGIId": "RGI60-11.00312", "Name": null, "Area": 0.443, "Zmin": 2632, "Zmax": 3154, "Zmed": 2895, "Lmax": 903, "TermType": 0 }, "geometry": { "type": "Point", "coordinates": [ 11.9778, 47.0635 ] } },
{ "type": "Feature", "properties": { "RGIId": "RGI60-11.00313", "Name": null, "Area": 0.229, "Zmin": 2627, "Zmax": 2912, "Zmed": 2761, "Lmax": 467, "TermType": 0 }, "geometry": { "type": "Point", "coordinates": [ 11.6831, 47.0718 ] } },
{ "type": "Feature", "properties": { "RGIId": "RGI60-11.00314", "Name": null, "Area": 0.014, "Zmin": 3054, "Zmax": 3168, "Zmed": 3112, "Lmax": 125, "TermType": 0 }, "geometry": { "type": "Point", "coordinates": [ 12.2606, 47.0583 ] } },
{ "type": "Feature", "properties": { "RGIId": "RGI60-11.00315", "Name": null, "Area": 0.044, "Zmin": 2851, "Zmax": 3020, "Zmed": 2939, "Lmax": 257, "TermType": 0 }, "geometry": { "type": "Point", "coordinates": [ 10.8816, 47.0876 ] } },
{ "type": "Feature", "properties": { "RGIId": "RGI60-11.00316", "Name": null, "Area": 0.108, "Zmin": 2856, "Zmax": 3067, "Zmed": 2986, "Lmax": 451, "TermType": 0 }, "geometry": { "type": "Point", "coordinates": [ 12.417, 47.0518 ] } },
{ "type": "Feature", "properties": { "RGIId": "RGI60-11.00318", "Name": null, "Area": 0.013, "Zmin": 2718, "Zmax": 2754, "Zmed": 2736, "Lmax": 146, "TermType": 0 }, "geometry": { "type": "Point", "coordinates": [ 13.0113, 47.0331 ] } },
{ "type": "Feature", "properties": { "RGIId": "RGI60-11.00319", "Name": null, "Area": 0.052, "Zmin": 3053, "Zmax": 3150, "Zmed": 3099, "Lmax": 280, "TermType": 0 }, "geometry": { "type": "Point", "coordinates": [ 12.4099, 47.051 ] } },
{ "type": "Feature", "properties": { "RGIId": "RGI60-11.00320", "Name": null, "Area": 0.062, "Zmin": 2772, "Zmax": 2873, "Zmed": 2807, "Lmax": 285, "TermType": 0 }, "geometry": { "type": "Point", "coordinates": [ 13.0244, 47.0309 ] } },
{ "type": "Feature", "properties": { "RGIId": "RGI60-11.00321", "Name": null, "Area": 0.014, "Zmin": 3012, "Zmax": 3066, "Zmed": 3046, "Lmax": 127, "TermType": 0 }, "geometry": { "type": "Point", "coordinates": [ 12.0383, 47.0621 ] } },
{ "type": "Feature", "properties": { "RGIId": "RGI60-11.00322", "Name": null, "Area": 0.315, "Zmin": 2653, "Zmax": 3085, "Zmed": 2880, "Lmax": 949, "TermType": 0 }, "geometry": { "type": "Point", "coordinates": [ 12.2646, 47.0537 ] } },
{ "type": "Feature", "properties": { "RGIId": "RGI60-11.00323", "Name": null, "Area": 0.631, "Zmin": 2610, "Zmax": 3151, "Zmed": 2862, "Lmax": 1649, "TermType": 0 }, "geometry": { "type": "Point", "coordinates": [ 11.0941, 47.0753 ] } },
{ "type": "Feature", "properties": { "RGIId": "RGI60-11.00324", "Name": null, "Area": 0.011, "Zmin": 2814, "Zmax": 2885, "Zmed": 2857, "Lmax": 135, "TermType": 0 }, "geometry": { "type": "Point", "coordinates": [ 13.0327, 47.0299 ] } },
{ "type": "Feature", "properties": { "RGIId": "RGI60-11.00325", "Name": null, "Area": 1.721, "Zmin": 2653, "Zmax": 3093, "Zmed": 2867, "Lmax": 2250, "TermType": 0 }, "geometry": { "type": "Point", "coordinates": [ 11.0745, 47.0723 ] } },
{ "type": "Feature", "properties": { "RGIId": "RGI60-11.00326", "Name": null, "Area": 0.449, "Zmin": 2537, "Zmax": 3115, "Zmed": 2811, "Lmax": 1139, "TermType": 0 }, "geometry": { "type": "Point", "coordinates": [ 13.3109, 47.0162 ] } },
{ "type": "Feature", "properties": { "RGIId": "RGI60-11.00327", "Name": null, "Area": 0.03, "Zmin": 3081, "Zmax": 3147, "Zmed": 3115, "Lmax": 226, "TermType": 0 }, "geometry": { "type": "Point", "coordinates": [ 11.6802, 47.0678 ] } },
{ "type": "Feature", "properties": { "RGIId": "RGI60-11.00328", "Name": null, "Area": 0.107, "Zmin": 2703, "Zmax": 3039, "Zmed": 2846, "Lmax": 471, "TermType": 0 }, "geometry": { "type": "Point", "coordinates": [ 11.9807, 47.0584 ] } },
{ "type": "Feature", "properties": { "RGIId": "RGI60-11.00329", "Name": null, "Area": 0.013, "Zmin": 3012, "Zmax": 3131, "Zmed": 3089, "Lmax": 152, "TermType": 0 }, "geometry": { "type": "Point", "coordinates": [ 11.9722, 47.0601 ] } },
{ "type": "Feature", "properties": { "RGIId": "RGI60-11.00330", "Name": null, "Area": 0.022, "Zmin": 2567, "Zmax": 2646, "Zmed": 2601, "Lmax": 202, "TermType": 0 }, "geometry": { "type": "Point", "coordinates": [ 10.1387, 47.0922 ] } },
{ "type": "Feature", "properties": { "RGIId": "RGI60-11.00331", "Name": null, "Area": 0.123, "Zmin": 2761, "Zmax": 2917, "Zmed": 2810, "Lmax": 432, "TermType": 0 }, "geometry": { "type": "Point", "coordinates": [ 10.8875, 47.0806 ] } },
{ "type": "Feature", "properties": { "RGIId": "RGI60-11.00332", "Name": null, "Area": 0.063, "Zmin": 2841, "Zmax": 3050, "Zmed": 2946, "Lmax": 404, "TermType": 0 }, "geometry": { "type": "Point", "coordinates": [ 11.0864, 47.0767 ] } },
{ "type": "Feature", "properties": { "RGIId": "RGI60-11.00333", "Name": null, "Area": 0.019, "Zmin": 2731, "Zmax": 2836, "Zmed": 2799, "Lmax": 225, "TermType": 0 }, "geometry": { "type": "Point", "coordinates": [ 11.0658, 47.0773 ] } },
{ "type": "Feature", "properties": { "RGIId": "RGI60-11.00334", "Name": null, "Area": 0.014, "Zmin": 2709, "Zmax": 2792, "Zmed": 2752, "Lmax": 125, "TermType": 0 }, "geometry": { "type": "Point", "coordinates": [ 11.9839, 47.0572 ] } },
{ "type": "Feature", "properties": { "RGIId": "RGI60-11.00335", "Name": null, "Area": 0.314, "Zmin": 2873, "Zmax": 3217, "Zmed": 3081, "Lmax": 722, "TermType": 0 }, "geometry": { "type": "Point", "coordinates": [ 13.321, 47.0122 ] } },
{ "type": "Feature", "properties": { "RGIId": "RGI60-11.00336", "Name": null, "Area": 0.061, "Zmin": 2358, "Zmax": 2451, "Zmed": 2380, "Lmax": 364, "TermType": 0 }, "geometry": { "type": "Point", "coordinates": [ 10.1503, 47.0886 ] } },
{ "type": "Feature", "properties": { "RGIId": "RGI60-11.00337", "Name": null, "Area": 0.041, "Zmin": 2734, "Zmax": 2923, "Zmed": 2834, "Lmax": 190, "TermType": 0 }, "geometry": { "type": "Point", "coordinates": [ 11.0633, 47.0762 ] } },
{ "type": "Feature", "properties": { "RGIId": "RGI60-11.00338", "Name": null, "Area": 0.64, "Zmin": 2496, "Zmax": 3141, "Zmed": 2890, "Lmax": 1111, "TermType": 0 }, "geometry": { "type": "Point", "coordinates": [ 11.9867, 47.0521 ] } },
{ "type": "Feature", "properties": { "RGIId": "RGI60-11.00339", "Name": null, "Area": 0.048, "Zmin": 2681, "Zmax": 2833, "Zmed": 2791, "Lmax": 269, "TermType": 0 }, "geometry": { "type": "Point", "coordinates": [ 10.1385, 47.0881 ] } },
{ "type": "Feature", "properties": { "RGIId": "RGI60-11.00340", "Name": null, "Area": 0.214, "Zmin": 2844, "Zmax": 3067, "Zmed": 2969, "Lmax": 567, "TermType": 0 }, "geometry": { "type": "Point", "coordinates": [ 11.0592, 47.0722 ] } },
{ "type": "Feature", "properties": { "RGIId": "RGI60-11.00341", "Name": null, "Area": 0.139, "Zmin": 2787, "Zmax": 3113, "Zmed": 2941, "Lmax": 632, "TermType": 0 }, "geometry": { "type": "Point", "coordinates": [ 12.2647, 47.0453 ] } },
{ "type": "Feature", "properties": { "RGIId": "RGI60-11.00342", "Name": null, "Area": 0.225, "Zmin": 2582, "Zmax": 3064, "Zmed": 2884, "Lmax": 1132, "TermType": 0 }, "geometry": { "type": "Point", "coordinates": [ 11.9743, 47.0528 ] } },
{ "type": "Feature", "properties": { "RGIId": "RGI60-11.00343", "Name": null, "Area": 0.8, "Zmin": 2663, "Zmax": 3262, "Zmed": 3117, "Lmax": 1660, "TermType": 0 }, "geometry": { "type": "Point", "coordinates": [ 11.1165, 47.0679 ] } },
{ "type": "Feature", "properties": { "RGIId": "RGI60-11.00344", "Name": null, "Area": 0.025, "Zmin": 2638, "Zmax": 2761, "Zmed": 2710, "Lmax": 236, "TermType": 0 }, "geometry": { "type": "Point", "coordinates": [ 10.1423, 47.086 ] } },
{ "type": "Feature", "properties": { "RGIId": "RGI60-11.00345", "Name": null, "Area": 0.799, "Zmin": 2632, "Zmax": 3285, "Zmed": 3026, "Lmax": 1902, "TermType": 0 }, "geometry": { "type": "Point", "coordinates": [ 12.2662, 47.0392 ] } },
{ "type": "Feature", "properties": { "RGIId": "RGI60-11.00346", "Name": null, "Area": 0.014, "Zmin": 2692, "Zmax": 2762, "Zmed": 2728, "Lmax": 125, "TermType": 0 }, "geometry": { "type": "Point", "coordinates": [ 10.1356, 47.0859 ] } },
{ "type": "Feature", "properties": { "RGIId": "RGI60-11.00347", "Name": null, "Area": 0.014, "Zmin": 2575, "Zmax": 2674, "Zmed": 2605, "Lmax": 146, "TermType": 0 }, "geometry": { "type": "Point", "coordinates": [ 10.3046, 47.0842 ] } },
{ "type": "Feature", "properties": { "RGIId": "RGI60-11.00348", "Name": null, "Area": 0.36, "Zmin": 2695, "Zmax": 3335, "Zmed": 2887, "Lmax": 1218, "TermType": 0 }, "geometry": { "type": "Point", "coordinates": [ 11.6507, 47.058 ] } },
{ "type": "Feature", "properties": { "RGIId": "RGI60-11.00349", "Name": null, "Area": 0.011, "Zmin": 3027, "Zmax": 3140, "Zmed": 3086, "Lmax": 125, "TermType": 0 }, "geometry": { "type": "Point", "coordinates": [ 11.1169, 47.0704 ] } },
{ "type": "Feature", "properties": { "RGIId": "RGI60-11.00350", "Name": null, "Area": 0.019, "Zmin": 2749, "Zmax": 2843, "Zmed": 2803, "Lmax": 226, "TermType": 0 }, "geometry": { "type": "Point", "coordinates": [ 12.4707, 47.0377 ] } },
{ "type": "Feature", "properties": { "RGIId": "RGI60-11.00351", "Name": null, "Area": 0.016, "Zmin": 2658, "Zmax": 2741, "Zmed": 2707, "Lmax": 146, "TermType": 0 }, "geometry": { "type": "Point", "coordinates": [ 10.1455, 47.0844 ] } },
{ "type": "Feature", "properties": { "RGIId": "RGI60-11.00352", "Name": null, "Area": 0.021, "Zmin": 2471, "Zmax": 2509, "Zmed": 2492, "Lmax": 158, "TermType": 0 }, "geometry": { "type": "Point", "coordinates": [ 10.2418, 47.0829 ] } },
{ "type": "Feature", "properties": { "RGIId": "RGI60-11.00353", "Name": null, "Area": 0.389, "Zmin": 2782, "Zmax": 3111, "Zmed": 2947, "Lmax": 775, "TermType": 0 }, "geometry": { "type": "Point", "coordinates": [ 11.6737, 47.0543 ] } },
{ "type": "Feature", "properties": { "RGIId": "RGI60-11.00354", "Name": null, "Area": 0.037, "Zmin": 2557, "Zmax": 2724, "Zmed": 2631, "Lmax": 285, "TermType": 0 }, "geometry": { "type": "Point", "coordinates": [ 10.1379, 47.0835 ] } },
{ "type": "Feature", "properties": { "RGIId": "RGI60-11.00355", "Name": null, "Area": 0.078, "Zmin": 2730, "Zmax": 2918, "Zmed": 2798, "Lmax": 466, "TermType": 0 }, "geometry": { "type": "Point", "coordinates": [ 12.2689, 47.0421 ] } },
{ "type": "Feature", "properties": { "RGIId": "RGI60-11.00356", "Name": null, "Area": 0.013, "Zmin": 2719, "Zmax": 2758, "Zmed": 2729, "Lmax": 106, "TermType": 0 }, "geometry": { "type": "Point", "coordinates": [ 10.3009, 47.08 ] } },
{ "type": "Feature", "properties": { "RGIId": "RGI60-11.00357", "Name": null, "Area": 0.211, "Zmin": 2626, "Zmax": 2903, "Zmed": 2785, "Lmax": 526, "TermType": 0 }, "geometry": { "type": "Point", "coordinates": [ 11.9059, 47.0488 ] } },
{ "type": "Feature", "properties": { "RGIId": "RGI60-11.00360", "Name": null, "Area": 0.584, "Zmin": 2694, "Zmax": 3132, "Zmed": 2927, "Lmax": 1270, "TermType": 0 }, "geometry": { "type": "Point", "coordinates": [ 11.1575, 47.0601 ] } },
{ "type": "Feature", "properties": { "RGIId": "RGI60-11.00362", "Name": null, "Area": 0.404, "Zmin": 2738, "Zmax": 3328, "Zmed": 3002, "Lmax": 1065, "TermType": 0 }, "geometry": { "type": "Point", "coordinates": [ 11.6497, 47.052 ] } },
{ "type": "Feature", "properties": { "RGIId": "RGI60-11.00363", "Name": null, "Area": 0.016, "Zmin": 3244, "Zmax": 3287, "Zmed": 3266, "Lmax": 90, "TermType": 0 }, "geometry": { "type": "Point", "coordinates": [ 11.6624, 47.0527 ] } },
{ "type": "Feature", "properties": { "RGIId": "RGI60-11.00364", "Name": null, "Area": 0.684, "Zmin": 2829, "Zmax": 3247, "Zmed": 3035, "Lmax": 1267, "TermType": 0 }, "geometry": { "type": "Point", "coordinates": [ 11.1166, 47.0595 ] } },
{ "type": "Feature", "properties": { "RGIId": "RGI60-11.00365", "Name": null, "Area": 0.052, "Zmin": 2870, "Zmax": 3050, "Zmed": 2988, "Lmax": 562, "TermType": 0 }, "geometry": { "type": "Point", "coordinates": [ 12.2558, 47.0353 ] } },
{ "type": "Feature", "properties": { "RGIId": "RGI60-11.00366", "Name": null, "Area": 0.112, "Zmin": 2967, "Zmax": 3304, "Zmed": 3091, "Lmax": 481, "TermType": 0 }, "geometry": { "type": "Point", "coordinates": [ 11.66, 47.0498 ] } },
{ "type": "Feature", "properties": { "RGIId": "RGI60-11.00367", "Name": null, "Area": 0.038, "Zmin": 3040, "Zmax": 3153, "Zmed": 3109, "Lmax": 195, "TermType": 0 }, "geometry": { "type": "Point", "coordinates": [ 12.2692, 47.0347 ] } },
{ "type": "Feature", "properties": { "RGIId": "RGI60-11.00368", "Name": null, "Area": 0.026, "Zmin": 2669, "Zmax": 2901, "Zmed": 2767, "Lmax": 230, "TermType": 0 }, "geometry": { "type": "Point", "coordinates": [ 11.8049, 47.0473 ] } },
{ "type": "Feature", "properties": { "RGIId": "RGI60-11.00369", "Name": null, "Area": 0.023, "Zmin": 2701, "Zmax": 2920, "Zmed": 2844, "Lmax": 226, "TermType": 0 }, "geometry": { "type": "Point", "coordinates": [ 11.8115, 47.0466 ] } },
{ "type": "Feature", "properties": { "RGIId": "RGI60-11.00370", "Name": null, "Area": 0.62, "Zmin": 2432, "Zmax": 3047, "Zmed": 2669, "Lmax": 767, "TermType": 0 }, "geometry": { "type": "Point", "coordinates": [ 11.9183, 47.0395 ] } },
{ "type": "Feature", "properties": { "RGIId": "RGI60-11.00371", "Name": null, "Area": 0.062, "Zmin": 3062, "Zmax": 3233, "Zmed": 3167, "Lmax": 285, "TermType": 0 }, "geometry": { "type": "Point", "coordinates": [ 11.166, 47.058 ] } },
{ "type": "Feature", "properties": { "RGIId": "RGI60-11.00372", "Name": null, "Area": 0.049, "Zmin": 2857, "Zmax": 2962, "Zmed": 2912, "Lmax": 270, "TermType": 0 }, "geometry": { "type": "Point", "coordinates": [ 11.1728, 47.0587 ] } },
{ "type": "Feature", "properties": { "RGIId": "RGI60-11.00374", "Name": null, "Area": 0.071, "Zmin": 2984, "Zmax": 3205, "Zmed": 3113, "Lmax": 304, "TermType": 0 }, "geometry": { "type": "Point", "coordinates": [ 12.2115, 47.0341 ] } },
{ "type": "Feature", "properties": { "RGIId": "RGI60-11.00375", "Name": null, "Area": 0.245, "Zmin": 2758, "Zmax": 3255, "Zmed": 2983, "Lmax": 765, "TermType": 0 }, "geometry": { "type": "Point", "coordinates": [ 11.1056, 47.0561 ] } },
{ "type": "Feature", "properties": { "RGIId": "RGI60-11.00376", "Name": null, "Area": 3.179, "Zmin": 2560, "Zmax": 3283, "Zmed": 3051, "Lmax": 3411, "TermType": 0 }, "geometry": { "type": "Point", "coordinates": [ 11.1271, 47.0445 ] } },
{ "type": "Feature", "properties": { "RGIId": "RGI60-11.00377", "Name": null, "Area": 0.157, "Zmin": 2926, "Zmax": 3224, "Zmed": 3075, "Lmax": 396, "TermType": 0 }, "geometry": { "type": "Point", "coordinates": [ 11.6538, 47.0461 ] } },
{ "type": "Feature", "properties": { "RGIId": "RGI60-11.00379", "Name": null, "Area": 0.422, "Zmin": 2762, "Zmax": 3307, "Zmed": 3065, "Lmax": 689, "TermType": 0 }, "geometry": { "type": "Point", "coordinates": [ 12.2096, 47.03 ] } },
{ "type": "Feature", "properties": { "RGIId": "RGI60-11.00380", "Name": null, "Area": 0.341, "Zmin": 2713, "Zmax": 3352, "Zmed": 2946, "Lmax": 1283, "TermType": 0 }, "geometry": { "type": "Point", "coordinates": [ 11.1495, 47.0538 ] } },
{ "type": "Feature", "properties": { "RGIId": "RGI60-11.00381", "Name": null, "Area": 0.011, "Zmin": 2815, "Zmax": 2889, "Zmed": 2858, "Lmax": 106, "TermType": 0 }, "geometry": { "type": "Point", "coordinates": [ 11.9071, 47.0397 ] } },
{ "type": "Feature", "properties": { "RGIId": "RGI60-11.00383", "Name": null, "Area": 0.024, "Zmin": 2744, "Zmax": 2848, "Zmed": 2792, "Lmax": 236, "TermType": 0 }, "geometry": { "type": "Point", "coordinates": [ 11.8489, 47.0389 ] } },
{ "type": "Feature", "properties": { "RGIId": "RGI60-11.00386", "Name": null, "Area": 0.817, "Zmin": 2726, "Zmax": 3398, "Zmed": 3019, "Lmax": 1184, "TermType": 0 }, "geometry": { "type": "Point", "coordinates": [ 12.2133, 47.0226 ] } },
{ "type": "Feature", "properties": { "RGIId": "RGI60-11.00387", "Name": null, "Area": 0.039, "Zmin": 3093, "Zmax": 3205, "Zmed": 3162, "Lmax": 225, "TermType": 0 }, "geometry": { "type": "Point", "coordinates": [ 11.1584, 47.0532 ] } },
{ "type": "Feature", "properties": { "RGIId": "RGI60-11.00389", "Name": null, "Area": 0.013, "Zmin": 2761, "Zmax": 2838, "Zmed": 2815, "Lmax": 135, "TermType": 0 }, "geometry": { "type": "Point", "coordinates": [ 11.9288, 47.0356 ] } },
{ "type": "Feature", "properties": { "RGIId": "RGI60-11.00390", "Name": null, "Area": 0.155, "Zmin": 3003, "Zmax": 3273, "Zmed": 3175, "Lmax": 514, "TermType": 0 }, "geometry": { "type": "Point", "coordinates": [ 11.1461, 47.0503 ] } },
{ "type": "Feature", "properties": { "RGIId": "RGI60-11.00391", "Name": null, "Area": 0.526, "Zmin": 2557, "Zmax": 3167, "Zmed": 2811, "Lmax": 1169, "TermType": 0 }, "geometry": { "type": "Point", "coordinates": [ 11.9011, 47.0307 ] } },
{ "type": "Feature", "properties": { "RGIId": "RGI60-11.00392", "Name": null, "Area": 1.397, "Zmin": 2760, "Zmax": 3430, "Zmed": 3103, "Lmax": 2166, "TermType": 0 }, "geometry": { "type": "Point", "coordinates": [ 11.1096, 47.0458 ] } },
{ "type": "Feature", "properties": { "RGIId": "RGI60-11.00393", "Name": null, "Area": 0.046, "Zmin": 2696, "Zmax": 2884, "Zmed": 2769, "Lmax": 236, "TermType": 0 }, "geometry": { "type": "Point", "coordinates": [ 11.2929, 47.0487 ] } },
{ "type": "Feature", "properties": { "RGIId": "RGI60-11.00394", "Name": null, "Area": 0.137, "Zmin": 2732, "Zmax": 3180, "Zmed": 2987, "Lmax": 648, "TermType": 0 }, "geometry": { "type": "Point", "coordinates": [ 11.2862, 47.0467 ] } },
{ "type": "Feature", "properties": { "RGIId": "RGI60-11.00395", "Name": null, "Area": 0.123, "Zmin": 2843, "Zmax": 3189, "Zmed": 2942, "Lmax": 659, "TermType": 0 }, "geometry": { "type": "Point", "coordinates": [ 11.1614, 47.0505 ] } },
{ "type": "Feature", "properties": { "RGIId": "RGI60-11.00396", "Name": null, "Area": 0.308, "Zmin": 2753, "Zmax": 3208, "Zmed": 2909, "Lmax": 821, "TermType": 0 }, "geometry": { "type": "Point", "coordinates": [ 11.9236, 47.0323 ] } },
{ "type": "Feature", "properties": { "RGIId": "RGI60-11.00397", "Name": null, "Area": 0.029, "Zmin": 2686, "Zmax": 2840, "Zmed": 2751, "Lmax": 365, "TermType": 0 }, "geometry": { "type": "Point", "coordinates": [ 12.1875, 47.027 ] } },
{ "type": "Feature", "properties": { "RGIId": "RGI60-11.00398", "Name": null, "Area": 0.175, "Zmin": 2831, "Zmax": 3031, "Zmed": 2914, "Lmax": 395, "TermType": 0 }, "geometry": { "type": "Point", "coordinates": [ 11.8558, 47.0342 ] } },
{ "type": "Feature", "properties": { "RGIId": "RGI60-11.00399", "Name": null, "Area": 3.029, "Zmin": 2430, "Zmax": 3311, "Zmed": 2891, "Lmax": 2366, "TermType": 0 }, "geometry": { "type": "Point", "coordinates": [ 11.878, 47.0229 ] } },
{ "type": "Feature", "properties": { "RGIId": "RGI60-11.00400", "Name": null, "Area": 0.012, "Zmin": 2601, "Zmax": 2694, "Zmed": 2647, "Lmax": 90, "TermType": 0 }, "geometry": { "type": "Point", "coordinates": [ 10.2454, 47.0636 ] } },
{ "type": "Feature", "properties": { "RGIId": "RGI60-11.00401", "Name": null, "Area": 0.015, "Zmin": 2634, "Zmax": 2723, "Zmed": 2661, "Lmax": 141, "TermType": 0 }, "geometry": { "type": "Point", "coordinates": [ 12.1526, 47.0258 ] } },
{ "type": "Feature", "properties": { "RGIId": "RGI60-11.00402", "Name": null, "Area": 0.084, "Zmin": 2685, "Zmax": 2874, "Zmed": 2782, "Lmax": 411, "TermType": 0 }, "geometry": { "type": "Point", "coordinates": [ 10.2234, 47.0611 ] } },
{ "type": "Feature", "properties": { "RGIId": "RGI60-11.00403", "Name": null, "Area": 0.025, "Zmin": 2666, "Zmax": 2784, "Zmed": 2714, "Lmax": 224, "TermType": 0 }, "geometry": { "type": "Point", "coordinates": [ 9.684, 47.0662 ] } },
{ "type": "Feature", "properties": { "RGIId": "RGI60-11.00404", "Name": null, "Area": 0.117, "Zmin": 2653, "Zmax": 2909, "Zmed": 2768, "Lmax": 526, "TermType": 0 }, "geometry": { "type": "Point", "coordinates": [ 12.1591, 47.0233 ] } },
{ "type": "Feature", "properties": { "RGIId": "RGI60-11.00405", "Name": null, "Area": 0.019, "Zmin": 3143, "Zmax": 3263, "Zmed": 3192, "Lmax": 160, "TermType": 0 }, "geometry": { "type": "Point", "coordinates": [ 11.9162, 47.0302 ] } },
{ "type": "Feature", "properties": { "RGIId": "RGI60-11.00406", "Name": null, "Area": 0.23, "Zmin": 2790, "Zmax": 3138, "Zmed": 2964, "Lmax": 817, "TermType": 0 }, "geometry": { "type": "Point", "coordinates": [ 12.2008, 47.0204 ] } },
{ "type": "Feature", "properties": { "RGIId": "RGI60-11.00407", "Name": null, "Area": 0.04, "Zmin": 2758, "Zmax": 2893, "Zmed": 2834, "Lmax": 215, "TermType": 0 }, "geometry": { "type": "Point", "coordinates": [ 12.1681, 47.0234 ] } },
{ "type": "Feature", "properties": { "RGIId": "RGI60-11.00408", "Name": null, "Area": 1.173, "Zmin": 2480, "Zmax": 2761, "Zmed": 2623, "Lmax": 1643, "TermType": 0 }, "geometry": { "type": "Point", "coordinates": [ 9.69511, 47.0592 ] } },
{ "type": "Feature", "properties": { "RGIId": "RGI60-11.00410", "Name": null, "Area": 0.017, "Zmin": 3121, "Zmax": 3187, "Zmed": 3154, "Lmax": 127, "TermType": 0 }, "geometry": { "type": "Point", "coordinates": [ 11.2918, 47.0437 ] } },
{ "type": "Feature", "properties": { "RGIId": "RGI60-11.00411", "Name": null, "Area": 0.611, "Zmin": 2977, "Zmax": 3423, "Zmed": 3174, "Lmax": 1265, "TermType": 0 }, "geometry": { "type": "Point", "coordinates": [ 11.1463, 47.0431 ] } },
{ "type": "Feature", "properties": { "RGIId": "RGI60-11.00412", "Name": null, "Area": 0.038, "Zmin": 2872, "Zmax": 2941, "Zmed": 2922, "Lmax": 182, "TermType": 0 }, "geometry": { "type": "Point", "coordinates": [ 12.1699, 47.0211 ] } },
{ "type": "Feature", "properties": { "RGIId": "RGI60-11.00414", "Name": null, "Area": 0.203, "Zmin": 2726, "Zmax": 2974, "Zmed": 2846, "Lmax": 570, "TermType": 0 }, "geometry": { "type": "Point", "coordinates": [ 10.9109, 47.0472 ] } },
{ "type": "Feature", "properties": { "RGIId": "RGI60-11.00415", "Name": null, "Area": 3.584, "Zmin": 2343, "Zmax": 3190, "Zmed": 2903, "Lmax": 2007, "TermType": 0 }, "geometry": { "type": "Point", "coordinates": [ 11.8574, 47.0152 ] } },
{ "type": "Feature", "properties": { "RGIId": "RGI60-11.00417", "Name": null, "Area": 0.044, "Zmin": 2756, "Zmax": 2898, "Zmed": 2811, "Lmax": 361, "TermType": 0 }, "geometry": { "type": "Point", "coordinates": [ 12.8035, 46.9994 ] } },
{ "type": "Feature", "properties": { "RGIId": "RGI60-11.00418", "Name": null, "Area": 0.013, "Zmin": 2643, "Zmax": 2725, "Zmed": 2682, "Lmax": 158, "TermType": 0 }, "geometry": { "type": "Point", "coordinates": [ 11.6418, 47.033 ] } },
{ "type": "Feature", "properties": { "RGIId": "RGI60-11.00419", "Name": null, "Area": 0.083, "Zmin": 2679, "Zmax": 2894, "Zmed": 2777, "Lmax": 691, "TermType": 0 }, "geometry": { "type": "Point", "coordinates": [ 10.7946, 47.046 ] } },
{ "type": "Feature", "properties": { "RGIId": "RGI60-11.00420", "Name": null, "Area": 0.237, "Zmin": 2634, "Zmax": 2862, "Zmed": 2729, "Lmax": 431, "TermType": 0 }, "geometry": { "type": "Point", "coordinates": [ 10.2811, 47.0531 ] } },
{ "type": "Feature", "properties": { "RGIId": "RGI60-11.00421", "Name": null, "Area": 0.022, "Zmin": 2940, "Zmax": 3044, "Zmed": 2999, "Lmax": 212, "TermType": 0 }, "geometry": { "type": "Point", "coordinates": [ 12.1664, 47.0184 ] } },
{ "type": "Feature", "properties": { "RGIId": "RGI60-11.00422", "Name": null, "Area": 0.081, "Zmin": 2993, "Zmax": 3185, "Zmed": 3075, "Lmax": 492, "TermType": 0 }, "geometry": { "type": "Point", "coordinates": [ 12.2123, 47.0163 ] } },
{ "type": "Feature", "properties": { "RGIId": "RGI60-11.00424", "Name": null, "Area": 0.022, "Zmin": 2776, "Zmax": 2860, "Zmed": 2830, "Lmax": 250, "TermType": 0 }, "geometry": { "type": "Point", "coordinates": [ 12.7277, 46.9999 ] } },
{ "type": "Feature", "properties": { "RGIId": "RGI60-11.00425", "Name": null, "Area": 0.064, "Zmin": 2626, "Zmax": 2751, "Zmed": 2671, "Lmax": 237, "TermType": 0 }, "geometry": { "type": "Point", "coordinates": [ 10.2267, 47.0534 ] } },
{ "type": "Feature", "properties": { "RGIId": "RGI60-11.00426", "Name": null, "Area": 0.012, "Zmin": 3072, "Zmax": 3129, "Zmed": 3100, "Lmax": 125, "TermType": 0 }, "geometry": { "type": "Point", "coordinates": [ 12.2028, 47.0153 ] } },
{ "type": "Feature", "properties": { "RGIId": "RGI60-11.00427", "Name": null, "Area": 0.04, "Zmin": 2606, "Zmax": 2706, "Zmed": 2645, "Lmax": 215, "TermType": 0 }, "geometry": { "type": "Point", "coordinates": [ 9.71597, 47.0571 ] } },
{ "type": "Feature", "properties": { "RGIId": "RGI60-11.00428", "Name": null, "Area": 0.022, "Zmin": 3355, "Zmax": 3417, "Zmed": 3388, "Lmax": 160, "TermType": 0 }, "geometry": { "type": "Point", "coordinates": [ 11.1432, 47.0389 ] } },
{ "type": "Feature", "properties": { "RGIId": "RGI60-11.00429", "Name": null, "Area": 0.015, "Zmin": 2819, "Zmax": 2880, "Zmed": 2848, "Lmax": 112, "TermType": 0 }, "geometry": { "type": "Point", "coordinates": [ 12.2228, 47.0132 ] } },
{ "type": "Feature", "properties": { "RGIId": "RGI60-11.00430", "Name": null, "Area": 0.061, "Zmin": 2748, "Zmax": 2982, "Zmed": 2875, "Lmax": 348, "TermType": 0 }, "geometry": { "type": "Point", "coordinates": [ 10.8051, 47.0427 ] } },
{ "type": "Feature", "properties": { "RGIId": "RGI60-11.00431", "Name": null, "Area": 0.079, "Zmin": 2570, "Zmax": 2784, "Zmed": 2642, "Lmax": 376, "TermType": 0 }, "geometry": { "type": "Point", "coordinates": [ 10.2339, 47.0501 ] } },
{ "type": "Feature", "properties": { "RGIId": "RGI60-11.00432", "Name": null, "Area": 0.029, "Zmin": 3127, "Zmax": 3261, "Zmed": 3190, "Lmax": 246, "TermType": 0 }, "geometry": { "type": "Point", "coordinates": [ 11.1498, 47.0376 ] } },
{ "type": "Feature", "properties": { "RGIId": "RGI60-11.00433", "Name": null, "Area": 0.048, "Zmin": 3107, "Zmax": 3191, "Zmed": 3152, "Lmax": 182, "TermType": 0 }, "geometry": { "type": "Point", "coordinates": [ 11.8812, 47.0175 ] } },
{ "type": "Feature", "properties": { "RGIId": "RGI60-11.00434", "Name": null, "Area": 1.348, "Zmin": 2815, "Zmax": 3226, "Zmed": 2988, "Lmax": 2144, "TermType": 0 }, "geometry": { "type": "Point", "coordinates": [ 11.637, 47.0182 ] } },
{ "type": "Feature", "properties": { "RGIId": "RGI60-11.00435", "Name": null, "Area": 0.109, "Zmin": 2884, "Zmax": 3215, "Zmed": 3024, "Lmax": 425, "TermType": 0 }, "geometry": { "type": "Point", "coordinates": [ 11.6449, 47.0226 ] } },
{ "type": "Feature", "properties": { "RGIId": "RGI60-11.00436", "Name": null, "Area": 0.042, "Zmin": 2934, "Zmax": 3073, "Zmed": 3028, "Lmax": 269, "TermType": 0 }, "geometry": { "type": "Point", "coordinates": [ 12.2252, 47.0098 ] } },
{ "type": "Feature", "properties": { "RGIId": "RGI60-11.00437", "Name": null, "Area": 0.091, "Zmin": 2753, "Zmax": 3036, "Zmed": 2798, "Lmax": 404, "TermType": 0 }, "geometry": { "type": "Point", "coordinates": [ 10.7987, 47.0387 ] } },
{ "type": "Feature", "properties": { "RGIId": "RGI60-11.00438", "Name": null, "Area": 0.082, "Zmin": 2813, "Zmax": 3041, "Zmed": 2924, "Lmax": 581, "TermType": 0 }, "geometry": { "type": "Point", "coordinates": [ 10.2268, 47.046 ] } },
{ "type": "Feature", "properties": { "RGIId": "RGI60-11.00439", "Name": null, "Area": 0.028, "Zmin": 2521, "Zmax": 2662, "Zmed": 2584, "Lmax": 318, "TermType": 0 }, "geometry": { "type": "Point", "coordinates": [ 10.8146, 47.0383 ] } },
{ "type": "Feature", "properties": { "RGIId": "RGI60-11.00440", "Name": null, "Area": 0.165, "Zmin": 2665, "Zmax": 3032, "Zmed": 2926, "Lmax": 758, "TermType": 0 }, "geometry": { "type": "Point", "coordinates": [ 10.2315, 47.0445 ] } },
{ "type": "Feature", "properties": { "RGIId": "RGI60-11.00441", "Name": null, "Area": 0.104, "Zmin": 2637, "Zmax": 2937, "Zmed": 2744, "Lmax": 486, "TermType": 0 }, "geometry": { "type": "Point", "coordinates": [ 10.8247, 47.0362 ] } },
{ "type": "Feature", "properties": { "RGIId": "RGI60-11.00443", "Name": null, "Area": 0.029, "Zmin": 2535, "Zmax": 2622, "Zmed": 2588, "Lmax": 230, "TermType": 0 }, "geometry": { "type": "Point", "coordinates": [ 10.2426, 47.0445 ] } },
{ "type": "Feature", "properties": { "RGIId": "RGI60-11.00444", "Name": null, "Area": 0.065, "Zmin": 2573, "Zmax": 2800, "Zmed": 2646, "Lmax": 270, "TermType": 0 }, "geometry": { "type": "Point", "coordinates": [ 10.8177, 47.0367 ] } },
{ "type": "Feature", "properties": { "RGIId": "RGI60-11.00445", "Name": null, "Area": 0.024, "Zmin": 2817, "Zmax": 2974, "Zmed": 2889, "Lmax": 224, "TermType": 0 }, "geometry": { "type": "Point", "coordinates": [ 11.7601, 47.0173 ] } },
{ "type": "Feature", "properties": { "RGIId": "RGI60-11.00446", "Name": null, "Area": 0.057, "Zmin": 2721, "Zmax": 2865, "Zmed": 2807, "Lmax": 381, "TermType": 0 }, "geometry": { "type": "Point", "coordinates": [ 10.793, 47.0357 ] } },
{ "type": "Feature", "properties": { "RGIId": "RGI60-11.00447", "Name": null, "Area": 0.013, "Zmin": 2958, "Zmax": 3009, "Zmed": 2982, "Lmax": 79, "TermType": 0 }, "geometry": { "type": "Point", "coordinates": [ 11.7569, 47.0176 ] } },
{ "type": "Feature", "properties": { "RGIId": "RGI60-11.00449", "Name": null, "Area": 0.19, "Zmin": 2901, "Zmax": 3174, "Zmed": 3019, "Lmax": 530, "TermType": 0 }, "geometry": { "type": "Point", "coordinates": [ 11.1243, 47.0284 ] } },
{ "type": "Feature", "properties": { "RGIId": "RGI60-11.00450", "Name": null, "Area": 0.592, "Zmin": 2746, "Zmax": 3195, "Zmed": 3038, "Lmax": 1196, "TermType": 0 }, "geometry": { "type": "Point", "coordinates": [ 11.1117, 47.0276 ] } },
{ "type": "Feature", "properties": { "RGIId": "RGI60-11.00451", "Name": null, "Area": 0.043, "Zmin": 2733, "Zmax": 2856, "Zmed": 2783, "Lmax": 269, "TermType": 0 }, "geometry": { "type": "Point", "coordinates": [ 10.7894, 47.0332 ] } },
{ "type": "Feature", "properties": { "RGIId": "RGI60-11.00452", "Name": null, "Area": 0.034, "Zmin": 2718, "Zmax": 2843, "Zmed": 2771, "Lmax": 206, "TermType": 0 }, "geometry": { "type": "Point", "coordinates": [ 11.8372, 47.0118 ] } },
{ "type": "Feature", "properties": { "RGIId": "RGI60-11.00453", "Name": null, "Area": 0.06, "Zmin": 2710, "Zmax": 2983, "Zmed": 2882, "Lmax": 463, "TermType": 0 }, "geometry": { "type": "Point", "coordinates": [ 11.7685, 47.0125 ] } },
{ "type": "Feature", "properties": { "RGIId": "RGI60-11.00454", "Name": null, "Area": 0.183, "Zmin": 2677, "Zmax": 3006, "Zmed": 2799, "Lmax": 608, "TermType": 0 }, "geometry": { "type": "Point", "coordinates": [ 11.7752, 47.0124 ] } },
{ "type": "Feature", "properties": { "RGIId": "RGI60-11.00455", "Name": null, "Area": 0.014, "Zmin": 2837, "Zmax": 2961, "Zmed": 2892, "Lmax": 152, "TermType": 0 }, "geometry": { "type": "Point", "coordinates": [ 10.8109, 47.0331 ] } },
{ "type": "Feature", "properties": { "RGIId": "RGI60-11.00456", "Name": null, "Area": 0.05, "Zmin": 2843, "Zmax": 3025, "Zmed": 2918, "Lmax": 206, "TermType": 0 }, "geometry": { "type": "Point", "coordinates": [ 11.0356, 47.0285 ] } },
{ "type": "Feature", "properties": { "RGIId": "RGI60-11.00457", "Name": null, "Area": 0.467, "Zmin": 2748, "Zmax": 3082, "Zmed": 2960, "Lmax": 791, "TermType": 0 }, "geometry": { "type": "Point", "coordinates": [ 11.1012, 47.0229 ] } },
{ "type": "Feature", "properties": { "RGIId": "RGI60-11.00459", "Name": null, "Area": 2.35, "Zmin": 2201, "Zmax": 3214, "Zmed": 2792, "Lmax": 2569, "TermType": 0 }, "geometry": { "type": "Point", "coordinates": [ 11.8176, 46.9981 ] } },
{ "type": "Feature", "properties": { "RGIId": "RGI60-11.00461", "Name": null, "Area": 0.046, "Zmin": 3134, "Zmax": 3241, "Zmed": 3185, "Lmax": 280, "TermType": 0 }, "geometry": { "type": "Point", "coordinates": [ 10.8197, 47.0308 ] } },
{ "type": "Feature", "properties": { "RGIId": "RGI60-11.00462", "Name": null, "Area": 0.011, "Zmin": 2792, "Zmax": 2861, "Zmed": 2825, "Lmax": -9, "TermType": 0 }, "geometry": { "type": "Point", "coordinates": [ 10.2302, 47.0386 ] } },
{ "type": "Feature", "properties": { "RGIId": "RGI60-11.00463", "Name": null, "Area": 0.489, "Zmin": 2673, "Zmax": 3050, "Zmed": 2903, "Lmax": 1240, "TermType": 0 }, "geometry": { "type": "Point", "coordinates": [ 10.8119, 47.0271 ] } },
{ "type": "Feature", "properties": { "RGIId": "RGI60-11.00464", "Name": null, "Area": 0.014, "Zmin": 3099, "Zmax": 3205, "Zmed": 3150, "Lmax": 127, "TermType": 0 }, "geometry": { "type": "Point", "coordinates": [ 11.63, 47.015 ] } },
{ "type": "Feature", "properties": { "RGIId": "RGI60-11.00465", "Name": null, "Area": 0.052, "Zmin": 2786, "Zmax": 3109, "Zmed": 2946, "Lmax": 430, "TermType": 0 }, "geometry": { "type": "Point", "coordinates": [ 12.7406, 46.9818 ] } },
{ "type": "Feature", "properties": { "RGIId": "RGI60-11.00466", "Name": null, "Area": 0.056, "Zmin": 2869, "Zmax": 3041, "Zmed": 2959, "Lmax": 309, "TermType": 0 }, "geometry": { "type": "Point", "coordinates": [ 10.8151, 47.0294 ] } },
{ "type": "Feature", "properties": { "RGIId": "RGI60-11.00467", "Name": null, "Area": 0.015, "Zmin": 2955, "Zmax": 3052, "Zmed": 3004, "Lmax": 127, "TermType": 0 }, "geometry": { "type": "Point", "coordinates": [ 10.8232, 47.0293 ] } },
{ "type": "Feature", "properties": { "RGIId": "RGI60-11.00468", "Name": null, "Area": 0.208, "Zmin": 2626, "Zmax": 3082, "Zmed": 2819, "Lmax": 883, "TermType": 0 }, "geometry": { "type": "Point", "coordinates": [ 10.8272, 47.0278 ] } },
{ "type": "Feature", "properties": { "RGIId": "RGI60-11.00469", "Name": null, "Area": 2.944, "Zmin": 2443, "Zmax": 3312, "Zmed": 2853, "Lmax": 2150, "TermType": 0 }, "geometry": { "type": "Point", "coordinates": [ 11.7914, 46.9997 ] } },
{ "type": "Feature", "properties": { "RGIId": "RGI60-11.00470", "Name": null, "Area": 0.059, "Zmin": 2830, "Zmax": 2970, "Zmed": 2904, "Lmax": 372, "TermType": 0 }, "geometry": { "type": "Point", "coordinates": [ 11.0408, 47.0224 ] } },
{ "type": "Feature", "properties": { "RGIId": "RGI60-11.00471", "Name": null, "Area": 0.494, "Zmin": 2632, "Zmax": 3121, "Zmed": 2891, "Lmax": 1097, "TermType": 0 }, "geometry": { "type": "Point", "coordinates": [ 11.8372, 47.0026 ] } },
{ "type": "Feature", "properties": { "RGIId": "RGI60-11.00472", "Name": null, "Area": 0.091, "Zmin": 2970, "Zmax": 3097, "Zmed": 3045, "Lmax": 366, "TermType": 0 }, "geometry": { "type": "Point", "coordinates": [ 10.8234, 47.0244 ] } },
{ "type": "Feature", "properties": { "RGIId": "RGI60-11.00473", "Name": null, "Area": 0.013, "Zmin": 2763, "Zmax": 2798, "Zmed": 2782, "Lmax": 112, "TermType": 0 }, "geometry": { "type": "Point", "coordinates": [ 10.2291, 47.0316 ] } },
{ "type": "Feature", "properties": { "RGIId": "RGI60-11.00474", "Name": null, "Area": 0.24, "Zmin": 2645, "Zmax": 2981, "Zmed": 2744, "Lmax": 797, "TermType": 0 }, "geometry": { "type": "Point", "coordinates": [ 12.7771, 46.9729 ] } },
{ "type": "Feature", "properties": { "RGIId": "RGI60-11.00475", "Name": null, "Area": 0.272, "Zmin": 2679, "Zmax": 3076, "Zmed": 2796, "Lmax": 843, "TermType": 0 }, "geometry": { "type": "Point", "coordinates": [ 10.9247, 47.0192 ] } },
{ "type": "Feature", "properties": { "RGIId": "RGI60-11.00476", "Name": null, "Area": 1.836, "Zmin": 2641, "Zmax": 3416, "Zmed": 2923, "Lmax": 1518, "TermType": 0 }, "geometry": { "type": "Point", "coordinates": [ 11.7698, 46.9912 ] } },
{ "type": "Feature", "properties": { "RGIId": "RGI60-11.00477", "Name": null, "Area": 0.033, "Zmin": 2918, "Zmax": 3041, "Zmed": 3000, "Lmax": 257, "TermType": 0 }, "geometry": { "type": "Point", "coordinates": [ 12.7411, 46.9734 ] } },
{ "type": "Feature", "properties": { "RGIId": "RGI60-11.00478", "Name": null, "Area": 0.118, "Zmin": 2970, "Zmax": 3096, "Zmed": 3039, "Lmax": 376, "TermType": 0 }, "geometry": { "type": "Point", "coordinates": [ 11.0536, 47.015 ] } },
{ "type": "Feature", "properties": { "RGIId": "RGI60-11.00479", "Name": null, "Area": 0.034, "Zmin": 2570, "Zmax": 2710, "Zmed": 2624, "Lmax": 255, "TermType": 0 }, "geometry": { "type": "Point", "coordinates": [ 11.7126, 47.0007 ] } },
{ "type": "Feature", "properties": { "RGIId": "RGI60-11.00480", "Name": null, "Area": 0.356, "Zmin": 2982, "Zmax": 3235, "Zmed": 3139, "Lmax": 676, "TermType": 0 }, "geometry": { "type": "Point", "coordinates": [ 10.9139, 47.0145 ] } },
{ "type": "Feature", "properties": { "RGIId": "RGI60-11.00481", "Name": null, "Area": 0.14, "Zmin": 2676, "Zmax": 2870, "Zmed": 2766, "Lmax": 451, "TermType": 0 }, "geometry": { "type": "Point", "coordinates": [ 10.2268, 47.0249 ] } },
{ "type": "Feature", "properties": { "RGIId": "RGI60-11.00483", "Name": null, "Area": 0.013, "Zmin": 2817, "Zmax": 2883, "Zmed": 2856, "Lmax": 158, "TermType": 0 }, "geometry": { "type": "Point", "coordinates": [ 12.7372, 46.9718 ] } },
{ "type": "Feature", "properties": { "RGIId": "RGI60-11.00484", "Name": null, "Area": 0.278, "Zmin": 2531, "Zmax": 2850, "Zmed": 2678, "Lmax": 920, "TermType": 0 }, "geometry": { "type": "Point", "coordinates": [ 10.1812, 47.0218 ] } },
{ "type": "Feature", "properties": { "RGIId": "RGI60-11.00486", "Name": null, "Area": 0.053, "Zmin": 2836, "Zmax": 2998, "Zmed": 2940, "Lmax": 388, "TermType": 0 }, "geometry": { "type": "Point", "coordinates": [ 12.744, 46.9693 ] } },
{ "type": "Feature", "properties": { "RGIId": "RGI60-11.00487", "Name": null, "Area": 3.645, "Zmin": 2484, "Zmax": 3243, "Zmed": 2949, "Lmax": 3082, "TermType": 0 }, "geometry": { "type": "Point", "coordinates": [ 11.0795, 46.9982 ] } },
{ "type": "Feature", "properties": { "RGIId": "RGI60-11.00488", "Name": null, "Area": 0.282, "Zmin": 2804, "Zmax": 3094, "Zmed": 2941, "Lmax": 791, "TermType": 0 }, "geometry": { "type": "Point", "coordinates": [ 11.0628, 47.0095 ] } },
{ "type": "Feature", "properties": { "RGIId": "RGI60-11.00490", "Name": null, "Area": 0.084, "Zmin": 2597, "Zmax": 2706, "Zmed": 2666, "Lmax": 424, "TermType": 0 }, "geometry": { "type": "Point", "coordinates": [ 12.7661, 46.9668 ] } },
{ "type": "Feature", "properties": { "RGIId": "RGI60-11.00491", "Name": null, "Area": 0.139, "Zmin": 2917, "Zmax": 3161, "Zmed": 3052, "Lmax": 551, "TermType": 0 }, "geometry": { "type": "Point", "coordinates": [ 11.094, 47.0073 ] } },
{ "type": "Feature", "properties": { "RGIId": "RGI60-11.00493", "Name": null, "Area": 0.025, "Zmin": 2802, "Zmax": 2977, "Zmed": 2880, "Lmax": 280, "TermType": 0 }, "geometry": { "type": "Point", "coordinates": [ 11.0982, 47.009 ] } },
{ "type": "Feature", "properties": { "RGIId": "RGI60-11.00494", "Name": null, "Area": 0.014, "Zmin": 2810, "Zmax": 2888, "Zmed": 2856, "Lmax": 135, "TermType": 0 }, "geometry": { "type": "Point", "coordinates": [ 11.0899, 47.009 ] } },
{ "type": "Feature", "properties": { "RGIId": "RGI60-11.00496", "Name": null, "Area": 0.283, "Zmin": 2817, "Zmax": 3306, "Zmed": 3062, "Lmax": 981, "TermType": 0 }, "geometry": { "type": "Point", "coordinates": [ 10.9039, 47.0082 ] } },
{ "type": "Feature", "properties": { "RGIId": "RGI60-11.00497", "Name": null, "Area": 0.549, "Zmin": 2706, "Zmax": 3213, "Zmed": 2997, "Lmax": 1315, "TermType": 0 }, "geometry": { "type": "Point", "coordinates": [ 10.9171, 47.008 ] } },
{ "type": "Feature", "properties": { "RGIId": "RGI60-11.00498", "Name": null, "Area": 0.201, "Zmin": 2734, "Zmax": 2999, "Zmed": 2842, "Lmax": 690, "TermType": 0 }, "geometry": { "type": "Point", "coordinates": [ 11.1041, 47.0052 ] } },
{ "type": "Feature", "properties": { "RGIId": "RGI60-11.00499", "Name": null, "Area": 0.124, "Zmin": 2683, "Zmax": 2926, "Zmed": 2777, "Lmax": 543, "TermType": 0 }, "geometry": { "type": "Point", "coordinates": [ 10.8148, 47.0105 ] } },
{ "type": "Feature", "properties": { "RGIId": "RGI60-11.00500", "Name": null, "Area": 0.146, "Zmin": 2658, "Zmax": 3098, "Zmed": 2816, "Lmax": 767, "TermType": 0 }, "geometry": { "type": "Point", "coordinates": [ 10.8002, 47.0091 ] } },
{ "type": "Feature", "properties": { "RGIId": "RGI60-11.00501", "Name": null, "Area": 0.262, "Zmin": 2756, "Zmax": 3183, "Zmed": 2992, "Lmax": 907, "TermType": 0 }, "geometry": { "type": "Point", "coordinates": [ 11.056, 47.0043 ] } },
{ "type": "Feature", "properties": { "RGIId": "RGI60-11.00503", "Name": null, "Area": 0.089, "Zmin": 2888, "Zmax": 3200, "Zmed": 3069, "Lmax": 528, "TermType": 0 }, "geometry": { "type": "Point", "coordinates": [ 11.0653, 47.0051 ] } },
{ "type": "Feature", "properties": { "RGIId": "RGI60-11.00505", "Name": null, "Area": 0.602, "Zmin": 2547, "Zmax": 2838, "Zmed": 2712, "Lmax": 1182, "TermType": 0 }, "geometry": { "type": "Point", "coordinates": [ 10.1827, 47.0133 ] } },
{ "type": "Feature", "properties": { "RGIId": "RGI60-11.00506", "Name": null, "Area": 0.014, "Zmin": 2604, "Zmax": 2674, "Zmed": 2635, "Lmax": 135, "TermType": 0 }, "geometry": { "type": "Point", "coordinates": [ 10.2226, 47.0175 ] } },
{ "type": "Feature", "properties": { "RGIId": "RGI60-11.00507", "Name": null, "Area": 0.036, "Zmin": 2725, "Zmax": 2898, "Zmed": 2839, "Lmax": 326, "TermType": 0 }, "geometry": { "type": "Point", "coordinates": [ 12.7217, 46.9632 ] } },
{ "type": "Feature", "properties": { "RGIId": "RGI60-11.00508", "Name": null, "Area": 0.144, "Zmin": 3109, "Zmax": 3340, "Zmed": 3218, "Lmax": 535, "TermType": 0 }, "geometry": { "type": "Point", "coordinates": [ 11.7837, 46.988 ] } },
{ "type": "Feature", "properties": { "RGIId": "RGI60-11.00509", "Name": null, "Area": 0.14, "Zmin": 2869, "Zmax": 3206, "Zmed": 2994, "Lmax": 526, "TermType": 0 }, "geometry": { "type": "Point", "coordinates": [ 10.8117, 47.0064 ] } },
{ "type": "Feature", "properties": { "RGIId": "RGI60-11.00510", "Name": null, "Area": 0.097, "Zmin": 2945, "Zmax": 3227, "Zmed": 3080, "Lmax": 372, "TermType": 0 }, "geometry": { "type": "Point", "coordinates": [ 10.803, 47.006 ] } },
{ "type": "Feature", "properties": { "RGIId": "RGI60-11.00511", "Name": null, "Area": 0.589, "Zmin": 2944, "Zmax": 3302, "Zmed": 3096, "Lmax": 834, "TermType": 0 }, "geometry": { "type": "Point", "coordinates": [ 11.7767, 46.9838 ] } },
{ "type": "Feature", "properties": { "RGIId": "RGI60-11.00512", "Name": null, "Area": 0.012, "Zmin": 2938, "Zmax": 2992, "Zmed": 2979, "Lmax": 125, "TermType": 0 }, "geometry": { "type": "Point", "coordinates": [ 10.9219, 47.0047 ] } },
{ "type": "Feature", "properties": { "RGIId": "RGI60-11.00514", "Name": null, "Area": 0.502, "Zmin": 2777, "Zmax": 3275, "Zmed": 3020, "Lmax": 1527, "TermType": 0 }, "geometry": { "type": "Point", "coordinates": [ 10.9187, 47.0019 ] } },
{ "type": "Feature", "properties": { "RGIId": "RGI60-11.00515", "Name": null, "Area": 0.038, "Zmin": 2676, "Zmax": 2769, "Zmed": 2726, "Lmax": 270, "TermType": 0 }, "geometry": { "type": "Point", "coordinates": [ 12.2417, 46.9733 ] } },
{ "type": "Feature", "properties": { "RGIId": "RGI60-11.00516", "Name": null, "Area": 0.013, "Zmin": 3007, "Zmax": 3064, "Zmed": 3049, "Lmax": 90, "TermType": 0 }, "geometry": { "type": "Point", "coordinates": [ 12.7602, 46.9575 ] } },
{ "type": "Feature", "properties": { "RGIId": "RGI60-11.00517", "Name": null, "Area": 0.016, "Zmin": 3217, "Zmax": 3257, "Zmed": 3242, "Lmax": 125, "TermType": 0 }, "geometry": { "type": "Point", "coordinates": [ 10.9067, 47.0027 ] } },
{ "type": "Feature", "properties": { "RGIId": "RGI60-11.00518", "Name": null, "Area": 2.131, "Zmin": 2686, "Zmax": 3246, "Zmed": 2975, "Lmax": 2358, "TermType": 0 }, "geometry": { "type": "Point", "coordinates": [ 11.1052, 46.9877 ] } },
{ "type": "Feature", "properties": { "RGIId": "RGI60-11.00519", "Name": null, "Area": 0.013, "Zmin": 3078, "Zmax": 3158, "Zmed": 3115, "Lmax": 177, "TermType": 0 }, "geometry": { "type": "Point", "coordinates": [ 11.7842, 46.9841 ] } },
{ "type": "Feature", "properties": { "RGIId": "RGI60-11.00521", "Name": null, "Area": 0.249, "Zmin": 2717, "Zmax": 3095, "Zmed": 2871, "Lmax": 881, "TermType": 0 }, "geometry": { "type": "Point", "coordinates": [ 10.8141, 47.0018 ] } },
{ "type": "Feature", "properties": { "RGIId": "RGI60-11.00522", "Name": null, "Area": 0.025, "Zmin": 2908, "Zmax": 2989, "Zmed": 2948, "Lmax": 152, "TermType": 0 }, "geometry": { "type": "Point", "coordinates": [ 12.7613, 46.9553 ] } },
{ "type": "Feature", "properties": { "RGIId": "RGI60-11.00523", "Name": null, "Area": 0.113, "Zmin": 2978, "Zmax": 3186, "Zmed": 3093, "Lmax": 340, "TermType": 0 }, "geometry": { "type": "Point", "coordinates": [ 10.7977, 46.9991 ] } },
{ "type": "Feature", "properties": { "RGIId": "RGI60-11.00525", "Name": null, "Area": 0.014, "Zmin": 2876, "Zmax": 2930, "Zmed": 2902, "Lmax": 90, "TermType": 0 }, "geometry": { "type": "Point", "coordinates": [ 10.7899, 47.002 ] } },
{ "type": "Feature", "properties": { "RGIId": "RGI60-11.00526", "Name": null, "Area": 0.331, "Zmin": 2624, "Zmax": 2847, "Zmed": 2747, "Lmax": 754, "TermType": 0 }, "geometry": { "type": "Point", "coordinates": [ 10.1854, 47.0064 ] } },
{ "type": "Feature", "properties": { "RGIId": "RGI60-11.00527", "Name": null, "Area": 0.042, "Zmin": 2884, "Zmax": 2994, "Zmed": 2942, "Lmax": 224, "TermType": 0 }, "geometry": { "type": "Point", "coordinates": [ 10.9269, 46.9981 ] } },
{ "type": "Feature", "properties": { "RGIId": "RGI60-11.00529", "Name": null, "Area": 0.047, "Zmin": 2826, "Zmax": 2994, "Zmed": 2896, "Lmax": 270, "TermType": 0 }, "geometry": { "type": "Point", "coordinates": [ 10.8197, 47.0 ] } },
{ "type": "Feature", "properties": { "RGIId": "RGI60-11.00530", "Name": null, "Area": 0.046, "Zmin": 2572, "Zmax": 2724, "Zmed": 2643, "Lmax": 334, "TermType": 0 }, "geometry": { "type": "Point", "coordinates": [ 11.2901, 46.9887 ] } },
{ "type": "Feature", "properties": { "RGIId": "RGI60-11.00531", "Name": null, "Area": 0.298, "Zmin": 2706, "Zmax": 3066, "Zmed": 2865, "Lmax": 799, "TermType": 0 }, "geometry": { "type": "Point", "coordinates": [ 10.7897, 46.9956 ] } },
{ "type": "Feature", "properties": { "RGIId": "RGI60-11.00533", "Name": null, "Area": 0.194, "Zmin": 2610, "Zmax": 3140, "Zmed": 2817, "Lmax": 953, "TermType": 0 }, "geometry": { "type": "Point", "coordinates": [ 12.6976, 46.948 ] } },
{ "type": "Feature", "properties": { "RGIId": "RGI60-11.00534", "Name": null, "Area": 0.093, "Zmin": 2648, "Zmax": 2873, "Zmed": 2763, "Lmax": 593, "TermType": 0 }, "geometry": { "type": "Point", "coordinates": [ 12.7039, 46.9499 ] } },
{ "type": "Feature", "properties": { "RGIId": "RGI60-11.00535", "Name": null, "Area": 1.034, "Zmin": 2668, "Zmax": 3236, "Zmed": 3045, "Lmax": 2055, "TermType": 0 }, "geometry": { "type": "Point", "coordinates": [ 11.0688, 46.9859 ] } },
{ "type": "Feature", "properties": { "RGIId": "RGI60-11.00537", "Name": null, "Area": 0.071, "Zmin": 2763, "Zmax": 2944, "Zmed": 2823, "Lmax": 280, "TermType": 0 }, "geometry": { "type": "Point", "coordinates": [ 12.7956, 46.9459 ] } },
{ "type": "Feature", "properties": { "RGIId": "RGI60-11.00540", "Name": null, "Area": 0.11, "Zmin": 2850, "Zmax": 3051, "Zmed": 2923, "Lmax": 408, "TermType": 0 }, "geometry": { "type": "Point", "coordinates": [ 10.7987, 46.9936 ] } },
{ "type": "Feature", "properties": { "RGIId": "RGI60-11.00541", "Name": null, "Area": 2.534, "Zmin": 2510, "Zmax": 3404, "Zmed": 3163, "Lmax": 2788, "TermType": 0 }, "geometry": { "type": "Point", "coordinates": [ 11.1528, 46.974 ] } },
{ "type": "Feature", "properties": { "RGIId": "RGI60-11.00542", "Name": null, "Area": 0.035, "Zmin": 2553, "Zmax": 2773, "Zmed": 2669, "Lmax": 425, "TermType": 0 }, "geometry": { "type": "Point", "coordinates": [ 11.2801, 46.9849 ] } },
{ "type": "Feature", "properties": { "RGIId": "RGI60-11.00544", "Name": null, "Area": 0.012, "Zmin": 2729, "Zmax": 2793, "Zmed": 2757, "Lmax": -9, "TermType": 0 }, "geometry": { "type": "Point", "coordinates": [ 10.7817, 46.9947 ] } },
{ "type": "Feature", "properties": { "RGIId": "RGI60-11.00545", "Name": null, "Area": 0.21, "Zmin": 2525, "Zmax": 2857, "Zmed": 2711, "Lmax": 701, "TermType": 0 }, "geometry": { "type": "Point", "coordinates": [ 11.2643, 46.9827 ] } },
{ "type": "Feature", "properties": { "RGIId": "RGI60-11.00546", "Name": null, "Area": 1.608, "Zmin": 2427, "Zmax": 3357, "Zmed": 2962, "Lmax": 2089, "TermType": 0 }, "geometry": { "type": "Point", "coordinates": [ 11.1906, 46.9774 ] } },
{ "type": "Feature", "properties": { "RGIId": "RGI60-11.00548", "Name": null, "Area": 1.356, "Zmin": 2627, "Zmax": 3183, "Zmed": 2886, "Lmax": 2054, "TermType": 0 }, "geometry": { "type": "Point", "coordinates": [ 11.1339, 46.9782 ] } },
{ "type": "Feature", "properties": { "RGIId": "RGI60-11.00549", "Name": null, "Area": 0.041, "Zmin": 2610, "Zmax": 2704, "Zmed": 2658, "Lmax": 305, "TermType": 0 }, "geometry": { "type": "Point", "coordinates": [ 12.787, 46.9446 ] } },
{ "type": "Feature", "properties": { "RGIId": "RGI60-11.00550", "Name": null, "Area": 0.383, "Zmin": 2474, "Zmax": 3062, "Zmed": 2688, "Lmax": 1293, "TermType": 0 }, "geometry": { "type": "Point", "coordinates": [ 11.2529, 46.9804 ] } },
{ "type": "Feature", "properties": { "RGIId": "RGI60-11.00551", "Name": null, "Area": 1.118, "Zmin": 2748, "Zmax": 3085, "Zmed": 2883, "Lmax": 1688, "TermType": 0 }, "geometry": { "type": "Point", "coordinates": [ 12.147, 46.958 ] } },
{ "type": "Feature", "properties": { "RGIId": "RGI60-11.00553", "Name": null, "Area": 0.093, "Zmin": 2740, "Zmax": 2865, "Zmed": 2793, "Lmax": 391, "TermType": 0 }, "geometry": { "type": "Point", "coordinates": [ 11.241, 46.9838 ] } },
{ "type": "Feature", "properties": { "RGIId": "RGI60-11.00554", "Name": null, "Area": 1.569, "Zmin": 2513, "Zmax": 3209, "Zmed": 2921, "Lmax": 3097, "TermType": 0 }, "geometry": { "type": "Point", "coordinates": [ 11.1701, 46.9732 ] } },
{ "type": "Feature", "properties": { "RGIId": "RGI60-11.00555", "Name": null, "Area": 0.018, "Zmin": 2932, "Zmax": 3010, "Zmed": 2978, "Lmax": 177, "TermType": 0 }, "geometry": { "type": "Point", "coordinates": [ 12.7022, 46.9466 ] } },
{ "type": "Feature", "properties": { "RGIId": "RGI60-11.00556", "Name": null, "Area": 0.015, "Zmin": 3255, "Zmax": 3311, "Zmed": 3292, "Lmax": 135, "TermType": 0 }, "geometry": { "type": "Point", "coordinates": [ 11.079, 46.9872 ] } },
{ "type": "Feature", "properties": { "RGIId": "RGI60-11.00557", "Name": null, "Area": 0.273, "Zmin": 2858, "Zmax": 3191, "Zmed": 2950, "Lmax": 612, "TermType": 0 }, "geometry": { "type": "Point", "coordinates": [ 11.0911, 46.9844 ] } },
{ "type": "Feature", "properties": { "RGIId": "RGI60-11.00559", "Name": null, "Area": 0.017, "Zmin": 2782, "Zmax": 2843, "Zmed": 2822, "Lmax": 177, "TermType": 0 }, "geometry": { "type": "Point", "coordinates": [ 11.2354, 46.9828 ] } },
{ "type": "Feature", "properties": { "RGIId": "RGI60-11.00560", "Name": null, "Area": 0.026, "Zmin": 2751, "Zmax": 2859, "Zmed": 2795, "Lmax": 226, "TermType": 0 }, "geometry": { "type": "Point", "coordinates": [ 12.1546, 46.9606 ] } },
{ "type": "Feature", "properties": { "RGIId": "RGI60-11.00561", "Name": null, "Area": 0.166, "Zmin": 3025, "Zmax": 3377, "Zmed": 3246, "Lmax": 608, "TermType": 0 }, "geometry": { "type": "Point", "coordinates": [ 10.7902, 46.9883 ] } },
{ "type": "Feature", "properties": { "RGIId": "RGI60-11.00563", "Name": null, "Area": 0.033, "Zmin": 2965, "Zmax": 3108, "Zmed": 3014, "Lmax": 276, "TermType": 0 }, "geometry": { "type": "Point", "coordinates": [ 11.0837, 46.984 ] } },
{ "type": "Feature", "properties": { "RGIId": "RGI60-11.00565", "Name": null, "Area": 0.088, "Zmin": 2831, "Zmax": 3088, "Zmed": 2929, "Lmax": 247, "TermType": 0 }, "geometry": { "type": "Point", "coordinates": [ 11.2457, 46.9789 ] } },
{ "type": "Feature", "properties": { "RGIId": "RGI60-11.00567", "Name": null, "Area": 0.206, "Zmin": 2914, "Zmax": 3432, "Zmed": 3121, "Lmax": 686, "TermType": 0 }, "geometry": { "type": "Point", "coordinates": [ 10.7964, 46.9875 ] } },
{ "type": "Feature", "properties": { "RGIId": "RGI60-11.00568", "Name": null, "Area": 0.017, "Zmin": 2721, "Zmax": 2817, "Zmed": 2781, "Lmax": 103, "TermType": 0 }, "geometry": { "type": "Point", "coordinates": [ 10.9005, 46.9865 ] } },
{ "type": "Feature", "properties": { "RGIId": "RGI60-11.00569", "Name": null, "Area": 0.09, "Zmin": 2694, "Zmax": 2928, "Zmed": 2837, "Lmax": 526, "TermType": 0 }, "geometry": { "type": "Point", "coordinates": [ 11.1731, 46.9792 ] } },
{ "type": "Feature", "properties": { "RGIId": "RGI60-11.00570", "Name": null, "Area": 0.04, "Zmin": 2807, "Zmax": 2893, "Zmed": 2845, "Lmax": 269, "TermType": 0 }, "geometry": { "type": "Point", "coordinates": [ 11.2368, 46.9799 ] } },
{ "type": "Feature", "properties": { "RGIId": "RGI60-11.00571", "Name": null, "Area": 0.011, "Zmin": 2917, "Zmax": 2951, "Zmed": 2932, "Lmax": 112, "TermType": 0 }, "geometry": { "type": "Point", "coordinates": [ 11.2414, 46.9801 ] } },
{ "type": "Feature", "properties": { "RGIId": "RGI60-11.00572", "Name": null, "Area": 0.029, "Zmin": 3101, "Zmax": 3211, "Zmed": 3168, "Lmax": 202, "TermType": 0 }, "geometry": { "type": "Point", "coordinates": [ 11.0802, 46.9824 ] } },
{ "type": "Feature", "properties": { "RGIId": "RGI60-11.00573", "Name": null, "Area": 0.023, "Zmin": 2719, "Zmax": 2819, "Zmed": 2768, "Lmax": 226, "TermType": 0 }, "geometry": { "type": "Point", "coordinates": [ 10.7003, 46.9882 ] } },
{ "type": "Feature", "properties": { "RGIId": "RGI60-11.00574", "Name": null, "Area": 0.586, "Zmin": 2774, "Zmax": 3256, "Zmed": 2919, "Lmax": 1176, "TermType": 0 }, "geometry": { "type": "Point", "coordinates": [ 10.8067, 46.983 ] } },
{ "type": "Feature", "properties": { "RGIId": "RGI60-11.00575", "Name": null, "Area": 0.022, "Zmin": 2903, "Zmax": 2977, "Zmed": 2943, "Lmax": 135, "TermType": 0 }, "geometry": { "type": "Point", "coordinates": [ 11.2605, 46.9787 ] } },
{ "type": "Feature", "properties": { "RGIId": "RGI60-11.00576", "Name": null, "Area": 0.028, "Zmin": 2918, "Zmax": 3001, "Zmed": 2952, "Lmax": 127, "TermType": 0 }, "geometry": { "type": "Point", "coordinates": [ 10.9117, 46.9837 ] } },
{ "type": "Feature", "properties": { "RGIId": "RGI60-11.00577", "Name": null, "Area": 0.525, "Zmin": 2438, "Zmax": 2748, "Zmed": 2610, "Lmax": 1189, "TermType": 0 }, "geometry": { "type": "Point", "coordinates": [ 11.2286, 46.974 ] } },
{ "type": "Feature", "properties": { "RGIId": "RGI60-11.00578", "Name": null, "Area": 0.259, "Zmin": 2834, "Zmax": 3137, "Zmed": 3028, "Lmax": 810, "TermType": 0 }, "geometry": { "type": "Point", "coordinates": [ 11.2432, 46.9759 ] } },
{ "type": "Feature", "properties": { "RGIId": "RGI60-11.00580", "Name": null, "Area": 0.034, "Zmin": 2957, "Zmax": 3018, "Zmed": 2990, "Lmax": 224, "TermType": 0 }, "geometry": { "type": "Point", "coordinates": [ 11.2023, 46.9775 ] } },
{ "type": "Feature", "properties": { "RGIId": "RGI60-11.00581", "Name": null, "Area": 0.04, "Zmin": 3000, "Zmax": 3092, "Zmed": 3037, "Lmax": 182, "TermType": 0 }, "geometry": { "type": "Point", "coordinates": [ 11.1012, 46.979 ] } },
{ "type": "Feature", "properties": { "RGIId": "RGI60-11.00582", "Name": null, "Area": 0.093, "Zmin": 2933, "Zmax": 3157, "Zmed": 3033, "Lmax": 382, "TermType": 0 }, "geometry": { "type": "Point", "coordinates": [ 10.9062, 46.9805 ] } },
{ "type": "Feature", "properties": { "RGIId": "RGI60-11.00584", "Name": null, "Area": 0.243, "Zmin": 2871, "Zmax": 3129, "Zmed": 3044, "Lmax": 834, "TermType": 0 }, "geometry": { "type": "Point", "coordinates": [ 11.1036, 46.9762 ] } },
{ "type": "Feature", "properties": { "RGIId": "RGI60-11.00586", "Name": null, "Area": 0.04, "Zmin": 2799, "Zmax": 2912, "Zmed": 2840, "Lmax": 283, "TermType": 0 }, "geometry": { "type": "Point", "coordinates": [ 12.1622, 46.9523 ] } },
{ "type": "Feature", "properties": { "RGIId": "RGI60-11.00587", "Name": null, "Area": 0.437, "Zmin": 2791, "Zmax": 3317, "Zmed": 3113, "Lmax": 1066, "TermType": 0 }, "geometry": { "type": "Point", "coordinates": [ 11.2015, 46.9719 ] } },
{ "type": "Feature", "properties": { "RGIId": "RGI60-11.00588", "Name": null, "Area": 0.417, "Zmin": 2949, "Zmax": 3155, "Zmed": 3078, "Lmax": 858, "TermType": 0 }, "geometry": { "type": "Point", "coordinates": [ 11.1127, 46.9734 ] } },
{ "type": "Feature", "properties": { "RGIId": "RGI60-11.00592", "Name": null, "Area": 0.036, "Zmin": 3003, "Zmax": 3057, "Zmed": 3019, "Lmax": 177, "TermType": 0 }, "geometry": { "type": "Point", "coordinates": [ 11.1218, 46.9742 ] } },
{ "type": "Feature", "properties": { "RGIId": "RGI60-11.00593", "Name": null, "Area": 1.053, "Zmin": 2815, "Zmax": 3237, "Zmed": 3073, "Lmax": 1915, "TermType": 0 }, "geometry": { "type": "Point", "coordinates": [ 10.8088, 46.9757 ] } },
{ "type": "Feature", "properties": { "RGIId": "RGI60-11.00594", "Name": null, "Area": 0.032, "Zmin": 3211, "Zmax": 3300, "Zmed": 3250, "Lmax": 135, "TermType": 0 }, "geometry": { "type": "Point", "coordinates": [ 11.1421, 46.9725 ] } },
{ "type": "Feature", "properties": { "RGIId": "RGI60-11.00595", "Name": null, "Area": 0.034, "Zmin": 2930, "Zmax": 3064, "Zmed": 3026, "Lmax": 251, "TermType": 0 }, "geometry": { "type": "Point", "coordinates": [ 10.6874, 46.9797 ] } },
{ "type": "Feature", "properties": { "RGIId": "RGI60-11.00599", "Name": null, "Area": 0.045, "Zmin": 2947, "Zmax": 3091, "Zmed": 3023, "Lmax": 292, "TermType": 0 }, "geometry": { "type": "Point", "coordinates": [ 11.1061, 46.971 ] } },
{ "type": "Feature", "properties": { "RGIId": "RGI60-11.00601", "Name": null, "Area": 0.315, "Zmin": 2820, "Zmax": 3324, "Zmed": 3049, "Lmax": 819, "TermType": 0 }, "geometry": { "type": "Point", "coordinates": [ 10.7928, 46.9728 ] } },
{ "type": "Feature", "properties": { "RGIId": "RGI60-11.00602", "Name": null, "Area": 0.015, "Zmin": 2864, "Zmax": 2937, "Zmed": 2904, "Lmax": 146, "TermType": 0 }, "geometry": { "type": "Point", "coordinates": [ 10.9056, 46.9742 ] } },
{ "type": "Feature", "properties": { "RGIId": "RGI60-11.00604", "Name": null, "Area": 0.713, "Zmin": 2846, "Zmax": 3330, "Zmed": 3067, "Lmax": 1224, "TermType": 0 }, "geometry": { "type": "Point", "coordinates": [ 11.1375, 46.9652 ] } },
{ "type": "Feature", "properties": { "RGIId": "RGI60-11.00607", "Name": null, "Area": 0.058, "Zmin": 2849, "Zmax": 3069, "Zmed": 2928, "Lmax": 236, "TermType": 0 }, "geometry": { "type": "Point", "coordinates": [ 12.1646, 46.945 ] } },
{ "type": "Feature", "properties": { "RGIId": "RGI60-11.00608", "Name": null, "Area": 0.255, "Zmin": 2663, "Zmax": 2949, "Zmed": 2730, "Lmax": 1055, "TermType": 0 }, "geometry": { "type": "Point", "coordinates": [ 12.1756, 46.9397 ] } },
{ "type": "Feature", "properties": { "RGIId": "RGI60-11.00610", "Name": null, "Area": 0.02, "Zmin": 3001, "Zmax": 3077, "Zmed": 3043, "Lmax": 257, "TermType": 0 }, "geometry": { "type": "Point", "coordinates": [ 10.9026, 46.9718 ] } },
{ "type": "Feature", "properties": { "RGIId": "RGI60-11.00612", "Name": null, "Area": 0.028, "Zmin": 2855, "Zmax": 2948, "Zmed": 2911, "Lmax": 230, "TermType": 0 }, "geometry": { "type": "Point", "coordinates": [ 10.7861, 46.9725 ] } },
{ "type": "Feature", "properties": { "RGIId": "RGI60-11.00614", "Name": null, "Area": 0.062, "Zmin": 2913, "Zmax": 3074, "Zmed": 3000, "Lmax": 379, "TermType": 0 }, "geometry": { "type": "Point", "coordinates": [ 12.1614, 46.9423 ] } },
{ "type": "Feature", "properties": { "RGIId": "RGI60-11.00615", "Name": null, "Area": 0.304, "Zmin": 3006, "Zmax": 3290, "Zmed": 3167, "Lmax": 897, "TermType": 0 }, "geometry": { "type": "Point", "coordinates": [ 10.8025, 46.9708 ] } },
{ "type": "Feature", "properties": { "RGIId": "RGI60-11.00619", "Name": "Vedretta Malavalle", "Area": 1.332, "Zmin": 2741, "Zmax": 3287, "Zmed": 2982, "Lmax": 2187, "TermType": 0 }, "geometry": { "type": "Point", "coordinates": [ 11.1528, 46.9566 ] } },
{ "type": "Feature", "properties": { "RGIId": "RGI60-11.00620", "Name": null, "Area": 0.022, "Zmin": 3058, "Zmax": 3140, "Zmed": 3098, "Lmax": 152, "TermType": 0 }, "geometry": { "type": "Point", "coordinates": [ 12.1637, 46.9406 ] } },
{ "type": "Feature", "properties": { "RGIId": "RGI60-11.00623", "Name": null, "Area": 0.173, "Zmin": 2986, "Zmax": 3232, "Zmed": 3116, "Lmax": 649, "TermType": 0 }, "geometry": { "type": "Point", "coordinates": [ 10.7985, 46.9665 ] } },
{ "type": "Feature", "properties": { "RGIId": "RGI60-11.00629", "Name": null, "Area": 0.106, "Zmin": 2872, "Zmax": 3105, "Zmed": 2943, "Lmax": 414, "TermType": 0 }, "geometry": { "type": "Point", "coordinates": [ 10.8003, 46.9562 ] } },
{ "type": "Feature", "properties": { "RGIId": "RGI60-11.00630", "Name": null, "Area": 0.028, "Zmin": 2854, "Zmax": 2924, "Zmed": 2886, "Lmax": 202, "TermType": 0 }, "geometry": { "type": "Point", "coordinates": [ 10.6879, 46.959 ] } },
{ "type": "Feature", "properties": { "RGIId": "RGI60-11.00632", "Name": null, "Area": 0.392, "Zmin": 2979, "Zmax": 3162, "Zmed": 3071, "Lmax": 708, "TermType": 0 }, "geometry": { "type": "Point", "coordinates": [ 10.7892, 46.9539 ] } },
{ "type": "Feature", "properties": { "RGIId": "RGI60-11.00635", "Name": null, "Area": 0.161, "Zmin": 2802, "Zmax": 2967, "Zmed": 2887, "Lmax": 668, "TermType": 0 }, "geometry": { "type": "Point", "coordinates": [ 10.9237, 46.947 ] } },
{ "type": "Feature", "properties": { "RGIId": "RGI60-11.00640", "Name": null, "Area": 0.015, "Zmin": 2585, "Zmax": 2746, "Zmed": 2646, "Lmax": 246, "TermType": 0 }, "geometry": { "type": "Point", "coordinates": [ 10.2497, 46.9539 ] } },
{ "type": "Feature", "properties": { "RGIId": "RGI60-11.00642", "Name": null, "Area": 0.098, "Zmin": 2790, "Zmax": 2985, "Zmed": 2896, "Lmax": 448, "TermType": 0 }, "geometry": { "type": "Point", "coordinates": [ 10.955, 46.9419 ] } },
{ "type": "Feature", "properties": { "RGIId": "RGI60-11.00643", "Name": null, "Area": 0.333, "Zmin": 2847, "Zmax": 3156, "Zmed": 2979, "Lmax": 873, "TermType": 0 }, "geometry": { "type": "Point", "coordinates": [ 10.7909, 46.9425 ] } },
{ "type": "Feature", "properties": { "RGIId": "RGI60-11.00645", "Name": null, "Area": 0.041, "Zmin": 2867, "Zmax": 2987, "Zmed": 2949, "Lmax": 168, "TermType": 0 }, "geometry": { "type": "Point", "coordinates": [ 10.9207, 46.9414 ] } },
{ "type": "Feature", "properties": { "RGIId": "RGI60-11.00648", "Name": null, "Area": 1.64, "Zmin": 2657, "Zmax": 3286, "Zmed": 2969, "Lmax": 2043, "TermType": 0 }, "geometry": { "type": "Point", "coordinates": [ 10.9316, 46.9326 ] } },
{ "type": "Feature", "properties": { "RGIId": "RGI60-11.00649", "Name": null, "Area": 0.011, "Zmin": 2827, "Zmax": 2872, "Zmed": 2845, "Lmax": 125, "TermType": 0 }, "geometry": { "type": "Point", "coordinates": [ 10.6943, 46.9443 ] } },
{ "type": "Feature", "properties": { "RGIId": "RGI60-11.00650", "Name": null, "Area": 0.022, "Zmin": 2940, "Zmax": 3026, "Zmed": 2996, "Lmax": 160, "TermType": 0 }, "geometry": { "type": "Point", "coordinates": [ 11.0848, 46.9375 ] } },
{ "type": "Feature", "properties": { "RGIId": "RGI60-11.00654", "Name": null, "Area": 0.076, "Zmin": 2798, "Zmax": 2988, "Zmed": 2896, "Lmax": 429, "TermType": 0 }, "geometry": { "type": "Point", "coordinates": [ 10.6823, 46.9407 ] } },
{ "type": "Feature", "properties": { "RGIId": "RGI60-11.00661", "Name": null, "Area": 0.117, "Zmin": 2851, "Zmax": 3031, "Zmed": 2936, "Lmax": 522, "TermType": 0 }, "geometry": { "type": "Point", "coordinates": [ 11.11, 46.9309 ] } },
{ "type": "Feature", "properties": { "RGIId": "RGI60-11.00663", "Name": null, "Area": 1.266, "Zmin": 2653, "Zmax": 3235, "Zmed": 2943, "Lmax": 1881, "TermType": 0 }, "geometry": { "type": "Point", "coordinates": [ 10.9162, 46.9284 ] } },
{ "type": "Feature", "properties": { "RGIId": "RGI60-11.00665", "Name": null, "Area": 0.118, "Zmin": 2917, "Zmax": 3116, "Zmed": 2988, "Lmax": 562, "TermType": 0 }, "geometry": { "type": "Point", "coordinates": [ 10.7949, 46.9335 ] } },
{ "type": "Feature", "properties": { "RGIId": "RGI60-11.00666", "Name": null, "Area": 9.331, "Zmin": 2440, "Zmax": 3512, "Zmed": 3048, "Lmax": 5999, "TermType": 0 }, "geometry": { "type": "Point", "coordinates": [ 10.9036, 46.9058 ] } },
{ "type": "Feature", "properties": { "RGIId": "RGI60-11.00668", "Name": null, "Area": 0.017, "Zmin": 2863, "Zmax": 2959, "Zmed": 2907, "Lmax": 127, "TermType": 0 }, "geometry": { "type": "Point", "coordinates": [ 10.8881, 46.9304 ] } },
{ "type": "Feature", "properties": { "RGIId": "RGI60-11.00669", "Name": null, "Area": 0.059, "Zmin": 3195, "Zmax": 3321, "Zmed": 3258, "Lmax": 285, "TermType": 0 }, "geometry": { "type": "Point", "coordinates": [ 10.7936, 46.9289 ] } },
{ "type": "Feature", "properties": { "RGIId": "RGI60-11.00670", "Name": null, "Area": 1.369, "Zmin": 2870, "Zmax": 3376, "Zmed": 3082, "Lmax": 1925, "TermType": 0 }, "geometry": { "type": "Point", "coordinates": [ 10.8648, 46.9209 ] } },
{ "type": "Feature", "properties": { "RGIId": "RGI60-11.00671", "Name": null, "Area": 0.043, "Zmin": 2813, "Zmax": 2955, "Zmed": 2870, "Lmax": 285, "TermType": 0 }, "geometry": { "type": "Point", "coordinates": [ 10.7839, 46.927 ] } },
{ "type": "Feature", "properties": { "RGIId": "RGI60-11.00673", "Name": null, "Area": 0.459, "Zmin": 2891, "Zmax": 3382, "Zmed": 3133, "Lmax": 1049, "TermType": 0 }, "geometry": { "type": "Point", "coordinates": [ 10.791, 46.9221 ] } },
{ "type": "Feature", "properties": { "RGIId": "RGI60-11.00674", "Name": null, "Area": 0.945, "Zmin": 2872, "Zmax": 3268, "Zmed": 3078, "Lmax": 1326, "TermType": 0 }, "geometry": { "type": "Point", "coordinates": [ 10.9269, 46.9185 ] } },
{ "type": "Feature", "properties": { "RGIId": "RGI60-11.00675", "Name": null, "Area": 0.015, "Zmin": 3107, "Zmax": 3221, "Zmed": 3148, "Lmax": 160, "TermType": 0 }, "geometry": { "type": "Point", "coordinates": [ 10.928, 46.9226 ] } },
{ "type": "Feature", "properties": { "RGIId": "RGI60-11.00676", "Name": null, "Area": 0.069, "Zmin": 2999, "Zmax": 3236, "Zmed": 3169, "Lmax": 280, "TermType": 0 }, "geometry": { "type": "Point", "coordinates": [ 10.783, 46.9228 ] } },
{ "type": "Feature", "properties": { "RGIId": "RGI60-11.00677", "Name": null, "Area": 0.329, "Zmin": 2905, "Zmax": 3311, "Zmed": 3168, "Lmax": 711, "TermType": 0 }, "geometry": { "type": "Point", "coordinates": [ 10.7804, 46.9179 ] } },
{ "type": "Feature", "properties": { "RGIId": "RGI60-11.00679", "Name": null, "Area": 0.189, "Zmin": 3062, "Zmax": 3361, "Zmed": 3233, "Lmax": 571, "TermType": 0 }, "geometry": { "type": "Point", "coordinates": [ 10.7897, 46.9163 ] } },
{ "type": "Feature", "properties": { "RGIId": "RGI60-11.00681", "Name": null, "Area": 0.012, "Zmin": 3183, "Zmax": 3245, "Zmed": 3219, "Lmax": 112, "TermType": 0 }, "geometry": { "type": "Point", "coordinates": [ 10.8668, 46.9152 ] } },
{ "type": "Feature", "properties": { "RGIId": "RGI60-11.00683", "Name": null, "Area": 0.013, "Zmin": 3144, "Zmax": 3218, "Zmed": 3188, "Lmax": 177, "TermType": 0 }, "geometry": { "type": "Point", "coordinates": [ 10.8541, 46.9136 ] } },
{ "type": "Feature", "properties": { "RGIId": "RGI60-11.00684", "Name": null, "Area": 0.34, "Zmin": 2934, "Zmax": 3333, "Zmed": 3065, "Lmax": 800, "TermType": 0 }, "geometry": { "type": "Point", "coordinates": [ 10.7805, 46.9097 ] } },
{ "type": "Feature", "properties": { "RGIId": "RGI60-11.00686", "Name": null, "Area": 0.016, "Zmin": 3144, "Zmax": 3193, "Zmed": 3171, "Lmax": 125, "TermType": 0 }, "geometry": { "type": "Point", "coordinates": [ 10.8882, 46.9099 ] } },
{ "type": "Feature", "properties": { "RGIId": "RGI60-11.00687", "Name": null, "Area": 5.361, "Zmin": 2247, "Zmax": 3715, "Zmed": 3228, "Lmax": 5151, "TermType": 0 }, "geometry": { "type": "Point", "coordinates": [ 10.8546, 46.8956 ] } },
{ "type": "Feature", "properties": { "RGIId": "RGI60-11.00690", "Name": null, "Area": 0.013, "Zmin": 2979, "Zmax": 3069, "Zmed": 3017, "Lmax": 106, "TermType": 0 }, "geometry": { "type": "Point", "coordinates": [ 10.9118, 46.901 ] } },
{ "type": "Feature", "properties": { "RGIId": "RGI60-11.00691", "Name": null, "Area": 1.12, "Zmin": 2524, "Zmax": 3139, "Zmed": 2745, "Lmax": 1427, "TermType": 0 }, "geometry": { "type": "Point", "coordinates": [ 10.2192, 46.9035 ] } },
{ "type": "Feature", "properties": { "RGIId": "RGI60-11.00692", "Name": null, "Area": 0.056, "Zmin": 2811, "Zmax": 3035, "Zmed": 2874, "Lmax": 434, "TermType": 0 }, "geometry": { "type": "Point", "coordinates": [ 10.6803, 46.9029 ] } },
{ "type": "Feature", "properties": { "RGIId": "RGI60-11.00693", "Name": null, "Area": 0.029, "Zmin": 2902, "Zmax": 3030, "Zmed": 2977, "Lmax": 215, "TermType": 0 }, "geometry": { "type": "Point", "coordinates": [ 10.6895, 46.9034 ] } },
{ "type": "Feature", "properties": { "RGIId": "RGI60-11.00694", "Name": null, "Area": 0.157, "Zmin": 2910, "Zmax": 3184, "Zmed": 3020, "Lmax": 537, "TermType": 0 }, "geometry": { "type": "Point", "coordinates": [ 10.6705, 46.9012 ] } },
{ "type": "Feature", "properties": { "RGIId": "RGI60-11.00696", "Name": null, "Area": 0.011, "Zmin": 2838, "Zmax": 2917, "Zmed": 2864, "Lmax": 112, "TermType": 0 }, "geometry": { "type": "Point", "coordinates": [ 10.6833, 46.9033 ] } },
{ "type": "Feature", "properties": { "RGIId": "RGI60-11.00697", "Name": null, "Area": 1.115, "Zmin": 2591, "Zmax": 3337, "Zmed": 3049, "Lmax": 1863, "TermType": 0 }, "geometry": { "type": "Point", "coordinates": [ 10.8186, 46.8924 ] } },
{ "type": "Feature", "properties": { "RGIId": "RGI60-11.00698", "Name": null, "Area": 1.738, "Zmin": 2609, "Zmax": 3502, "Zmed": 3061, "Lmax": 2214, "TermType": 0 }, "geometry": { "type": "Point", "coordinates": [ 10.7988, 46.89 ] } },
{ "type": "Feature", "properties": { "RGIId": "RGI60-11.00699", "Name": null, "Area": 0.069, "Zmin": 2966, "Zmax": 3243, "Zmed": 3100, "Lmax": 357, "TermType": 0 }, "geometry": { "type": "Point", "coordinates": [ 10.8459, 46.8976 ] } },
{ "type": "Feature", "properties": { "RGIId": "RGI60-11.00700", "Name": null, "Area": 0.014, "Zmin": 2718, "Zmax": 2792, "Zmed": 2745, "Lmax": 224, "TermType": 0 }, "geometry": { "type": "Point", "coordinates": [ 10.2048, 46.9066 ] } },
{ "type": "Feature", "properties": { "RGIId": "RGI60-11.00701", "Name": null, "Area": 0.534, "Zmin": 2744, "Zmax": 3386, "Zmed": 3166, "Lmax": 923, "TermType": 0 }, "geometry": { "type": "Point", "coordinates": [ 10.8376, 46.8933 ] } },
{ "type": "Feature", "properties": { "RGIId": "RGI60-11.00702", "Name": null, "Area": 0.207, "Zmin": 2876, "Zmax": 3208, "Zmed": 3018, "Lmax": 620, "TermType": 0 }, "geometry": { "type": "Point", "coordinates": [ 10.9122, 46.8945 ] } },
{ "type": "Feature", "properties": { "RGIId": "RGI60-11.00703", "Name": null, "Area": 0.03, "Zmin": 3383, "Zmax": 3476, "Zmed": 3438, "Lmax": 177, "TermType": 0 }, "geometry": { "type": "Point", "coordinates": [ 10.8736, 46.8956 ] } },
{ "type": "Feature", "properties": { "RGIId": "RGI60-11.00705", "Name": null, "Area": 0.16, "Zmin": 2663, "Zmax": 2828, "Zmed": 2717, "Lmax": 372, "TermType": 0 }, "geometry": { "type": "Point", "coordinates": [ 10.1548, 46.9028 ] } },
{ "type": "Feature", "properties": { "RGIId": "RGI60-11.00706", "Name": null, "Area": 0.071, "Zmin": 2725, "Zmax": 2978, "Zmed": 2878, "Lmax": 403, "TermType": 0 }, "geometry": { "type": "Point", "coordinates": [ 10.8263, 46.8943 ] } },
{ "type": "Feature", "properties": { "RGIId": "RGI60-11.00708", "Name": null, "Area": 0.28, "Zmin": 2765, "Zmax": 3094, "Zmed": 2931, "Lmax": 872, "TermType": 0 }, "geometry": { "type": "Point", "coordinates": [ 10.7848, 46.8921 ] } },
{ "type": "Feature", "properties": { "RGIId": "RGI60-11.00709", "Name": null, "Area": 0.017, "Zmin": 3133, "Zmax": 3195, "Zmed": 3162, "Lmax": 160, "TermType": 0 }, "geometry": { "type": "Point", "coordinates": [ 10.6714, 46.8966 ] } },
{ "type": "Feature", "properties": { "RGIId": "RGI60-11.00710", "Name": null, "Area": 0.258, "Zmin": 2688, "Zmax": 3012, "Zmed": 2873, "Lmax": 852, "TermType": 0 }, "geometry": { "type": "Point", "coordinates": [ 10.2029, 46.8995 ] } },
{ "type": "Feature", "properties": { "RGIId": "RGI60-11.00711", "Name": null, "Area": 0.058, "Zmin": 3030, "Zmax": 3151, "Zmed": 3072, "Lmax": 280, "TermType": 0 }, "geometry": { "type": "Point", "coordinates": [ 10.7765, 46.8941 ] } },
{ "type": "Feature", "properties": { "RGIId": "RGI60-11.00712", "Name": null, "Area": 0.138, "Zmin": 2825, "Zmax": 3179, "Zmed": 2982, "Lmax": 627, "TermType": 0 }, "geometry": { "type": "Point", "coordinates": [ 10.7711, 46.8928 ] } },
{ "type": "Feature", "properties": { "RGIId": "RGI60-11.00713", "Name": null, "Area": 0.147, "Zmin": 2670, "Zmax": 2893, "Zmed": 2749, "Lmax": 630, "TermType": 0 }, "geometry": { "type": "Point", "coordinates": [ 10.1495, 46.9003 ] } },
{ "type": "Feature", "properties": { "RGIId": "RGI60-11.00714", "Name": null, "Area": 0.012, "Zmin": 2770, "Zmax": 2831, "Zmed": 2811, "Lmax": 79, "TermType": 0 }, "geometry": { "type": "Point", "coordinates": [ 10.7921, 46.894 ] } },
{ "type": "Feature", "properties": { "RGIId": "RGI60-11.00715", "Name": null, "Area": 0.054, "Zmin": 2787, "Zmax": 3026, "Zmed": 2893, "Lmax": 389, "TermType": 0 }, "geometry": { "type": "Point", "coordinates": [ 10.6599, 46.894 ] } },
{ "type": "Feature", "properties": { "RGIId": "RGI60-11.00716", "Name": null, "Area": 0.115, "Zmin": 3031, "Zmax": 3232, "Zmed": 3137, "Lmax": 477, "TermType": 0 }, "geometry": { "type": "Point", "coordinates": [ 10.6703, 46.8934 ] } },
{ "type": "Feature", "properties": { "RGIId": "RGI60-11.00717", "Name": null, "Area": 0.011, "Zmin": 2820, "Zmax": 2898, "Zmed": 2859, "Lmax": 103, "TermType": 0 }, "geometry": { "type": "Point", "coordinates": [ 10.7894, 46.893 ] } },
{ "type": "Feature", "properties": { "RGIId": "RGI60-11.00718", "Name": null, "Area": 0.163, "Zmin": 3027, "Zmax": 3195, "Zmed": 3102, "Lmax": 436, "TermType": 0 }, "geometry": { "type": "Point", "coordinates": [ 10.8956, 46.8874 ] } },
{ "type": "Feature", "properties": { "RGIId": "RGI60-11.00719", "Name": "Vernagtferner", "Area": 8.559, "Zmin": 2810, "Zmax": 3559, "Zmed": 3142, "Lmax": 3087, "TermType": 0 }, "geometry": { "type": "Point", "coordinates": [ 10.818, 46.8762 ] } },
{ "type": "Feature", "properties": { "RGIId": "RGI60-11.00720", "Name": null, "Area": 1.112, "Zmin": 2930, "Zmax": 3653, "Zmed": 3294, "Lmax": 1783, "TermType": 0 }, "geometry": { "type": "Point", "coordinates": [ 10.8784, 46.8837 ] } },
{ "type": "Feature", "properties": { "RGIId": "RGI60-11.00721", "Name": null, "Area": 0.094, "Zmin": 2569, "Zmax": 2759, "Zmed": 2674, "Lmax": 437, "TermType": 0 }, "geometry": { "type": "Point", "coordinates": [ 10.0262, 46.8986 ] } },
{ "type": "Feature", "properties": { "RGIId": "RGI60-11.00723", "Name": null, "Area": 0.093, "Zmin": 2762, "Zmax": 2988, "Zmed": 2836, "Lmax": 326, "TermType": 0 }, "geometry": { "type": "Point", "coordinates": [ 10.2326, 46.896 ] } },
{ "type": "Feature", "properties": { "RGIId": "RGI60-11.00724", "Name": null, "Area": 0.014, "Zmin": 3090, "Zmax": 3174, "Zmed": 3116, "Lmax": 180, "TermType": 0 }, "geometry": { "type": "Point", "coordinates": [ 10.9065, 46.8872 ] } },
{ "type": "Feature", "properties": { "RGIId": "RGI60-11.00725", "Name": null, "Area": 0.084, "Zmin": 3075, "Zmax": 3201, "Zmed": 3118, "Lmax": 407, "TermType": 0 }, "geometry": { "type": "Point", "coordinates": [ 10.7742, 46.8884 ] } },
{ "type": "Feature", "properties": { "RGIId": "RGI60-11.00726", "Name": null, "Area": 0.257, "Zmin": 3023, "Zmax": 3238, "Zmed": 3171, "Lmax": 440, "TermType": 0 }, "geometry": { "type": "Point", "coordinates": [ 10.9908, 46.8838 ] } },
{ "type": "Feature", "properties": { "RGIId": "RGI60-11.00727", "Name": null, "Area": 0.288, "Zmin": 2755, "Zmax": 3091, "Zmed": 2873, "Lmax": 925, "TermType": 0 }, "geometry": { "type": "Point", "coordinates": [ 10.2189, 46.8932 ] } },
{ "type": "Feature", "properties": { "RGIId": "RGI60-11.00728", "Name": null, "Area": 0.032, "Zmin": 2685, "Zmax": 2782, "Zmed": 2709, "Lmax": 214, "TermType": 0 }, "geometry": { "type": "Point", "coordinates": [ 10.1452, 46.8956 ] } },
{ "type": "Feature", "properties": { "RGIId": "RGI60-11.00729", "Name": null, "Area": 0.032, "Zmin": 3246, "Zmax": 3318, "Zmed": 3283, "Lmax": 180, "TermType": 0 }, "geometry": { "type": "Point", "coordinates": [ 10.8875, 46.8842 ] } },
{ "type": "Feature", "properties": { "RGIId": "RGI60-11.00730", "Name": null, "Area": 0.373, "Zmin": 2486, "Zmax": 2934, "Zmed": 2663, "Lmax": 815, "TermType": 0 }, "geometry": { "type": "Point", "coordinates": [ 10.0358, 46.8915 ] } },
{ "type": "Feature", "properties": { "RGIId": "RGI60-11.00731", "Name": null, "Area": 0.428, "Zmin": 3068, "Zmax": 3546, "Zmed": 3260, "Lmax": 1294, "TermType": 0 }, "geometry": { "type": "Point", "coordinates": [ 10.8554, 46.8798 ] } },
{ "type": "Feature", "properties": { "RGIId": "RGI60-11.00732", "Name": null, "Area": 0.465, "Zmin": 2898, "Zmax": 3113, "Zmed": 2993, "Lmax": 865, "TermType": 0 }, "geometry": { "type": "Point", "coordinates": [ 10.7844, 46.8815 ] } },
{ "type": "Feature", "properties": { "RGIId": "RGI60-11.00735", "Name": null, "Area": 0.161, "Zmin": 2669, "Zmax": 2844, "Zmed": 2774, "Lmax": 506, "TermType": 0 }, "geometry": { "type": "Point", "coordinates": [ 10.0508, 46.8915 ] } },
{ "type": "Feature", "properties": { "RGIId": "RGI60-11.00736", "Name": null, "Area": 0.181, "Zmin": 2642, "Zmax": 2884, "Zmed": 2771, "Lmax": 695, "TermType": 0 }, "geometry": { "type": "Point", "coordinates": [ 10.1484, 46.8896 ] } },
{ "type": "Feature", "properties": { "RGIId": "RGI60-11.00737", "Name": null, "Area": 0.023, "Zmin": 3295, "Zmax": 3394, "Zmed": 3341, "Lmax": 190, "TermType": 0 }, "geometry": { "type": "Point", "coordinates": [ 10.8608, 46.8817 ] } },
{ "type": "Feature", "properties": { "RGIId": "RGI60-11.00739", "Name": null, "Area": 0.407, "Zmin": 2659, "Zmax": 3338, "Zmed": 3120, "Lmax": 1548, "TermType": 0 }, "geometry": { "type": "Point", "coordinates": [ 10.9748, 46.8717 ] } },
{ "type": "Feature", "properties": { "RGIId": "RGI60-11.00740", "Name": null, "Area": 0.017, "Zmin": 3061, "Zmax": 3227, "Zmed": 3134, "Lmax": 158, "TermType": 0 }, "geometry": { "type": "Point", "coordinates": [ 10.2244, 46.8896 ] } },
{ "type": "Feature", "properties": { "RGIId": "RGI60-11.00742", "Name": null, "Area": 0.049, "Zmin": 2600, "Zmax": 2756, "Zmed": 2675, "Lmax": 226, "TermType": 0 }, "geometry": { "type": "Point", "coordinates": [ 10.1552, 46.8868 ] } },
{ "type": "Feature", "properties": { "RGIId": "RGI60-11.00743", "Name": null, "Area": 0.055, "Zmin": 2748, "Zmax": 2932, "Zmed": 2834, "Lmax": 276, "TermType": 0 }, "geometry": { "type": "Point", "coordinates": [ 10.0422, 46.886 ] } },
{ "type": "Feature", "properties": { "RGIId": "RGI60-11.00744", "Name": null, "Area": 0.279, "Zmin": 2810, "Zmax": 2993, "Zmed": 2887, "Lmax": 610, "TermType": 0 }, "geometry": { "type": "Point", "coordinates": [ 10.2297, 46.8816 ] } },
{ "type": "Feature", "properties": { "RGIId": "RGI60-11.00745", "Name": null, "Area": 0.363, "Zmin": 2929, "Zmax": 3259, "Zmed": 3069, "Lmax": 897, "TermType": 0 }, "geometry": { "type": "Point", "coordinates": [ 10.9671, 46.8705 ] } },
{ "type": "Feature", "properties": { "RGIId": "RGI60-11.00746", "Name": null, "Area": 16.624, "Zmin": 2140, "Zmax": 3488, "Zmed": 3093, "Lmax": 8242, "TermType": 0 }, "geometry": { "type": "Point", "coordinates": [ 10.757, 46.8489 ] } },
{ "type": "Feature", "properties": { "RGIId": "RGI60-11.00747", "Name": null, "Area": 0.011, "Zmin": 3133, "Zmax": 3184, "Zmed": 3160, "Lmax": 75, "TermType": 0 }, "geometry": { "type": "Point", "coordinates": [ 10.983, 46.8722 ] } },
{ "type": "Feature", "properties": { "RGIId": "RGI60-11.00748", "Name": null, "Area": 0.05, "Zmin": 2755, "Zmax": 2851, "Zmed": 2795, "Lmax": 206, "TermType": 0 }, "geometry": { "type": "Point", "coordinates": [ 10.1481, 46.8827 ] } },
{ "type": "Feature", "properties": { "RGIId": "RGI60-11.00749", "Name": null, "Area": 0.168, "Zmin": 2952, "Zmax": 3190, "Zmed": 3047, "Lmax": 549, "TermType": 0 }, "geometry": { "type": "Point", "coordinates": [ 10.986, 46.8701 ] } },
{ "type": "Feature", "properties": { "RGIId": "RGI60-11.00750", "Name": null, "Area": 0.163, "Zmin": 2656, "Zmax": 2816, "Zmed": 2754, "Lmax": 406, "TermType": 0 }, "geometry": { "type": "Point", "coordinates": [ 10.0492, 46.8797 ] } },
{ "type": "Feature", "properties": { "RGIId": "RGI60-11.00751", "Name": null, "Area": 0.175, "Zmin": 2632, "Zmax": 2866, "Zmed": 2740, "Lmax": 515, "TermType": 0 }, "geometry": { "type": "Point", "coordinates": [ 10.1415, 46.8795 ] } },
{ "type": "Feature", "properties": { "RGIId": "RGI60-11.00753", "Name": null, "Area": 0.113, "Zmin": 3199, "Zmax": 3358, "Zmed": 3282, "Lmax": 489, "TermType": 0 }, "geometry": { "type": "Point", "coordinates": [ 10.8488, 46.8693 ] } },
{ "type": "Feature", "properties": { "RGIId": "RGI60-11.00754", "Name": null, "Area": 0.244, "Zmin": 2627, "Zmax": 2923, "Zmed": 2741, "Lmax": 923, "TermType": 0 }, "geometry": { "type": "Point", "coordinates": [ 10.1347, 46.8767 ] } },
{ "type": "Feature", "properties": { "RGIId": "RGI60-11.00755", "Name": null, "Area": 0.543, "Zmin": 2621, "Zmax": 3010, "Zmed": 2816, "Lmax": 1204, "TermType": 0 }, "geometry": { "type": "Point", "coordinates": [ 10.1478, 46.8755 ] } },
{ "type": "Feature", "properties": { "RGIId": "RGI60-11.00756", "Name": null, "Area": 0.049, "Zmin": 2858, "Zmax": 2960, "Zmed": 2898, "Lmax": 206, "TermType": 0 }, "geometry": { "type": "Point", "coordinates": [ 10.6741, 46.8724 ] } },
{ "type": "Feature", "properties": { "RGIId": "RGI60-11.00757", "Name": null, "Area": 0.014, "Zmin": 3160, "Zmax": 3219, "Zmed": 3181, "Lmax": 127, "TermType": 0 }, "geometry": { "type": "Point", "coordinates": [ 10.9697, 46.8671 ] } },
{ "type": "Feature", "properties": { "RGIId": "RGI60-11.00758", "Name": null, "Area": 0.075, "Zmin": 2673, "Zmax": 2806, "Zmed": 2744, "Lmax": 347, "TermType": 0 }, "geometry": { "type": "Point", "coordinates": [ 10.0816, 46.8781 ] } },
{ "type": "Feature", "properties": { "RGIId": "RGI60-11.00759", "Name": null, "Area": 0.03, "Zmin": 2841, "Zmax": 2944, "Zmed": 2862, "Lmax": 236, "TermType": 0 }, "geometry": { "type": "Point", "coordinates": [ 10.2258, 46.8764 ] } },
{ "type": "Feature", "properties": { "RGIId": "RGI60-11.00762", "Name": null, "Area": 0.121, "Zmin": 2992, "Zmax": 3222, "Zmed": 3088, "Lmax": 562, "TermType": 0 }, "geometry": { "type": "Point", "coordinates": [ 10.967, 46.8646 ] } },
{ "type": "Feature", "properties": { "RGIId": "RGI60-11.00763", "Name": null, "Area": 0.014, "Zmin": 2671, "Zmax": 2732, "Zmed": 2681, "Lmax": 79, "TermType": 0 }, "geometry": { "type": "Point", "coordinates": [ 10.1546, 46.876 ] } },
{ "type": "Feature", "properties": { "RGIId": "RGI60-11.00764", "Name": null, "Area": 0.413, "Zmin": 2646, "Zmax": 2984, "Zmed": 2816, "Lmax": 776, "TermType": 0 }, "geometry": { "type": "Point", "coordinates": [ 10.0873, 46.8726 ] } },
{ "type": "Feature", "properties": { "RGIId": "RGI60-11.00766", "Name": null, "Area": 0.564, "Zmin": 3022, "Zmax": 3266, "Zmed": 3152, "Lmax": 707, "TermType": 0 }, "geometry": { "type": "Point", "coordinates": [ 10.9779, 46.8585 ] } },
{ "type": "Feature", "properties": { "RGIId": "RGI60-11.00767", "Name": null, "Area": 0.308, "Zmin": 2653, "Zmax": 2954, "Zmed": 2740, "Lmax": 544, "TermType": 0 }, "geometry": { "type": "Point", "coordinates": [ 10.1976, 46.8705 ] } },
{ "type": "Feature", "properties": { "RGIId": "RGI60-11.00768", "Name": null, "Area": 0.04, "Zmin": 2809, "Zmax": 2911, "Zmed": 2849, "Lmax": 266, "TermType": 0 }, "geometry": { "type": "Point", "coordinates": [ 10.6954, 46.8662 ] } },
{ "type": "Feature", "properties": { "RGIId": "RGI60-11.00769", "Name": null, "Area": 0.095, "Zmin": 2904, "Zmax": 3020, "Zmed": 2958, "Lmax": 380, "TermType": 0 }, "geometry": { "type": "Point", "coordinates": [ 10.1891, 46.8717 ] } },
{ "type": "Feature", "properties": { "RGIId": "RGI60-11.00770", "Name": null, "Area": 2.485, "Zmin": 2631, "Zmax": 3475, "Zmed": 2931, "Lmax": 2558, "TermType": 0 }, "geometry": { "type": "Point", "coordinates": [ 10.7127, 46.8548 ] } },
{ "type": "Feature", "properties": { "RGIId": "RGI60-11.00773", "Name": null, "Area": 0.336, "Zmin": 2686, "Zmax": 3004, "Zmed": 2819, "Lmax": 1014, "TermType": 0 }, "geometry": { "type": "Point", "coordinates": [ 10.1335, 46.8704 ] } },
{ "type": "Feature", "properties": { "RGIId": "RGI60-11.00774", "Name": null, "Area": 0.47, "Zmin": 2617, "Zmax": 3098, "Zmed": 2865, "Lmax": 1247, "TermType": 0 }, "geometry": { "type": "Point", "coordinates": [ 10.0774, 46.8683 ] } },
{ "type": "Feature", "properties": { "RGIId": "RGI60-11.00776", "Name": null, "Area": 0.24, "Zmin": 2726, "Zmax": 3018, "Zmed": 2825, "Lmax": 779, "TermType": 0 }, "geometry": { "type": "Point", "coordinates": [ 10.145, 46.8682 ] } },
{ "type": "Feature", "properties": { "RGIId": "RGI60-11.00778", "Name": null, "Area": 0.421, "Zmin": 2562, "Zmax": 3052, "Zmed": 2869, "Lmax": 1224, "TermType": 0 }, "geometry": { "type": "Point", "coordinates": [ 10.1845, 46.8651 ] } },
{ "type": "Feature", "properties": { "RGIId": "RGI60-11.00779", "Name": null, "Area": 1.375, "Zmin": 2829, "Zmax": 3441, "Zmed": 3154, "Lmax": 2033, "TermType": 0 }, "geometry": { "type": "Point", "coordinates": [ 10.8009, 46.8542 ] } },
{ "type": "Feature", "properties": { "RGIId": "RGI60-11.00781", "Name": "Jamtalferner", "Area": 3.821, "Zmin": 2426, "Zmax": 3107, "Zmed": 2813, "Lmax": 2517, "TermType": 0 }, "geometry": { "type": "Point", "coordinates": [ 10.1603, 46.8577 ] } },
{ "type": "Feature", "properties": { "RGIId": "RGI60-11.00782", "Name": null, "Area": 1.078, "Zmin": 2795, "Zmax": 3411, "Zmed": 3081, "Lmax": 1711, "TermType": 0 }, "geometry": { "type": "Point", "coordinates": [ 10.964, 46.853 ] } },
{ "type": "Feature", "properties": { "RGIId": "RGI60-11.00783", "Name": null, "Area": 0.022, "Zmin": 2947, "Zmax": 3008, "Zmed": 2977, "Lmax": 146, "TermType": 0 }, "geometry": { "type": "Point", "coordinates": [ 10.6981, 46.8602 ] } },
{ "type": "Feature", "properties": { "RGIId": "RGI60-11.00784", "Name": null, "Area": 0.498, "Zmin": 2628, "Zmax": 3089, "Zmed": 2793, "Lmax": 1134, "TermType": 0 }, "geometry": { "type": "Point", "coordinates": [ 10.0936, 46.8637 ] } },
{ "type": "Feature", "properties": { "RGIId": "RGI60-11.00786", "Name": null, "Area": 0.153, "Zmin": 2937, "Zmax": 3159, "Zmed": 3023, "Lmax": 551, "TermType": 0 }, "geometry": { "type": "Point", "coordinates": [ 10.198, 46.8647 ] } },
{ "type": "Feature", "properties": { "RGIId": "RGI60-11.00787", "Name": "Kesselwandferner", "Area": 3.965, "Zmin": 2773, "Zmax": 3460, "Zmed": 3185, "Lmax": 4202, "TermType": 0 }, "geometry": { "type": "Point", "coordinates": [ 10.7907, 46.8424 ] } },
{ "type": "Feature", "properties": { "RGIId": "RGI60-11.00788", "Name": null, "Area": 0.035, "Zmin": 2611, "Zmax": 2752, "Zmed": 2666, "Lmax": 160, "TermType": 0 }, "geometry": { "type": "Point", "coordinates": [ 10.1757, 46.8643 ] } },
{ "type": "Feature", "properties": { "RGIId": "RGI60-11.00790", "Name": null, "Area": 0.104, "Zmin": 2939, "Zmax": 3178, "Zmed": 3090, "Lmax": 562, "TermType": 0 }, "geometry": { "type": "Point", "coordinates": [ 10.2064, 46.864 ] } },
{ "type": "Feature", "properties": { "RGIId": "RGI60-11.00792", "Name": null, "Area": 0.05, "Zmin": 2816, "Zmax": 2943, "Zmed": 2867, "Lmax": 460, "TermType": 0 }, "geometry": { "type": "Point", "coordinates": [ 10.1375, 46.8645 ] } },
{ "type": "Feature", "properties": { "RGIId": "RGI60-11.00799", "Name": null, "Area": 0.025, "Zmin": 2854, "Zmax": 2969, "Zmed": 2913, "Lmax": 206, "TermType": 0 }, "geometry": { "type": "Point", "coordinates": [ 10.1429, 46.8611 ] } },
{ "type": "Feature", "properties": { "RGIId": "RGI60-11.00801", "Name": null, "Area": 0.025, "Zmin": 2952, "Zmax": 3072, "Zmed": 2987, "Lmax": 246, "TermType": 0 }, "geometry": { "type": "Point", "coordinates": [ 10.9792, 46.8496 ] } },
{ "type": "Feature", "properties": { "RGIId": "RGI60-11.00802", "Name": null, "Area": 0.054, "Zmin": 3274, "Zmax": 3482, "Zmed": 3423, "Lmax": 316, "TermType": 0 }, "geometry": { "type": "Point", "coordinates": [ 10.9575, 46.8484 ] } },
{ "type": "Feature", "properties": { "RGIId": "RGI60-11.00805", "Name": null, "Area": 0.101, "Zmin": 2665, "Zmax": 3037, "Zmed": 2787, "Lmax": 672, "TermType": 0 }, "geometry": { "type": "Point", "coordinates": [ 11.069, 46.8438 ] } },
{ "type": "Feature", "properties": { "RGIId": "RGI60-11.00806", "Name": null, "Area": 0.294, "Zmin": 3126, "Zmax": 3358, "Zmed": 3254, "Lmax": 838, "TermType": 0 }, "geometry": { "type": "Point", "coordinates": [ 10.9669, 46.8431 ] } },
{ "type": "Feature", "properties": { "RGIId": "RGI60-11.00808", "Name": null, "Area": 0.027, "Zmin": 3139, "Zmax": 3291, "Zmed": 3219, "Lmax": 270, "TermType": 0 }, "geometry": { "type": "Point", "coordinates": [ 10.9726, 46.8468 ] } },
{ "type": "Feature", "properties": { "RGIId": "RGI60-11.00812", "Name": null, "Area": 0.044, "Zmin": 2810, "Zmax": 3031, "Zmed": 2939, "Lmax": 285, "TermType": 0 }, "geometry": { "type": "Point", "coordinates": [ 11.0653, 46.8417 ] } },
{ "type": "Feature", "properties": { "RGIId": "RGI60-11.00814", "Name": null, "Area": 0.063, "Zmin": 3123, "Zmax": 3297, "Zmed": 3232, "Lmax": 387, "TermType": 0 }, "geometry": { "type": "Point", "coordinates": [ 10.7998, 46.8465 ] } },
{ "type": "Feature", "properties": { "RGIId": "RGI60-11.00822", "Name": null, "Area": 0.531, "Zmin": 2922, "Zmax": 3209, "Zmed": 3027, "Lmax": 732, "TermType": 0 }, "geometry": { "type": "Point", "coordinates": [ 10.8092, 46.8417 ] } },
{ "type": "Feature", "properties": { "RGIId": "RGI60-11.00831", "Name": null, "Area": 0.071, "Zmin": 2911, "Zmax": 3056, "Zmed": 2982, "Lmax": 448, "TermType": 0 }, "geometry": { "type": "Point", "coordinates": [ 10.8228, 46.8394 ] } },
{ "type": "Feature", "properties": { "RGIId": "RGI60-11.00834", "Name": null, "Area": 0.811, "Zmin": 2896, "Zmax": 3405, "Zmed": 3075, "Lmax": 1248, "TermType": 0 }, "geometry": { "type": "Point", "coordinates": [ 10.956, 46.8341 ] } },
{ "type": "Feature", "properties": { "RGIId": "RGI60-11.00836", "Name": null, "Area": 1.026, "Zmin": 2508, "Zmax": 3338, "Zmed": 3028, "Lmax": 2545, "TermType": 0 }, "geometry": { "type": "Point", "coordinates": [ 11.0698, 46.8264 ] } },
{ "type": "Feature", "properties": { "RGIId": "RGI60-11.00839", "Name": null, "Area": 0.095, "Zmin": 2975, "Zmax": 3241, "Zmed": 3150, "Lmax": 507, "TermType": 0 }, "geometry": { "type": "Point", "coordinates": [ 10.9445, 46.8345 ] } },
{ "type": "Feature", "properties": { "RGIId": "RGI60-11.00840", "Name": null, "Area": 0.271, "Zmin": 2852, "Zmax": 3263, "Zmed": 3011, "Lmax": 723, "TermType": 0 }, "geometry": { "type": "Point", "coordinates": [ 11.0747, 46.8311 ] } },
{ "type": "Feature", "properties": { "RGIId": "RGI60-11.00844", "Name": null, "Area": 0.952, "Zmin": 2820, "Zmax": 3267, "Zmed": 3088, "Lmax": 1382, "TermType": 0 }, "geometry": { "type": "Point", "coordinates": [ 10.875, 46.8291 ] } },
{ "type": "Feature", "properties": { "RGIId": "RGI60-11.00853", "Name": null, "Area": 0.112, "Zmin": 2813, "Zmax": 3094, "Zmed": 2977, "Lmax": 574, "TermType": 0 }, "geometry": { "type": "Point", "coordinates": [ 11.0731, 46.8283 ] } },
{ "type": "Feature", "properties": { "RGIId": "RGI60-11.00855", "Name": null, "Area": 0.363, "Zmin": 2804, "Zmax": 3172, "Zmed": 2978, "Lmax": 913, "TermType": 0 }, "geometry": { "type": "Point", "coordinates": [ 11.0276, 46.8241 ] } },
{ "type": "Feature", "properties": { "RGIId": "RGI60-11.00859", "Name": null, "Area": 0.094, "Zmin": 2882, "Zmax": 3101, "Zmed": 3010, "Lmax": 589, "TermType": 0 }, "geometry": { "type": "Point", "coordinates": [ 11.0228, 46.8258 ] } },
{ "type": "Feature", "properties": { "RGIId": "RGI60-11.00860", "Name": null, "Area": 0.522, "Zmin": 3100, "Zmax": 3401, "Zmed": 3232, "Lmax": 783, "TermType": 0 }, "geometry": { "type": "Point", "coordinates": [ 10.7835, 46.8288 ] } },
{ "type": "Feature", "properties": { "RGIId": "RGI60-11.00862", "Name": null, "Area": 0.415, "Zmin": 2955, "Zmax": 3282, "Zmed": 3094, "Lmax": 1037, "TermType": 0 }, "geometry": { "type": "Point", "coordinates": [ 10.9527, 46.8255 ] } },
{ "type": "Feature", "properties": { "RGIId": "RGI60-11.00871", "Name": null, "Area": 2.574, "Zmin": 2479, "Zmax": 3394, "Zmed": 2983, "Lmax": 2336, "TermType": 0 }, "geometry": { "type": "Point", "coordinates": [ 11.0473, 46.8138 ] } },
{ "type": "Feature", "properties": { "RGIId": "RGI60-11.00873", "Name": null, "Area": 0.011, "Zmin": 3002, "Zmax": 3044, "Zmed": 3025, "Lmax": 125, "TermType": 0 }, "geometry": { "type": "Point", "coordinates": [ 10.9471, 46.8252 ] } },
{ "type": "Feature", "properties": { "RGIId": "RGI60-11.00875", "Name": null, "Area": 0.181, "Zmin": 2856, "Zmax": 3259, "Zmed": 3061, "Lmax": 826, "TermType": 0 }, "geometry": { "type": "Point", "coordinates": [ 11.0647, 46.8214 ] } },
{ "type": "Feature", "properties": { "RGIId": "RGI60-11.00876", "Name": null, "Area": 0.077, "Zmin": 2917, "Zmax": 3105, "Zmed": 3006, "Lmax": 487, "TermType": 0 }, "geometry": { "type": "Point", "coordinates": [ 11.018, 46.8225 ] } },
{ "type": "Feature", "properties": { "RGIId": "RGI60-11.00877", "Name": null, "Area": 0.075, "Zmin": 2972, "Zmax": 3157, "Zmed": 3068, "Lmax": 316, "TermType": 0 }, "geometry": { "type": "Point", "coordinates": [ 11.0323, 46.8218 ] } },
{ "type": "Feature", "properties": { "RGIId": "RGI60-11.00885", "Name": null, "Area": 0.867, "Zmin": 2944, "Zmax": 3433, "Zmed": 3165, "Lmax": 1203, "TermType": 0 }, "geometry": { "type": "Point", "coordinates": [ 10.7688, 46.8193 ] } },
{ "type": "Feature", "properties": { "RGIId": "RGI60-11.00886", "Name": null, "Area": 2.398, "Zmin": 2744, "Zmax": 3463, "Zmed": 3117, "Lmax": 3159, "TermType": 0 }, "geometry": { "type": "Point", "coordinates": [ 10.9455, 46.8104 ] } },
{ "type": "Feature", "properties": { "RGIId": "RGI60-11.00887", "Name": null, "Area": 8.938, "Zmin": 2467, "Zmax": 3357, "Zmed": 3000, "Lmax": 6175, "TermType": 0 }, "geometry": { "type": "Point", "coordinates": [ 10.9827, 46.7845 ] } },
{ "type": "Feature", "properties": { "RGIId": "RGI60-11.00888", "Name": null, "Area": 0.23, "Zmin": 3023, "Zmax": 3355, "Zmed": 3180, "Lmax": 562, "TermType": 0 }, "geometry": { "type": "Point", "coordinates": [ 10.8712, 46.8198 ] } },
{ "type": "Feature", "properties": { "RGIId": "RGI60-11.00890", "Name": null, "Area": 0.265, "Zmin": 3032, "Zmax": 3343, "Zmed": 3218, "Lmax": 596, "TermType": 0 }, "geometry": { "type": "Point", "coordinates": [ 10.9589, 46.817 ] } },
{ "type": "Feature", "properties": { "RGIId": "RGI60-11.00893", "Name": null, "Area": 0.662, "Zmin": 2986, "Zmax": 3313, "Zmed": 3105, "Lmax": 960, "TermType": 0 }, "geometry": { "type": "Point", "coordinates": [ 11.029, 46.8131 ] } },
{ "type": "Feature", "properties": { "RGIId": "RGI60-11.00895", "Name": null, "Area": 0.314, "Zmin": 2910, "Zmax": 3273, "Zmed": 3083, "Lmax": 1079, "TermType": 0 }, "geometry": { "type": "Point", "coordinates": [ 10.8624, 46.8155 ] } },
{ "type": "Feature", "properties": { "RGIId": "RGI60-11.00898", "Name": null, "Area": 0.094, "Zmin": 3000, "Zmax": 3310, "Zmed": 3096, "Lmax": 636, "TermType": 0 }, "geometry": { "type": "Point", "coordinates": [ 10.9218, 46.8148 ] } },
{ "type": "Feature", "properties": { "RGIId": "RGI60-11.00902", "Name": null, "Area": 0.061, "Zmin": 3144, "Zmax": 3319, "Zmed": 3236, "Lmax": 340, "TermType": 0 }, "geometry": { "type": "Point", "coordinates": [ 10.9253, 46.8123 ] } },
{ "type": "Feature", "properties": { "RGIId": "RGI60-11.00904", "Name": null, "Area": 0.452, "Zmin": 2914, "Zmax": 3270, "Zmed": 3045, "Lmax": 830, "TermType": 0 }, "geometry": { "type": "Point", "coordinates": [ 10.854, 46.8096 ] } },
{ "type": "Feature", "properties": { "RGIId": "RGI60-11.00905", "Name": null, "Area": 0.532, "Zmin": 2932, "Zmax": 3487, "Zmed": 3228, "Lmax": 1001, "TermType": 0 }, "geometry": { "type": "Point", "coordinates": [ 10.9631, 46.8065 ] } },
{ "type": "Feature", "properties": { "RGIId": "RGI60-11.00909", "Name": null, "Area": 0.321, "Zmin": 2946, "Zmax": 3357, "Zmed": 3068, "Lmax": 898, "TermType": 0 }, "geometry": { "type": "Point", "coordinates": [ 11.05, 46.8053 ] } },
{ "type": "Feature", "properties": { "RGIId": "RGI60-11.00912", "Name": null, "Area": 0.293, "Zmin": 3061, "Zmax": 3369, "Zmed": 3193, "Lmax": 1066, "TermType": 0 }, "geometry": { "type": "Point", "coordinates": [ 11.0323, 46.8067 ] } },
{ "type": "Feature", "properties": { "RGIId": "RGI60-11.00917", "Name": null, "Area": 0.561, "Zmin": 2937, "Zmax": 3360, "Zmed": 3156, "Lmax": 1543, "TermType": 0 }, "geometry": { "type": "Point", "coordinates": [ 11.0339, 46.8022 ] } },
{ "type": "Feature", "properties": { "RGIId": "RGI60-11.00919", "Name": null, "Area": 0.674, "Zmin": 2912, "Zmax": 3290, "Zmed": 3087, "Lmax": 1176, "TermType": 0 }, "geometry": { "type": "Point", "coordinates": [ 10.8472, 46.8027 ] } },
{ "type": "Feature", "properties": { "RGIId": "RGI60-11.00927", "Name": null, "Area": 0.109, "Zmin": 2913, "Zmax": 3133, "Zmed": 3031, "Lmax": 419, "TermType": 0 }, "geometry": { "type": "Point", "coordinates": [ 10.7922, 46.8037 ] } },
{ "type": "Feature", "properties": { "RGIId": "RGI60-11.00928", "Name": null, "Area": 0.396, "Zmin": 2967, "Zmax": 3392, "Zmed": 3224, "Lmax": 1011, "TermType": 0 }, "geometry": { "type": "Point", "coordinates": [ 10.9654, 46.7993 ] } },
{ "type": "Feature", "properties": { "RGIId": "RGI60-11.00929", "Name": null, "Area": 2.379, "Zmin": 2511, "Zmax": 3360, "Zmed": 2900, "Lmax": 4270, "TermType": 0 }, "geometry": { "type": "Point", "coordinates": [ 11.0191, 46.7817 ] } },
{ "type": "Feature", "properties": { "RGIId": "RGI60-11.00935", "Name": null, "Area": 0.099, "Zmin": 3140, "Zmax": 3412, "Zmed": 3223, "Lmax": 538, "TermType": 0 }, "geometry": { "type": "Point", "coordinates": [ 10.9542, 46.8002 ] } },
{ "type": "Feature", "properties": { "RGIId": "RGI60-11.00937", "Name": null, "Area": 0.408, "Zmin": 2840, "Zmax": 3239, "Zmed": 3070, "Lmax": 809, "TermType": 0 }, "geometry": { "type": "Point", "coordinates": [ 10.7858, 46.8001 ] } },
{ "type": "Feature", "properties": { "RGIId": "RGI60-11.00938", "Name": null, "Area": 0.216, "Zmin": 2994, "Zmax": 3246, "Zmed": 3098, "Lmax": 708, "TermType": 0 }, "geometry": { "type": "Point", "coordinates": [ 11.0339, 46.7975 ] } },
{ "type": "Feature", "properties": { "RGIId": "RGI60-11.00943", "Name": null, "Area": 3.176, "Zmin": 2784, "Zmax": 3442, "Zmed": 3108, "Lmax": 2155, "TermType": 0 }, "geometry": { "type": "Point", "coordinates": [ 10.8341, 46.7902 ] } },
{ "type": "Feature", "properties": { "RGIId": "RGI60-11.00944", "Name": null, "Area": 0.417, "Zmin": 3006, "Zmax": 3322, "Zmed": 3156, "Lmax": 1050, "TermType": 0 }, "geometry": { "type": "Point", "coordinates": [ 10.9536, 46.7964 ] } },
{ "type": "Feature", "properties": { "RGIId": "RGI60-11.00945", "Name": null, "Area": 7.148, "Zmin": 2568, "Zmax": 3465, "Zmed": 3133, "Lmax": 4834, "TermType": 0 }, "geometry": { "type": "Point", "coordinates": [ 10.9446, 46.7824 ] } },
{ "type": "Feature", "properties": { "RGIId": "RGI60-11.00947", "Name": null, "Area": 0.015, "Zmin": 3145, "Zmax": 3202, "Zmed": 3169, "Lmax": 127, "TermType": 0 }, "geometry": { "type": "Point", "coordinates": [ 10.8551, 46.7976 ] } },
{ "type": "Feature", "properties": { "RGIId": "RGI60-11.00948", "Name": null, "Area": 0.063, "Zmin": 2886, "Zmax": 3022, "Zmed": 2971, "Lmax": 450, "TermType": 0 }, "geometry": { "type": "Point", "coordinates": [ 11.0302, 46.794 ] } },
{ "type": "Feature", "properties": { "RGIId": "RGI60-11.00958", "Name": null, "Area": 4.349, "Zmin": 2478, "Zmax": 3547, "Zmed": 3133, "Lmax": 4456, "TermType": 0 }, "geometry": { "type": "Point", "coordinates": [ 10.894, 46.7767 ] } },
{ "type": "Feature", "properties": { "RGIId": "RGI60-11.00959", "Name": null, "Area": 0.315, "Zmin": 3037, "Zmax": 3361, "Zmed": 3211, "Lmax": 867, "TermType": 0 }, "geometry": { "type": "Point", "coordinates": [ 10.849, 46.7911 ] } },
{ "type": "Feature", "properties": { "RGIId": "RGI60-11.00962", "Name": null, "Area": 0.53, "Zmin": 2788, "Zmax": 3479, "Zmed": 3075, "Lmax": 1202, "TermType": 0 }, "geometry": { "type": "Point", "coordinates": [ 10.9092, 46.7884 ] } },
{ "type": "Feature", "properties": { "RGIId": "RGI60-11.00980", "Name": null, "Area": 0.027, "Zmin": 3040, "Zmax": 3182, "Zmed": 3095, "Lmax": 246, "TermType": 0 }, "geometry": { "type": "Point", "coordinates": [ 10.8533, 46.7869 ] } },
{ "type": "Feature", "properties": { "RGIId": "RGI60-11.00984", "Name": null, "Area": 0.029, "Zmin": 3054, "Zmax": 3236, "Zmed": 3121, "Lmax": 230, "TermType": 0 }, "geometry": { "type": "Point", "coordinates": [ 10.9007, 46.7845 ] } },
{ "type": "Feature", "properties": { "RGIId": "RGI60-11.00985", "Name": null, "Area": 0.012, "Zmin": 3049, "Zmax": 3083, "Zmed": 3061, "Lmax": 112, "TermType": 0 }, "geometry": { "type": "Point", "coordinates": [ 10.9971, 46.7822 ] } },
{ "type": "Feature", "properties": { "RGIId": "RGI60-11.00992", "Name": null, "Area": 1.894, "Zmin": 2785, "Zmax": 3516, "Zmed": 3114, "Lmax": 2250, "TermType": 0 }, "geometry": { "type": "Point", "coordinates": [ 10.8674, 46.7688 ] } },
{ "type": "Feature", "properties": { "RGIId": "RGI60-11.00996", "Name": null, "Area": 0.109, "Zmin": 3032, "Zmax": 3155, "Zmed": 3094, "Lmax": 510, "TermType": 0 }, "geometry": { "type": "Point", "coordinates": [ 10.8466, 46.7804 ] } },
{ "type": "Feature", "properties": { "RGIId": "RGI60-11.01040", "Name": null, "Area": 0.011, "Zmin": 3416, "Zmax": 3547, "Zmed": 3501, "Lmax": 146, "TermType": 0 }, "geometry": { "type": "Point", "coordinates": [ 10.882, 46.7645 ] } },
{ "type": "Feature", "properties": { "RGIId": "RGI60-11.03235", "Name": "AT4J131GA001 EISKAR", "Area": 0.151, "Zmin": 2149, "Zmax": 2364, "Zmed": 2241, "Lmax": 400, "TermType": 0 }, "geometry": { "type": "Point", "coordinates": [ 12.907, 46.612 ] } },
{ "type": "Feature", "properties": { "RGIId": "RGI60-11.03246", "Name": "Nordlicher Schneeferner", "Area": 0.351, "Zmin": 2492, "Zmax": 2835, "Zmed": 2583, "Lmax": 1060, "TermType": 0 }, "geometry": { "type": "Point", "coordinates": [ 10.982920789, 47.415938932 ] } },
{ "type": "Feature", "properties": { "RGIId": "RGI60-11.03247", "Name": "Sudlicher Schneeferner 1", "Area": 0.029, "Zmin": 2583, "Zmax": 2651, "Zmed": 2625, "Lmax": 190, "TermType": 0 }, "geometry": { "type": "Point", "coordinates": [ 10.973305067, 47.400649446 ] } },
{ "type": "Feature", "properties": { "RGIId": "RGI60-11.03248", "Name": "Sudlicher Schneeferner 2", "Area": 0.02, "Zmin": 2592, "Zmax": 2634, "Zmed": 2612, "Lmax": 210, "TermType": 0 }, "geometry": { "type": "Point", "coordinates": [ 10.976373252, 47.398996467 ] } }
]
}
